"time","analysis_ET_mm_day","analysis_VPD","analysis_log10_psi_soil"
2000-10-30,0.379302979431333,-8.41675491184108,-1.946418694768
2000-10-31,0.614336564418032,-7.10608900679793,-1.82797256616297
2000-11-01,0.377214121142607,-3.98943981842959,-1.72103633715762
2000-11-02,0.524286976898625,-5.01529506417194,-1.61405226296079
2000-11-03,0.680619343770046,-2.2987662955669,-1.52575518620296
2000-11-04,0.619959028740452,-1.24917202497447,-1.45005115025687
2000-11-05,0.327336432112701,-4.42678751771821,-1.299551098728
2000-11-06,0.850309223624765,-1.24349041682226,-1.10842711853294
2000-11-07,0.405212359163393,-0.650448034172431,-1.04515714916892
2000-11-08,0.38910469135523,-1.90770047527316,-0.991989342487761
2000-11-09,0.385620337407253,-2.98209793144409,-0.944097511637354
2000-11-10,0.25611935211619,-3.67692547330379,-0.9210419747896
2000-11-11,0.283996028007639,-2.93690284605654,-0.871586202085845
2000-11-12,0.379060878212424,-1.16920510043312,-0.801916811437119
2000-11-13,0.185897568302892,-3.31192072646882,-0.752772291390533
2000-11-14,0.106393610497889,-3.4888847906338,-0.741025297447438
2000-11-15,0.107849917891966,-3.60351207682752,-0.701766158761972
2000-11-16,0.0984256735901808,-2.74215106507767,-0.661288625461894
2000-11-17,0.176824531508254,-0.79712541511179,-0.619253822574076
2000-11-18,0.126557365598093,-0.375296288628506,-0.58450257414834
2000-11-19,0.0120826986258017,-0.676291344087207,-0.526666728249073
2000-11-20,0.038730660215904,0.391474595508718,-0.451231796666337
2000-11-21,-0.0230531891262676,-2.21915863196219,-0.420498341552506
2000-11-22,-0.0768162387454105,-3.37107554288906,-0.382660783671876
2000-11-23,-0.0447579397117518,-2.46069736409115,-0.342598255795023
2000-11-24,-0.190907231978626,-2.3713152304155,-0.269400756280196
2000-11-25,NA,NA,NA
2000-11-26,NA,NA,NA
2000-11-27,-0.188093237716143,-2.76270662653779,-0.112160539084478
2000-11-28,-0.157849615039158,-2.81623891879948,-0.145961212307235
2000-11-29,0.00922504002746594,-2.08095491686661,-0.203194906815821
2000-11-30,0.0459724524851478,-0.544487855870174,-0.172059279263761
2000-12-01,0.00171162055217944,-1.60809018743601,-0.168727688907934
2000-12-02,0.0590548110823083,-1.32827935510989,-0.135271606275166
2000-12-03,-0.0665512672117844,-1.7845252474875,-0.0959661765581581
2000-12-04,-0.0310416327479659,-2.15781266259545,-0.0738161596104927
2000-12-05,0.156430478395509,-2.1811829503761,-0.0540719854416247
2000-12-06,0.0636358699827427,-2.76521316677025,-0.0223979315243374
2000-12-07,-0.196253963436296,-2.69437023953061,0.00465450857363514
2000-12-08,0.070355384860292,0.570155687461238,0.0346410925737839
2000-12-09,-0.114288244152481,-0.272777935370208,0.0675416172337409
2000-12-10,-0.291200707345026,-1.25976609815705,0.0919994450871795
2000-12-11,-0.182175295364397,-0.783814611769744,0.107061947069557
2000-12-12,0.0755711045512611,-1.06638183331017,0.0433897664416598
2000-12-13,0.241488342100135,0.350329596453693,0.0925296202569874
2000-12-14,-0.123791277448055,0.389393503776811,0.109279179930838
2000-12-15,-0.0778001223790186,-0.986798245822354,-0.04906982268718
2000-12-16,-0.176665768768368,-0.827285853646662,-0.104991251812907
2000-12-17,-0.0813523056372644,0.987874961254729,-0.0601165029062893
2000-12-18,-0.0881955393450251,0.290800333168395,-0.0137564762876199
2000-12-19,-0.0614488560862589,1.75954894301414,0.0252484733030309
2000-12-20,-0.114958588426528,1.04485103409443,0.0607943308269463
2000-12-21,-0.237470553421726,-0.232975082774004,0.0871906342980195
2000-12-22,-0.0351634667143772,0.0117267988777594,0.107110644365071
2000-12-23,-0.256855316367943,-0.656924400701707,0.12960576907472
2000-12-24,-0.268066693569755,-1.44632640569131,0.150037568519962
2000-12-25,-0.280441014163076,-0.958143785538587,0.170903155411804
2000-12-26,-0.115222054121453,1.45508766862314,0.194561244865536
2000-12-27,-0.0990513617616119,1.66058572572943,0.221046140225322
2000-12-28,-0.142170218724978,0.701883988481428,0.247140897458865
2000-12-29,-0.1243453249507,0.541373326109468,0.269694337096364
2000-12-30,-0.149842912994279,0.234947466682034,0.290994610389737
2000-12-31,-0.114282519340114,-0.0737472505422958,0.311328905881739
2001-01-01,0.0192063229547321,0.249028559491173,0.322805630299122
2001-01-02,-0.0543565855247816,1.30878199618029,0.342973596454244
2001-01-03,0.0789088987652122,1.93199468721132,0.364785524892874
2001-01-04,0.144262165877231,2.12636134438557,0.387216420970197
2001-01-05,0.129716116672817,1.34541150992347,0.409121179828536
2001-01-06,0.082313151617085,1.59742594953883,0.427644092572475
2001-01-07,0.037452697955166,2.24758220902697,0.442768306218177
2001-01-08,0.0656837487314332,-1.29562899836684,-0.0452612077676098
2001-01-09,0.116182077425737,-1.36121657318996,-0.0355808601555734
2001-01-10,0.416325458604877,-0.725605979020248,-0.211194450971699
2001-01-11,0.649122827065133,0.203006307588382,-0.478810483977971
2001-01-12,0.32148901943205,-2.04505581958829,-0.414433106057111
2001-01-13,0.0942859071520896,-2.74717754592664,-0.36323676167958
2001-01-14,0.184617457808361,-1.90939091759549,-0.327347267434904
2001-01-15,0.0704591911600967,0.264854045273749,-0.297331978189955
2001-01-16,0.225032319651198,2.30700157118058,-0.263216980380573
2001-01-17,0.201252936438493,0.533306529568963,-0.22432722835456
2001-01-18,0.0621069526024149,0.0247924934793997,-0.200498940961065
2001-01-19,-0.190704727158336,0.318897306484493,-0.180119788095745
2001-01-20,-0.150188213223617,0.0189311545119035,-0.160378605852116
2001-01-21,0.168327046481722,1.31457630981571,-0.141003141273383
2001-01-22,NA,NA,NA
2001-01-23,NA,NA,NA
2001-01-24,NA,NA,NA
2001-01-25,NA,NA,NA
2001-01-26,NA,NA,NA
2001-01-27,NA,NA,NA
2001-01-28,NA,NA,NA
2001-01-29,NA,NA,NA
2001-01-30,NA,NA,NA
2001-01-31,NA,NA,NA
2001-02-01,NA,NA,NA
2001-02-02,NA,NA,NA
2001-02-03,NA,NA,NA
2001-02-04,NA,NA,NA
2001-02-05,NA,NA,NA
2001-02-06,0.324775188094988,-1.3175789487285,-0.142561025002471
2001-02-07,0.46027904562094,0.498018154060709,-0.119648154481843
2001-02-08,0.406743070855577,0.258076877678925,-0.0816852837721189
2001-02-09,0.401213464542999,-1.04098004235879,-0.163407712787104
2001-02-10,0.264485798896872,-2.59225681282606,-0.329595796132777
2001-02-11,0.208056155413027,-2.75730128380235,-0.410916520908516
2001-02-12,-0.20392837156945,-2.2136674694063,-0.367685366794246
2001-02-13,0.261228335329614,-0.166998888186673,-0.225796553655182
2001-02-14,0.0986401041175865,-0.510320223143662,-0.25105148128035
2001-02-15,-0.0397030106384579,-0.839328968051667,-0.292523607798446
2001-02-16,NA,NA,NA
2001-02-17,NA,NA,NA
2001-02-18,NA,NA,NA
2001-02-19,NA,NA,NA
2001-02-20,NA,NA,NA
2001-02-21,NA,NA,NA
2001-02-22,NA,NA,NA
2001-02-23,0.169686674971445,-1.95402059183229,-0.266519726328072
2001-02-24,-0.679695488889191,-3.31321453850939,-0.338684027519015
2001-02-25,-0.121250094013513,-0.828707154099392,-0.315408867797389
2001-02-26,-0.580677148342867,-3.12440418853941,-0.359871250132777
2001-02-27,0.89276417338815,3.06230456606436,-0.348892690507828
2001-02-28,0.269095702935341,1.85008712611406,-0.329720581775114
2001-03-01,-0.194093675138715,0.562044510993005,-0.32822536716913
2001-03-02,-1.20115017507413,-3.88353905243548,-0.352094926146912
2001-03-03,-0.439460339949308,-1.98488341576219,-0.365011490339315
2001-03-04,0.541050344712963,-0.779878952546403,-0.428368569856929
2001-03-05,-0.346751765340334,-2.41044049324501,-0.402271558985309
2001-03-06,-0.0987521052495348,-2.6165487520771,-0.338854443354177
2001-03-07,0.295973158572469,-1.41958341302912,-0.357786749470575
2001-03-08,-0.620417219564415,-2.70894787555649,-0.331115463384195
2001-03-09,-0.917446991976769,-2.86952732721881,-0.31195664055833
2001-03-10,-0.126066240939725,-1.1157718105009,-0.291944865261375
2001-03-11,-0.125763566541874,0.029241548916314,-0.258495661362391
2001-03-12,0.0767255345565898,4.70324631849243,-0.218498689036711
2001-03-13,-0.0309977917436628,15.8608287058198,-0.170901347818773
2001-03-14,0.323315375860435,14.4331986756444,-0.127534373468608
2001-03-15,-0.732010946246832,10.5671277362806,-0.0942395284832154
2001-03-16,0.306233515741293,8.84176172811592,-0.0637775197567994
2001-03-17,0.236987592007874,8.31466278022706,-0.012765225941191
2001-03-18,0.0214824221408823,7.39778876779788,0.038608996802231
2001-03-19,-0.0701362642182437,6.2065769363587,0.0877086323472263
2001-03-20,-0.206114671274492,3.91677752553614,0.144105730770781
2001-03-21,0.2759223760184,0.724016558337791,0.227519997484476
2001-03-22,0.134058073966064,-2.54378720466685,0.274143726998798
2001-03-23,-0.204680247076952,-1.51640114690193,0.316396723180556
2001-03-24,0.0202078772637297,-0.275945180369845,0.355319761361691
2001-03-25,0.107048226564892,-0.924078967215679,0.171889644364768
2001-03-26,0.619228120517231,0.697935854454411,0.241592454165039
2001-03-27,0.0814245435489944,1.14771510657144,0.289824293836519
2001-03-28,0.456155625304226,1.86877316833518,0.336224736217416
2001-03-29,0.846873266746148,2.68037740077646,0.397661941748277
2001-03-30,0.412920149732759,4.02267339809675,0.471133735076077
2001-03-31,0.433313245130509,4.84645606524774,0.549284469195237
2001-04-01,0.144396363015558,0.53775318789902,0.626673402664964
2001-04-02,-0.0923849817803117,-0.380195172372722,0.689146638261556
2001-04-03,-0.0186114182231161,-0.895457291485581,0.754359736468753
2001-04-04,-0.281730229221907,0.0274862613634177,0.803306520861023
2001-04-05,0.138032089623379,0.977992825096458,0.854107692051734
2001-04-06,-1.1613145020622,-3.7363463284098,0.793587117775592
2001-04-07,-1.30490009640791,-4.31672664643934,0.0998478365942486
2001-04-08,-0.323774839434137,-2.70492179153132,0.156412523228497
2001-04-09,0.0757033227285135,-0.639158481889934,0.189996485309661
2001-04-10,0.0114229462433459,0.46357115691403,0.234965658820168
2001-04-11,-1.38664009281567,-4.31007360466519,0.11965927675476
2001-04-12,-0.062176631562187,-1.24811530858419,-0.0585221646698644
2001-04-13,-0.368874594098342,-2.3336331963658,0.0198910003438062
2001-04-14,-0.0957974368331747,-1.55549227517046,0.0652526414896091
2001-04-15,0.163481145356934,-0.93655156295061,0.0832853730763103
2001-04-16,0.0770574328143425,-6.38587234615885,0.104181491563078
2001-04-17,0.139110819734003,-6.7341139501174,0.0321196127282013
2001-04-18,-0.0511385738103973,-6.99192952212642,-0.191929470435625
2001-04-19,-0.972211351688913,-3.98292432735855,-0.186522505233041
2001-04-20,-1.66530061704751,-6.15915572422377,-0.304505291486423
2001-04-21,0.0421466308504712,-3.9932373191919,-0.520366436848158
2001-04-22,0.346369414996482,-2.14792230103031,-0.572723280626507
2001-04-23,0.599615492158214,-1.51545762105132,-0.595364638129618
2001-04-24,0.868196745596205,2.55183264739863,-0.632615943970557
2001-04-25,1.31957823909146,4.84825560367186,-0.636881051668651
2001-04-26,0.877605226020821,1.69195780226632,-0.611357441870258
2001-04-27,0.815025614796948,-0.989033143493329,-0.582590980361543
2001-04-28,-0.0923188509601292,-2.5481836363264,-0.554540596367907
2001-04-29,0.938142619284545,0.196420818488971,-0.527514121476595
2001-04-30,1.0367044979569,2.34245051522345,-0.489670551085371
2001-05-01,1.31033360076865,2.29193560538548,-0.450261421589194
2001-05-02,1.3564782975075,5.79801597797448,-0.402816087625276
2001-05-03,1.31510001037297,6.70214946263816,-0.343990697496827
2001-05-04,1.0154214901616,8.40250752276301,-0.28011111659716
2001-05-05,0.98703900402454,7.09164177221494,-0.218906399810526
2001-05-06,0.996128068103257,10.3381921494677,-0.169745525847148
2001-05-07,0.823823790177508,11.9619492495426,-0.106101928905391
2001-05-08,0.882700898879921,14.3231041475343,-0.0362944883941676
2001-05-09,0.677802941738327,13.3049773808488,-0.0281498261133226
2001-05-10,0.310746864911951,11.4406229239591,-0.0372048197164334
2001-05-11,0.320112727317656,10.1018696561704,-0.0130417541881451
2001-05-12,-0.572116732531153,-2.06424134377297,-0.0578512054733542
2001-05-13,-0.786113313088613,-3.48706117572319,-0.0259132658536982
2001-05-14,-0.594881624198981,1.54824999838206,0.0136976827903021
2001-05-15,-0.929965718196961,-1.33440226722174,0.0343579426727931
2001-05-16,-0.33727777521923,0.413182238420356,-0.00870226173701738
2001-05-17,-0.410532675284476,5.07808148636395,-0.0279259274326078
2001-05-18,-0.224555274698034,6.79129264119979,-0.0310966049815864
2001-05-19,-0.294454512208845,13.5104401584301,-0.0252176486679172
2001-05-20,-0.258543121825714,14.6839005463442,-0.0106727444083843
2001-05-21,-0.326335417184596,17.7005937929503,-0.0572204716060609
2001-05-22,-0.416656655624398,11.7235456251881,-0.0814685938987241
2001-05-23,-0.595198100414437,10.6534289343089,-0.0779998197272063
2001-05-24,-0.515011832310622,11.4603760346417,-0.089680901252958
2001-05-25,-0.637162224228409,10.4598534229564,-0.0802863769921869
2001-05-26,-0.759874099920699,5.20078653896479,-0.11789502466814
2001-05-27,-0.930762275097406,-4.45029463917724,-0.135870458696305
2001-05-28,-0.845007407012169,-1.95177666384317,-0.148076861936193
2001-05-29,-0.692011983436053,5.79830798245984,-0.161259662710256
2001-05-30,-0.641935351158366,16.7718431573562,-0.178270569132299
2001-05-31,-0.557136176394883,21.3452746658903,-0.199061551285207
2001-06-01,-0.798711544743817,5.0799433719789,-0.197233756970689
2001-06-02,-0.80948686799754,-2.70910251884937,-0.19355561681127
2001-06-03,-0.736593998417927,-0.806961838317061,-0.185754647368379
2001-06-04,-0.79344931158249,2.51178600455941,-0.188061145820749
2001-06-05,-0.826625150117583,0.576705822654336,-0.1928746427746
2001-06-06,-0.724493798553801,4.05475645619789,-0.199124894113555
2001-06-07,-0.704650290208062,8.98497808488855,-0.211608198015345
2001-06-08,-0.66824347596801,6.72257538033198,-0.242342658101124
2001-06-09,-0.690682417890273,-0.267895167536246,-0.245775643994063
2001-06-10,-0.706097275543462,-3.47635874974257,-0.244073543483728
2001-06-11,NA,NA,NA
2001-06-12,NA,NA,NA
2001-06-13,NA,NA,NA
2001-06-14,NA,NA,NA
2001-06-15,NA,NA,NA
2001-06-16,NA,NA,NA
2001-06-17,NA,NA,NA
2001-06-18,NA,NA,NA
2001-06-19,NA,NA,NA
2001-06-20,NA,NA,NA
2001-06-21,NA,NA,NA
2001-06-22,NA,NA,NA
2001-06-23,NA,NA,NA
2001-06-24,NA,NA,NA
2001-06-25,NA,NA,NA
2001-06-26,NA,NA,NA
2001-06-27,NA,NA,NA
2001-06-28,NA,NA,NA
2001-06-29,NA,NA,NA
2001-06-30,NA,NA,NA
2001-07-01,-0.106173821171747,8.18824802688536,0.625964505957533
2001-07-02,-0.0273100522865075,16.3663628848748,0.648512392575617
2001-07-03,-0.0486494422152614,22.8100504290761,0.623305305204653
2001-07-04,-0.148899134452821,13.4520063724593,0.618331659026738
2001-07-05,-0.0225027362600327,9.27158928715118,0.62232625349771
2001-07-06,-0.00131190569240808,3.43096649524132,0.620405528756248
2001-07-07,-0.0813771575407636,1.32063496616039,0.619438132935401
2001-07-08,-0.0330259727224759,3.20998388695985,0.619380532461242
2001-07-09,0.00135551274343546,-4.79205942819218,0.621164765881282
2001-07-10,-0.00894554171072044,-8.024758622997,0.629959760141819
2001-07-11,0.00516158091112484,-11.41735987887,0.640824227606128
2001-07-12,0.0246631691010221,-9.1875293233641,0.646196178862389
2001-07-13,0.0288097481304315,-3.36947793423526,0.647583906278731
2001-07-14,0.0570014883848213,-7.9612739395549,0.644148422247269
2001-07-15,0.0484563161276111,-10.1826552142804,0.648724286459968
2001-07-16,0.0598104813553906,-12.564591673701,0.653079251599657
2001-07-17,0.0676224943576544,-9.378576830848,0.656484934211564
2001-07-18,0.0864553163011097,-4.45381518495913,0.652419929593441
2001-07-19,0.100928430570207,-8.0332846080921,0.648678180927582
2001-07-20,0.104904952060783,-10.9052570636462,0.652089607163187
2001-07-21,0.0944124211158339,-10.5188609905525,0.657062572195478
2001-07-22,0.113167270088801,-2.84135202022337,0.651979881076255
2001-07-23,0.092586201182044,-0.475404526681722,0.642132520735784
2001-07-24,0.0536283646710796,-2.86781984362127,0.631715283792717
2001-07-25,0.0730045022162129,-6.89748448214028,0.632067574302853
2001-07-26,0.11770566657409,-3.8620991828869,0.632151880808245
2001-07-27,0.0560249011013752,0.221821196988532,0.627714161261275
2001-07-28,0.0546695510933823,-0.587531371645373,0.625504894903107
2001-07-29,0.0670705687785505,-4.68461214761578,0.625959069503841
2001-07-30,0.00129212157830819,-12.8423776797606,0.635957186130444
2001-07-31,0.0585355622799647,-7.13153570352873,0.633951259401478
2001-08-01,0.0475000346610063,-2.66214920753725,0.618774762807788
2001-08-02,0.0525214749658509,-2.35317800374228,0.616531462127504
2001-08-03,0.0496970181180266,-8.1301869681984,0.615761657405229
2001-08-04,0.0225458026792362,-10.6123042860317,0.615056681255253
2001-08-05,0.0166282892235799,-5.00834636756749,0.609411650226063
2001-08-06,0.0402067100748505,1.56251556413066,0.59826512681901
2001-08-07,-0.0155527561745378,9.68502638073984,0.57985830208715
2001-08-08,-0.045834492264376,11.2749304509558,0.56533104465132
2001-08-09,0.00326609506145721,-2.62734079596136,0.569404037462268
2001-08-10,-0.025628669554482,-8.01337714555123,0.578331437090635
2001-08-11,0.0180359783299721,-3.82543537925135,0.578501162557367
2001-08-12,-0.0122879302818575,-7.29381422803049,0.605726807793528
2001-08-13,-0.0219908594772167,-8.93122933200437,0.624599301696053
2001-08-14,-0.042167155231281,-1.81420903945838,0.615696878926513
2001-08-15,-0.028523549543641,-0.107969378679488,0.60604565472293
2001-08-16,-0.0125097273985831,6.14402346402274,0.594914642855671
2001-08-17,-0.0135373749347984,9.74707399341568,0.580475267645823
2001-08-18,-0.0566440806897453,4.69456991489577,0.576810703314106
2001-08-19,-0.0311567194268755,2.45354463784803,0.567942021553477
2001-08-20,-0.0573024159827065,-9.39380189380955,0.570011253301303
2001-08-21,-0.0770238673158636,-10.7032073771642,0.568505141544752
2001-08-22,-0.0709102447058035,-11.9885138318401,0.56334388613809
2001-08-23,-0.0580126322634717,-9.69760512074759,0.553190231851231
2001-08-24,-0.0664626168653621,-4.33844864325053,0.535700353403275
2001-08-25,-0.0446719927960717,2.75371713273329,0.521261518025648
2001-08-26,-0.0771383664355462,6.3135492998724,0.505928462703944
2001-08-27,-0.0801498969496073,9.48743380199566,0.495037291579615
2001-08-28,-0.09204064976868,7.74231871964577,0.482683913345293
2001-08-29,-0.0350524788331573,-1.4771816158231,0.481789238429649
2001-08-30,-0.110995214001624,-10.7580366793543,0.491357965363961
2001-08-31,-0.0975485724765451,-5.6744248135713,0.486061213693576
2001-09-01,-0.0736900686213724,-0.665670794151438,0.47503873368189
2001-09-02,-0.087696493613136,5.67767076777466,0.464867297296557
2001-09-03,-0.0920853288729314,6.95969035317691,0.45698718394434
2001-09-04,-0.12443616120367,7.77304012629267,0.452447173469505
2001-09-05,-0.0971594471490436,-2.1030244769208,0.457184581199012
2001-09-06,-0.118200564221797,0.707896837301945,0.466021037071092
2001-09-07,-0.111024774622382,5.11555747128624,0.462561183179188
2001-09-08,-0.123743241218209,-2.06245698163047,0.46119448479497
2001-09-09,-0.104664170772748,-10.1271454892343,0.467538638954182
2001-09-10,-0.09442921868198,-8.59211250010627,0.467436270720564
2001-09-11,-0.148960272316827,-7.5490471971046,0.467309826122121
2001-09-12,-0.118954631445092,-9.34120275092907,0.46424187186312
2001-09-13,-0.0809449542924038,-9.87016724003432,0.464963570295948
2001-09-14,-0.126421796417675,0.223719596842255,0.445782534211058
2001-09-15,-0.130381958987565,-0.216925390726253,0.445562934075754
2001-09-16,-0.105004666139159,-7.98434134807299,0.447476875218315
2001-09-17,-0.111167575120149,-6.06789433006412,0.454633404174837
2001-09-18,-0.123650090553764,-3.16297321340455,0.450845609711544
2001-09-19,-0.112217207806167,-1.20286477289596,0.45052945139352
2001-09-20,-0.0563842941260791,0.436767078740587,0.454025760191108
2001-09-21,-0.0905546172495578,-0.922410445474068,0.464091051515305
2001-09-22,-0.123305285697127,3.58839259407447,0.467620574315069
2001-09-23,-0.147216062664916,1.47013046866781,0.479428999638982
2001-09-24,-0.151378504318747,-4.88205744242882,0.493064289935989
2001-09-25,0.846921229888966,-9.33459670406403,0.258481309799555
2001-09-26,0.506920592878314,-4.96479037204776,0.295557187156434
2001-09-27,0.316159111080771,-4.84325653443151,0.317451619073004
2001-09-28,0.237726135544553,-4.77644918025212,0.337896913370202
2001-09-29,0.18642179868079,0.000550104547992092,0.341144982444129
2001-09-30,0.15649774077814,10.0056571142947,0.32808163871096
2001-10-01,0.121547065406116,16.0868475074366,0.310762750926783
2001-10-02,0.0429294366938932,12.6495734639812,0.311442497491447
2001-10-03,-0.00152879733919342,10.1229511833954,0.319800956393985
2001-10-04,-0.038094123790505,-6.51978077683392,0.346772655618525
2001-10-05,-0.085137199335489,-11.2785114884714,0.377794770630078
2001-10-06,-0.0595145682741915,-9.63113263214921,0.39028258513409
2001-10-07,-0.114000556122875,-7.67720513586217,0.401885347694212
2001-10-08,-0.0949416309479582,-4.19258413890008,0.418309271947632
2001-10-09,-0.0955629025089794,-1.80043978112995,0.449414168503058
2001-10-10,-0.123335603391454,6.65593034910126,0.475668859864819
2001-10-11,-0.166015786922269,2.32989294181627,0.509403209176987
2001-10-12,-0.150257759296305,3.14293736702486,0.532389490503808
2001-10-13,-0.161270387962445,5.96771741776716,0.549731189123218
2001-10-14,-0.172998808838449,6.34723889454925,0.569083752099326
2001-10-15,NA,NA,NA
2001-10-16,-0.211038572862358,2.83922742813283,0.616666912887595
2001-10-17,-0.208026120309355,-3.64451217195932,0.651176655815014
2001-10-18,-0.211544347832677,2.38545156422532,0.681456301361404
2001-10-19,-0.21263765676798,5.02042768440743,0.707561088400657
2001-10-20,-0.212482315273514,3.92551541470514,0.735439209862466
2001-10-21,-0.216487054594207,-4.96291653582111,0.774829688061765
2001-10-22,-0.181701451090232,-1.60918816370154,0.811364132762663
2001-10-23,-0.254574532057908,-0.634683019582093,0.83480359388867
2001-10-24,-0.212719070332372,-1.06399388367849,0.873013170774074
2001-10-25,-0.244347430790432,2.95070239821631,0.901289643108978
2001-10-26,-0.239338701927708,5.66691591785865,0.927814949762436
2001-10-27,-0.287230076923623,-4.58776028685073,0.963739563351418
2001-10-28,-0.26437164055769,-3.02515005148834,1.00008293170095
2001-10-29,-0.274861068470192,-2.46076473331669,1.03273373187981
2001-10-30,0.210083964287292,-6.64796968846804,0.422784459847474
2001-10-31,0.300871769209392,-4.19719241184108,0.214995632298585
2001-11-01,0.140913449147476,-3.23215150679793,0.298971816145812
2001-11-02,0.0623480440078915,-2.65018981842959,0.365049274994099
2001-11-03,0.029666880490486,0.170309102494724,0.421649407224103
2001-11-04,0.0173717781376054,3.1644212044331,0.473084924298271
2001-11-05,-0.039345936902754,1.49884880835886,0.521282482776656
2001-11-06,-0.105765815226051,-2.44053751771821,0.569798833266129
2001-11-07,-0.0750211441303374,-1.64086541682226,0.621132859263811
2001-11-08,-0.110478236754974,1.86305196582757,0.666053835563356
2001-11-09,-0.149082664563137,4.88917452472684,0.707241724839147
2001-11-10,-0.131556042429482,3.78561040188924,0.747215053315021
2001-11-11,0.334870623136598,-1.16027963997046,0.771507358134281
2001-11-12,-0.00733499027807577,-2.37681951272321,-0.286233359630521
2001-11-13,0.0751369585389542,-3.24797593376646,-0.852104522760865
2001-11-14,0.0692323587518713,-2.77887905980215,-0.700210668055792
2001-11-15,-0.0626251978286413,-3.09955145730047,-0.613831889907904
2001-11-16,-0.00933920627129947,-2.28751207682752,-0.541362858676697
2001-11-17,-0.101494546573084,-3.332359398411,-0.480019832581124
2001-11-18,0.264719828402664,-2.93291708177846,-0.420602532495245
2001-11-19,0.0128145125226715,-1.03004628862851,-0.366198094263645
2001-11-20,-0.173257299659913,0.53581282257946,-0.314499830088084
2001-11-21,-0.29038613110619,-2.35579623782462,-0.293606652195932
2001-11-22,0.15908705525659,-1.58157529862886,-0.427385480317994
2001-11-23,-0.0751155781612046,-2.43320054288906,-0.36757559022436
2001-11-24,0.339913401984723,-1.42653069742448,-0.638854217158926
2001-11-25,0.0334532954956595,-1.9063777304155,-0.572066210040543
2001-11-26,0.213778258876412,-1.04284005750924,-0.487532510773787
2001-11-27,0.0811160625550454,-0.526427423488015,-0.421785209521628
2001-11-28,-0.0601976053177755,0.298647540128879,-0.384792423916473
2001-11-29,-0.1870620258963,-2.05596808546615,-0.536592807923485
2001-11-30,0.11485177308869,-1.27741325019994,-0.488808130189089
2001-12-01,-0.268491412004648,-1.07575868920351,-0.636424303754207
2001-12-02,-0.168662912509045,-1.45031935410268,-0.916140477133808
2001-12-03,0.0960556816129206,-0.951966855109885,-0.848566573488535
2001-12-04,0.175604781434178,-0.754941914154168,-0.762182006952354
2001-12-05,-0.194478552176537,-1.47564599592878,-0.771286006588348
2001-12-06,0.0526929518648972,-1.25301628370943,-0.759017075049758
2001-12-07,-0.00112593328256338,-1.41798400010359,-0.688604667219475
2001-12-08,-0.0607781389465002,-0.535745239530606,-0.641493839574599
2001-12-09,0.00294030445212878,-0.971469312538761,-0.617184646622608
2001-12-10,0.107134637888336,0.0184720646297918,-0.586151419625631
2001-12-11,-0.0905802599980869,0.320817235176286,-0.546693506467987
2001-12-12,-0.0262941712827649,0.353810388230256,-0.511788638452817
2001-12-13,-0.0157861689181266,0.00413900002316803,-0.488823695274001
2001-12-14,0.378256302100135,0.914850429787025,-0.687790851024949
2001-12-15,-0.000477313121523992,1.13024767044348,-0.537141646412449
2001-12-16,-0.179901624916729,0.397660087510979,-0.490615522033765
2001-12-17,-0.0900295110540822,-0.778410853646661,-0.56623380062296
2001-12-18,-0.108830352735756,-1.10183337207861,-0.511624928613751
2001-12-19,-0.0228494399164538,-1.05009550016494,-0.458232817531885
2001-12-20,0.018327078525986,-0.377055223652522,-0.585452047433286
2001-12-21,0.0344963813693908,-0.35931563257224,-0.484640840643648
2001-12-22,-0.339574042891114,-0.45539174944067,-0.447330251994469
2001-12-23,0.116870763489704,-0.534606534455573,-0.451459532302353
2001-12-24,-0.0908214649393713,0.37117976596496,-0.398399655741252
2001-12-25,-0.130538942549347,0.46394442764202,-0.363396929302346
2001-12-26,-0.123542577836545,-0.965164618871921,-0.335209110841343
2001-12-27,-0.291896425550025,-0.724912331376859,-0.311844264575374
2001-12-28,-0.448760950577938,-0.570018440937232,-0.401170270576988
2001-12-29,-0.332280233908652,-1.55390767818524,-0.465191379559914
2001-12-30,-0.403767788624169,-1.7374808405572,-0.412981421585445
2001-12-31,-0.186600040014687,-1.27930253331796,-0.396064135678155
2002-01-01,-0.302775383330982,-0.563658940508826,-0.325717704145658
2002-01-02,-0.447813915810496,-1.06928050381971,-0.584372650535893
2002-01-03,0.0914472669856204,-1.30629697945535,-0.386809748018537
2002-01-04,0.0281632811425375,-1.40730532228109,-0.285932734892165
2002-01-05,-0.366778747400652,-1.78029682340987,-0.261760450849947
2002-01-06,-0.278517801117609,-1.3290323837945,-0.269742422151979
2002-01-07,-0.284689767065242,-1.56604279097303,-0.236468030312362
2002-01-08,-0.104805480182853,-1.06854566503351,-0.205234650976307
2002-01-09,-0.379528987888548,-2.02617490652329,-0.158268960762863
2002-01-10,0.144083199192632,-0.551126812353581,-0.0855149730621094
2002-01-11,0.0308347055957453,-1.68966035907828,-0.0664519679996896
2002-01-12,-0.287644723751624,-2.63636831958829,-0.0492801091918174
2002-01-13,-0.307079274235666,-1.9145317125933,-0.0416745907797162
2002-01-14,-0.427923881181727,-2.06657841759549,-0.0297170703943208
2002-01-15,0.056894888636015,-1.48533345472625,-0.0185674073316209
2002-01-16,0.0582049937654839,-0.830310928819423,-0.00656926332436258
2002-01-17,0.0445603666262485,-0.387339303764371,0.0119027475937061
2002-01-18,0.157860023116701,0.112938326812733,0.0271465664359094
2002-01-19,0.136141254101139,-0.729144360182173,0.0424519218722788
2002-01-20,0.0776887642138273,-0.827506345488097,0.0538389630214171
2002-01-21,-0.116364443514567,-1.25927785685096,0.0622998928607048
2002-01-22,0.21680170751415,-1.2202172856537,0.0744449551444206
2002-01-23,0.120471020476223,-0.267398930243478,0.0884723189473191
2002-01-24,0.106507895755426,-0.261088232065177,0.104434587158408
2002-01-25,-0.100428419196636,-0.390075337392378,0.119142889350526
2002-01-26,-0.302711904802223,-2.00180031746335,-0.0391337175581645
2002-01-27,-0.0990537866802066,-2.12774921318073,-0.0863449566994237
2002-01-28,0.0157500729540062,-1.95543340388587,-0.0464187556617137
2002-01-29,0.0868515420394206,-1.86886896640578,-0.0228424521961661
2002-01-30,0.00710670886689901,-1.42770185725865,-0.008750496504355
2002-01-31,0.0132828547398229,-0.988416417593172,0.0111655303212421
2002-02-01,0.191975788611762,-0.727148033793543,0.0331510863930542
2002-02-02,0.0392316116308156,-1.2957249533737,0.0511751089705292
2002-02-03,0.222994983936605,-0.664605922476123,0.0699639014007314
2002-02-04,0.110645310390957,-0.709776144650492,0.0851393364357178
2002-02-05,0.0823255324628622,-0.69760156061468,0.106472998778739
2002-02-06,0.156368700028198,-0.514328948728501,0.121674978104739
2002-02-07,-0.0180885657579417,-0.846648512605958,0.0682080213922807
2002-02-08,0.458643363508639,-1.25496478898774,-0.0515011034921304
2002-02-09,0.129838271889938,-0.875834209025456,-0.00152269353241596
2002-02-10,0.33528128591728,1.20674318717394,0.0246736099972455
2002-02-11,0.317992169290578,0.967615382864316,0.0497095864438162
2002-02-12,0.197536303532591,0.529603363927028,0.0719120364608696
2002-02-13,-0.483208582588753,-1.61116555485334,0.0864227581958055
2002-02-14,0.0327429262400355,-2.04800772314366,0.0954899801159361
2002-02-15,-0.313694410720091,-2.65618313471833,0.108090988584285
2002-02-16,-0.209734991012216,-1.83466622678589,0.0800465622528135
2002-02-17,-0.490038808539913,-3.29449999905352,-0.225137125794686
2002-02-18,-0.049317169793119,-1.88108761929461,-0.0735734400310362
2002-02-19,-0.734089440759642,-3.19667151554916,-0.113985096950411
2002-02-20,0.344097302126124,-1.80818745511746,-0.0975596281705213
2002-02-21,0.163839757942847,-2.00278527720456,-0.0529942022486916
2002-02-22,0.414307248454185,0.185671220563417,-0.023665596517207
2002-02-23,0.161211210400016,-1.66666642516563,0.00181045727503548
2002-02-24,0.377622796335299,-0.61081870517606,0.0249228214120474
2002-02-25,0.217535304353834,-0.602748820766059,0.0477542700756994
2002-02-26,0.35316573679999,1.68186664479393,0.0721872099053082
2002-02-27,0.250739681143252,1.55497123273103,0.0991036008943742
2002-02-28,0.645351222282279,2.87133712611406,0.128724898923244
2002-03-01,0.849919311310265,2.72921117765967,0.165609417561384
2002-03-02,0.340505580191175,1.30860678089785,0.203203591616957
2002-03-03,0.297645002009876,2.00811658423781,0.234852563757466
2002-03-04,0.230671238590514,2.2158085474536,0.267650126762188
2002-03-05,-0.324889516264913,-1.14344049324502,0.29708520515389
2002-03-06,-0.537385619535249,-3.4401737520771,-0.108167154109029
2002-03-07,-0.0329892996316123,-2.31518757969579,-0.270470535221499
2002-03-08,0.102734411455993,-0.910093708889823,-0.177570944408016
2002-03-09,-0.412220267731872,-1.39488149388548,-0.136591807273207
2002-03-10,0.0462178496725196,-1.9248343105009,-0.259331308734494
2002-03-11,-0.260427355929629,-1.03961261775035,-0.186261334825015
2002-03-12,-0.784317718586267,-2.28854534817424,-0.159389506563196
2002-03-13,0.361267233235929,-1.16267129418016,-0.138731769160179
2002-03-14,0.629088133574721,-0.432926324355618,-0.109023542811806
2002-03-15,-0.0704314964509143,-1.42576809705271,-0.0789860085751188
2002-03-16,-0.328358857319932,-2.34077993855075,-0.108557373656035
2002-03-17,-0.943548604400289,-3.08300388643961,-0.124865833327263
2002-03-18,0.184843330140882,0.226538767797883,-0.118461593727521
2002-03-19,-0.154091731973346,-0.222381396974637,-0.091571226813651
2002-03-20,-0.1317345422949,0.569215025536138,-0.062761079809595
2002-03-21,0.223048433977584,1.71570405833779,-0.0313252695047894
2002-03-22,-1.06679162570741,-2.46014137133352,-0.111062876870751
2002-03-23,-0.417957661117768,-3.20817198023526,-0.397360878556448
2002-03-24,-0.00779154812402538,-1.97115351370318,-0.348547199937403
2002-03-25,-0.415555934986128,-1.98624563388234,-0.315254196701311
2002-03-26,0.176273996435599,0.355560854454412,-0.29065218091191
2002-03-27,0.713028556610219,2.61931927323811,-0.253571956373834
2002-03-28,0.607614399916471,2.73033566833518,-0.20331505165251
2002-03-29,0.408738723480842,3.00818990077646,-0.16254655735857
2002-03-30,0.267153800181739,2.74984006476342,-0.120431621594153
2002-03-31,0.477260356069284,3.15568523191441,-0.0750609045317225
2002-04-01,0.394855267668619,2.74973235456569,-0.0291968171378949
2002-04-02,0.325676376587035,-0.903549339039389,0.0166091715509018
2002-04-03,-0.61328910573332,-3.36264479148558,0.0530070631444883
2002-04-04,-1.5224438904464,-3.54374290530325,0.0681034663405353
2002-04-05,-1.05005020343785,-2.26331967490354,0.0762436432323899
2002-04-06,0.0496723406316808,-1.9014088284098,0.103482493921339
2002-04-07,-0.0169126972242388,-2.42464331310601,0.146675736343051
2002-04-08,0.0811280421168838,-2.14740095819799,0.192262099458363
2002-04-09,-1.62098298682251,-4.31649181522327,0.219238360441736
2002-04-10,0.0120126108882439,-2.26661634308597,0.226547690972255
2002-04-11,-0.00642538097893253,-1.99053193799852,0.272982303920584
2002-04-12,0.56111217202965,0.848176358082478,0.334191645745049
2002-04-13,0.641670173901658,2.75507513696753,0.411363899483322
2002-04-14,1.05519116594234,0.457424391496205,0.495738019564886
2002-04-15,-0.16517632892878,-3.02019739628394,0.542619066456508
2002-04-16,-0.868060323920351,-3.82587234615885,0.583791312866358
2002-04-17,-0.637320532102731,-3.8323014501174,0.580347818874508
2002-04-18,-0.119527479932846,-4.06674202212642,0.581209797630361
2002-04-19,0.748863151984556,1.62590900597478,0.599014519269786
2002-04-20,0.500860578707596,0.923740109109567,0.643646336426897
2002-04-21,0.359143117381083,-0.0217164858585628,0.689828941152094
2002-04-22,0.672470955404645,4.29053603230303,0.73963888172205
2002-04-23,0.69185339175005,5.64310487894868,0.794523204652589
2002-04-24,-0.181025731791551,-1.87129235260137,0.836884053641437
2002-04-25,0.0964908684792194,-1.65224439632814,0.862057747080547
2002-04-26,-1.49655364581591,-5.74531303106701,0.875802369169046
2002-04-27,-0.97995528944795,-3.62703314349333,0.874638890130198
2002-04-28,-0.717388026470333,-2.9432461363264,0.884871957986102
2002-04-29,-1.49745756055219,-6.34441251484436,0.882442972071041
2002-04-30,-0.762077996736977,-5.50509115144321,0.764005868669074
2002-05-01,0.414768918319671,-3.95816856128118,0.60260319615674
2002-05-02,-0.152242665855765,-3.74221318869219,0.69744185196508
2002-05-03,-0.432524419390298,-4.42293387069518,0.738061084902167
2002-05-04,-0.0547936731037049,-0.907054977236987,0.755853131784199
2002-05-05,-0.304656470832603,2.47201677221494,0.762569486416327
2002-05-06,-0.214267840468172,0.160483816134358,0.767824763655952
2002-05-07,-0.437984871863308,-1.18511325045744,0.768765146618833
2002-05-08,-0.32710287287518,2.87085414753435,0.767262109228856
2002-05-09,-0.57932958185351,0.955019047515444,0.762135842499872
2002-05-10,-0.770556033863559,-2.70800207604093,0.755300888977407
2002-05-11,-0.384847141253773,2.57051548950369,0.745313143447488
2002-05-12,-0.663783471551561,5.20352948956037,0.73076493441797
2002-05-13,-0.610560596451879,1.66587632427681,0.717001220369669
2002-05-14,-0.519258084607145,0.517854165048723,0.704936179465984
2002-05-15,-0.640438627584716,1.83370189944492,0.686618259416822
2002-05-16,-0.444451974158005,3.79047390508702,0.66898012536023
2002-05-17,-0.715258347284476,1.28572731969729,0.654938775325343
2002-05-18,-0.885358349228647,-2.82460319213354,0.643088732255257
2002-05-19,-1.28005495955578,-8.3636431749032,0.614801963495059
2002-05-20,-0.611316829335918,-11.4997244536558,0.0244761829046816
2002-05-21,0.148299688448057,-9.36646870704969,-0.576037319362811
2002-05-22,-0.00268042003256075,-5.35778770814526,-0.602652953664254
2002-05-23,0.0294433333814812,-0.754946065691094,-0.583460440564975
2002-05-24,0.184005120260807,2.69177186797502,-0.573584532630021
2002-05-25,0.157970832996081,2.15645758962307,-0.564691450856157
2002-05-26,-0.07788727502274,-4.45769262770188,-0.552639427994094
2002-05-27,0.0289234157597367,-4.41516963917724,-0.539913910309418
2002-05-28,0.00749311445721834,-4.91046416384317,-0.527263187521224
2002-05-29,0.214453493870069,-0.200712850873494,-0.512285478957181
2002-05-30,0.493401646229389,4.70178065735617,-0.495844582125703
2002-05-31,0.561613768094912,5.03573299922366,-0.471004104703923
2002-06-01,-0.131654069723409,-4.55397329468776,-0.442790021601471
2002-06-02,-0.15735198837305,-5.69189418551604,-0.418397645507383
2002-06-03,-0.0650076528669068,-3.14062850498373,-0.402126390667182
2002-06-04,0.163834891127715,4.54822350455941,-0.388151962588785
2002-06-05,0.318714901310988,10.7498308226543,-0.37447907350243
2002-06-06,0.0889180279768107,7.25536062286456,-0.36006605610967
2002-06-07,-0.119614009555001,2.37864475155522,-0.344269656132055
2002-06-08,-0.234412067804745,1.38717954699865,-0.330886798953816
2002-06-09,-0.283795061318845,1.66010483246376,-0.319702683297617
2002-06-10,-0.236586304114891,4.4924954169241,-0.31350741984312
2002-06-11,-0.22099378856,8.04898593699671,-0.311917673976986
2002-06-12,-0.379220462475464,-3.96822929296682,-0.305755143864004
2002-06-13,-0.314651658776953,-6.72443808907294,-0.298353215966645
2002-06-14,-0.301165053434792,-6.74499386415598,-0.290637834148955
2002-06-15,-0.218410362075091,-1.40291991861086,-0.28599825264611
2002-06-16,-0.254827011335642,-0.761784555632428,-0.28035873755279
2002-06-17,-0.30393371990395,-1.2747636873978,-0.275091632278803
2002-06-18,-0.277264068235181,-3.45522426541977,-0.273608373647541
2002-06-19,-0.203631870581332,0.819483965007493,-0.270306180012896
2002-06-20,-0.204743075996449,-2.57145078034236,-0.263748453386791
2002-06-21,-0.240902470677339,-8.85023989378974,-0.253788258499157
2002-06-22,-0.18843299775916,-9.1851402689197,-0.246792803826922
2002-06-23,-0.168841657841105,-5.2744335177844,-0.24265675575862
2002-06-24,-0.17049555586513,-0.338196845519381,-0.237211680789833
2002-06-25,-0.104468119959264,5.13094691755342,-0.235279204868194
2002-06-26,-0.173452330498797,-2.71325404042842,-0.228500682836216
2002-06-27,-0.112064744239677,-6.32549302692779,-0.218562154929216
2002-06-28,-0.135248389306224,-6.65309235025227,-0.211799453909754
2002-06-29,-0.0818682281921191,-3.16869081615036,-0.205331770500754
2002-06-30,-0.0300849167801605,3.53204795071715,-0.202172066639688
2002-07-01,-0.0251407011717465,9.77370636021869,-0.196466650283905
2002-07-02,-0.00134364218854832,3.66821705154145,-0.186126364287604
2002-07-03,-0.0238890903785266,-3.78653290425724,-0.170112596855015
2002-07-04,0.000108888998013507,-2.71722279420738,-0.157611725229143
2002-07-05,-0.0144913462192163,-2.78578571284882,-0.14827165809803
2002-07-06,0.00236640973616337,-0.462262671425343,-0.140536389645329
2002-07-07,0.0329604800918894,-4.57519836717294,-0.134728333617424
2002-07-08,0.0597480182979324,1.85437972029318,-0.126983462118957
2002-07-09,0.0988612585393538,15.3578780718078,-0.125701939898299
2002-07-10,0.107984187758667,21.7711372103363,-0.121942048534047
2002-07-11,0.0484867977274514,13.32807762113,-0.114018261452207
2002-07-12,0.0951473486928587,14.6998248433026,-0.105544804517605
2002-07-13,0.0951470811100231,8.47235539909807,-0.0930301642778391
2002-07-14,0.0638484312419643,0.844642727111768,-0.0801603190459979
2002-07-15,0.0672981342500601,-3.0992385476137,-0.0646737433029481
2002-07-16,0.0908317260758874,-5.63625834036768,-0.0522748348803477
2002-07-17,0.110405996398471,-4.197639330848,-0.0491688353480173
2002-07-18,0.116613711648048,-4.74294018495913,-0.0520527673945876
2002-07-19,0.0426653913865335,0.0427987252412372,-0.052932353165037
2002-07-20,0.109197423081191,4.10270126968713,-0.0535530083045597
2002-07-21,0.060389430720093,-9.74844432388588,-0.0468576008207462
2002-07-22,0.0934114766194132,-9.16726868689003,-0.0373924421728811
2002-07-23,0.0613128909779625,-8.37221702668172,-0.0337266150240154
2002-07-24,0.118219917324141,-3.81998651028794,-0.0339473746421604
2002-07-25,0.108996620420295,-2.21177614880694,-0.0341279108113532
2002-07-26,0.105992684533274,-1.3018491828869,-0.0309817137927855
2002-07-27,0.0898429131830079,-0.281407969678135,-0.0335178413472335
2002-07-28,0.0553136234199129,-9.18938553831204,-0.0340472958362525
2002-07-29,0.0662063005484948,-9.53325798094911,-0.0302823129467731
2002-07-30,0.0660822832925939,-3.53269017976059,-0.0281377914146077
2002-07-31,0.135208405312035,-1.34761903686206,-0.0309407473563503
2002-08-01,0.00757613122077309,-4.98800337420392,-0.0315438156020624
2002-08-02,0.0832883415780958,-10.0130113370756,-0.0332651646535727
2002-08-03,0.0463175302984777,-14.4235619681984,-0.0323147629966831
2002-08-04,0.0966586268992895,-11.1978667860317,-0.028733576146033
2002-08-05,0.0480768437541922,-6.29945053423416,-0.0280113257351369
2002-08-06,0.0801234260642026,-6.40050526920266,-0.0260123613911212
2002-08-07,0.0667949242919345,0.354693047406506,-0.0306690851428835
2002-08-08,0.0472110724703178,7.05505545095576,-0.037057122671853
2002-08-09,0.0264825321155832,11.699617537372,-0.04524800969347
2002-08-10,0.0822377777924569,12.7672061877821,-0.0519768612414619
2002-08-11,0.0187702681258905,11.0314812874153,-0.0554817465673239
2002-08-12,0.0342352855548771,9.50366493863617,-0.0577063526141499
2002-08-13,-0.0221394770282371,4.97420816799563,-0.0572221848412848
2002-08-14,-0.0100901927823013,-0.255125706125046,-0.0580453313245499
2002-08-15,-0.0214487707681308,-0.875615212012821,-0.0607454218950672
2002-08-16,-0.013357815398583,-4.35337236931059,-0.062593599261791
2002-08-17,0.0321933920039771,-6.82755100658432,-0.0633045937041423
2002-08-18,0.00224023767760156,-5.93822175177091,-0.0674550933740887
2002-08-19,-0.0256851308554469,-11.7589345288186,-0.0732783248056359
2002-08-20,0.00923131462953838,-8.79442689380956,-0.0722630134115407
2002-08-21,-0.00326633262198606,-4.71010321049752,-0.0801336476549883
2002-08-22,-0.0352229818486606,-10.2997013318401,-0.0852424582158982
2002-08-23,-0.0172790216512268,-11.5558551207476,-0.0879441964686389
2002-08-24,-0.0311425172735253,-7.77688614325053,-0.0932804308054864
2002-08-25,-0.0470083560613779,-3.27836620060004,-0.102432969598366
2002-08-26,-0.0484766652110565,4.59619513320573,-0.114377955461606
2002-08-27,-0.0809291206230767,9.71272546866232,-0.125667815720372
2002-08-28,-0.0310901003809249,4.7600270529791,-0.135813768755729
2002-08-29,-0.0586900714862185,-6.9445566158231,-0.133899367988598
2002-08-30,-0.0719718186546856,-3.49018251268761,-0.13749560886999
2002-08-31,-0.0356511055377696,8.7258251864287,-0.145594041744541
2002-09-01,-0.0733915698458621,15.0510375391819,-0.155618038066771
2002-09-02,-0.0827016985927277,17.6838374344413,-0.163584412717753
2002-09-03,-0.0542940203015029,10.7097945198436,-0.162851423306644
2002-09-04,-0.0321101355923128,2.45610262629267,-0.155710363117358
2002-09-05,-0.0350877683957969,-3.89250364358747,-0.141949456487344
2002-09-06,-0.0860441011871922,-7.31287399603139,-0.14325125736169
2002-09-07,-0.0721691664591162,-6.64615086204709,-0.138840293560399
2002-09-08,-0.0806682480456671,-1.0117903149638,-0.14341460834623
2002-09-09,-0.111605952365751,5.65958367743236,-0.147259584116899
2002-09-10,-0.0956574005981991,11.6713666665604,-0.156601929312692
2002-09-11,-0.0945331521535614,12.1925986362287,-0.15984682616299
2002-09-12,-0.117086735445092,6.30017224907093,-0.159368264780554
2002-09-13,-0.10002917510873,4.19614525996569,-0.154050287265115
2002-09-14,-0.0897747522544101,6.36036543017559,-0.151113109196076
2002-09-15,-0.13700570992634,-5.31634205739292,-0.149974302927154
2002-09-16,-0.0310900053405791,-6.24798718140632,-0.138830688106271
2002-09-17,-0.0671542240216574,-2.62835266339746,-0.1400210593481
2002-09-18,-0.0915567642680492,3.11173511992878,-0.138769898574672
2002-09-19,-0.112341519479636,10.0222393937707,-0.143382462704891
2002-09-20,-0.117347439840365,13.3439545787406,-0.143331638201101
2002-09-21,-0.132063590278129,12.3412770545259,-0.138728350786852
2002-09-22,-0.125681352480801,15.2416842607411,-0.120185348643464
2002-09-23,-0.141276665848589,17.0572554686678,-0.107528500669978
2002-09-24,-0.13387413630242,14.1083175575712,-0.0975956216106519
2002-09-25,-0.106433470845728,15.262340795936,-0.0847263554232613
2002-09-26,-0.148099948591074,-0.196686205381095,-0.0692572135802427
2002-09-27,-0.165813507939637,-9.30171486776485,-0.0532368817510491
2002-09-28,-0.135201594496263,-7.88736584691879,-0.0324942643399408
2002-09-29,-0.156511556421251,-6.13519989545201,-0.0300964864420008
2002-09-30,-0.0839494330994111,-7.14311371903862,-0.0137109952280143
2002-10-01,-0.0955795149204144,-2.37490249256339,0.00377302515828504
2002-10-02,-0.140904622081617,0.976656797314503,0.0162712255857524
2002-10-03,-0.162974493584091,2.58593035006206,0.0359872949454321
2002-10-04,-0.179075419463974,7.23653172316608,0.0406762149545328
2002-10-05,-0.147023851580387,8.92717601152857,0.0527261263222609
2002-10-06,-0.171017206641539,11.5653673678508,0.0648937154380675
2002-10-07,-0.167945415877977,13.8926281974712,0.0783157559979779
2002-10-08,-0.177374184825509,14.5161658610999,0.0921471034041792
2002-10-09,-0.173741938100816,13.1687268855367,0.113260379745514
2002-10-10,-0.209789950901658,-6.1512988175654,0.139617901628093
2002-10-11,-0.107155206367167,-5.0648362248504,0.174350162163269
2002-10-12,-0.179184387116713,1.59468736702486,0.192199593740781
2002-10-13,-0.187221143350201,5.86267575110049,0.209841727835745
2002-10-14,-0.177811823328245,7.01653056121591,0.232524205023575
2002-10-15,-0.233284833592232,-2.65828613555242,0.266223772335428
2002-10-16,-0.202276073678684,-6.45839757186717,0.295708788807583
2002-10-17,-0.187867356064457,-6.65009550529265,0.325045284967302
2002-10-18,-0.165177655587779,-6.63427760244135,0.351123770577756
2002-10-19,-0.183710659788389,-3.84950981559257,0.374683867034697
2002-10-20,-0.201935182212289,-2.16354708529486,0.397527309682446
2002-10-21,-0.214258847084003,0.0976251308455574,0.41624300046607
2002-10-22,-0.230751326229007,-4.73825066370155,0.446018652094913
2002-10-23,-0.233021366588521,-7.14564135291543,0.478085400650347
2002-10-24,-0.255311676862984,-5.82686888367849,0.506539387591436
2002-10-25,-0.247151459770024,-3.49156843511702,0.533898468668562
2002-10-26,-0.265416628637912,-3.13012574880802,0.561889084614441
2002-10-27,-0.252654994393011,-0.793447786850729,0.588154167794867
2002-10-28,-0.273032894296466,1.21578744851166,0.616951694362439
2002-10-29,-0.28399206438856,1.79858943334997,0.647970536488008
2002-10-30,-0.301253873100463,0.184384478198627,0.679988029694041
2002-10-31,-0.292766222872241,-0.319254911841076,0.716961991291372
2002-11-01,-0.295611495179054,0.247410993202067,0.755603181219348
2002-11-02,-0.32197250464517,1.74158101490374,0.793490950453033
2002-11-03,-0.326502167019718,4.09060076916139,0.822356700519199
2002-11-04,-0.346572381862395,2.5014837044331,0.858117279842867
2002-11-05,-0.324145105637448,3.14818214169219,0.894899295412043
2002-11-06,-0.321341934254623,3.97271248228179,0.924976699887455
2002-11-07,0.663475788114561,-1.11544875015559,0.687160223203628
2002-11-08,0.144360077449108,-5.5448022008391,-0.748487550812284
2002-11-09,0.391666930375638,-4.22945047527315,-0.976393384104491
2002-11-10,-0.0195785111641757,-4.21926459811076,-0.875916190735933
2002-11-11,0.205169904687619,-1.83392547330379,-0.807937759081776
2002-11-12,0.106149672905598,-0.991319512723209,-0.751955914710047
2002-11-13,0.0302538248246684,-3.46903843376646,-0.699332571680144
2002-11-14,0.0878804821804426,-2.62919155980215,-0.643542034268097
2002-11-15,0.0683182401795219,-1.18355145730047,-0.58969427147786
2002-11-16,0.078772615034823,-1.11265791016085,-0.537531246658652
2002-11-17,0.109458847059569,-1.477734398411,-0.486102559849562
2002-11-18,-0.00145182302235802,-1.19691708177846,-0.434529001071912
2002-11-19,0.0979197623327869,-1.39577545529517,-0.385671851352378
2002-11-20,0.0823023854829444,-0.488353844087206,-0.338380061020453
2002-11-21,0.0643716106080957,1.46557876217538,-0.291701862899588
2002-11-22,-0.0488645040903492,-0.449325298628857,-0.246804803953657
2002-11-23,-0.20917395194896,-3.05909637622239,-0.20063330061902
2002-11-24,-0.360408519729563,-2.62700986409115,-0.157718189312498
2002-11-25,0.024935649944639,1.70058060291783,-0.116447176805241
2002-11-26,-0.0229122311182638,0.0327849424907636,-0.06795181830338
2002-11-27,0.00770567218769858,-0.302677423488016,-0.0214112126215675
2002-11-28,0.0928429953352857,1.77866837346221,0.0241964244625006
2002-11-29,0.0310529667567607,2.04857358120052,0.0698249764730341
2002-11-30,-0.255202337033758,0.694503416466724,0.112540581026093
2002-12-01,-0.0595230576373013,1.34313714412982,0.151691339779899
2002-12-02,-0.0297762716927186,0.880201479230654,0.193536413397064
2002-12-03,-0.0183408924278958,0.639262311556781,0.235491136454181
2002-12-04,-0.0546060635454135,1.1720997525125,0.276503265554801
2002-12-05,-0.207666900176537,0.508374837404552,0.315811348637013
2002-12-06,-0.139515628510613,0.734817049623897,0.353351609054675
2002-12-07,-0.0487277448254205,1.65339099989641,0.39141931716344
2002-12-08,-0.107982183844459,1.48500476046939,0.430515556418156
2002-12-09,-0.253860582813177,0.0743848541279033,0.463582980770517
2002-12-10,-0.272919023034113,-1.40942376870354,0.448086462731859
2002-12-11,0.156349455788035,-1.07337026482371,0.476747318671946
2002-12-12,-0.00816977952766262,-1.55479377843641,0.496304249829404
2002-12-13,-0.0601230783058817,-1.0249651666435,-0.0677116332546879
2002-12-14,-0.0346678562672116,0.847350429787026,-0.464231381919989
2002-12-15,-0.110184719652136,1.32837267044348,-0.449809603431703
2002-12-16,0.136607913858781,-0.866048245822354,-0.748619570122386
2002-12-17,0.0802008750683667,-1.06466085364666,-0.523024993940588
2002-12-18,0.0775038751826115,-0.205250038745271,-0.408341352250512
2002-12-19,-0.420523064487883,1.43388366650173,-0.451767383088264
2002-12-20,-0.0638237951882998,-1.07890939031919,-0.539253004142106
2002-12-21,0.193910795246942,-0.170461465905573,-0.45833676893781
2002-12-22,-0.026587087952338,-0.218620916107337,-0.360801092543288
2002-12-23,-0.00772151528580589,-0.492231534455574,-0.313036496555783
2002-12-24,-0.152782003878147,0.378763099298293,-0.279164055125428
2002-12-25,-0.167003899447306,-0.152805572357981,-0.250630653889954
2002-12-26,-0.168801829265117,2.28929371446141,-0.226424874480694
2002-12-27,0.346617052817322,3.67406683528981,-0.206408374511474
2002-12-28,0.0673045037894086,2.0586898923961,-0.30703530435031
2002-12-29,-0.264798978300488,-1.2988868448519,-0.428196046154514
2002-12-30,-0.203694548624169,0.469394159442801,-0.284177894138415
2002-12-31,-0.178248397810606,-0.195823366651298,-0.337336211401551
2003-01-01,0.0195288851588138,0.504611892824507,-0.242305663520685
2003-01-02,-0.195996091386006,0.046698662846953,-0.203041203416037
2003-01-03,-0.0996738493409101,-0.775817812788682,-0.173249035753926
2003-01-04,-0.033830981273789,0.300153011052239,-0.147504833054926
2003-01-05,-0.199423576143509,-1.73610932340987,-0.127488724595381
2003-01-06,-0.214857174889037,-1.72757405046117,-0.112110848663173
2003-01-07,0.0132665893919007,-1.25670945763969,-0.095414372608273
2003-01-08,-0.141532974942036,-2.18529566503351,-0.0811553624825172
2003-01-09,-0.416317384288548,-2.46196657318996,-0.102440604367427
2003-01-10,-0.00582404095430678,-0.631085145686913,-0.213637295908699
2003-01-11,-0.253661711029561,-0.732202025744951,-0.16910028332392
2003-01-12,-0.0768044361312157,-0.00130581958828779,-0.136239423984248
2003-01-13,0.133585416621477,0.845197454073363,-0.110825838303832
2003-01-14,-0.147902829701843,-1.48255758426216,-0.0932696312894108
2003-01-15,0.226415301037648,-1.22889595472625,-0.059808328905476
2003-01-16,0.201525188059362,-0.62147759548609,-0.0595808381460921
2003-01-17,-0.0688313329492618,-2.47640180376437,-0.0448436981232261
2003-01-18,-0.134792055724116,-2.93966583985393,-0.0367544026337172
2003-01-19,-0.289537457409065,-3.05491519351551,-0.0305735975156418
2003-01-20,-0.307291284602499,-2.95813134548809,-0.0246839788772775
2003-01-21,0.0147813281589022,-2.34879869018429,-0.0221337701789341
2003-01-22,-0.0710628222817682,-1.19673811898703,-0.0194421599097154
2003-01-23,-0.142530687523777,-1.80302393024348,-0.025454367869771
2003-01-24,0.116937098694201,-2.62208823206518,-0.020303664986038
2003-01-25,0.0960809971298949,-2.26326283739238,-0.0119831271095729
2003-01-26,-0.218374726843039,-1.97344615079669,-0.00196791609070379
2003-01-27,-0.117075621047553,-2.22045754651407,0.00661975406819559
2003-01-28,-0.220303725576606,-2.99714173721921,0.0147352514578962
2003-01-29,0.290487323672074,-2.27155646640578,0.0246584760767088
2003-01-30,0.123131626091389,-3.25730602392532,0.0369719854456458
2003-01-31,0.0569631858418638,-3.23537475092651,0.0473678821420451
2003-02-01,-0.246604069510687,-2.49931470046021,0.0563130272446553
2003-02-02,0.820668836936938,1.00800421329297,0.070318576444536
2003-02-03,0.381370827201911,-0.26802258914279,0.0933387414369
2003-02-04,0.4726400292481,0.331911355349508,0.116498713230368
2003-02-05,0.571842460626128,1.91144010605199,0.142935760868062
2003-02-06,0.443895089171055,1.32865021793817,0.169792906124723
2003-02-07,0.579165444854303,3.11508065406071,0.199379033448056
2003-02-08,0.308839103345374,1.14011854434559,0.232169192693927
2003-02-09,0.453421292706264,0.945436624307877,0.260196490069169
2003-02-10,0.32256972191728,0.760347353840606,0.288334976441374
2003-02-11,-0.0220895677706466,0.0575737161976493,0.310975117929892
2003-02-12,-0.544660945283735,-2.49525080273964,0.322638688756659
2003-02-13,-0.346573007078549,-3.44576972152001,0.248105953880038
2003-02-14,-0.191291455310985,-2.865341056477,0.214754813725036
2003-02-15,-0.148869286475193,-2.16843313471833,0.225726914432606
2003-02-16,0.382340422685743,-1.07116622678589,-0.0940429065903481
2003-02-17,0.218956496929475,-1.35087499905352,0.000109752054449963
2003-02-18,0.468666515921167,-0.647566785961273,0.0371391180116585
2003-02-19,-0.634340480816785,-3.13683818221583,0.00472161355795642
2003-02-20,0.312382095007756,-1.82845828845079,0.000964925118211113
2003-02-21,0.35865147745305,-1.33526444387123,0.0307416995074128
2003-02-22,0.433115859882756,-0.569807946103249,0.0609259375442974
2003-02-23,0.455253099951037,0.199625241501039,0.094000843313204
2003-02-24,-0.583726956317762,-1.87188120517606,0.11306390143915
2003-02-25,0.0820838592109767,-2.08208215409939,0.109591655863195
2003-02-26,0.0380511642285615,-2.06640418853941,0.122674824057894
2003-02-27,-0.407951402326136,-2.54009126726897,0.129186892589237
2003-02-28,0.20398635860881,-0.841475373885938,0.135557716163922
2003-03-01,0.40773942380006,-0.0292263223403291,0.162154007909781
2003-03-02,0.506326367456481,0.621210947564518,0.201015290825589
2003-03-03,-0.509176868765634,-2.24165424909553,0.230533892533488
2003-03-04,-0.0652830569196901,-1.59773311921307,0.249635524474633
2003-03-05,0.182547973122843,-0.785336326578349,0.277971193674618
2003-03-06,0.234573268628016,0.162972081256239,0.309975251800302
2003-03-07,0.285707049592877,-0.418875079695792,0.344134241179665
2003-03-08,0.294699951864157,-0.736739542223157,0.377163697423922
2003-03-09,0.0366361621456794,-0.931027327218812,0.409401797175114
2003-03-10,0.325008248856193,-0.531125977167563,0.44112699180863
2003-03-11,0.262455092233636,-1.17902928441702,0.47442978991739
2003-03-12,0.124078673821896,-1.43712868150757,0.507616966035297
2003-03-13,-0.28374837411101,-0.725754627513497,0.538762137108564
2003-03-14,0.851383543207374,1.51321950897772,0.528759907571098
2003-03-15,-0.119945810491731,-1.25291393038604,-0.098995916581996
2003-03-16,-0.877160683932177,-3.03407160521742,-0.0479945896873124
2003-03-17,0.510620365232364,-1.12244138643961,-0.0652205476899961
2003-03-18,0.548256205814352,0.695559601131216,-0.0204995020913374
2003-03-19,0.11564783374094,-0.916943896974637,0.0112002319522748
2003-03-20,0.41874949525612,-1.74926414113053,-0.0895124153158968
2003-03-21,0.405602525977584,-0.749004274995542,-0.0442421036994238
2003-03-22,0.0471530093946351,-1.71997470466685,0.00271418446526939
2003-03-23,-1.30173072870961,-4.4120053135686,-0.258842610293807
2003-03-24,0.543742234733117,-1.07798684703651,-0.23467836591925
2003-03-25,0.236141076932239,0.0117960327843223,-0.185706015584565
2003-03-26,-0.283555355401136,-1.81523081221226,-0.151826451248346
2003-03-27,0.981626106079607,0.278715106571445,-0.113180498343581
2003-03-28,0.776629381222593,2.93289816833518,-0.056449480443943
2003-03-29,0.827903996133903,2.9770232341098,-0.00417550614592477
2003-03-30,0.730966976671534,3.28494423143009,0.0441382253494136
2003-03-31,0.413164767334591,2.61437273191441,0.0879810068888101
2003-04-01,-1.90946883033954,-3.98293431210098,0.0643232179536231
2003-04-02,-1.69216959910113,-3.88352850570606,-0.0813241664658086
2003-04-03,-0.306428295582477,-1.88495729148558,-0.139950286006877
2003-04-04,-1.48388651003007,-3.37486790530325,-0.280573190002857
2003-04-05,-0.12649670037291,-2.22631967490354,-0.298210118331611
2003-04-06,-0.164748002143829,-2.5083463284098,-0.262599286461466
2003-04-07,0.236166331510455,-0.958080813106012,-0.22523310679771
2003-04-08,0.600763083831169,1.97691154180201,-0.183041414350934
2003-04-09,0.18757492876933,0.276174851443398,-0.141981563479974
2003-04-10,0.0315306868066112,-1.83374134308597,-0.111174727254967
2003-04-11,-0.136221830774852,-1.60780277133186,-0.0873146902608686
2003-04-12,-1.30313977352137,-4.29649030858419,-0.331563439206063
2003-04-13,-0.280426831812628,-3.7731331963658,-0.769433407474074
2003-04-14,0.326655821615805,-2.62511727517046,-0.692643428539378
2003-04-15,-0.378051477500209,-3.15961406295061,-0.656331816870437
2003-04-16,-0.459561528001984,-2.13685151282551,-0.636894807408463
2003-04-17,-0.402545643123139,-3.9573014501174,-0.629143313294364
2003-04-18,0.623095235985522,-2.10286702212642,-0.623124874170954
2003-04-19,0.747883002025373,-0.71904932735855,-0.583330970614167
2003-04-20,-0.778693727169955,-3.40621822422377,-0.549563643482516
2003-04-21,-0.941915756904631,-6.17442481919189,-0.689277085841183
2003-04-22,-0.458534153166784,-4.28090146769697,-0.873926828361267
2003-04-23,-0.149815007433623,-4.12754095438465,-0.853234252012962
2003-04-24,-1.43246776550584,-6.1750631859347,-0.944142807460845
2003-04-25,-0.772278191112617,-5.9642860629948,-1.02733842270283
2003-04-26,0.386101597449393,-4.12156303106701,-1.046769824303
2003-04-27,0.906508992592867,-2.67765814349333,-1.00596226546066
2003-04-28,0.0707974135296667,-5.6099961363264,-1.18175081167742
2003-04-29,-0.300180146756271,-5.60155834817769,-1.11238627947059
2003-04-30,0.656165370936492,-4.23546615144321,-1.08882076353919
2003-05-01,0.38412749334008,-3.09262689461452,-1.06376686315125
2003-05-02,-0.740551376778214,-6.26300485535885,-1.06169180003789
2003-05-03,0.428229754046437,-6.03599637069517,-1.14692464346034
2003-05-04,-0.136957817593501,-6.12157581057032,-1.15852274533325
2003-05-05,0.487798865249029,-5.77525406111839,-1.15454542251561
2003-05-06,0.600736247695094,-5.76876618386564,-1.13530937466312
2003-05-07,0.0313773020142434,-5.87405075045744,-1.11332342062175
2003-05-08,0.551436449328901,-6.22545835246565,-1.09206897943942
2003-05-09,0.358991272538327,-6.24981428581789,-1.0734185023464
2003-05-10,1.18489968776909,-4.85233540937426,-1.04876965392154
2003-05-11,1.26935424824401,-3.25433867716298,-1.0149588399788
2003-05-12,0.127401672353917,-1.07159551043963,-0.978700425117033
2003-05-13,0.42907133380376,-0.502623675723187,-0.939040685638882
2003-05-14,NA,NA,NA
2003-05-15,NA,NA,NA
2003-05-16,NA,NA,NA
2003-05-17,NA,NA,NA
2003-05-18,NA,NA,NA
2003-05-19,0.649182908554243,0.177919325096806,-0.720803949280546
2003-05-20,1.18119686224426,3.20529637967755,-0.674522073278175
2003-05-21,1.57733787736021,4.14680212628364,-0.621002971647393
2003-05-22,1.74583388608989,2.93462895852141,-0.56580702643515
2003-05-23,1.46067249174883,2.55719976764224,-0.511158863570342
2003-05-24,0.887952023036317,-6.51499896535832,-0.459959441434054
2003-05-25,0.18595976034302,-8.61331324371026,-0.422641657704891
2003-05-26,0.647321281577083,-2.41875512770187,-0.392495494397049
2003-05-27,1.14724138449443,3.03730952748943,-0.358784997174456
2003-05-28,0.847522390293953,9.1457025028235,-0.3276012508362
2003-05-29,0.526997018955784,-0.927421184206827,-0.30193021474481
2003-05-30,0.324586486229389,-6.94124017597716,-0.282338419787663
2003-05-31,0.848765176094913,-2.33055866744301,-0.267021760396356
2003-06-01,0.997918180072509,3.82708920531224,-0.253954591173679
2003-06-02,1.12006082400246,6.95635581448396,-0.243134531088873
2003-06-03,0.822078029663705,4.98716316168294,-0.235090603809704
2003-06-04,0.310979330964449,-4.71300566210726,-0.225851904842965
2003-06-05,0.229453569882417,-6.16123167734566,-0.219209742921684
2003-06-06,0.0602551615278311,-7.89141021046877,-0.214795671809119
2003-06-07,-0.0690018946162253,-8.92600108177811,-0.21249367215889
2003-06-08,0.0886993419911735,-6.60900795300135,-0.212574808806327
2003-06-09,0.0771256188444204,-7.65145766753625,-0.212446350953359
2003-06-10,-0.187997962972034,-10.0611504164092,-0.211604380669213
2003-06-11,-0.186566663090612,-10.4916390630033,-0.210293404591964
2003-06-12,-0.241919912744852,-11.2149376263002,-0.211193424787343
2003-06-13,-0.125510717527973,-7.54691725573961,-0.211637623829767
2003-06-14,-0.136629145842956,-4.70018136415598,-0.214578107510763
2003-06-15,-0.0791078117893769,0.0619967480558117,-0.218725206262792
2003-06-16,-0.154536080649927,3.26104877770091,-0.225134567050626
2003-06-17,-0.135068691087623,0.288861312602201,-0.228973676427341
2003-06-18,-0.229634156561712,-5.07051593208644,-0.22664692708605
2003-06-19,-0.232394761193577,-8.11887020165917,-0.223403666267362
2003-06-20,-0.200205665384204,-7.20134661367569,-0.223588777778142
2003-06-21,-0.2431636953304,-8.34315656045641,-0.222654127272688
2003-06-22,-0.196050424371405,-5.4468277689197,-0.222450746762155
2003-06-23,-0.212295017024779,-5.44072518445106,-0.221431639417493
2003-06-24,-0.178727190967171,1.99444898781395,-0.220926191999676
2003-06-25,-0.15674329876976,10.5153219175534,-0.223991044899684
2003-06-26,-0.140565442988592,16.7544542929049,-0.226794297930814
2003-06-27,-0.143410942688656,18.3418194730722,-0.227527935037019
2003-06-28,-0.0150634920817345,13.2129076497477,-0.22638995998009
2003-06-29,-0.154112463947221,4.18424668384964,-0.215787956933385
2003-06-30,-0.0967203510658748,-2.83295204928285,-0.204954891513742
2003-07-01,-0.0305280277023588,-0.847939473114643,-0.197472536736109
2003-07-02,-0.0490156136171198,4.12975871820812,-0.195220096374319
2003-07-03,-0.0526422374805674,5.24042542907609,-0.190607271050568
2003-07-04,-0.0709577941040273,6.90973553912595,-0.186442440130874
2003-07-05,-0.0312317429539102,4.09277678715117,-0.18300480585435
2003-07-06,-0.0570251853658774,-4.70899183809201,-0.175075796734587
2003-07-07,0.0450760376429098,-6.13715670050628,-0.168978588562568
2003-07-08,0.0130601693183404,-0.408245279706819,-0.162574136369195
2003-07-09,0.00589212988629259,5.84616973847449,-0.163223617551764
2003-07-10,0.00726163624846325,3.965616377003,-0.162012341834354
2003-07-11,0.035673638053982,3.38672345446332,-0.158657308546067
2003-07-12,0.0336228123663281,2.0005331766359,-0.157435461689835
2003-07-13,0.144091163967166,-1.55399876756859,-0.152269906637445
2003-07-14,0.0425393479766581,7.6204135604451,-0.150061609244931
2003-07-15,0.029568894086795,3.49067811905297,-0.149113742937678
2003-07-16,0.0614226428105813,5.59036665963232,-0.144922236012178
2003-07-17,0.0640138910923483,14.6225898358187,-0.146616594505168
2003-07-18,0.0575920958929464,17.1410806483742,-0.147673629917006
2003-07-19,0.0562732077130641,9.7560903919079,-0.145819585566048
2003-07-20,0.0707833835709872,11.7066387696871,-0.146176335849524
2003-07-21,0.0478248137688951,11.0690348427808,-0.144572054048369
2003-07-22,0.0678867051908419,9.67208547977663,-0.139057165159016
2003-07-23,0.0183848584881665,1.21724130665161,-0.132832765319346
2003-07-24,0.0730851384669979,6.04022182304539,-0.136517520620511
2003-07-25,0.0939163893998863,2.22684885119305,-0.130991795777384
2003-07-26,0.0958124664842946,6.48012998377977,-0.127901434170531
2003-07-27,0.0645586496728038,6.97284203032186,-0.129302089713054
2003-07-28,0.0846883523995047,6.57592696168796,-0.130279059075622
2003-07-29,0.0605837362056377,6.55315868571756,-0.132510024125934
2003-07-30,0.0772489139048388,0.216830653572746,-0.136427465049752
2003-07-31,0.285456822454892,-9.17405653686206,-0.133583770005541
2003-08-01,1.05258564909832,-8.51131587420392,-0.135047102351646
2003-08-02,1.00206636902299,-15.1674280037423,-0.168881467993247
2003-08-03,0.722461110706641,-9.14133280153173,-0.292368520833313
2003-08-04,0.573208754736024,-10.9373459526984,-0.332571749604251
2003-08-05,0.402084660652151,-11.4813880342342,-0.349039319889088
2003-08-06,0.44597834043155,-11.4515052692027,-0.362092543555181
2003-08-07,0.416729329214383,-9.55809861926016,-0.37093575589551
2003-08-08,0.355967291245828,-7.02046538237757,-0.381216733994718
2003-08-09,0.309410154156399,-4.42884079596136,-0.393851080109627
2003-08-10,0.206715852078171,-2.59308547888456,-0.405836464590588
2003-08-11,0.251023731064666,-2.43353954591802,-0.415453778744536
2003-08-12,0.220581349391612,-0.65923089469716,-0.425524293348155
2003-08-13,0.132637336032987,0.904124834662294,-0.4354614176784
2003-08-14,0.124658622360556,-3.66133403945838,-0.443651418087874
2003-08-15,0.126429541925747,-0.116094378679488,-0.450229478570091
2003-08-16,0.0730370380708047,6.25952346402274,-0.459904029522311
2003-08-17,0.101616373881528,6.61396982674901,-0.470099140355355
2003-08-18,0.0724434747388261,0.132861581562427,-0.47604721716232
2003-08-19,0.100206501797614,-6.74001786215197,-0.479705941125428
2003-08-20,0.112931672996885,-0.992531060476221,-0.48485893112751
2003-08-21,0.0998421844229119,-13.0681865438308,-0.492079123333779
2003-08-22,1.0400984508044,-15.6875763318401,-0.505862792085339
2003-08-23,0.542311977777345,-8.07564678741426,-0.506370358951802
2003-08-24,0.327445002155046,2.15084302341614,-0.516623935071137
2003-08-25,0.208841351473316,11.4300296327333,-0.526744958602097
2003-08-26,0.240694824013433,6.85909096653906,-0.539433819213524
2003-08-27,0.099089713181005,-0.194107864671004,-0.541171978551812
2003-08-28,0.0443736760598915,-5.91863961368757,-0.538516318575403
2003-08-29,0.0925346647015365,-4.18207744915644,-0.538297462664121
2003-08-30,0.00722050658613071,1.29262998731239,-0.545059046166596
2003-08-31,-0.0141046999867492,2.7152001864287,-0.551797851786376
2003-09-01,-0.0201946976662703,10.1236833725152,-0.55887090640639
2003-09-02,-0.0363420667559931,10.5041082677747,-0.562766257524184
2003-09-03,-0.013932649689258,0.612211186510237,-0.567764017052609
2003-09-04,-0.0490638066127209,-6.638876540374,-0.565706581576382
2003-09-05,-0.00663410970191924,-4.76719114358747,-0.560845054204677
2003-09-06,-0.0605212913912738,-9.53564482936472,-0.555041344955415
2003-09-07,-0.051344415438708,-8.62694252871376,-0.552541221508798
2003-09-08,-0.00647112396403443,-7.79974864829713,-0.557949950027788
2003-09-09,-0.0705438836310569,-11.2761038225676,-0.553245258924094
2003-09-10,-0.0282623068022807,-2.99709166677293,-0.55904195899773
2003-09-11,-0.0622634558567153,4.96259863622873,-0.563979649568835
2003-09-12,-0.0653583721797858,8.36496391573759,-0.568145360378415
2003-09-13,-0.0588287326597508,9.44560359329902,-0.566834171056096
2003-09-14,-0.0790078421319611,11.3312612635089,-0.562011395071523
2003-09-15,-0.0953779033957281,-2.20823789072625,-0.552725459271571
2003-09-16,-0.0556522050956811,-3.68452884807298,-0.539909715640346
2003-09-17,-0.0978030716134941,-2.08506099673079,-0.531036111272992
2003-09-18,-0.102646315206825,4.83006845326212,-0.537604535521385
2003-09-19,-0.0796742929490239,9.34663522710403,-0.532322976229042
2003-09-20,-0.104444153064855,11.9528712454073,-0.544793986751832
2003-09-21,-0.120439674661803,15.4015687211926,-0.537635674776266
2003-09-22,-0.0989385533787597,19.1354134274078,-0.527256270277105
2003-09-23,-0.148718950991447,8.57494296866781,-0.513408398433628
2003-09-24,-0.087388410424869,-6.44284910909548,-0.474205716098259
2003-09-25,-0.0735649102742994,-7.4498258707307,-0.467079649833258
2003-09-26,-0.0758163494074001,-5.59576953871443,-0.456143558009868
2003-09-27,-0.0887081627967803,-4.95508986776485,-0.442379033356261
2003-09-28,-0.0998222455166714,-6.02676168025212,-0.429092663651294
2003-09-29,-0.0453013923396186,-4.14390822878534,-0.417831926492483
2003-09-30,-0.125328663303493,0.761261280961383,-0.406282831552968
2003-10-01,-0.0929274235734757,-5.44727749256339,-0.394371949721985
2003-10-02,-0.129018935551005,-5.8330932026855,-0.374086219528828
2003-10-03,-0.110804903298377,-5.38634048327127,-0.358912791987277
2003-10-04,-0.141688809668056,-5.11509327683392,-0.343720554808786
2003-10-05,-0.0978180107395706,-1.08269898847144,-0.32752415104598
2003-10-06,-0.167473722233375,4.25613820118411,-0.314601499972221
2003-10-07,-0.149039672041242,1.56827403080449,-0.298186367649695
2003-10-08,-0.136479804825509,0.644811694433256,-0.276537555441547
2003-10-09,-0.145077773447755,-5.19404394779661,-0.25408433185643
2003-10-10,-0.114664623554719,-1.73300715089874,-0.222584956262303
2003-10-11,-0.16980854642431,3.88874710848293,-0.198577296466832
2003-10-12,-0.162167387688142,6.04012486702486,-0.178346513271535
2003-10-13,-0.200695494452241,3.63623825110049,-0.152365916488128
2003-10-14,-0.188753218838449,6.08159306121591,-0.129363718209798
2003-10-15,-0.195399434465701,2.92775553111425,-0.102537965683534
2003-10-16,-0.203990337107256,4.40172742813283,-0.0765782049585173
2003-10-17,-0.226992629942008,5.64948782804068,-0.0543304762412795
2003-10-18,-0.222728589057167,7.76103489755865,-0.0310313676705452
2003-10-19,-0.223797644278185,4.6589693510741,-0.00552649481287038
2003-10-20,-0.214648345640861,9.13232791470514,0.0195588734522349
2003-10-21,-0.236709076716656,11.4633751308456,0.0445487824342035
2003-10-22,-0.256252320024926,4.20727016963179,0.0736747974157614
2003-10-23,-0.213446805347704,3.0587544804179,0.107086406848878
2003-10-24,-0.268989690985433,8.16323528298818,0.138428018493725
2003-10-25,-0.25305387503533,9.88251489821631,0.168055768254627
2003-10-26,-0.257643732939953,12.1427075845253,0.197392760674256
2003-10-27,-0.277719887054235,11.7334480464826,0.226505949161059
2003-10-28,-0.276597701578098,12.5303291151783,0.257907889250485
2003-10-29,-0.299950848372233,6.43721443334997,0.290375764685964
2003-10-30,-0.2580689886923,-1.58828218846804,0.336955877779277
2003-10-31,0.0453544391685751,-6.32575491184107,0.381872914665822
2003-11-01,-0.0737378600770136,-4.53254734013127,0.420515034695066
2003-11-02,-0.270055089951292,-3.05937731842959,0.452752386594012
2003-11-03,0.100662722939466,-5.83360756417194,0.00650332119972497
2003-11-04,0.0894514351171972,-3.35643296223357,0.0774153745491146
2003-11-05,-0.0766416290660193,-2.20110952497448,0.135636464847718
2003-11-06,-0.107425432050541,-2.35268335105155,0.183223997847744
2003-11-07,0.336654365257418,-1.78488625015559,0.0564859274836671
2003-11-08,0.0084380145919648,-1.87521886750576,0.00251829871356168
2003-11-09,0.153828513396046,-5.37232547527316,-0.769097924806443
2003-11-10,0.169851804917457,-1.49638959811076,-0.66897934333578
2003-11-11,0.0265287790549657,-0.466362973303792,-0.60083493367721
2003-11-12,-0.0125618486454226,-0.519548679389874,-0.543173031776497
2003-11-13,0.0166100746205868,0.197607399566878,-0.492430370522005
2003-11-14,-0.0346655992073124,-2.93127489313549,-0.450119962448913
2003-11-15,-0.0511631166857842,-5.23217645730047,-0.458042462961539
2003-11-16,0.307292718545027,-2.54799124349418,-0.449814969864255
2003-11-17,0.153124383630997,-4.05425523174433,-0.430257774377915
2003-11-18,0.202400165793968,-2.60747958177846,-0.405429629750971
2003-11-19,0.0534603368633991,-0.653004621961839,-0.366067271099695
2003-11-20,-0.0620520271701168,-2.33410384408721,-0.325916886211637
2003-11-21,0.162890658689728,-0.84681707115795,-0.283752802829448
2003-11-22,0.0346666779504672,-0.444804465295523,-0.238249129194309
2003-11-23,-0.0248967206101841,0.786591123777607,-0.19607465106473
2003-11-24,-0.117131489443848,0.61617763590885,-0.157625335759768
2003-11-25,-0.0864377601778099,-0.108190230415503,-0.118205655870364
2003-11-26,-0.13037464238357,-0.15311089084257,-0.0818609859311583
2003-11-27,-0.178452534098016,-0.290531590154681,-0.0468534944005454
2003-11-28,-0.177308573481041,1.96748087346221,-0.0137579379632644
2003-11-29,-0.278865082222831,-0.887134752132813,0.0187635172622174
2003-11-30,-0.207985448952126,-2.17278825019994,0.0505379466430305
2003-12-01,0.170145298199433,0.649574644129826,0.0691940471520756
2003-12-02,0.243988182184832,-0.175923520769348,0.0712216775983312
2003-12-03,0.0626954954904715,-1.71005018844322,0.0944352406985516
2003-12-04,-0.258793911055618,-2.6866502474875,0.122042224985019
2003-12-05,-0.131434323605109,-1.73533349592878,0.109685784568357
2003-12-06,0.0653698375791829,-0.946787117042768,0.0732718251118776
2003-12-07,0.180959165411314,-0.770629833436918,-0.0876256399466064
2003-12-08,0.0727225058698264,-0.175474406197273,-0.0316930269001063
2003-12-09,0.00221817824804715,-0.210427645872098,0.00273735814104681
2003-12-10,-0.0290268763973786,-1.45559043537021,-0.251996288159154
2003-12-11,0.0793512387398723,-1.38122443149038,-0.502408030382303
2003-12-12,-0.167664999622357,-1.29881461176974,-0.407388837085763
2003-12-13,0.0730169559798326,-1.46519433331017,-0.488112210960493
2003-12-14,0.298650879651156,0.215996263120358,-0.520653457378085
2003-12-15,0.0179935154499046,0.543476837110145,-0.408771686245616
2003-12-16,-0.145240481079995,0.502680920844312,-0.361392432913061
2003-12-17,-0.165131908033674,0.0051308130200054,-0.326703673519031
2003-12-18,-0.185943706776572,0.378583294588061,-0.297362524653087
2003-12-19,-0.0992647811409435,0.900487833168395,-0.309357632008549
2003-12-20,-0.258456122290341,-1.95038855698586,-0.346558559859506
2003-12-21,0.117199504634697,-1.02058646590557,-0.302118809740753
2003-12-22,-0.096549986074787,-1.07876674944067,-0.266257949191048
2003-12-23,0.26648840920399,-0.391960701122241,-0.254418525633956
2003-12-24,0.0599053407749145,-1.59657023403504,-0.381120815036391
2003-12-25,-0.326073824182,-2.04313890569131,-0.3224936767023
2003-12-26,0.149856122653251,-0.748206285538587,-0.258201972930585
2003-12-27,0.0168197964907917,0.364316835289807,-0.220271341701801
2003-12-28,0.029948128850633,0.580544059062767,-0.191920194313264
2003-12-29,0.285797707805634,-0.00599101151857129,-0.327361964903974
2003-12-30,-0.0957343176037608,-0.593814173890531,-0.253496181108203
2003-12-31,0.260551750189394,-1.48699003331796,-0.199675292335115
2004-01-01,-0.0847715719024107,-1.91667977384216,-0.403892851746165
2004-01-02,-0.0219148409533531,-2.02748883715305,-0.243953276551855
2004-01-03,0.106389493108069,-1.36029697945535,-0.202778126424121
2004-01-04,0.0579834564894762,-0.141971988947761,-0.164713759389883
2004-01-05,-0.0406719789108565,-0.6208801567432,-0.138231182129651
2004-01-06,-0.300043325933935,-1.29999071712783,-0.121391742629225
2004-01-07,0.0336046241592477,-0.510251124306359,-0.177777991704969
2004-01-08,0.0605849732212291,0.642058501633156,-0.145068739082931
2004-01-09,-0.092751475227324,-0.100945739856623,-0.1182297159051
2004-01-10,-0.0101410284155312,0.0522065209797535,-0.0966215662864971
2004-01-11,-0.0259619492613975,-1.09132702574495,-0.0786203379202424
2004-01-12,-0.108195364323052,-2.53936831958829,-0.0639535339946939
2004-01-13,-0.163397905827502,-2.56432337925997,-0.0518915990165909
2004-01-14,-0.284176107089599,-2.79391175092882,-0.0402219213535098
2004-01-15,-0.341327769819495,-2.80679178805958,-0.0307535295580736
2004-01-16,-0.377642681899822,-2.45099842881942,-0.0217727367224039
2004-01-17,-0.408034492214568,-2.43144347043104,-0.0129923780378758
2004-01-18,-0.272215539283299,-2.4412700065206,-0.00420451375485031
2004-01-19,-0.418319435330697,-2.75945686018217,0.00432801540040684
2004-01-20,-0.321891482071887,-2.3768813454881,0.0119257655575788
2004-01-21,0.0574917369752287,-1.61321535685095,0.0208420492071264
2004-01-22,0.0740226783712932,-1.22857145232036,0.0303877704184368
2004-01-23,0.0276802225986724,-1.96958643024348,0.0398930762488998
2004-01-24,-0.195706962122125,-3.06198406539851,0.0241143470611669
2004-01-25,0.0882527802319358,-1.87170033739238,0.0225310846789384
2004-01-26,-0.115490290108345,-1.55517531746335,0.0320008492608239
2004-01-27,0.160139510707549,-1.69006171318074,-0.0283589573859504
2004-01-28,-0.00727202255619785,-3.11635007055254,-0.0839603971547209
2004-01-29,-0.190020131348335,-3.14249396640578,-0.0379410919030443
2004-01-30,-0.229591156847387,-3.48105602392532,-0.0407856332340759
2004-01-31,0.186080499311251,-1.26633308425984,-0.0340663930490099
2004-02-01,-0.254671653347422,-0.972606367126876,-0.0125914284092166
2004-02-02,0.169645191794081,-2.25080828670704,-0.0885990048985894
2004-02-03,-0.426827466838905,-3.56306425580946,-0.11941815778853
2004-02-04,0.287369632921569,-2.04542197798383,-0.0600792142587818
2004-02-05,0.04680548593225,-1.54395572728135,-0.0252248438494758
2004-02-06,0.242407298966973,-0.390516448728501,-0.0129037267696042
2004-02-07,0.410877053017568,-1.54866934593929,-0.0502442571408688
2004-02-08,0.170215049467823,-1.81033978898774,-0.0157481604408898
2004-02-09,0.336595346828713,0.619144957641211,0.00545270642639517
2004-02-10,0.17090777359075,0.844868187173939,0.023147209515038
2004-02-11,0.174453505617108,-0.316697117135684,0.0377905456620597
2004-02-12,0.334153232512183,1.35216586392703,0.0514044803899134
2004-02-13,0.0980052393704307,3.26731361181333,0.0645201758509373
2004-02-14,0.167778402182893,1.83870061018967,0.0759160824115521
2004-02-15,0.202464213851338,0.959650198615001,0.0880846104790907
2004-02-16,0.149054025559212,-0.90845789345256,-0.0159786193600553
2004-02-17,0.400518018970292,3.68297916761315,-0.0324725764783858
2004-02-18,0.00357789469667691,-2.62387928596127,-0.167994272712854
2004-02-19,0.0592667571179084,-2.46765068221583,-0.0465309579739328
2004-02-20,-0.313828968322856,-2.10872912178412,-0.0151823922742214
2004-02-21,-0.271262303281643,-2.5340561105379,0.00140997807777188
2004-02-22,-0.558275350566223,-3.80459961276992,-0.00340951465584549
2004-02-23,-0.423128945791643,-3.11979142516563,-0.00658163095115505
2004-02-24,-0.435896427746333,-2.15361037184273,-0.0444734916401783
2004-02-25,-0.912770932544125,-1.88258215409939,-0.183185085047579
2004-02-26,-1.04613701486532,-4.21355002187274,-0.29881367566459
2004-02-27,NA,NA,NA
2004-02-28,0.39162088105779,-1.68224620721927,-0.0713260173684001
2004-02-29,NA,NA,NA
2004-03-01,-1.41449081230721,-4.18851821910215,-0.141991760529635
2004-03-02,0.868760635152733,-0.726862582428859,-0.148855840518486
2004-03-03,-0.405530995231183,-2.16602478587974,-0.0973001418541597
2004-03-04,NA,NA,NA
2004-03-05,-0.353344544788133,-1.36019458541043,0.00836276180690332
2004-03-06,0.224719942221094,-1.07127091302913,0.0675843360448836
2004-03-07,0.235473541807014,-0.56588537555649,0.0492375633359927
2004-03-08,0.23729922247221,1.26457683944786,0.0603527785457545
2004-03-09,0.866967473182724,4.20131152283244,0.082072836511943
2004-03-10,1.20427656407037,7.09011654891631,0.106121231522254
2004-03-11,0.579711972923937,3.85405881849243,0.138512489356458
2004-03-12,0.623558024256337,2.7264328724865,0.166304422058708
2004-03-13,0.579809799533905,3.06134450897772,0.213215565610533
2004-03-14,0.541511680855208,2.78354440294729,0.238864801631848
2004-03-15,0.790221519088231,4.24905339478258,0.266193622411347
2004-03-16,0.840183191028282,4.99557944689372,0.297562295813036
2004-03-17,0.823679304589862,5.49697626779788,0.327882425499472
2004-03-18,0.745540762394,5.28828526969203,0.359116252128217
2004-03-19,0.747405801378569,4.82623585886947,0.39143171587788
2004-03-20,0.839993680508196,6.36489155833779,0.425681265447506
2004-03-21,0.402101085313002,0.356587795333148,0.457459974174684
2004-03-22,0.478355831616926,-0.604734480235265,0.484459364563512
2004-03-23,-0.0761410670138214,-2.18923684703651,0.510944905450946
2004-03-24,0.31228829603428,-0.317766467215678,0.53707150793211
2004-03-25,-1.65444339427461,-3.89206414554559,0.392421091374277
2004-03-26,-0.249262487234678,-2.71284739342856,0.313919580934003
2004-03-27,0.162255260569532,-1.67412266499816,0.331003494750265
2004-03-28,0.481879622122772,-0.976955932556868,0.354498107886553
2004-03-29,NA,NA,NA
2004-03-30,-1.2944193260309,-3.93643976808559,0.399712549281791
2004-03-31,-0.29589799038165,-1.47168431210098,0.407198064263981
2004-04-01,NA,NA,NA
2004-04-02,NA,NA,NA
2004-04-03,0.0589990001658478,4.47140292803008,0.490450100440864
2004-04-04,-1.1700779986705,-1.53250717490354,0.517391700324756
2004-04-05,NA,NA,NA
2004-04-06,-0.634158883918117,-2.21324747977268,0.614642800477065
2004-04-07,-0.486721059025973,-0.00106762486465506,0.624483226021373
2004-04-08,-0.0501177455163844,1.10525818477673,0.640083383869594
2004-04-09,0.0139314623168154,3.10344615691403,0.671513999035736
2004-04-10,0.603249239429231,8.47069722866815,0.697975204699538
2004-04-11,-0.00925750217443166,4.25140552474914,0.726395634710202
2004-04-12,-0.366983071812628,-0.5631331963658,0.743316631362891
2004-04-13,-0.471198624751542,-1.92036727517046,0.755929611726595
2004-04-14,-0.880472899541025,-1.97459322961728,0.763039745677144
2004-04-15,-1.15150796008362,-1.16816401282551,0.77256629246788
2004-04-16,-1.1487033437762,-2.35719728345073,0.815617167965735
2004-04-17,-0.828065763198152,-2.68715868879309,0.817095826293502
2004-04-18,-1.26995511830116,-2.91961182735855,0.805047152468722
2004-04-19,-1.16547444235363,-1.51057239089043,0.752211188942151
2004-04-20,-1.10676625894545,-4.14484148585856,0.733967132942558
2004-04-21,-0.696620183289232,-2.41523480103031,0.714455584526116
2004-04-22,-0.362311903270357,3.62014654561534,0.707538434949357
2004-04-23,-0.510233857669102,8.04641598073197,0.702924467258697
2004-04-24,-0.482052748255475,7.9022764370052,0.702048698414024
2004-04-25,-0.56420592663224,10.3270411355997,0.702990342411272
2004-04-26,-0.37133280577448,13.59211268984,0.709413298340347
2004-04-27,-0.514408829735639,15.2015663636736,0.712849281144599
2004-04-28,-0.760421304797087,10.889795818489,0.714550356615391
2004-04-29,-0.832602048165548,8.32847134855679,0.713707689760214
2004-04-30,-1.09096284168849,6.74924810538548,0.714792989586866
2004-05-01,-1.14252457392107,8.53009931130781,0.703486635566426
2004-05-02,-1.0408538010556,11.5976286293048,0.690772889956009
2004-05-03,-0.983569035144521,14.0042783560963,0.679875574834537
2004-05-04,-1.12971588804893,7.85522510554827,0.671132830043181
2004-05-05,-1.33202800654164,0.528712982801023,0.6655365728935
2004-05-06,-1.50911868974086,1.69513674954256,0.655353668379148
2004-05-07,-1.41177389263845,-0.851041685798984,0.643793317224185
2004-05-08,-1.29138284634331,-1.14710595248456,0.627315718020914
2004-05-09,-1.26279427108805,1.48803959062574,0.613525861490658
2004-05-10,-1.50420729088643,-2.17271367716297,0.600625854304453
2004-05-11,-1.4136097433883,-1.89034551043963,0.590709199045441
2004-05-12,-1.27673251334984,2.09462632427681,0.577590493257971
2004-05-13,-1.29651494008766,3.61412499838206,0.558981679758943
2004-05-14,-1.21083253845819,4.04751439944492,0.541219804844838
2004-05-15,-1.33478997823964,-0.408317761579642,0.526909322572876
2004-05-16,-1.22520014140692,-0.0290643469693812,0.511199970781041
2004-05-17,-1.30209621241232,-4.19724902546688,0.500195546232643
2004-05-18,-1.27131698812721,-3.0093931749032,0.484631054492644
2004-05-19,-1.17747950386653,-1.67618278698911,0.473891585854449
2004-05-20,-1.21975636134786,-4.72609370704969,0.462348469547968
2004-05-21,-1.20576034248154,-6.42253770814526,0.450673622731172
2004-05-22,-1.11351281053689,-6.54536273235776,0.439054924256349
2004-05-23,-1.11863615312695,-5.70408229869165,0.402244112884578
2004-05-24,-1.094003509208,-3.52641741037693,1.05526793937968
2004-05-25,-1.01647344890029,-5.14921346103521,0.408116639331672
2004-05-26,-1.00253062696271,-3.86431547251057,0.701266911078585
2004-05-27,-1.06099824244074,-4.03052666384317,0.859559459495447
2004-05-28,-0.641330974636053,-8.62442118420682,0.983959749816242
2004-05-29,-0.51403277834204,-2.08484434264383,0.944091362799307
2004-05-30,-0.68234640516223,4.63564966589033,1.65445618542496
2004-05-31,-0.789389413805042,7.40061003864557,2.0989616016658
2004-06-01,-0.742329720977132,7.20866831448396,2.07045556574287
2004-06-02,-0.764829197356703,5.61330899501627,1.6690307970988
2004-06-03,-0.791572686831469,0.778077671226075,1.41225704070646
2004-06-04,-0.838757992811461,-0.130690010678995,1.29030340243256
2004-06-05,-0.756457316186455,0.612193956197896,0.805312125636709
2004-06-06,-0.702816457555001,0.636644751555217,0.634013494804983
2004-06-07,-0.657236858008827,-5.43336211966802,0.391962892221891
2004-06-08,-0.686620288094355,-6.65052016753624,0.319659528683192
2004-06-09,-0.262476769421014,-7.43673374974257,0.273419529774062
2004-06-10,-0.608886588413061,-6.47043072966996,0.27050770469454
2004-06-11,-0.59649304498975,-3.26545845963349,0.265081559093582
2004-06-12,-0.495788950425932,-0.217417255739605,0.261088014204755
2004-06-13,-0.48967070290418,-0.0490563641559767,0.253550430511434
2004-06-14,-0.404010786564887,3.45637174805581,0.248163362208983
2004-06-15,-0.469042197384621,9.71227794436757,0.238392826494974
2004-06-16,-0.415610424883541,6.32013214593553,0.236101748400031
2004-06-17,-0.410036393378038,-9.29647426541977,0.244546433278759
2004-06-18,-0.367711289356842,-8.17941186832584,0.250423909900434
2004-06-19,-0.285233014771959,-7.94961744700902,0.250593823007338
2004-06-20,-0.304984070840604,-6.78409406045641,0.252268194480793
2004-06-21,-0.305620487228548,-4.42111943558637,0.24944011079589
2004-06-22,-0.256169730494166,-4.82366268445106,0.246768315336808
2004-06-23,-0.192490321579416,-5.64396767885271,0.250876627591796
2004-06-24,-0.193636409755183,-3.81938641577992,0.252598955107546
2004-06-25,-0.159982375070225,-16.7631915404284,0.272544406351482
2004-06-26,-0.169524151015187,-5.38259719359445,0.27657109548386
2004-06-27,-0.130455760734796,0.202011816414387,0.28074218004615
2004-06-28,-0.0854525130900782,0.566350850516312,0.277088437609777
2004-06-29,-0.102226264535263,-10.6693895492829,0.282931361841601
2004-06-30,-0.0686053452533792,-11.199772806448,0.285941165565157
2004-07-01,-0.0367822919844667,-9.68672044845854,0.288714535003051
2004-07-02,-0.0112608237662818,-18.8885120709239,0.284288389992527
2004-07-03,0.0199784057327073,-4.15249362754071,0.282184911183744
2004-07-04,0.0369475109236407,-2.33053571284882,0.282581372168274
2004-07-05,0.0373945640218777,2.42157066190799,0.278710597303505
2004-07-06,-0.00344162668362075,0.350947466160388,0.276901753235335
2004-07-07,0.0690420868693609,-9.82012027970682,0.281744186175466
2004-07-08,0.0874587772332314,-10.9246427615255,0.290548468789389
2004-07-09,-0.0385800217107205,-12.9826752896637,0.299602651245697
2004-07-10,-0.00551452104805883,-7.84079737887001,0.304215417572974
2004-07-11,0.0508106817540831,1.85463734330257,0.299621517087516
2004-07-12,0.0190424389875743,3.08654289909807,0.297092316551843
2004-07-13,-0.00518982671721953,-2.8323364395549,0.302521026549891
2004-07-14,0.0430204123725092,-1.33878021428036,0.307663467827043
2004-07-15,0.0659002346473159,0.336449992965651,0.31327557019669
2004-07-16,0.0466686950923483,0.863860669152004,0.312220577834518
2004-07-17,0.0863897353215178,1.8262056483742,0.30862390742606
2004-07-18,0.0637647709783702,1.60263205857457,0.278605180104806
2004-07-19,0.00234939369343621,-2.61381956364621,0.155988211739705
2004-07-20,0.0166949598913441,-0.969840157219213,1.00225822069547
2004-07-21,0.0580724145785969,4.00577297977663,1.04948003650357
2004-07-22,0.00780285097796243,-19.1934670266817,0.291434141872253
2004-07-23,0.0242457744669979,-22.4091531769546,0.33113866010997
2004-07-24,0.0346572162570292,-13.9876928154736,0.479091392013902
2004-07-25,0.108420039635315,0.788484150446433,0.821735814060811
2004-07-26,0.124395145999334,6.3205503636552,1.16210093497587
2004-07-27,0.0462098626035863,0.316864461687963,1.14479887065169
2004-07-28,0.0559708319770663,-4.16986214761577,0.602382455567504
2004-07-29,0.0204931837007572,-9.00323184642725,0.581423366221715
2004-07-30,0.0047945481691776,-8.10288987019539,0.565802597700894
2004-07-31,0.0131220708126098,-11.9108575408706,0.539888112941818
2004-08-01,0.0567069701495244,-12.9677405037423,0.568056158271834
2004-08-02,0.0243904658903145,-15.5271661348651,0.536117893631674
2004-08-03,0.0632739681237792,-8.49215845269835,0.550935933172942
2004-08-04,0.0344783213052127,-5.61376303423416,0.490574475080379
2004-08-05,0.0337364856560394,-5.626713602536,0.48762476406363
2004-08-06,0.0818884753123427,-5.72368195259349,0.487453879120481
2004-08-07,0.0930501703552899,1.95634711762243,0.47580415973955
2004-08-08,NA,NA,NA
2004-08-09,0.00272594285368127,-0.798897978884565,0.451262290333372
2004-08-10,0.0212858599626253,1.34837712074865,0.447352814016124
2004-08-11,0.0169031063818514,15.1456024386362,0.435112273874175
2004-08-12,-0.00125907435210584,2.82214566799563,0.419040283969328
2004-08-13,-0.00887352315706944,-2.32295903945838,0.42492325242797
2004-08-14,-0.0848291609722124,-11.9778027120128,0.427363417517967
2004-08-15,-0.0751780362363918,-10.2267682026439,0.434271359105568
2004-08-16,-0.0507795609401222,-3.44746767325099,0.421075413871246
2004-08-17,0.0578145010671313,1.66111158156243,0.407251586182772
2004-08-18,-0.0390384999166714,5.2555863045147,0.392575295542376
2004-08-19,-0.0822545376153596,-3.05807272714289,0.385223599561546
2004-08-20,-0.0513512754791289,-3.47747821049752,0.381338222888817
2004-08-21,-0.0700651998078443,-8.4337013318401,0.378602718600534
2004-08-22,-0.0883012028757166,-13.8415217874143,0.385226351541211
2004-08-23,-0.0886497621714845,-12.5584278099172,0.369449415185438
2004-08-24,-0.0530130818572963,-9.64815786726671,0.361803863568801
2004-08-25,-0.0102188848028932,-9.31015903346093,0.355975532938229
2004-08-26,-0.00439698511287262,-6.75664953133767,0.344067129322753
2004-08-27,-0.0399810336054147,3.45231871964576,0.338875707963532
2004-08-28,-0.065928547404586,10.5312142175102,0.324000464873963
2004-08-29,-0.0764837057567264,8.59723415397906,0.314492529622956
2004-08-30,-0.0249000126398104,2.34224185309537,0.314170656522949
2004-08-31,-0.0652308131111683,2.71376670584856,0.311054576460459
2004-09-01,-0.0930135567151768,-0.542475065558669,0.3074403204034
2004-09-02,NA,NA,NA
2004-09-03,NA,NA,NA
2004-09-04,NA,NA,NA
2004-09-05,-0.142486111458912,11.1985218373019,0.296080644023507
2004-09-06,-0.141999831349267,12.3113074712862,0.28705331258339
2004-09-07,-0.128756260671044,12.2071471850362,0.283058883417248
2004-09-08,-0.126030712022184,14.4880420107657,0.285566192134321
2004-09-09,-0.114703613496158,12.0813666665604,0.291493379849387
2004-09-10,-0.112401179827031,5.6966403028954,0.299900074426736
2004-09-11,-0.146644181322643,7.36150558240426,0.303508910589041
2004-09-12,-0.114114329394445,-3.01033390670098,0.311972735763037
2004-09-13,-0.139337424580941,-5.18744706982441,0.315294094534633
2004-09-14,-0.0393493254365445,-0.485112890726253,0.319345292086963
2004-09-15,-0.111177471463028,5.72430448526035,0.31827111327406
2004-09-16,-0.121745313164515,4.79000150326921,0.310245833018579
2004-09-17,-0.1049953757456,-0.689785713404547,0.314168403684839
2004-09-18,-0.147131941520452,-9.61011477289596,0.340333822127429
2004-09-19,0.288874048975962,-14.7668787545927,0.303736070268155
2004-09-20,1.04232057935452,-8.94282711214073,0.23118641791914
2004-09-21,0.497796253698791,-3.51560740592553,0.249271120647832
2004-09-22,0.233222105661615,2.05113046866781,0.253844956184671
2004-09-23,0.123566806717988,3.83606755757119,0.253566738552749
2004-09-24,0.0269030462971292,7.1249241292693,0.25334883868069
2004-09-25,-0.0454251596931144,5.64356379461891,0.259629861608558
2004-09-26,-0.05563969202127,5.96603513223515,0.275479277091093
2004-09-27,-0.0728593049452428,-1.70757418025212,0.296888160944182
2004-09-28,-0.147507396804925,-9.41028322878534,0.316742447888632
2004-09-29,-0.0912446185687988,-9.36063455237195,0.340969281205341
2004-09-30,-0.120354912553067,-8.86383999256339,0.357002861666444
2004-10-01,-0.133382040040801,-8.05357236935216,0.373795654345761
2004-10-02,-0.155133231461642,-2.81454881660461,0.382434725440403
2004-10-03,-0.151686601096627,-0.0599682768339171,0.394662355461964
2004-10-04,-0.164370363417122,-6.66671982180477,0.415741406966212
2004-10-05,-0.175908725008886,-4.29565346548255,0.43843964739454
2004-10-06,-0.172492318000426,1.37521153080449,0.455980815714329
2004-10-07,-0.153251286458162,-1.36631330556675,0.473714738059473
2004-10-08,-0.167620080794694,-1.47366894779661,0.494765193525119
2004-10-09,0.254273682730995,-5.7396738175654,0.520936759952604
2004-10-10,-0.136451552767167,1.40962210848293,0.560821016929031
2004-10-11,-0.187211459786101,5.13954153369153,0.585833307933271
2004-10-12,-0.185761409031833,8.92765491776716,0.606657880288287
2004-10-13,-0.207958045679265,7.56967639454925,0.627688781247715
2004-10-14,-0.238575271265701,6.18692219778091,0.659125227088169
2004-10-15,-0.2092203337195,4.0492690947995,0.689705660845401
2004-10-16,-0.159892016880784,-6.45092883862598,0.719615781807719
2004-10-17,0.581707844575486,-9.20269426910801,0.525573735003867
2004-10-18,0.836815216946305,-7.54148898225923,0.00377190147174478
2004-10-19,0.237872270032608,-9.16227625196153,-0.877725063820361
2004-10-20,0.887561939446609,-8.23079153582111,-1.57540029347493
2004-10-21,0.802728263602404,-6.51264649703488,-1.36484453189236
2004-10-22,0.5287067109625,-5.68143301958209,-1.21449473772453
2004-10-23,0.369919880688036,-8.16524388367849,-1.12388429548349
2004-10-24,0.67552821696467,-8.28538093511702,-1.16982202541713
2004-10-25,1.01676859911719,-5.71316741547468,-1.10798560268284
2004-10-26,1.04011255826005,-7.76657278685073,-1.71360231391087
2004-10-27,0.795711158356596,-5.96027505148834,-1.5026465244852
2004-10-28,0.406168608264502,-5.44138973331669,-1.39191959125568
2004-10-29,0.761162275144435,-3.57928218846804,-1.31127433380688
2004-10-30,0.707057082433881,-4.00015074517441,-1.23757843955796
2004-10-31,0.912527191351557,-2.6233181734646,-1.16874985842035
2004-11-01,0.653901359844626,-3.11523148509626,-1.101812102949
2004-11-02,0.600331343265996,-1.57892006417194,-1.04284047416787
2004-11-03,-0.164193373290966,-6.26822462890024,-1.46711950722722
2004-11-04,0.494927699587042,-4.76708869164114,-1.30057341113221
2004-11-05,0.694174508831092,-4.29543335105154,-1.24714571817684
2004-11-06,0.569623300827249,-3.28949041682226,-1.21127988055904
2004-11-07,0.390829997764281,-3.92621886750576,-1.1632426357798
2004-11-08,NA,NA,NA
2004-11-09,NA,NA,NA
2004-11-10,-0.229934738251157,-6.21575880663712,-1.14157721190016
2004-11-11,-0.248129327055953,-6.03219451272321,-1.06339547809467
2004-11-12,0.454481730457322,-5.85201760043312,-1.02503972478366
2004-11-13,NA,NA,NA
2004-11-14,NA,NA,NA
2004-11-15,NA,NA,NA
2004-11-16,0.389015358569773,-4.56144273174433,-0.831097120155581
2004-11-17,0.085418996732744,-4.24652124844512,-0.800642441453424
2004-11-18,-0.163194297422315,-3.79656712196184,-0.800719357997579
2004-11-19,0.0914879316870261,-2.98222884408721,-0.770457564724474
2004-11-20,0.573222711261157,0.336641262175385,-0.731460204160865
2004-11-21,0.710558373705569,2.90690386803781,-0.678739022379548
2004-11-22,0.390966310246959,0.670216123777608,-0.623060118597575
2004-11-23,0.257639986474519,-0.0409056974244821,-0.570627005655513
2004-11-24,0.378618153944639,0.706080602917829,-0.518973778503811
2004-11-25,0.042091152718471,-0.838485890842569,-0.47514923431646
2004-11-26,-0.158508440791893,-3.15153159015468,-0.443287520773835
2004-11-27,0.301075009376102,-0.850289959871123,-0.730275293393852
2004-11-28,0.662459028601659,2.39965691453385,-0.67383781531169
2004-11-29,0.181712159619303,0.15542008313339,-0.590192327606441
2004-11-30,0.0678210119137191,-0.118258689203508,-0.533894060931882
2004-12-01,0.10076863132769,-0.646152687436014,-0.484502936556173
2004-12-02,0.145414260388431,0.0790331448901149,-0.438871649025636
2004-12-03,0.154729826797444,1.04776641917917,-0.395818255925455
2004-12-04,0.116263065864279,0.945270670737885,-0.358241613848688
2004-12-05,0.191974177881224,1.5400045496239,-0.320055522694463
2004-12-06,0.481809115615396,1.58270349989641,-0.28233502122004
2004-12-07,-0.135244594456704,-1.41532857286394,-0.587034894023666
2004-12-08,0.557309910166414,-0.639510979205429,-0.73430383160489
2004-12-09,0.784340717888335,0.737117897963125,-0.456886340096191
2004-12-10,0.721721675512117,0.542608901842953,-0.382280757412794
2004-12-11,0.229667868962133,-1.42456461176974,-0.329502009491669
2004-12-12,-0.033874874189147,-1.74463183331017,-0.293535012918297
2004-12-13,0.278732818679727,-0.154191236879642,-0.259085142467138
2004-12-14,-0.0391930135296873,-0.704606496223189,-0.227818844868208
2004-12-15,-0.0139566347126477,-0.27702741248902,-0.197535924783904
2004-12-16,0.0213637762112239,-0.448723353646662,-0.165102145240291
2004-12-17,0.0630396453050605,1.73281246125473,-0.130627002171418
2004-12-18,0.123235489063138,-0.909095500164939,-0.100769222025056
2004-12-19,0.0638498213014963,-1.84095105698586,-0.0770547639175088
2004-12-20,-0.175180622712242,-1.37514896590557,-0.0599253059188656
2004-12-21,-0.0234019152176441,-0.815662582774005,-0.0520975501437988
2004-12-22,0.123493477775419,-0.143231534455574,-0.0437928621785066
2004-12-23,0.345356937509608,0.394450599298293,-0.0585720564587566
2004-12-24,0.30979915704249,-1.01905557235798,-0.00379641971940403
2004-12-25,0.405095770734883,-1.47193545220525,0.0359350821253943
2004-12-26,1.12028951893977,2.98321266862314,-0.0101304865365228
2004-12-27,1.09391177456492,5.61029405906277,0.00942020060139726
2004-12-28,0.85898859107094,2.65769648848143,0.040025858228713
2004-12-29,0.731082039130933,0.689602492776135,-0.0788813593424789
2004-12-30,0.818433236720007,1.61557246668204,-0.00211613982555692
2004-12-31,1.09625906433336,1.6667527494577,-0.00336791553265048
2005-01-01,0.954318424832283,2.48561189282451,-0.0349083156944512
2005-01-02,0.878599444760933,3.13176116284695,-0.0761231603393546
2005-01-03,0.974248912781539,2.34051552054465,-0.126156668952744
2005-01-04,NA,NA,NA
2005-01-05,NA,NA,NA
2005-01-06,NA,NA,NA
2005-01-07,NA,NA,NA
2005-01-08,NA,NA,NA
2005-01-09,NA,NA,NA
2005-01-10,NA,NA,NA
2005-01-11,NA,NA,NA
2005-01-12,NA,NA,NA
2005-01-13,NA,NA,NA
2005-01-14,NA,NA,NA
2005-01-15,NA,NA,NA
2005-01-16,NA,NA,NA
2005-01-17,NA,NA,NA
2005-01-18,NA,NA,NA
2005-01-19,NA,NA,NA
2005-01-20,NA,NA,NA
2005-01-21,NA,NA,NA
2005-01-22,NA,NA,NA
2005-01-23,NA,NA,NA
2005-01-24,NA,NA,NA
2005-01-25,NA,NA,NA
2005-01-26,NA,NA,NA
2005-01-27,NA,NA,NA
2005-01-28,NA,NA,NA
2005-01-29,NA,NA,NA
2005-01-30,NA,NA,NA
2005-01-31,NA,NA,NA
2005-02-01,NA,NA,NA
2005-02-02,NA,NA,NA
2005-02-03,NA,NA,NA
2005-02-04,NA,NA,NA
2005-02-05,NA,NA,NA
2005-02-06,NA,NA,NA
2005-02-07,NA,NA,NA
2005-02-08,NA,NA,NA
2005-02-09,NA,NA,NA
2005-02-10,-0.305035453176168,-3.72115264615939,0.198610033982728
2005-02-11,-0.388939310035065,-3.64432211713568,0.142398288384576
2005-02-12,-0.225550951651082,-2.92197163607297,0.189731539693104
2005-02-13,-0.101112192033651,-2.57324888818667,0.139635215074087
2005-02-14,0.0844796356277905,-2.02848688981033,0.030909822738209
2005-02-15,-0.178170751046621,-2.21462063471833,0.00194165720163531
2005-02-16,0.077029301640845,-3.07745789345256,-0.0176403060319292
2005-02-17,-0.0746887328664433,-3.72902083238685,-0.0445944482421603
2005-02-18,-0.108726639997201,-2.15560845262794,-0.0917825040451392
2005-02-19,0.157387792873011,-1.02708818221583,-0.0740193948214483
2005-02-20,0.481434591105715,-0.925562455117454,-0.105324560835686
2005-02-21,0.75241153835101,1.16165222279544,-0.0404043243325374
2005-02-22,0.318493213923573,-0.692203779436583,0.0103017667551266
2005-02-23,0.256877759542874,-1.76370809183229,0.0548954537321404
2005-02-24,-0.494583660807558,-3.26654787184273,0.0844570490110597
2005-02-25,-0.459002579646166,-2.70506132076606,0.101609543144894
2005-02-26,0.0576957764734596,-1.99930002187274,0.123319891156001
2005-02-27,-0.184524864979197,-1.01421626726897,0.0788655171632242
2005-02-28,0.422377522690443,-1.4595170405526,-0.113960523189506
2005-03-01,0.224240313432713,-0.459872155673662,-0.0178243239881501
2005-03-02,-0.0936340908292337,-2.44895571910215,-0.200393350083985
2005-03-03,0.0859694762955905,-1.15600841576219,-0.0478153479478216
2005-03-04,-0.718473052021731,-3.04008728587974,-0.0063378101968774
2005-03-05,0.0674922527473321,-2.40073215991168,0.0156620518317294
2005-03-06,0.030651011485159,-1.43219458541043,0.0485651994626353
2005-03-07,-0.203276624529571,-1.53433341302913,0.0796802376125481
2005-03-08,0.505179271782524,-0.465489542223157,0.111530719984051
2005-03-09,0.507276814308945,0.301326839447855,0.152734413367089
2005-03-10,0.505175612121499,0.96208235616577,0.201060818428258
2005-03-11,0.278707248152004,0.447720715582981,0.255089769648148
2005-03-12,0.678290883128019,1.17124631849243,0.313283848127829
2005-03-13,-0.699783086764071,-2.55846296084683,0.355477075812694
2005-03-14,1.83049500524819,4.71990700897772,0.401530561974139
2005-03-15,0.726756766242964,2.82856523628063,0.477387858862469
2005-03-16,-0.132184894870952,0.93753256144925,0.529421149530299
2005-03-17,-0.0511542920737591,1.70939194689372,0.56717103897894
2005-03-18,-0.140062750920342,1.41278876779788,0.603637200764456
2005-03-19,-0.848429506667223,-3.20938139697464,0.362909006505645
2005-03-20,-0.560799205152043,-3.52015997446386,0.0227423750412137
2005-03-21,-0.267354248471396,-1.34496260832888,-0.00662105178037242
2005-03-22,-1.45850636938088,-3.81028720466685,-0.501150390770027
2005-03-23,-1.49800377785246,-4.32002614690193,-0.587623577300532
2005-03-24,0.51068073201475,-1.63009101370318,-0.261199833950621
2005-03-25,0.440892727054688,-1.29968313388235,-0.180761518945517
2005-03-26,0.0482576437825375,-1.33587664554559,-0.128974320997157
2005-03-27,-0.742865678491822,-1.94651406009522,-0.164176033959718
2005-03-28,0.32199044326341,-1.99793516499816,-0.402937997154944
2005-03-29,-1.09638724549875,-3.95114343255687,-0.429500842845943
2005-03-30,0.975002377814391,-0.418118268569915,-0.344737858956657
2005-03-31,0.614052545538672,-0.156773101418926,-0.263847216900432
2005-04-01,0.546591331178823,0.994794854565686,-0.202306501508183
2005-04-02,0.343305591280913,-0.483653505706055,-0.15279003387838
2005-04-03,-0.652628500998626,-2.37479062481891,-0.126186235564772
2005-04-04,0.140750211431154,-2.53955540530325,-0.199509919314014
2005-04-05,0.703173034929501,-0.391486341570209,-0.184904057362098
2005-04-06,0.875614480713314,1.0893411715902,-0.136395967259899
2005-04-07,-0.861111667183423,-2.66372664643934,-0.164560253842183
2005-04-08,-1.9928861635974,-4.46721345819799,-0.313402850943927
2005-04-09,0.411321844442799,-2.2847626485566,-0.370444635252638
2005-04-10,0.321585243541305,-1.4564496764193,-0.330334230085612
2005-04-11,0.752720495845558,-2.08119860466519,-0.277841378623661
2005-04-12,0.401933925499038,-2.23474030858419,-0.225823839804201
2005-04-13,0.369901883583291,-1.58859152969913,-0.175472573455785
2005-04-14,0.822701852309682,-0.536888108503794,-0.125871357462287
2005-04-15,0.637458049030403,0.0764901037160559,-0.078300925011352
2005-04-16,0.921706391018424,0.689585987174485,-0.0324524077255393
2005-04-17,0.224391702427881,-2.29507228345073,0.00957759439418115
2005-04-18,0.874544986271236,-0.310867022126422,0.0524039790925617
2005-04-19,1.32254426929068,1.03953400597478,0.10971384845559
2005-04-20,0.791118306217799,0.514844275776233,0.177014460658473
2005-04-21,0.829988682279043,0.673283514141438,0.248354111792863
2005-04-22,0.15419800601689,0.309452698969693,0.320795364728836
2005-04-23,-1.42983569624995,-5.19216595438466,0.336822681754404
2005-04-24,-0.607027766869102,-4.6743131859347,0.310459478100942
2005-04-25,0.625286600234321,-2.9305360629948,0.326767624975213
2005-04-26,0.556927004796331,-2.19658386440034,0.377824339881649
2005-04-27,-0.524156268386725,-4.81303314349333,0.387192879851213
2005-04-28,-0.864099942470333,-5.9827461363264,0.0915131268528895
2005-04-29,0.630369156427403,-3.39135001484436,0.0592612850333301
2005-04-30,0.499296206283431,-3.78027865144321,0.124024661782182
2005-05-01,0.880752034482937,-2.18254356128118,0.196934222845845
2005-05-02,1.14041894893607,-1.66240068869219,0.298314905143189
2005-05-03,0.693397988332151,-2.59591303736184,0.404628694932932
2005-05-04,-0.723031436777174,-5.90042997723699,0.472913907001752
2005-05-05,-1.44528265875097,-8.79483739445173,-0.147345050881699
2005-05-06,0.612276303368563,-5.34618285053231,-0.35720963828961
2005-05-07,0.725288509769346,-5.02569658379077,-0.300958925162274
2005-05-08,-1.3504279024262,-9.22660418579899,-0.586305419246677
2005-05-09,-0.650239035322898,-8.73583511915123,-0.974524043447349
2005-05-10,1.18151702491195,-5.56223124270759,-1.03680144195406
2005-05-11,1.41317209686868,-3.33679701049631,-0.903526637191599
2005-05-12,1.25573766722395,-2.78378301043963,-0.814363493759712
2005-05-13,1.62949833195629,-2.60429034238985,-0.754965391409485
2005-05-14,1.73016411539285,-2.92945833495128,-0.69040436155711
2005-05-15,-0.145247847421451,-7.58777726722174,-0.657808944461416
2005-05-16,1.18185153914812,-5.88375526157964,-0.648911483176493
2005-05-17,-0.314275030386517,-8.08652268030271,-0.631536293485467
2005-05-18,-0.322097194616402,-6.72906152546688,-0.632544220847967
2005-05-19,0.270896445342176,-9.2491431749032,-0.645953019174641
2005-05-20,1.42167826446,-3.96093278698912,-0.650791841192164
2005-05-21,2.10489944599908,-0.817843707049693,-0.608805106213179
2005-05-22,2.1738858131103,-0.0647668748119248,-0.553684248579799
2005-05-23,1.93850540258964,-1.73663356569109,-0.491082793968283
2005-05-24,1.99903812515877,1.22164686797502,-0.424349642737717
2005-05-25,2.1578551905471,4.91352008962307,-0.346198979153113
2005-05-26,1.65824056105889,-1.81431762770187,-0.262505265330805
2005-05-27,1.72463512890259,-2.98566963917724,-0.181108187783897
2005-05-28,0.723018073477627,-6.20469333050984,-0.111510867382032
2005-05-29,0.711729893625171,-7.52404618420683,-0.0610207430014462
2005-05-30,1.19957447235184,-3.46153184264383,0.000188483062405709
2005-05-31,1.26606769046226,-0.981121167443009,0.0713263227280647
2005-06-01,1.60222206039904,0.656985038645569,0.146444044306643
2005-06-02,1.06504849077797,-0.202144185516035,0.219574634793427
2005-06-03,1.00816720999024,1.84639232834961,0.276105926630735
2005-06-04,0.736437624760368,-1.82304732877392,0.322736460097693
2005-06-05,0.244274898453845,-6.02921084401233,0.35783286999442
2005-06-06,0.246751062507423,-7.18882687713544,0.388137323207079
2005-06-07,0.20847913754704,-6.19110524844478,0.410250806942005
2005-06-08,0.0656897546442347,-15.0463412863347,0.314940252262062
2005-06-09,0.779753475007686,-12.2479160008696,0.051769700685397
2005-06-10,0.807222308130007,-7.92992124974257,0.012820347033478
2005-06-11,0.706337082297143,-6.12326406300329,-0.00057354982735891
2005-06-12,0.878510468398005,-1.36231262630016,0.0109905936955306
2005-06-13,0.707350296349578,3.97791607759373,0.0343993191415413
2005-06-14,0.70751151587133,1.51329780251069,0.061358589465387
2005-06-15,0.566741595965725,-2.53483658527752,0.0946473610010834
2005-06-16,0.063579773799052,-13.0503887222991,0.0999961017210582
2005-06-17,1.06651527927972,-11.3870553540645,0.0124479152242909
2005-06-18,0.272536550458697,-9.62055759875311,0.00987143299018189
2005-06-19,0.284332257826831,-8.5776410349925,0.0197808894834308
2005-06-20,0.361546511023959,-6.02622161367569,0.0288237214617135
2005-06-21,0.301100232098171,-7.83923989378975,0.0433391332272475
2005-06-22,0.365694876036758,-3.94547360225303,0.0608804085446293
2005-06-23,0.39398021154665,-5.40522518445106,0.0732202718729837
2005-06-24,0.282913115155278,-8.66955101218605,0.112779460190988
2005-06-25,0.30562546787747,-9.38649058244658,0.13112791993182
2005-06-26,0.267335780848142,-9.48569154042842,0.143981141525057
2005-06-27,0.222320247760323,-10.0924513602611,0.158189429307162
2005-06-28,0.29088910620398,-8.78069651691895,0.172379548154128
2005-06-29,0.328640075236452,0.38160085051631,0.181386037676012
2005-06-30,0.347902409750452,4.34731878405048,0.186936305980608
2005-07-01,0.326795129848662,4.68349802688536,0.195623567317287
2005-07-02,0.373110460668594,-0.315449615125214,0.210529721422365
2005-07-03,0.298604140641881,-1.24597040425724,0.225717505938707
2005-07-04,0.289954557569442,0.538818872459284,0.238410437113876
2005-07-05,0.224954161454253,-4.51501487951549,0.260496557010116
2005-07-06,0.193949020348408,-3.30549183809201,0.280963244763329
2005-07-07,0.232111069479645,-3.83417753383961,0.297236845264851
2005-07-08,0.109616340175483,-8.50518277970682,0.282963156496612
2005-07-09,0.265852075192415,-10.7446219281922,0.286949059436093
2005-07-10,0.194210010942341,-7.85267528966367,0.29317424774979
2005-07-11,0.248026703972349,-2.17046404553668,0.288830009235
2005-07-12,0.216003509264287,4.7492831766359,0.280758418673476
2005-07-13,0.20573289425288,8.87820956576474,0.273849125055872
2005-07-14,0.146307991878699,9.6826010604451,0.271540276693501
2005-07-15,0.15567758102557,10.114365619053,0.26913842872578
2005-07-16,0.274821176279969,10.5683041596323,0.270691822162005
2005-07-17,0.172590421541328,9.594798169152,0.274483647412196
2005-07-18,0.15412116462764,2.3387681483742,0.280483874057094
2005-07-19,0.132009068039595,0.713757058574572,0.290018205242203
2005-07-20,0.244418452134253,6.4047429363538,0.297280374420596
2005-07-21,0.120919839507671,-2.76298599055255,0.304162080274759
2005-07-22,0.195562279272474,-2.35710202022337,0.318157964893115
2005-07-23,0.174192953263677,9.70367880665161,0.322300525012909
2005-07-24,0.120734721569039,8.65686765637873,0.319721169497311
2005-07-25,0.172566060338662,4.31868218452639,0.325547634705406
2005-07-26,0.125092510982254,6.4030258171131,0.328046793897689
2005-07-27,0.15153833048913,6.02984203032187,0.330574293183378
2005-07-28,0.110233034032158,4.16017696168796,0.341081373485755
2005-07-29,0.0797202935280867,1.83709618571756,0.347147360364323
2005-07-30,0.0985848245170838,2.07164315357275,0.348446019015107
2005-07-31,0.134727164658973,6.31338096313794,0.348281762409717
2005-08-01,0.11086473481261,9.53868412579607,0.35529869483443
2005-08-02,0.106616525251565,6.35069699625772,0.363424599635641
2005-08-03,0.0615846123392941,3.32660469846827,0.369155033629301
2005-08-04,0.100465362409494,5.24963321396831,0.369432059816264
2005-08-05,0.133746587427662,6.50925779909917,0.485794068517775
2005-08-06,0.0564283862274679,10.5637030641307,0.574023080261536
2005-08-07,0.144695394087853,10.5532763807398,0.57955860157881
2005-08-08,0.0550760953274606,3.10455545095576,0.585740664428792
2005-08-09,0.0568136473808893,2.8040133707053,0.592356240654198
2005-08-10,0.109864134445518,0.633310354448771,0.597606941980465
2005-08-11,0.0804682436360946,4.55925212074865,0.601598561262907
2005-08-12,0.0523058705344689,4.77747743863617,0.598710352697814
2005-08-13,0.0424449740738037,-8.84514599867104,0.609463441549378
2005-08-14,0.0733255394625966,-9.64795903945838,0.616522800853048
2005-08-15,0.0503487475992161,-10.3438235453462,0.614517462586123
2005-08-16,0.106278497662641,-2.75120570264393,0.604430301556639
2005-08-17,0.0807674029427527,-0.181113506584321,0.600642466145317
2005-08-18,0.0740691789020915,-9.95038841843757,0.559668170064206
2005-08-19,0.158108938532308,-8.5865386954853,0.532278290991891
2005-08-20,0.0495199005887221,-2.46259356047622,0.527198284914697
2005-08-21,0.0570652886025038,-2.13406154383085,0.515666259299907
2005-08-22,0.0777427920288904,0.527798668159896,0.511026537588553
2005-08-23,0.0645240332875487,5.44199904591908,0.499677976042814
2005-08-24,0.0316537741550462,-2.98005280991719,0.49920360527213
2005-08-25,0.0590220530814792,-1.67147036726671,0.502316351563012
2005-08-26,0.0276976927481272,6.73769513320573,0.557553079090496
2005-08-27,0.00427941896876,7.90666296866233,0.586778480613438
2005-08-28,-0.0181835251156187,6.58411038631243,0.576423195466331
2005-08-29,-0.0160835535270348,-0.772306615823101,0.587263812192401
2005-08-30,-0.0377650525648897,1.69829665397906,0.597927614496111
2005-08-31,-0.0645161568030757,6.7098876864287,0.588879920509443
2005-09-01,-0.073199726580556,3.65401670584856,0.587491389813025
2005-09-02,0.0424618450807417,-0.722183398892003,0.593215719187116
2005-09-03,-0.0238430985055846,-1.87791381348976,0.595264958435027
2005-09-04,-0.0708578084086393,-6.169314040374,0.601758436058843
2005-09-05,-0.0310861905998785,-3.84031614358747,0.604427706124632
2005-09-06,-0.0427938407790289,-1.06266566269806,0.602040409646637
2005-09-07,-0.0668720603366673,-5.55667169538042,0.604765821146546
2005-09-08,0.0243106980767819,-11.3441236482971,0.622039455886599
2005-09-09,-0.0487182885290161,-12.909562155901,0.634532868550957
2005-09-10,0.0602979356466988,-11.9962166667729,0.632995228519326
2005-09-11,-0.0535549898678471,-9.4263596971046,0.635521234124996
2005-09-12,-0.0603013669552959,-8.32893191759574,0.636191190125486
2005-09-13,-0.0986735811495467,-9.39606307336765,0.639357236745549
2005-09-14,-0.0619136873564508,-10.0123429031577,0.641852797994034
2005-09-15,-0.0307566191508302,-8.29473789072625,0.641864660715
2005-09-16,-0.0509166747283342,-9.24152884807299,0.644017830986651
2005-09-17,-0.1555933668788,-9.17610266339746,0.639453859753418
2005-09-18,-0.0833530850027431,-4.02236904673788,0.645408026639501
2005-09-19,-0.0733018815204525,3.1822393937707,0.635064922665673
2005-09-20,-0.126784089717916,2.78903791207392,0.616027187870077
2005-09-21,-0.0568068304413945,-2.55982711214074,0.612689856579869
2005-09-22,-0.0789827181950863,2.99222592740781,0.623701463545192
2005-09-23,-0.110863465440426,-4.21009869799885,0.649778551353076
2005-09-24,-0.0654616905881344,-4.69097410909548,0.685587682124407
2005-09-25,-0.125124806764095,-0.271825870730705,0.699328703504673
2005-09-26,0.224157118347702,1.53604296128557,0.706765637578753
2005-09-27,1.04212504650934,-5.15527736776485,0.692019427092907
2005-09-28,0.300153215381288,0.638675819747878,0.683075344219596
2005-09-29,0.175274641129769,5.43648760454799,0.672894247133611
2005-09-30,0.190559478737324,6.96590711429472,0.668092088235234
2005-10-01,-0.0529143459816389,-4.14781915923006,0.66052846528387
2005-10-02,-0.0361970057550864,-7.5748432026855,0.662691410980263
2005-10-03,-0.00208315604939746,-7.38625714993794,0.691738040816871
2005-10-04,0.00355648176051543,-4.84942661016725,0.713568682732002
2005-10-05,-0.0383594671722237,0.418259344861898,0.726380324027888
2005-10-06,-0.0695267868864364,4.13186736785078,0.732583615991174
2005-10-07,-0.081013551143283,2.28458653080449,0.745537425549792
2005-10-08,-0.119216915845917,-7.04558413890008,0.770051851076208
2005-10-09,-0.0635311121253059,-2.73525228112995,0.795575511283242
2005-10-10,-0.0983812284526784,0.890805349101264,0.811474151119643
2005-10-11,-0.132127829118188,2.1007262751496,0.828403502144853
2005-10-12,-0.0846080766677339,0.964770700358198,0.85257140238911
2005-10-13,-0.142691811758364,6.04534241776716,0.870613655278496
2005-10-14,-0.129936713450694,4.28394722788258,0.892871179872228
2005-10-15,0.926423372530217,-6.48776530221909,0.838701638800263
2005-10-16,0.300698268835602,-3.10608507186717,0.838866880954381
2005-10-17,0.148716151380441,1.86732116137402,0.861020362193671
2005-10-18,0.10097558131018,-4.78571510244135,0.885182783660219
2005-10-19,-0.00355031696389874,-5.05267648225923,0.903178678565322
2005-10-20,0.00329674758362886,-4.65315125196153,0.940110146920617
2005-10-21,-0.021223937696248,-1.71247903582111,0.966283214483541
2005-10-22,-0.0557130967596193,0.418749336298454,0.992833176925385
2005-10-23,-0.116980369853827,-0.593141352915428,1.02392671595109
2005-10-24,-0.114256550332372,-2.37028555034515,1.05541751724795
2005-10-25,-0.174354432994513,-4.89750593511702,1.08356195617523
2005-10-26,-0.0729691878215852,-6.17266741547468,1.1230791732162
2005-10-27,0.599805705198826,-4.0320519535174,1.15776281070878
2005-10-28,0.283346025703534,-6.56029588482167,1.19005822098932
2005-10-29,0.127955906223685,-6.21276473331669,1.23201879515879
2005-10-30,-0.047731469835157,-3.88588635513471,1.27093053193732
2005-10-31,-0.133972545239588,-0.216129911841076,1.30433895096949
2005-11-01,-0.224529014321912,1.98278599320207,1.32892707429543
2005-11-02,-0.275925597461496,-2.79373148509626,1.38084253624398
2005-11-03,-0.202232872162575,-2.30569089750527,1.44681979010401
2005-11-04,0.527545307933524,-3.82999546223357,1.34315389076115
2005-11-05,-0.0186833555966316,-1.60106785830781,1.38973661421562
2005-11-06,-0.228256188377072,-2.52424585105155,1.39907468399449
2005-11-07,-0.123203732432378,-0.784740416822259,1.52378006563089
2005-11-08,0.118381532412373,-5.41976053417243,1.55796575124412
2005-11-09,0.172996177069516,-4.27426297527316,1.58951280664877
2005-11-10,-0.153587646429482,-1.78311876477743,1.63629585538708
2005-11-11,-0.162476112536871,-2.50621713997046,1.67922552454154
2005-11-12,-0.148537234849504,-0.875173679389874,1.70635686024633
2005-11-13,-0.249832190040638,1.65504489956688,1.75088337710185
2005-11-14,-0.337833382227721,1.46787094019785,1.78919553963897
2005-11-15,-0.301366199461294,1.13307354269953,1.82695325427383
2005-11-16,-0.311570442679463,4.41392542317248,1.85333232096196
2005-11-17,-0.367332679879207,4.74255726825567,1.84945899445004
2005-11-18,-0.368750314614195,6.00072875155488,1.82004595174718
2005-11-19,-0.414239215952928,5.62420371137149,1.85897615238935
2005-11-20,-0.422927964696647,6.04697948924613,1.89662544051182
2005-11-21,-0.430350290934761,6.58103709550871,1.93382089227259
2005-11-22,-0.43919636874341,6.58632053470448,1.96997672637182
2005-11-23,-0.418494087222429,7.00784112377761,2.00402020415462
2005-11-24,-0.422611777280583,3.91934430257552,2.03605962813747
2005-11-25,0.159211739169129,-1.67577356374884,1.51550709825692
2005-11-26,0.413092703493981,-0.799152557509235,1.23991487193735
2005-11-27,-0.0710876720400566,1.17246840984532,0.826738594729793
2005-11-28,0.0818435024373265,-1.35666495987112,1.02869388535038
2005-11-29,-0.237929004671811,-3.08955141879948,0.787981822803132
2005-11-30,-0.0820094146664115,-2.84999658353328,1.0247714273559
2005-12-01,0.588562226362699,-0.282487855870175,0.605745294455764
2005-12-02,0.395641625695037,-0.644048520769346,-0.0829739590199341
2005-12-03,0.190669603245574,0.338866478223448,0.0743464431630732
2005-12-04,-0.183477652035209,-0.463504414154169,0.147164825840069
2005-12-05,-0.128202331768374,0.280937337404551,0.202633604746502
2005-12-06,-0.169853435073878,0.279129549623898,0.251717241955599
2005-12-07,-0.282418258262155,-1.23800483343692,0.293946237986213
2005-12-08,0.144733025951459,-1.11720357286394,0.317301598129656
2005-12-09,-0.0414383355478712,0.480905687461239,0.349780165266376
2005-12-10,-0.110496294356562,0.628242897963125,0.384924526291815
2005-12-11,-0.172414850202169,0.409358901842952,0.420121279927587
2005-12-12,-0.236702563119499,-0.116460445103078,0.453490103309238
2005-12-13,-0.177065742795678,-0.0862776666434981,0.486892809011731
2005-12-14,-0.21075844728762,-1.15081623687964,0.520504329604026
2005-12-15,-0.341417482704488,-2.25804399622319,0.559280726548069
2005-12-16,-0.570144918769791,-2.29052741248902,0.57951332939097
2005-12-17,-0.502482259192858,-1.90920252031333,0.619453005404445
2005-12-18,-0.456196444409225,-1.0905208720786,-0.115720646319807
2005-12-19,-0.139338153002168,0.532466999835061,-0.112731225829212
2005-12-20,0.0731840695463941,1.73652810968081,-0.0189481549918287
2005-12-21,0.12505744504286,1.52122603409443,-0.181618888595914
2005-12-22,-0.189349532687032,-1.11543341610734,-0.391418909104946
2005-12-23,0.0607085226733778,-1.17971070112224,-0.140244611822959
2005-12-24,0.0834073008565471,-0.171028567368375,-0.0523092757724339
2005-12-25,-0.213431131937102,-1.53418057235798,-0.15297354118761
2005-12-26,0.300522676857332,0.290752047794747,-0.376309718388877
2005-12-27,0.472228980164261,2.15283766862314,-0.0922898730349448
2005-12-28,0.166331579462878,0.000689892396099623,-0.192032525903798
2005-12-29,-0.0322957597045698,-1.5288243448519,-0.081181983133185
2005-12-30,0.0401694807635861,-0.873168340557199,-0.257448361025449
2005-12-31,0.209382364066945,-0.696302533317966,-0.733706783185019
2006-01-01,0.973753832995549,1.91423689282451,-0.206982254262976
2006-01-02,-0.197232688300292,-2.02032217048638,-0.446487766153442
2006-01-03,0.225891125026437,0.272015520544651,-0.194394133838126
2006-01-04,0.23597242522417,1.93842384438557,-0.112456022315418
2006-01-05,0.0836766680279191,0.8596823432568,-0.0660686031650113
2006-01-06,0.167541961413003,0.9549676162055,-0.0328392778172395
2006-01-07,0.177563664975574,-0.777771957639692,-0.160052446368681
2006-01-08,0.221384652404903,-0.576545665033511,-0.0793168140066429
2006-01-09,0.128930096201248,-0.508716573189956,-0.0317268986367316
2006-01-10,0.168887150849775,0.518956520979753,0.000423826826819962
2006-01-11,-0.172460929669561,-1.83018119241162,-0.0170272240006559
2006-01-12,-0.0411003863638686,-2.45076415292162,-0.0137646898746246
2006-01-13,0.183075648866375,-0.984219212593304,0.010564499061732
2006-01-14,-0.00664290137531276,-1.87205758426216,-0.176482550012532
2006-01-15,0.467446994572342,-0.431583454726251,-0.0772321417947603
2006-01-16,0.00749040365119824,0.123209904513911,-0.0129030940882209
2006-01-17,0.207378630316044,0.289306529568963,0.021497519170198
2006-01-18,0.288630935459558,-1.73699917318727,-0.142456939295477
2006-01-19,0.384591903162364,-0.91281102684884,-0.0384173875146216
2006-01-20,0.0789869602138273,-0.845006345488096,0.00667950810993201
2006-01-21,0.190708609954821,-1.45623619018429,0.0420314151611603
2006-01-22,0.218963828134559,-0.188217285653696,0.0642279846944134
2006-01-23,0.0146733846149989,-0.715690596910144,0.0882420751326256
2006-01-24,0.189698857033154,0.390807601268156,0.1087182326659
2006-01-25,0.115621503252344,0.047049662607622,0.127696938521892
2006-01-26,0.225077600503899,-0.920800317463353,0.106620742838637
2006-01-27,0.135916049646324,-1.6521033798474,0.0897686011142151
2006-01-28,0.0058755095254347,-1.32297507055254,0.0817809052995315
2006-01-29,0.0209487555088083,-1.32186896640578,0.0295056564172413
2006-01-30,-0.167299658888203,-2.59691019059199,-0.0178107888697023
2006-01-31,0.0696140854337006,-2.34120808425984,-0.0192584597106396
2006-02-01,-0.0134042304902788,-1.68604386712688,0.0183484452009783
2006-02-02,-0.199542378491633,-2.2624749533737,-0.0459844257423532
2006-02-03,0.297572120344768,-1.38460592247612,0.0100582937928508
2006-02-04,0.0677315096562632,-1.94902614465049,0.00835370947511871
2006-02-05,0.229805571838195,-1.56358072728135,0.0302420500222902
2006-02-06,0.00684246859962634,0.898921051271499,0.0619995182460547
2006-02-07,0.323382199711446,2.97628898739404,0.0899729896810531
2006-02-08,0.266521940896394,3.35857687767893,0.124992739203316
2006-02-09,0.269790848461366,3.51299912430788,0.143587700985151
2006-02-10,0.290219070570341,5.25478485384061,0.170039295745386
2006-02-11,0.224705915388537,3.34713621619765,0.196543278071392
2006-02-12,0.278258794961163,3.19179086392703,0.22131400891925
2006-02-13,0.215942157003084,2.48168861181333,0.246208038580508
2006-02-14,0.464232619627791,2.717721443523,0.273330837213271
2006-02-15,0.15741135115746,0.296150198615001,0.303173183551435
2006-02-16,0.161362049395947,0.839187939880772,0.32751449552074
2006-02-17,-0.141452819397056,-0.997208332386853,0.339395903716872
2006-02-18,0.0654587428599422,-2.16821261929461,0.302348030173675
2006-02-19,-0.638432344922908,-2.95067151554916,0.216593530835344
2006-02-20,0.114041606126124,-0.718291621784122,0.222260182497269
2006-02-21,0.0197094658612138,0.501006389462104,0.24180231091599
2006-02-22,-0.0208364478723455,1.04244205389675,0.263888731192439
2006-02-23,0.233403952195934,2.04497940816771,0.288759719526884
2006-02-24,0.244431281314891,1.55641046149061,0.316303764235043
2006-02-25,0.369612785986487,3.61643867923394,0.345602648352955
2006-02-26,0.0782840265959084,2.48828331146059,0.339418611827798
2006-02-27,0.621410610122844,-0.444799600602304,0.00238637631886096
2006-02-28,-0.216189900574863,-2.15366287388594,-0.0888912362329979
2006-03-01,0.465385833677611,-0.410247155673662,-0.00936263430329864
2006-03-02,-0.488524177033315,-3.04933071910215,-0.130980808333336
2006-03-03,-0.443054865745226,-3.02375841576219,-0.175648588871582
2006-03-04,0.00381308757010612,-1.51327478587974,-0.0891756988945152
2006-03-05,0.246019811163659,1.83939284008832,-0.0226561930237774
2006-03-06,0.00597940140530095,-3.07759041874376,-0.243246083090199
2006-03-07,-0.416768923305082,-3.60570841302913,-0.147516682004603
2006-03-08,0.112282625333544,-1.67786454222316,-0.0696403091513003
2006-03-09,-0.0962543105890143,-2.65823566055215,-0.0619383179817148
2006-03-10,-0.340093176449929,-3.59629264383423,-0.0691578462443001
2006-03-11,-0.727622432664323,-3.16121678441702,-0.120621103791064
2006-03-12,-0.511884631402594,-3.01421201484091,-0.158397185696596
2006-03-13,0.207185763848174,-1.47727546084683,-0.148192564668752
2006-03-14,-0.198732283731401,-2.81659299102229,-0.207604993750406
2006-03-15,0.125114712691943,-1.16385143038604,-0.150172578398657
2006-03-16,-0.51671031511585,-1.27663410521742,-0.107632277948416
2006-03-17,-0.655756328808453,-3.24848305310628,-0.24090952429215
2006-03-18,-0.210506382757077,-2.16677373220212,-0.152807263138994
2006-03-19,0.13761881006747,-0.274610563641303,-0.110615613624112
2006-03-20,-1.18646378025408,-3.01438914113053,-0.190780389976102
2006-03-21,-0.158646459083641,-2.32835844166221,-0.254837641892346
2006-03-22,-0.379622479584957,-1.10445387133352,-0.189741985472374
2006-03-23,0.0756669992903949,0.427036353098069,-0.15312404538353
2006-03-24,-0.335427482001577,0.657450652963488,-0.129753100313319
2006-03-25,-0.487899404373883,-2.34718313388235,-0.413361996292329
2006-03-26,0.0719030241907008,-0.601001645545589,-0.289746618665764
2006-03-27,-0.156035100532638,-1.19024322676189,-0.281385347839918
2006-03-28,-1.2768804110223,-3.54603933166482,-0.440767052513574
2006-03-29,0.0321343543404335,-2.2329142658902,-0.400476105910288
2006-03-30,-0.703976742512139,-2.65322243523658,-0.348974064230993
2006-03-31,-1.12612023511439,-3.95171060141893,-0.600489032376097
2006-04-01,0.0166523452196392,-1.58143431210098,-0.483777937583232
2006-04-02,-1.04533155565786,-2.60073683903939,-0.466575473556237
2006-04-03,-1.42705334654965,-4.77099895815225,-0.914757489755391
2006-04-04,-1.79747197518109,-5.13445123863658,-0.985424674135137
2006-04-05,-1.7464050845807,-4.61419467490354,-0.872443054360025
2006-04-06,-0.0570102217356663,-2.57601299507646,-0.571940042813881
2006-04-07,0.191840527020659,-2.50770581310601,-0.566534432426663
2006-04-08,-0.00383572318923875,-1.84944262486466,-0.627196082555486
2006-04-09,-0.974098645924548,-3.03497098188993,-0.631113522394033
2006-04-10,-1.69575760054033,-5.52399134308597,-0.832128830489179
2006-04-11,-0.831939404652402,-3.18496943799852,-0.798265120575893
2006-04-12,-1.46850605564382,-2.84109447525086,-0.810628082980172
2006-04-13,0.388651010962882,-1.92584152969913,-0.743551320634235
2006-04-14,-0.156176793322971,-2.17790894183713,-0.698586212396946
2006-04-15,-0.927943281990005,-2.88950989628394,-0.67501451818889
2006-04-16,-2.01869896481831,-5.69726817949218,-0.89295950969929
2006-04-17,0.366464119309514,-2.95644728345073,-0.867286760108351
2006-04-18,0.559011855658991,-1.21032535545976,-0.802330060474975
2006-04-19,0.70493274274587,0.64582567264145,-0.752769372864428
2006-04-20,0.612705612340248,0.1553859424429,-0.699016520890443
2006-04-21,0.0483704504423077,-3.69307065252523,-0.652516633608148
2006-04-22,-0.619804859289233,-4.58015146769697,-0.623650955006773
2006-04-23,-1.26721182653566,-5.31549928771799,-0.621789051314613
2006-04-24,-0.946920337669102,-5.23841735260137,-0.623416491898476
2006-04-25,-0.152100409071801,-4.85482772966147,-0.604283164453699
2006-04-26,0.200638390412658,-4.04414636440034,-0.576163074103553
2006-04-27,0.130932249164295,-2.57394981016,-0.539450541140193
2006-04-28,-0.28328281406217,-1.8420586363264,-0.49575032833321
2006-04-29,-0.516826337572597,-5.6103083481777,-0.455986014391974
2006-04-30,0.674896318609963,-1.16152865144321,-0.417358226537205
2006-05-01,1.42588771587069,1.50670643871882,-0.361744896987668
2006-05-02,1.96237556281362,1.19074514464114,-0.296858637515329
2006-05-03,1.64066473274031,-3.78945470402851,-0.231196642513587
2006-05-04,1.05693449342691,-5.14757581057032,-0.173178678043873
2006-05-05,0.89034827912658,-6.21058739445173,-0.126130395554133
2006-05-06,1.3149993337604,-5.23566201719898,-0.0782144597352463
2006-05-07,1.60202800242241,-2.64730075045744,-0.0259980457037825
2006-05-08,2.19552578173706,0.458499980867682,0.0332093771570516
2006-05-09,2.06956928214649,1.78362321418211,0.103050181834373
2006-05-10,1.9821965587895,3.78866459062574,0.172691954982946
2006-05-11,2.41629805686868,6.15420298950369,0.240555618430767
2006-05-12,1.43439898150966,1.53459198956037,0.302634675328653
2006-05-13,1.27585328044608,-0.642290342389854,0.34795781808236
2006-05-14,1.85023846396428,4.38674999838205,0.380558336971654
2006-05-15,0.954587393639773,5.47716023277825,0.401383009764143
2006-05-16,0.663093489025669,2.16551557175369,0.417815643293109
2006-05-17,0.328405425940014,3.30591481969729,0.422880391901639
2006-05-18,0.919852557465231,6.66298014119979,0.426637956163238
2006-05-19,-0.442090327727212,-3.9550806749032,0.433824034923312
2006-05-20,0.943506873831429,-6.57545362032245,0.423321406224569
2006-05-21,-1.01408838706215,-10.154927040383,0.254161495956224
2006-05-22,-0.429855034399908,-10.0132252081453,-0.358875847011119
2006-05-23,0.862402402442706,-5.27402939902443,-0.406026641462469
2006-05-24,0.530981242301623,-6.60139479869165,-0.430856556069375
2006-05-25,0.67022017789404,-6.56612574371027,-0.434653989552134
2006-05-26,0.367170942528281,-7.23990096103521,-0.430771565221841
2006-05-27,0.272173113963818,-6.90246130584391,-0.424396674137097
2006-05-28,0.63519524863681,-5.15790166384317,-0.417602937420095
2006-05-29,0.839295502033334,-3.06425451754016,-0.40952510342623
2006-05-30,0.867509769984491,-1.10151100931049,-0.399408490032056
2006-05-31,0.88827552801328,-0.241642000776341,-0.389029770455422
2006-06-01,0.449385040562305,-1.98078579468776,-0.377591190745203
2006-06-02,0.447223371186134,-4.86591501884937,-0.369193521693347
2006-06-03,0.801333594643297,-0.440920171650395,-0.359218431219631
2006-06-04,0.362619609576694,-2.71483899544059,-0.347015833281035
2006-06-05,0.337740680902825,-3.72002334401233,-0.33173135300006
2006-06-06,0.269987887731913,-1.71291021046877,-0.319758560316314
2006-06-07,0.215482697816428,-0.261355248444783,-0.31115633929638
2006-06-08,-0.0459211224986225,-4.08461211966801,-0.29585942625739
2006-06-09,-0.0265630872780286,-3.93302016753625,-0.285621150553655
2006-06-10,-0.0484059800332582,-6.09090041640924,-0.278184588650131
2006-06-11,-0.125317232886531,-7.94815989633662,-0.271560358016671
2006-06-12,-0.282445619683628,-10.5883334596335,-0.264060903176696
2006-06-13,-0.346706081038177,-10.8655214224063,-0.255293902322227
2006-06-14,-0.27372535090418,-8.39172303082264,-0.252450979221196
2006-06-15,-0.127332351111826,-4.29154491861086,-0.256384701329445
2006-06-16,-0.000931482102988768,6.73309044436757,-0.268262288210302
2006-06-17,-0.155925406434562,7.18252797926887,-0.275639973081092
2006-06-18,-0.173498761018854,1.96179656791356,-0.276993433454498
2006-06-19,-0.273361321781332,-2.80001603499251,-0.270239707532445
2006-06-20,-0.210729097220939,4.76404921965764,-0.27038512863884
2006-06-21,-0.142636880963053,8.91748927287692,-0.27320838266381
2006-06-22,-0.00326317882038496,13.1476930644136,-0.276630187252748
2006-06-23,-0.224743216045187,15.0552539822156,-0.278489487359203
2006-06-24,-0.246715002722273,7.48032398781395,-0.277905747374483
2006-06-25,-0.120025698489876,6.12073858422008,-0.276532400846029
2006-06-26,-0.0982296137314497,6.67549595957158,-0.275247171541419
2006-06-27,-0.0911864406478402,4.84486113973887,-0.268647225888694
2006-06-28,-0.178055206857245,1.35161598308105,-0.254791110278618
2006-06-29,-0.0769998335798742,1.45968418384965,-0.251642755682576
2006-06-30,-0.121196765759752,-6.35072288261619,-0.248059746816182
2006-07-01,-0.0281439974982771,-1.80791863978131,-0.240825470913935
2006-07-02,-0.0620158601477321,-1.89399128179188,-0.238745140307564
2006-07-03,-0.0551619215622002,-0.425866237590576,-0.232685592488453
2006-07-04,-0.0972213942672925,-2.85780612754072,-0.226449690070312
2006-07-05,-0.0663887405049307,-6.18501487951549,-0.218208668132129
2006-07-06,-0.0205005845495509,-7.22686683809201,-0.212140895942552
2006-07-07,0.037185911030665,2.14963496616039,-0.209872033036812
2006-07-08,0.0805330310042323,10.2146505536265,-0.2129053041773
2006-07-09,-0.00468143011370739,12.1826072384745,-0.214514086906195
2006-07-10,0.0194374151872388,2.00932471033633,-0.20653497007393
2006-07-11,0.08788205029888,-4.07871404553668,-0.195879389709873
2006-07-12,0.0562538817540833,-6.91069599003077,-0.184052671823919
2006-07-13,0.0892141481304314,2.99966789909807,-0.183961245548356
2006-07-14,0.167675656548087,4.54305939377844,-0.183440219668356
2006-07-15,0.0526963006174072,6.6681989523863,-0.178407829484963
2006-07-16,0.0697105664840507,11.9936791596323,-0.179800580720667
2006-07-17,0.0981547137045931,16.5858190024853,-0.1811141629147
2006-07-18,0.0871136997296812,12.1488723150409,-0.179646040629811
2006-07-19,0.129867144447758,10.6116320585746,-0.178086972763119
2006-07-20,0.0307280357342526,12.6368887696871,-0.1718304977773
2006-07-21,0.0979067214423645,14.4095765094475,-0.17777523187972
2006-07-22,0.103054752537781,20.2856479797766,-0.180602414467151
2006-07-23,0.0553342166922482,23.5927204733183,-0.180357541301818
2006-07-24,0.140405483038426,19.4776176563787,-0.175138789162395
2006-07-25,0.104769309399886,15.7917030178597,-0.169172200557383
2006-07-26,0.133724224370009,12.1383383171131,-0.160575284318871
2006-07-27,0.125108469174845,3.2316753636552,-0.152850187660361
2006-07-28,0.101802612807668,-4.87876053831204,-0.141260672105735
2006-07-29,0.042299251568903,-8.93777881428244,-0.134609370856601
2006-07-30,0.110228779129329,-4.16696101309392,-0.134224338237188
2006-07-31,0.115942984005912,-2.97495237019539,-0.132123930506141
2006-08-01,0.0847187370983242,-5.50489920753726,-0.127811587364158
2006-08-02,0.109250953822994,-1.32444883707561,-0.134771763843917
2006-08-03,0.101187282951539,-0.517999468198393,-0.137616170998095
2006-08-04,0.0848057811850038,-7.37824178603169,-0.139165527382549
2006-08-05,0.0716978323256207,-10.4084297009008,-0.140733080061686
2006-08-06,0.068488835860121,-8.53331776920267,-0.144294567428382
2006-08-07,0.0682611087817304,-14.2954319525935,-0.144400341883348
2006-08-08,0.135199833286644,-5.89763204904424,-0.146208579529175
2006-08-09,0.0571378903409604,3.84622170403864,-0.16097942286456
2006-08-10,0.0505346002043307,8.50474785444877,-0.174737008758967
2006-08-11,0.0863757133949072,0.0577521207486456,-0.175849250887474
2006-08-12,0.0735287573099792,-5.52460589469716,-0.172822234153963
2006-08-13,0.0529097166495623,-4.62133349867104,-0.177359700270224
2006-08-14,0.0544081574451039,-9.40118820612505,-0.180382503991384
2006-08-15,0.0633934871910529,-8.60049021201282,-0.182044775247592
2006-08-16,0.0396779051845074,-6.25674736931059,-0.187610332396692
2006-08-17,0.0803495714473909,-1.20030100658432,-0.192039186706037
2006-08-18,0.00899848167760159,-0.214930085104239,-0.203101930658338
2006-08-19,0.0432964160833286,-1.96526786215197,-0.209350207908434
2006-08-20,0.0242696607519874,-6.50811439380955,-0.212753411071732
2006-08-21,0.046515920794163,-5.77506154383085,-0.218210277227644
2006-08-22,0.0357698630492986,2.2307361681599,-0.230102157927151
2006-08-23,0.0230757514099977,1.87195737925241,-0.238066131181634
2006-08-24,0.132028959461168,-0.0577194765838591,-0.242520825803351
2006-08-25,0.0213087484284181,-8.36922036726671,-0.245213716723823
2006-08-26,0.00263074213588238,-5.97009653346093,-0.250801923569346
2006-08-27,-0.00894015572511753,-2.24777453133767,-0.261444416409319
2006-08-28,-0.0230484130339861,-0.432472947020901,-0.270986264326782
2006-08-29,-0.0081102331188716,-5.16066078248977,-0.272312516805441
2006-08-30,-0.0428754850220325,-0.246307512687611,-0.276186577230821
2006-08-31,0.0119001997683528,5.72253351976203,-0.287271961304446
2006-09-01,-0.00633539107035191,5.53841253918189,-0.2949372539182
2006-09-02,-0.0553680447151767,-0.33989173222534,-0.295952157914638
2006-09-03,-0.0377571998933396,-3.55412214682309,-0.293766507015738
2006-09-04,-0.0433932100412924,-2.75970987370733,-0.293394659018541
2006-09-05,-0.06703086080396,5.21495468974587,-0.303121212587783
2006-09-06,-0.0300731526157636,5.35460517063528,-0.311690721955041
2006-09-07,-0.0789277917652387,4.65645330461957,-0.313299415284185
2006-09-08,-0.0555677873109732,-10.8308736482971,-0.307834191403693
2006-09-09,-0.0143600273861589,-11.5809163225676,-0.300164293517111
2006-09-10,-0.0359051361900358,-6.94480000010627,-0.301252696020341
2006-09-11,-0.0557254666025409,1.21222363622873,-0.309818605138223
2006-09-12,-0.0927192861389694,6.63123474907092,-0.319098026592838
2006-09-13,-0.0633123857209752,7.80564525996569,-0.324530501680208
2006-09-14,-0.0811198151931857,-9.58525956982441,-0.305642201816665
2006-09-15,-0.0826747891100139,-9.37209205739292,-0.291445432993555
2006-09-16,-0.0390725755446607,-4.81519551473965,-0.285395310551414
2006-09-17,-0.0818164950420656,0.104314003269206,-0.287991918063034
2006-09-18,-0.0832379437782533,5.76308928659545,-0.294133824891826
2006-09-19,-0.0768707334388198,-1.14259393956263,-0.292236004489151
2006-09-20,-0.0840323492281199,-1.10477458792608,-0.279405101405469
2006-09-21,-0.0930346017067007,1.33311038785927,-0.277392290333412
2006-09-22,-0.0447365926440658,1.40403842740781,-0.269042864386526
2006-09-23,-0.100545341603692,6.11181796866781,-0.262148164499033
2006-09-24,-0.112306890424869,6.40681755757118,-0.255386921355398
2006-09-25,-0.111799834355932,8.3063616292693,-0.249264040433697
2006-09-26,-0.0903891347135225,7.43018879461891,-0.242613645673552
2006-09-27,-0.0737352352865762,-2.08406903443151,-0.230240446262563
2006-09-28,-0.0833777651085082,-2.56794918025212,-0.217611335824225
2006-09-29,-0.107567014380435,-3.28022072878534,-0.206690973817971
2006-09-30,-0.104120343303493,-10.1198428857053,-0.186331643294492
2006-10-01,-0.0908186170428634,-10.9194441592301,-0.163456984024922
2006-10-02,0.0514379573469545,-8.6253432026855,-0.155528947169543
2006-10-03,-0.1028045006045,-7.79492381660461,-0.139130213794514
2006-10-04,-0.13030241595377,-7.20871827683392,-0.12461711058379
2006-10-05,0.466728922297164,-10.3820323218048,-0.122198700182816
2006-10-06,0.447251238256421,-9.00611179881588,-0.116905067573188
2006-10-07,0.558207130326105,-6.29562180252884,-0.115418132169506
2006-10-08,0.326141488807144,-1.22175080556674,-0.116215805887607
2006-10-09,0.181630953980816,1.10256021887005,-0.118361753640926
2006-10-10,0.178601265424873,-4.3190488175654,-0.109376118012798
2006-10-11,0.1395748967512,0.432372108482932,-0.0965865749893577
2006-10-12,0.0950427841649192,2.26079153369153,-0.0908412044967761
2006-10-13,0.014829332731432,-4.34040758223284,-0.0752317790671704
2006-10-14,0.0394504527533878,-6.48759443878409,-0.0577101130231261
2006-10-15,-0.0286696984085584,-7.86918196888575,-0.0398939954126529
2006-10-16,-0.159793528699092,-7.73712673853384,-0.0179343869708335
2006-10-17,0.104518190531461,-1.76901217195932,0.0126996191722757
2006-10-18,-0.085656376967371,0.937034897558654,0.0354795849998286
2006-10-19,-0.0710001898292049,2.98561518440743,0.0552808424793776
2006-10-20,-0.133257496579636,3.73120291470514,0.0747262868585938
2006-10-21,-0.121360466512574,5.12272929751222,0.0976234984430278
2006-10-22,-0.147923310882068,7.72589516963179,0.121839545361639
2006-10-23,-0.181513569445663,6.97887948041791,0.149374206237068
2006-10-24,-0.190092755148699,4.78542278298818,0.179492679614899
2006-10-25,-0.0789779902190031,1.58905656488298,0.222069174986429
2006-10-26,-0.204721413290973,3.90220758452532,0.257793538606678
2006-10-27,-0.189433234393011,5.4875105464826,0.285585089199357
2006-10-28,-0.224458388174017,5.742245781845,0.316805710605156
2006-10-29,-0.1997161914906,2.44640193334997,0.350997001989983
2006-10-30,-0.220425798814749,-3.37221968846804,0.392263213403715
2006-10-31,-0.194068294464078,-4.27671324517441,0.428448780707068
2006-11-01,-0.234563160974973,-0.287068173464601,0.456406893303903
2006-11-02,0.176823929722177,-3.67852315176292,0.228294712055357
2006-11-03,-0.208596919101351,-6.40810756417194,0.00144210672622247
2006-11-04,0.386074667933524,-4.0113287955669,0.0478442695022228
2006-11-05,0.0849060059543888,-2.34940119164114,0.0905176805266459
2006-11-06,-0.0320639401321737,-1.30030835105154,0.130007429908807
2006-11-07,0.00278680933905046,0.422822083177741,0.166469450833462
2006-11-08,0.288122488469516,-2.83990636750576,0.199459665646553
2006-11-09,0.454760080742985,-1.13138797527316,0.243449558257971
2006-11-10,0.0701697114480691,-0.029910431444093,0.286787860651826
2006-11-11,-0.194446574128708,-3.83202963997046,0.317033988957307
2006-11-12,0.0376290809872304,-3.70402784605654,0.350852744605665
2006-11-13,-0.054119602636556,-2.55003843376646,0.247437370607774
2006-11-14,-0.033197446656292,-3.09983739313549,-0.0322352305976699
2006-11-15,0.242383002171359,-1.5726972906338,-0.024524693102336
2006-11-16,0.0840314487491087,-1.83584541016085,0.00466126227936403
2006-11-17,0.119726675222834,-2.535734398411,0.0429639895025282
2006-11-18,0.089458394365397,-3.15450041511179,0.0828561920558921
2006-11-19,0.173263945891971,-2.65594212196184,0.125397201323671
2006-11-20,-0.0790941505578719,-3.47856217742054,0.161975910064962
2006-11-21,-0.0906430030245574,-1.69860873782462,0.197520411455902
2006-11-22,-0.126956823029125,-1.55274196529552,0.242980101102155
2006-11-23,0.452732600018387,-0.655700542889059,0.288156108128258
2006-11-24,-0.00673938421935849,-1.25319736409115,0.339332472739342
2006-11-25,0.0349708681487207,-0.11504439708217,0.38398006887496
2006-11-26,-0.219729835363162,-1.4488817241759,0.420308877672643
2006-11-27,0.0364852653305556,-0.902677423488016,0.411484822997105
2006-11-28,0.138795981457735,-0.608352459871121,0.427779665269155
2006-11-29,-0.00912906361058619,-0.108405585466147,0.461194452692045
2006-11-30,-0.0581833891970238,1.34829508313339,0.495332556085412
2006-12-01,-0.0757932451475053,0.572678810796492,0.529732117429368
2006-12-02,-0.0810461323457797,1.21651397923065,0.564209444864427
2006-12-03,-0.0270136546319775,3.86767897822345,0.598874358606675
2006-12-04,-0.113456538973985,2.7856622525125,0.633893557910275
2006-12-05,-0.119456675441843,2.75404150407122,0.668449777177549
2006-12-06,-0.0583283400534702,3.2933795496239,0.703563744445696
2006-12-07,-0.0961142541805226,3.70237016656308,0.740543900149929
2006-12-08,0.0300607040330917,4.52754642713606,0.775833313169707
2006-12-09,0.0836986085337614,-0.0572193125387623,0.579206015964712
2006-12-10,-0.211647804234113,-1.07598626870354,0.306994653872647
2006-12-11,0.0492272233488519,0.399692235176286,0.313163402896469
2006-12-12,-0.355039459119499,-1.26479377843641,0.245094906845744
2006-12-13,-0.203195777081392,-0.888735999976832,0.188492179783278
2006-12-14,-0.125205729328436,-0.619587070212974,0.199801505666293
2006-12-15,-0.0537919833256056,0.108997670443477,0.15616090154137
2006-12-16,-0.0145871534065253,-0.0842982458223536,0.171191925339182
2006-12-17,0.0394336742520403,0.454380813020005,0.212946138885556
2006-12-18,-0.00673954702147017,0.712083294588062,0.251665589716072
2006-12-19,0.0257189094713013,1.4091753331684,0.286721456472224
2006-12-20,-0.077872812086259,1.52656977634748,0.318705563410321
2006-12-21,-0.306283742467344,-0.140773965905574,0.257696756698027
2006-12-22,-0.176313506564583,-0.848412582774005,0.019504464834061
2006-12-23,-0.00922201512254062,-0.170627367788907,0.0849928204090191
2006-12-24,-0.0580495408577386,-0.710403567368375,0.127112519560006
2006-12-25,-0.00359039397791816,0.786652760975353,0.159934442070336
2006-12-26,0.235504509510394,4.51914788112808,0.154832950104558
2006-12-27,0.0739282715928324,0.367316835289807,-0.221996869898429
2006-12-28,0.591375813013898,3.73908572572943,-0.150099633006727
2006-12-29,-0.0783844856637534,0.992321488481429,-0.107174068899592
2006-12-30,0.00890568484521881,0.801248326109469,-0.0767673029405955
2006-12-31,-0.223795496422851,0.255655800015368,-0.0520052236715935
2007-01-01,0.0341408921710588,1.29375772615784,-0.0274768803966707
2007-01-02,-0.108924425279884,0.465781996180286,-0.00749373929925046
2007-01-03,0.0828060833937837,2.63141135387798,0.0110174202971796
2007-01-04,-0.272369543445218,-2.05736782228109,-0.17263504709341
2007-01-05,0.666609389260572,3.4116823432568,-0.128112065372458
2007-01-06,0.0621526395354525,1.94494678287217,-0.0774345433586792
2007-01-07,0.0286803582816967,2.11526970902697,-0.0452162385803536
2007-01-08,0.0800568743640863,2.44199600163316,-0.0200902864662358
2007-01-09,0.0928307655890026,4.33101259347671,0.00220914328288657
2007-01-10,0.111951468400795,1.45133152097975,0.0217339328567916
2007-01-11,0.203867362575337,1.09427714092172,0.0405204588541803
2007-01-12,0.448649595513682,1.80352751374504,0.0615850696646807
2007-01-13,0.0113356857643345,1.80228078740669,0.0828709220108235
2007-01-14,0.0263754574001975,1.25617158240451,0.0979050177401501
2007-01-15,-0.0571414775745973,0.933541545273749,0.111326867782602
2007-01-16,-0.0276237039406384,0.611397404513911,0.124092757214116
2007-01-17,-0.0419765407859963,-0.0727143037643714,0.136267100416804
2007-01-18,-0.0116674264179932,0.6851674934794,0.149785495307674
2007-01-19,-0.00501049128661557,0.722855639817827,0.163663963555004
2007-01-20,-0.0845015942351522,0.167743654511904,0.178153778784659
2007-01-21,0.232793629709923,3.21797214314905,0.194917026433227
2007-01-22,-0.0609373704450333,2.00736604767964,0.214258011719015
2007-01-23,-0.0527907684217357,1.71143440308986,0.231980482195297
2007-01-24,0.00721997069420122,2.10693260126816,0.249835400903255
2007-01-25,0.026573355007446,1.74571632927429,0.268215428778526
2007-01-26,-0.0790713724348761,0.0757413492033141,0.285382690916529
2007-01-27,-0.000466639823063719,0.762709120152597,0.301271807371767
2007-01-28,-0.157993630605178,-0.903829237219207,0.314899534289964
2007-01-29,0.081874803590441,2.15308936692755,0.327545054216604
2007-01-30,0.0976798479689397,0.641777309408013,0.344616102188053
2007-01-31,-0.242139284835687,-2.17924975092651,0.359755997702729
2007-02-01,-0.480051531224973,-2.84456470046021,0.370244191601533
2007-02-02,-0.091292757430409,-1.25395412004037,0.380389856105231
2007-02-03,-0.00302457279808854,-0.12489758914279,0.395935275128572
2007-02-04,0.0877244983093244,1.00276552201617,0.412596500916986
2007-02-05,-0.0474597712922398,1.70235677271865,0.429054027087187
2007-02-06,0.085669373415953,2.13619188460483,0.445286908020333
2007-02-07,0.169317173507364,-0.18866934593929,0.452275489144867
2007-02-08,-0.377903947511769,-1.85400645565441,0.440581774721751
2007-02-09,-0.445371508273327,-2.59331337569212,0.27324393410495
2007-02-10,-0.236766534164353,-3.04256931282606,-0.204221627433183
2007-02-11,0.0321788100252717,-1.91090545046902,-0.13379155885211
2007-02-12,0.0927027371652442,-1.33881330273964,-0.0128644976560506
2007-02-13,-0.12988818730712,-2.61758222152001,0.0309728357272494
2007-02-14,0.118199454403301,-1.575028556477,0.0620186442026336
2007-02-15,0.305738890586032,0.420587698615001,0.0928989812024557
2007-02-16,0.1848484598286,1.96635460654744,0.124574570416521
2007-02-17,0.310015783704986,1.53264583427981,0.156977664057979
2007-02-18,-0.210978627997201,-1.70858761929461,0.181244334417296
2007-02-19,0.570595209584847,0.82732848445084,0.203933607877197
2007-02-20,0.182646518126124,-0.980583288450788,0.231806980592515
2007-02-21,-0.124537551444909,-1.3178061105379,0.253704465899349
2007-02-22,-0.806952161104998,-2.90251627943658,-0.00792255182429491
2007-02-23,0.0949912903183836,-1.85781225849896,-0.0518543166051448
2007-02-24,0.0257943033557075,-0.47031870517606,0.00428843187392314
2007-02-25,-0.749130179646166,-3.30699882076606,-0.198521423612801
2007-02-26,-0.839418107934704,-3.86682085520607,-0.256469244860928
2007-02-27,0.202481693633048,-2.5864246006023,-0.174393585879134
2007-02-28,-0.249304085472822,-2.61805870721927,-0.13314268950267
2007-03-01,-0.0698077732611642,-1.80164298900699,-0.0511799447695154
2007-03-02,0.249517637334032,-0.435830719102149,-0.0051070329568832
2007-03-03,0.127423870826203,-0.357883415762192,0.0337201395291089
2007-03-04,-0.0519709916135673,2.34714188078693,0.0692655171529752
2007-03-05,0.285803653612638,3.35158034008832,0.103670631097809
2007-03-06,0.344385717501485,3.47468041458957,0.14249187013625
2007-03-07,0.0566093914704284,0.440937420304208,0.172988078364261
2007-03-08,-0.161851776299109,-1.97242704222316,0.199918040865586
2007-03-09,-0.337043322833912,-0.934423160552145,0.225149148426237
2007-03-10,0.241593171958234,0.98289485616577,0.251245014962414
2007-03-11,0.409520044070371,1.93134571558298,0.285326975425973
2007-03-12,0.284809671691284,3.71501715182576,0.319712799291327
2007-03-13,0.634977835521643,4.8113703724865,0.357532742400277
2007-03-14,0.253992174227782,0.211907008977716,0.396544228891676
2007-03-15,0.377568426569494,2.37852356961396,0.434348286946993
2007-03-16,0.595884684394354,5.38784506144925,0.473294248323037
2007-03-17,0.486925323191547,3.26764194689372,0.51809941941388
2007-03-18,0.0675540392837393,-0.707544565535451,0.560238348098237
2007-03-19,0.282233880353185,-0.0521313969746364,0.59796944972176
2007-03-20,-1.48835961715204,-3.32165997446386,0.586249990014517
2007-03-21,0.375060406630645,0.174683225004458,0.534451681217908
2007-03-22,-0.0510690452992426,0.200441961999815,0.557653641491253
2007-03-23,0.360404804188354,2.17309885309807,0.591022912191522
2007-03-24,0.654681387875975,1.97276315296349,0.634103657697559
2007-03-25,-0.353847894904496,-2.07574563388235,0.673741812000673
2007-03-26,-1.22939326789093,-3.49225164554559,0.518624073332078
2007-03-27,-0.564631464532638,-2.15088906009522,0.348423242991619
2007-03-28,0.580718006447083,1.02931483500184,0.382073536905202
2007-03-29,0.515705521564249,1.1114607341098,0.424330497824159
2007-03-30,0.295339895855208,2.78048589809675,0.465162388947584
2007-03-31,0.367322159416223,2.45920606524774,0.509876094883136
2007-04-01,-0.00157436441301373,1.18171152123235,0.558048965881528
2007-04-02,0.243295816260504,0.932783994293945,0.606677388917407
2007-04-03,0.421671856087087,2.78633437518109,0.661174475596512
2007-04-04,0.065527828655644,3.38813209469675,0.717410058944995
2007-04-05,-0.0993564566623353,2.06415949176312,0.769135746015964
2007-04-06,0.547237012223518,0.813174504923539,0.830654561514612
2007-04-07,-0.620487177142606,-2.14687247977268,0.887807431022167
2007-04-08,0.0617365091372921,0.268390708468679,0.936085128363095
2007-04-09,-0.155207512863323,-0.0242834818899356,0.98602778762771
2007-04-10,0.424848209255591,2.4991753235807,1.03649506952853
2007-04-11,-1.17132717118301,-3.52153193799852,0.979336336111611
2007-04-12,0.735418252013323,-0.810490308584189,0.953738149595914
2007-04-13,0.173763612269005,0.806533470300868,0.977692767418559
2007-04-14,-1.95128307822093,-5.21284644183713,0.903117755102858
2007-04-15,0.668910683316117,-0.0985515629506102,0.756306786426687
2007-04-16,0.319385356895975,1.14233598717449,0.770989208123603
2007-04-17,-0.119910789245588,-2.49059311678407,0.804994671549591
2007-04-18,-0.0943742755246828,-2.00726285545976,0.841488610400359
2007-04-19,-0.433738368097076,-2.22377849402522,0.868866093983738
2007-04-20,-0.453869864965874,-0.909905724223766,0.88821815506175
2007-04-21,-1.18406524514953,-4.27907065252523,0.85357646623061
2007-04-22,-1.27593530786882,-5.84719313436364,-0.193917490731441
2007-04-23,0.853443481056173,-1.87141595438466,-0.157730685207788
2007-04-24,0.684339596126816,-1.27727151926804,-0.124644288093627
2007-04-25,-0.086058127684046,-2.75426522966147,-0.0823848028857106
2007-04-26,0.802666369253474,-0.0236463644003404,-0.0363014409993867
2007-04-27,1.08816237708266,2.84036268984,0.0261117458822269
2007-04-28,1.07207558903987,5.9818163636736,0.102941274357115
2007-04-29,1.02109520785597,2.34892081848897,0.188955652816941
2007-04-30,1.01927542930384,2.01065884855679,0.278853595667828
2007-05-01,0.385947340360488,0.157310605385483,0.362287847199666
2007-05-02,-0.593619970247602,-4.21356735535885,0.400205993178681
2007-05-03,-0.373706741137237,-3.88472553736184,0.433924201556667
2007-05-04,-0.574998587250644,-6.67042997723699,0.382511730348639
2007-05-05,1.23450257790209,-0.370504061118396,0.395282988058978
2007-05-06,1.50972493340938,6.88979631613435,0.431666097998084
2007-05-07,0.972117973034651,8.06149091620923,0.467600906766383
2007-05-08,0.98108836990033,11.0611249808677,0.499483184810812
2007-05-09,0.62430486181996,5.95803988084878,0.527187826402598
2007-05-10,0.0519273070343997,0.164018757292409,0.546336328725473
2007-05-11,0.267775242582962,0.135286322837025,0.557458163254078
2007-05-12,-0.114926055796459,-3.57553301043964,0.56385629270546
2007-05-13,0.125392646323632,0.47685549094348,0.563134694522935
2007-05-14,0.125627509107141,4.50312499838205,0.557507919502827
2007-05-15,-0.250819031747982,-1.52927726722175,0.552477319216189
2007-05-16,-0.488564400035556,-2.66698442824631,0.547421233121965
2007-05-17,-0.450133643611006,-1.77458518030272,0.541093357192494
2007-05-18,-0.48055138563681,-1.39435319213355,0.532264935639158
2007-05-19,-0.352414484290478,-1.00993484156986,0.521027296734577
2007-05-20,-0.352202044274694,-0.355307786989115,0.509481877527187
2007-05-21,-0.0937349825723506,2.74015629295031,0.497385664203165
2007-05-22,-0.138740592848887,4.16906645852141,0.492294489749178
2007-05-23,-0.412417382536886,8.23517893430891,0.484309047922292
2007-05-24,-0.335115166269806,10.0489385346417,0.496953450042682
2007-05-25,-0.490123156391674,5.8088534229564,0.463481954792227
2007-05-26,-0.444917860051311,1.12799487229813,0.456050475954934
2007-05-27,-0.561074116950467,-2.90277380584391,0.447542858041811
2007-05-28,-0.381452314595843,1.1645775028235,0.439119539049837
2007-05-29,-0.582117541550339,-1.98202535087349,0.428735997179747
2007-05-30,-0.638196889280815,-5.50113600931049,0.425457185766885
2007-05-31,-0.790994775741822,-4.96347533410967,0.419328104536357
2007-06-01,-0.861645702947899,-3.86213996135443,0.415691869869236
2007-06-02,-0.764254979507744,-3.73804001884937,0.408125140037692
2007-06-03,-0.714806624295478,-2.27744100498373,0.395001404548369
2007-06-04,-0.763725910260041,-4.25675566210726,0.382420000931943
2007-06-05,-0.859338247260441,-8.83969001067899,0.384782818431879
2007-06-06,-0.633485515696659,-5.78211854380211,0.389030329993532
2007-06-07,-0.715859206126429,-2.20406358177812,0.381407755351809
2007-06-08,-0.662246072865969,0.675783713665318,0.371004427575989
2007-06-09,-0.647119327767825,4.01320899913042,0.356579561811562
2007-06-10,-0.65924687701285,0.0404954169240952,0.348030916551397
2007-06-11,-0.670740566764081,1.44929843699671,0.343930573994291
2007-06-12,-0.572900333316281,6.51193737369984,0.337179660733567
2007-06-13,-0.630949211405524,12.4369160775937,0.325332848797168
2007-06-14,-0.574912913516425,14.890193635844,0.314918201087159
2007-06-15,-0.573646649585295,13.1368925813891,0.310983317987369
2007-06-16,-0.558885509221356,-2.48584705563243,0.32042050305648
2007-06-17,-0.48599637590395,2.4303613126022,0.327658856936429
2007-06-18,-0.478073232724977,8.80554656791356,0.324811876264044
2007-06-19,-0.485491166907863,-1.42530770165917,0.328023380976825
2007-06-20,-0.428159187669918,-5.30111744700902,0.337901484014692
2007-06-21,-0.347964632473257,-0.91482322712308,0.343192301591686
2007-06-22,-0.314314994167324,1.8524222310803,0.3428191877024
2007-06-23,-0.317248616208452,0.422670648882271,0.347982411197225
2007-06-24,-0.314088557497783,-2.66821767885271,0.35659176112372
2007-06-25,-0.277453917428652,3.18407191755342,0.357455930503837
2007-06-26,-0.195421781600837,6.69532929290491,0.351356100378467
2007-06-27,-0.26016092709682,-2.12720136026112,0.358119019302265
2007-06-28,-0.259294118285816,-5.89386318358561,0.365167017362225
2007-06-29,-0.200525697579874,-7.13473248281702,0.36686447440669
2007-06-30,-0.198468473514854,-4.77432704928285,0.37690289405307
2007-07-01,-0.189372892192155,-2.44423113978131,0.386469216771256
2007-07-02,-0.16975397116814,0.970133718208118,0.387508975161253
2007-07-03,-0.151324065072404,3.06927959574276,0.378542248400247
2007-07-04,-0.13934639018566,10.963423039126,0.370336681728226
2007-07-05,-0.0998195968314613,19.6361517871512,0.358278948200457
2007-07-06,-0.0730506691209795,8.74727899524132,0.361231165014887
2007-07-07,-0.110722139499947,-6.52217753383961,0.38090838418401
2007-07-08,-0.0124414151714555,-0.948495279706819,0.394301848405429
2007-07-09,-0.0667773452157482,-1.65197609485884,0.392156026720134
2007-07-10,-0.0484023792617408,-6.49273778966367,0.409920473952797
2007-07-11,0.0281299482580636,-11.78929737887,0.417170604943133
2007-07-12,0.00651342085612405,-9.03700849003077,0.423830310212195
2007-07-13,-0.0090878486042625,-4.05712376756859,0.42495580729911
2007-07-14,0.0395462638950254,-1.32566977288823,0.420843199747283
2007-07-15,0.0559190132704684,-2.26190521428036,0.42078077118376
2007-07-16,0.0688389881167037,-6.23640417370102,0.422433713898608
2007-07-17,0.0411296461943891,-9.20834766418133,0.432957319365208
2007-07-18,-0.0381653561886862,-13.0793151849591,0.43833259245061
2007-07-19,0.0927184836314314,-7.2794096080921,0.445911467090101
2007-07-20,0.0744481512444567,-7.20400706364621,0.442881380860202
2007-07-21,0.0675206856056297,-5.02806932388588,0.434761253639591
2007-07-22,0.0136406576806377,-4.9191228535567,0.428122343715537
2007-07-23,-0.00993333514448655,-1.68138369334839,0.42109850482836
2007-07-24,-0.00374549655341018,-5.24423651028794,0.421386326496316
2007-07-25,0.0600291632774374,-5.72896364880695,0.429681982401745
2007-07-26,0.062358039635315,-4.1984741828869,0.432415045237739
2007-07-27,0.0851357853462731,0.0176961969885312,0.429058813722586
2007-07-28,0.0569538870117495,2.76607279502129,0.423182213369036
2007-07-29,0.00344208365053564,-3.72765381428244,0.422778259971458
2007-07-30,0.0554043085987164,0.179330653572748,0.41852116174796
2007-07-31,0.0380191693120347,4.19313096313794,0.407908395784782
2007-08-01,0.00614560583301797,2.45201745912941,0.404716860625534
2007-08-02,-0.00677324854435316,-1.92584467040895,0.410515362954501
2007-08-03,0.00802527805357983,5.74322969846827,0.405689058856042
2007-08-04,0.0320607051850038,12.949799880635,0.397838347752442
2007-08-05,-0.00749809012335884,-9.15409636756749,0.405789208322084
2007-08-06,-0.0225615706704912,-15.7298802692027,0.421856456327784
2007-08-07,0.0409910654347917,-12.7816819525935,0.424153147566158
2007-08-08,0.0299137190009301,-8.75198621571091,0.41544814118509
2007-08-09,0.0572266496666036,-4.0734241292947,0.406963603434328
2007-08-10,-0.00644228735040037,0.722831187782106,0.394569067465753
2007-08-11,-0.0240015155475788,-4.07376871258469,0.39125607180966
2007-08-12,-0.0544156298736942,-3.77904339469716,0.393973204805203
2007-08-13,-0.0417332675588493,0.758729001328962,0.388427847840403
2007-08-14,-0.0236944384965871,4.29999929387495,0.376636828821885
2007-08-15,-0.0210831430130287,-1.20236521201282,0.36856283494591
2007-08-16,-0.0589761646230728,-4.14720570264393,0.366662793169246
2007-08-17,-0.0721092096286759,-3.43388433991765,0.367935828538315
2007-08-18,-0.0608388300775004,-4.11197175177091,0.362986620164351
2007-08-19,0.00542905934863472,-5.12751786215197,0.358520175395864
2007-08-20,-0.0104190135337269,-1.75640606047622,0.339888693793251
2007-08-21,-0.0741984807852514,2.85506345616915,0.320004372441234
2007-08-22,-0.073145619889477,3.10490283482656,0.303201520307851
2007-08-23,-0.11104521161041,1.40876987925241,0.293111200872639
2007-08-24,-0.0899754614367907,-1.89917780991719,0.289371694183573
2007-08-25,-0.117252797694031,-4.33626203393338,0.291318347441112
2007-08-26,-0.0703211705988115,-4.09340903346093,0.291262576149817
2007-08-27,-0.125234912786342,0.434725468662329,0.283238304708167
2007-08-28,-0.113818592625823,8.80738121964577,0.266555591263932
2007-08-29,-0.141033487894382,13.2838392175102,0.246436767032902
2007-08-30,-0.105312180532237,12.0048383206457,0.236008356665145
2007-08-31,0.132061462625496,8.94561685309537,0.226140440961158
2007-09-01,-0.0565103616825968,10.1099125391819,0.22305883300652
2007-09-02,-0.051223915000891,9.48721243444133,0.22928285612532
2007-09-03,-0.0513231239749723,6.01860701984358,0.228329009725125
2007-09-04,-0.0893879150208842,-7.270689040374,0.232513822622031
2007-09-05,-0.0667240379468173,-1.74544114358747,0.241026234060358
2007-09-06,-0.118909257921886,4.25504267063528,0.234874629072954
2007-09-07,-0.113099109316259,-10.3059425287138,0.240156005353924
2007-09-08,-0.0748305688619935,-5.34676948163047,0.245536051785137
2007-09-09,-0.0830921839575875,-8.72339548923431,0.241633753998644
2007-09-10,-0.0738277419043216,-7.20540416677293,0.242390118948781
2007-09-11,-0.10237259517397,-5.6362346971046,0.237793136440999
2007-09-12,-0.103535647771622,-11.4831402509291,0.240259406106901
2007-09-13,-0.0788238379658733,-9.41514640670098,0.246948047039743
2007-09-14,-0.0460241866217571,-7.74692623649108,0.251243145106561
2007-09-15,-0.108160100130422,-8.89759205739292,0.25541596505617
2007-09-16,-0.0947665628915995,-8.71448718140632,0.26087506548463
2007-09-17,-0.119625692674719,-7.08837349673079,0.261212633885683
2007-09-18,-0.0768415225537635,-3.35603571340455,0.260640689735382
2007-09-19,-0.116520785193922,-10.0981356062293,0.275870819920849
2007-09-20,-0.152034183350569,-10.6346495879261,0.297954503862612
2007-09-21,-0.158879606767925,-5.95026461214073,0.300426809441625
2007-09-22,0.411565809804914,-12.3729824059255,0.313583459589118
2007-09-23,0.0918201845187575,-10.4841611979989,0.325317874459452
2007-09-24,-0.00979814675139959,-5.08378660909548,0.328171303109651
2007-09-25,-0.118063231906952,1.05815329593596,0.319420892382029
2007-09-26,-0.137725101244135,4.6733762946189,0.31363415598057
2007-09-27,-0.158242921000862,5.40845179890182,0.314337792282528
2007-09-28,-0.134146427149325,-9.58597001358545,0.335050396504773
2007-09-29,0.41181221500732,-6.23076239545201,0.36137288520036
2007-09-30,-0.105635024936146,-1.62905121903862,0.377764106088994
2007-10-01,-0.181690221124496,-8.14898582589672,0.383653325884616
2007-10-02,-0.0846160947346782,-2.03840570268549,0.397443677849999
2007-10-03,-0.11802372615552,-1.75861131660461,0.407753468196449
2007-10-04,-0.134391065994587,-7.01184327683392,0.433345617027424
2007-10-05,-0.0167614736212033,-9.97278232180477,0.464485610200569
2007-10-06,0.00128763907274712,-4.80475763214922,0.498048748237182
2007-10-07,-0.150638125747365,-1.02262180252884,0.509682621110542
2007-10-08,-0.182463730817346,2.29143669443326,0.516273649185111
2007-10-09,-0.173464439080408,-2.60512728112995,0.529463005252705
2007-10-10,0.887664098077934,-7.63456965089874,0.337359441038775
2007-10-11,0.356901394555282,-6.33185705818373,0.234773779178934
2007-10-12,0.268161831005736,-9.65320846630847,0.219278657248021
2007-10-13,0.226126471996738,-7.93717841556618,0.228426312352819
2007-10-14,0.133870728181959,-4.18807360545075,0.237725973868146
2007-10-15,0.071303827822462,-7.77653613555242,0.253603901328473
2007-10-16,0.299026821015193,-8.31475173853384,0.272504185479775
2007-10-17,0.43442401830289,-6.45197050529265,0.298347281438653
2007-10-18,0.0546707223714045,-2.70327760244135,0.326443914454237
2007-10-19,0.0124606357218155,-4.5722806489259,0.311146181969439
2007-10-20,0.584947968808119,-5.47654708529486,0.15070190202308
2007-10-21,0.307922169732324,-2.19199986915444,0.221720911743872
2007-10-22,0.200649218668952,2.57068683629846,0.259160123954201
2007-10-23,0.172647234227806,6.18108781375124,0.286059012697913
2007-10-24,0.178728604769669,6.89219361632151,0.311874793032698
2007-10-25,0.0868905639034458,4.00934823154964,0.341439999629599
2007-10-26,0.0111914740559658,-1.34762574880802,0.38242322501356
2007-10-27,-0.00489016810729664,1.70661471314927,0.418454319888615
2007-10-28,-0.0521643664107514,3.67628744851166,0.443603649943093
2007-10-29,0.0553791605093996,-1.4851397333167,0.472420125533247
2007-10-30,0.12284727285872,-6.73855302180137,0.514778786281718
2007-10-31,0.0238960506787793,-4.99656741184108,0.557248478473443
2007-11-01,-0.0272193154239523,-3.2091931734646,0.595479616397057
2007-11-02,-0.106092017298231,0.922018514903744,0.630840225497457
2007-11-03,-0.134057282938085,2.93553826916139,0.668489490594568
2007-11-04,-0.14072259435219,5.63594203776643,0.706924920398294
2007-11-05,-0.184522347841529,6.08272380835886,0.744338313657189
2007-11-06,-0.233741858532174,2.81310831561512,0.7838281789171
2007-11-07,-0.271859309518092,4.62592624984441,0.818944574268138
2007-11-08,-0.300639090771301,-3.08234386750576,0.857463722061829
2007-11-09,-0.248877861216198,-1.64872130860649,0.891606025788755
2007-11-10,-0.199036162347849,-3.15005626477743,0.82626025719888
2007-11-11,0.267126778973333,-3.30527963997046,0.032109162102449
2007-11-12,0.0997764725627406,-0.448777846056542,0.091487162986593
2007-11-13,-0.0781992755834948,1.28466989956688,0.0878727094081526
2007-11-14,-0.0803813960236389,-1.74298322646882,0.112451357387615
2007-11-15,-0.0152342695837434,0.520073542699531,0.148357516954893
2007-11-16,-0.159261595732524,-2.46705374349418,0.189890357173824
2007-11-17,-0.0991816104914518,-2.78933856507767,0.237941934418251
2007-11-18,-0.0810865142060315,-0.885458748445123,0.283674321405848
2007-11-19,-0.169853300442723,-2.21802545529517,0.325390579943073
2007-11-20,0.0167461680135568,-2.00222884408721,0.368540126071914
2007-11-21,-0.118197656493945,-0.725983737824616,0.418935213312171
2007-11-22,-0.112491235584227,0.327070534704477,0.464117799602758
2007-11-23,-0.0806352133612047,3.85836195711094,0.510917425909316
2007-11-24,-0.15221130887242,2.50524013590885,0.556422533659389
2007-11-25,-0.251547078708422,1.18083060291783,0.596616732661601
2007-11-26,-0.183509915036631,1.64945160915743,0.638357133365169
2007-11-27,-0.243912948220465,2.11992674317865,0.676845850850962
2007-11-28,-0.19516640360349,0.267543373462212,0.719591152952007
2007-11-29,-0.249347226059566,1.27605274786719,0.759825612856384
2007-11-30,-0.17003721123784,0.399836749800058,0.800125834604696
2007-12-01,-0.255281059188322,0.854970477463159,0.844842538666786
2007-12-02,-0.135446153325372,4.98782647923065,0.883333879695427
2007-12-03,-0.228401342060549,6.53086647822345,0.91508059703865
2007-12-04,-0.212409388671944,-1.63635858082083,0.929935211275833
2007-12-05,-0.404916464086741,-2.62208349592878,0.938429853705008
2007-12-06,-0.558094308788164,-2.06409961704277,0.86208791963241
2007-12-07,-0.386420982760114,-2.02077566677025,0.274228650660184
2007-12-08,-0.182750342130174,-2.13243273953061,0.265321002341866
2007-12-09,-0.0247910443641978,0.0140931874612389,0.284322979461214
2007-12-10,-0.182344682927991,-0.186882102036874,0.322494453065789
2007-12-11,-0.0837770436225767,3.49356723517628,0.365849353545694
2007-12-12,-0.232081401078683,2.03637288823026,0.407767446074783
2007-12-13,-0.248562093979351,0.886659833356501,0.44745732921864
2007-12-14,-0.253568605491701,1.17551709645369,0.484910492491599
2007-12-15,-0.294508003733769,0.298018503776811,0.518956862552195
2007-12-16,-0.198550160508566,0.63884758751098,0.552001806479804
2007-12-17,-0.522581394727551,-0.738390020313328,0.524923295493057
2007-12-18,-0.478100010368409,-1.78445837207861,0.0998453514332382
2007-12-19,-0.164833874708291,-0.951616333498271,0.00551596104847984
2007-12-20,-0.118713649065851,0.197611443014144,-0.148108608620639
2007-12-21,-0.146632250222446,-0.0735864659055743,-0.107371160222362
2007-12-22,-0.218507700360501,0.154066583892662,-0.0529237789692316
2007-12-23,-0.178435797244989,0.0632267988777584,-0.00812135824894611
2007-12-24,-0.0745941012659019,1.00382559929829,0.0289335689509529
2007-12-25,-0.205645411937102,-0.392888905691314,0.0621540509845393
2007-12-26,-0.105946585999811,1.34831454779475,0.0907480760142874
2007-12-27,-0.229742727509208,1.12981683528981,0.119864668395069
2007-12-28,-0.503964597647326,-1.83320594093723,0.139993693028859
2007-12-29,-0.353062911067835,-2.09315767818524,0.132672370147048
2007-12-30,-0.218168913346618,-1.9907308405572,0.12814115009759
2007-12-31,-0.24342844687183,-1.92855253331796,0.129279120174847
2008-01-01,0.00823499381187498,4.55321605949117,0.156488289617472
2008-01-02,-0.0749150585043734,2.52499032951362,0.61257091454913
2008-01-03,0.282956022495825,2.01274468721132,0.24172766835715
2008-01-04,0.240167779264986,-0.41147198894776,-0.0527171086967897
2008-01-05,-0.118232517604734,-1.28998432340987,-0.103077562140757
2008-01-06,0.121521719208922,-0.451449050461166,-0.0847714569906124
2008-01-07,-0.0330078105346299,-0.709334457639692,-0.0434639361637763
2008-01-08,-0.0507883722481586,-0.611628998366843,-0.0738573955997812
2008-01-09,-0.254348982002834,-1.78698740652329,-0.112525357919046
2008-01-10,-0.0978613805787965,-1.87489764568691,-0.227443141851298
2008-01-11,-0.325936357424663,-1.72526452574495,-0.230837700352013
2008-01-12,-0.319231258200603,-1.64745165292162,-0.161806361090903
2008-01-13,-0.130963847623421,-0.809156712593305,-0.10341345258886
2008-01-14,-0.0888014546977618,-0.538015917595492,-0.0640063822224781
2008-01-15,-0.0749425202684748,-0.92033345472625,0.0189243890853743
2008-01-16,0.0131234367940554,-1.02679009548609,0.0773004627248866
2008-01-17,-0.0789773672349761,-1.04269347043104,0.0995967174898493
2008-01-18,-0.0168167731118707,0.137459160146066,0.11786448118476
2008-01-19,-0.0250213116947789,0.760918139817828,0.131822906543083
2008-01-20,-0.206051384439234,-0.868693845488097,0.140263893957063
2008-01-21,0.0317741142813511,-0.746861190184288,0.141508876850322
2008-01-22,0.0583499380447625,-1.7604047856537,0.107614799047044
2008-01-23,-0.0984163462992867,-2.86477393024348,-0.0212659429906945
2008-01-24,0.477167341469711,-1.77225489873184,-0.0471374302830143
2008-01-25,1.19036466570132,2.85846632927429,-0.108030715050583
2008-01-26,0.750159560503899,5.80890801586998,-0.175534317166079
2008-01-27,1.00861812025857,-1.24602004651407,-0.254694571921701
2008-01-28,0.429306271566251,-0.815412570552542,-0.210679745984626
2008-01-29,-0.178411968083028,-1.85176479973911,-0.142749947118855
2008-01-30,0.298954632476695,-0.855722690591988,-0.102482411526155
2008-01-31,-0.0575070030560954,-1.30685391759317,-0.0928032533742744
2008-02-01,0.088943284611762,-2.20135636712688,-0.220830395049297
2008-02-02,-0.160360045348776,-2.01170412004037,-0.249900338135157
2008-02-03,-0.103039130822578,-2.18948092247612,-0.342540353151481
2008-02-04,0.228398377492998,-0.551151144650493,-0.307422558961664
2008-02-05,-0.0978481271289745,-0.322747393948013,-0.203339724588927
2008-02-06,-0.181588666747312,-1.27899561539517,-0.156347217700836
2008-02-07,-0.0732079453497784,-0.685002679272625,-0.128740498023316
2008-02-08,-0.0440424035934019,0.190576877678925,-0.10632358371104
2008-02-09,-0.131761185416185,0.265457457641211,-0.0851104983389765
2008-02-10,-0.0109321555521076,1.90955568717394,-0.0647501656368674
2008-02-11,0.00163061990282276,1.78884454953098,-0.044019878623875
2008-02-12,-0.0655438205490415,1.84885336392703,-0.021065275281229
2008-02-13,0.283517885574512,3.59858444514666,0.0545097121971034
2008-02-14,0.200755940117587,3.26555477685634,0.0273810927975906
2008-02-15,0.0318999681370522,1.41748353194833,0.0900108630186369
2008-02-16,-0.066372755991808,1.93254210654744,0.122621817780708
2008-02-17,-0.123515370499096,0.838291667613148,0.156114876602196
2008-02-18,-0.21408700611965,-0.371025119294606,0.160479389262997
2008-02-19,-0.516126485657602,-2.64762984888249,0.0886418587371658
2008-02-20,-0.159815024649387,-1.84429162178412,0.010139865758465
2008-02-21,0.0658972910040709,-1.47032694387123,0.00330005013594592
2008-02-22,-0.756885344851937,-3.12784961276992,-0.0669049932158052
2008-02-23,-0.565331107804065,-1.88474975849896,-0.0994708221912481
2008-02-24,0.070831854294483,-2.12879787184273,-0.136362108051827
2008-02-25,-0.140762372242085,-1.56837382076606,-0.0416895067356391
2008-02-26,-0.239249212587765,-0.686570855206073,0.00233196093067045
2008-02-27,-0.239817908864911,1.18622123273103,0.0431628472374523
2008-02-28,-0.152895843023843,0.513691292780728,0.0589833832320537
2008-02-29,0.00306766518781543,1.323982010993,0.0998525760033888
2008-03-01,-0.146489981441479,0.0728776142311851,0.109501351348997
2008-03-02,0.0877904664996723,2.30447075090447,0.135423692849489
2008-03-03,0.0299835887945956,1.6895585474536,0.160625076551392
2008-03-04,0.00684526667386276,2.24635117342165,0.182373897007754
2008-03-05,-0.0651459414128002,2.47611791458957,0.203340537880248
2008-03-06,-0.320762054407123,1.73554158697088,0.221929385143671
2008-03-07,-0.307730503156252,1.44944795777684,0.236379694541433
2008-03-08,-0.0741617857726877,2.40422267278119,0.252902082902265
2008-03-09,-0.0195950566131946,2.73081152283244,0.273377264080723
2008-03-10,-0.199216755766364,3.45057488224965,0.28700921019631
2008-03-11,-0.37729223221892,0.740787985159094,0.306320079787257
2008-03-12,-0.531711561866112,-0.960504627513497,0.323333664488026
2008-03-13,-0.304051033119156,-1.26161382435562,0.317803285685311
2008-03-14,-0.721321012206016,-1.28741393038604,0.327541047947477
2008-03-15,-0.649151066299524,-1.62902993855075,0.349238581779833
2008-03-16,0.253470017150731,2.42478778022706,0.337870448499888
2008-03-17,-0.299806555246873,3.28697626779788,0.360905564985378
2008-03-18,-0.273612077279468,1.4800769363587,0.376275464112403
2008-03-19,-0.324868716172451,-1.0975558077972,0.391167927878682
2008-03-20,-0.293277376063233,-0.986920941662209,0.408768966485073
2008-03-21,-0.0717493701972018,1.65681696199981,0.427826349058809
2008-03-22,-0.119074875811646,2.98941135309807,0.449774628489542
2008-03-23,-0.0327755466546376,3.44092981963016,0.468458512342881
2008-03-24,-0.0521447072310264,3.24319186611766,0.491250986395654
2008-03-25,-0.00189455131950345,0.544435854454411,0.51322282911537
2008-03-26,-0.258925267879577,-0.580159893428554,0.535943573121703
2008-03-27,-0.432777046777407,0.0774606683351777,0.558629756120081
2008-03-28,-0.586170515702832,-0.216872599223534,0.578745246002158
2008-03-29,-1.59016244781826,-3.18807660190325,0.57950138579539
2008-03-30,-0.355704074053165,-0.466481434752259,0.580610199234037
2008-03-31,-0.337355093310973,0.510857354565687,0.586571303146048
2008-04-01,-0.40458869280072,2.30311732762728,0.615354215701228
2008-04-02,-0.762275975610871,1.24523020851442,0.627748962303163
2008-04-03,-0.168880088813744,1.80802792803008,0.648722296662804
2008-04-04,-0.366017560988866,1.97657615842979,0.674848247762392
2008-04-05,-0.469291894715258,-1.15913799507646,0.700745699212052
2008-04-06,-0.691587000816076,-0.939747479772678,0.721018639595501
2008-04-07,-0.385021371270871,-0.127463458197989,0.747737675512191
2008-04-08,-1.054889012047,-1.45999181522327,0.762520633214971
2008-04-09,-0.426068613438287,-0.121824676419303,0.776276699633185
2008-04-10,-0.122872465060566,3.81271806200148,0.796601345961568
2008-04-11,-0.254588492623411,5.79088469141581,0.818332223805561
2008-04-12,0.0230227885955356,11.8791376369675,0.841493929210178
2008-04-13,0.157715200146417,13.4891327248295,0.874563354392003
2008-04-14,-0.832721338724699,1.14009427038272,0.899790341076232
2008-04-15,-0.726318067593821,0.103210987174485,0.919618796301093
2008-04-16,-0.583689510061915,3.7736985498826,0.930223715094528
2008-04-17,-0.559814584422642,6.52094547787358,0.937351315134914
2008-04-18,-0.607501742790954,5.48705483930812,0.952286845507465
2008-04-19,-1.09994140594547,-1.2807390575571,0.959498750189813
2008-04-20,-1.24304245159851,-1.27694565252523,0.965495842550139
2008-04-21,-1.35758605790148,-1.45873480103031,0.966505987916312
2008-04-22,-1.60821504457648,-3.12249928771799,0.957540959174817
2008-04-23,-1.04534554256706,-3.3754381859347,0.940821057028242
2008-04-24,-0.46831001641874,0.787193103671862,0.925490273658542
2008-04-25,-0.444853605815913,4.88883280226632,0.912565948867134
2008-04-26,-0.342399289856113,8.35865435650667,0.896358622748017
2008-04-27,-0.312236260756047,10.5029830303403,0.88671384559075
2008-04-28,-0.568020810919536,6.26214998515564,0.874493552902478
2008-04-29,-1.05343254285943,-1.23713281810988,0.871281257879797
2008-04-30,-0.977444770578287,0.00243560538548238,0.868946440064055
2008-05-01,-0.903821843227194,3.31989097797448,0.860924964456688
2008-05-02,-1.22298591060662,1.95931612930483,0.854446673138209
2008-05-03,-0.98480033726697,0.966049189429679,0.838472997918154
2008-05-04,-1.04955050977138,-0.289941561118395,0.815082287405052
2008-05-05,-1.04367818748858,0.15306714946769,0.797495307525891
2008-05-06,-1.139180225798,0.0113242495425609,0.77901955976835
2008-05-07,-1.28948834552824,-0.00725001913231793,0.762564898722603
2008-05-08,-1.20600080879229,0.874852380848777,0.748060477180361
2008-05-09,-1.28576257157785,-0.215835409374257,0.733881747937509
2008-05-10,-1.13395745170275,2.88436965617036,0.71705156295147
2008-05-11,-1.13112114722503,-0.232553843772966,0.697758863136735
2008-05-12,-1.08580515783963,3.06339715761015,0.682282922618514
2008-05-13,-0.824976329505104,12.2581041650487,0.666860472366829
2008-05-14,-1.01141319085002,10.3920768994449,0.645669716890131
2008-05-15,-0.754718215872291,18.1126405717537,0.619535988116091
2008-05-16,-0.893864458141619,18.7969356530306,0.596496601206287
2008-05-17,-0.869304819269463,15.2107718078665,0.576887384608991
2008-05-18,-0.939466773759865,15.2605651584301,0.561869089005338
2008-05-19,-0.970997670233877,10.1797547130109,0.557427732355842
2008-05-20,-1.17120610379684,0.494802126283641,0.551085400482441
2008-05-21,-1.05625473758358,1.61308729185474,0.551862481337723
2008-05-22,-0.943283161312396,4.03724143430891,0.546540249533686
2008-05-23,-0.964289928718785,-1.22933229869165,0.543101711975096
2008-05-24,-1.07662403386106,-10.3137715770436,0.549875756675789
2008-05-25,-0.254064614288046,-5.65663012770188,0.547816194986293
2008-05-26,-0.613961953668835,-6.29964880584391,0.533135167926292
2008-05-27,-0.77258661256319,-6.8829849971765,0.520239613552479
2008-05-28,-0.822541972685033,-6.32871285087349,0.493113390888118
2008-05-29,-0.742282879648162,-6.08809434264383,0.476154136896495
2008-05-30,-0.714626314598965,-3.49714200077634,0.457107226384149
2008-05-31,-0.82342550360096,-6.7051816280211,0.436867255876236
2008-06-01,-0.734746824977132,-4.44401918551604,0.423680101797959
2008-06-02,-0.696786148377111,-3.10771183831706,0.41440614645414
2008-06-03,-0.816174567402898,-4.68013066210726,0.403474865087043
2008-06-04,-0.638147392566563,-1.97448167734566,0.391223225631976
2008-06-05,-0.580691699370128,1.33804812286456,0.38486653603628
2008-06-06,-0.559430698371327,-2.77002191511145,0.371895602984875
2008-06-07,-0.470257135396581,1.00322121366532,0.374292422270699
2008-06-08,-0.519071630135171,6.66441733246376,0.360386602142286
2008-06-09,-0.499783442890401,11.5620579169241,0.34687202075613
2008-06-10,-0.494677419498775,5.12067343699671,0.339735191358802
2008-06-11,-0.501303439275464,5.66224987369984,0.346209486460724
2008-06-12,-0.501261225201442,8.42585357759372,0.343945177225918
2008-06-13,-0.4342550484552,13.6656728025107,0.332291133955608
2008-06-14,-0.43854042019754,2.74001758138914,0.333888245558407
2008-06-15,-0.457955774037683,3.27050711103424,0.335564853223174
2008-06-16,-0.388300237128439,0.676048812602204,0.342031708514129
2008-06-17,-0.394295635827017,4.82581740124689,0.344303824963318
2008-06-18,-0.291501925438475,10.2816714650075,0.338886085998205
2008-06-19,-0.347921739669918,12.0932367196576,0.34025785929886
2008-06-20,-0.215218414677339,19.6851976062103,0.336304008443961
2008-06-21,-0.270093698412222,20.5008180644136,0.330709242795146
2008-06-22,-0.26372816045335,6.86410814888227,0.34073041371445
2008-06-23,-0.302092771212069,-0.335551012186045,0.357256735085508
2008-06-24,-0.299793408857223,-2.18807391577992,0.374693527100854
2008-06-25,-0.241992554172266,-4.95958737376175,0.381335573537499
2008-06-26,-0.221528658525391,-4.34784719359445,0.386313084013131
2008-06-27,-0.219325368081735,-0.304696516918945,0.383292326188872
2008-06-28,-0.157894509334976,-3.18654498281702,0.385334621052618
2008-06-29,-0.156197318331181,-1.91068121594952,0.390053751869695
2008-06-30,-0.193446938722767,-4.07239780644797,0.395071831730321
2008-07-01,-0.127127113208957,-5.43851211512522,0.393279952639044
2008-07-02,-0.0721338813173022,-1.74638707092391,0.393759102516006
2008-07-03,-0.0779312203897417,-4.22901446087405,0.393241176297949
2008-07-04,-0.0730952627906449,-9.13582737951549,0.401494535216754
2008-07-05,-0.0313681616924081,-1.45886683809201,0.402824027665969
2008-07-06,-0.000341718846885997,2.89159329949372,0.39415314013141
2008-07-07,-0.0343703302734963,10.8086088869598,0.383981011306434
2008-07-08,-0.0255662643994217,18.8405030718078,0.372391022908302
2008-07-09,0.0134841209015244,17.3897205436697,0.373717320235832
2008-07-10,0.0484459751968392,9.38518178779666,0.382660916123487
2008-07-11,0.0115778009377566,-5.6535293233641,0.4029473029482
2008-07-12,0.00938116527328847,-4.63920710090193,0.412126337418807
2008-07-13,-0.0214941018192603,0.686830227111766,0.40710815097578
2008-07-14,0.00831982355618266,-3.11482188094703,0.40120765374891
2008-07-15,0.0106981211779282,-8.50100834036768,0.412308884487214
2008-07-16,0.0586820266025524,-5.817889330848,0.424196911527111
2008-07-17,0.0723827965460076,-1.5156693516258,0.422903100528489
2008-07-18,0.0896354950600028,-1.9456596080921,0.425580102377118
2008-07-19,0.0346931161424159,0.0767846030204602,0.420102467815659
2008-07-20,0.0149396366260379,-10.6072568238859,0.432423015877375
2008-07-21,0.0380646629867602,-12.0487895202234,0.442018216487569
2008-07-22,0.0826296664881665,-3.37394619334839,0.439954343725676
2008-07-23,0.0905836136506715,3.08074265637872,0.42675409077415
2008-07-24,0.0284356587876415,1.14368218452639,0.421669583654083
2008-07-25,0.0244384461659272,2.97685915044643,0.416766583289459
2008-07-26,0.067340488693212,5.86740453032186,0.410681294918955
2008-07-27,0.0779717515831782,-3.99826053831204,0.412290202702258
2008-07-28,0.0861039193240051,-6.67571631428244,0.418481601387142
2008-07-29,0.0450481930068796,-5.28737767976058,0.417417285866592
2008-07-30,0.0475626951079531,-2.58966070352873,0.415912538562214
2008-07-31,0.0523675317922017,-0.128815874203923,0.406102557695316
2008-08-01,0.0321644770882999,-0.560094670408947,0.405870701067928
2008-08-02,0.0850865805025594,1.13168803180161,0.398089196942569
2008-08-03,0.117323526899289,-0.587512619365018,0.395229779048947
2008-08-04,0.0306853958358248,-1.17617970090082,0.39511571788868
2008-08-05,0.00911704075808017,1.138286397464,0.389769261229929
2008-08-06,-0.000285611055004242,2.44094304740651,0.375362130051069
2008-08-07,0.01745109500093,0.378513784289098,0.371080712021851
2008-08-08,-0.00314675359870258,-5.8886116292947,0.371431083155969
2008-08-09,0.03529183820062,-6.6949188122179,0.375065025450946
2008-08-10,0.0385582999626252,1.92187712074865,0.365172627314721
2008-08-11,-0.0245092029349188,7.10253993863617,0.34997811498873
2008-08-12,-0.0096446602119106,5.06222900132896,0.335415794724878
2008-08-13,-0.0493485013537299,9.78456179387495,0.321191934875921
2008-08-14,-0.0289055462783349,10.5968639546538,0.306337508030661
2008-08-15,-0.00235534258225648,11.0171067973561,0.302110166222037
2008-08-16,-0.012810626771533,2.74574066008235,0.293608071635391
2008-08-17,-0.0683743721183167,-7.82680508510424,0.297383817211103
2008-08-18,-0.0644617226921816,-12.6370386954853,0.299909609292275
2008-08-19,-0.0208044698602575,-11.6110102271429,0.307740444930233
2008-08-20,-0.0609547162954554,-8.26201987716418,0.300388982070782
2008-08-21,-0.0915632389915177,-7.50888883184011,0.276892777171001
2008-08-22,-0.0716355575695941,-2.76060512074759,0.264951863639014
2008-08-23,-0.0820779327837294,-2.48559447658386,0.255135196903471
2008-08-24,-0.0796259944287248,1.29900879939996,0.244526818636176
2008-08-25,-0.0524472719865667,1.8091742998724,0.237530732844049
2008-08-26,-0.078332606663893,2.63837130199566,0.236681729758917
2008-08-27,-0.067400023646231,10.0720478863124,0.224251666449859
2008-08-28,-0.101254498833157,13.9752558841769,0.208850957582669
2008-08-29,-0.0746025847771346,15.4605466539791,0.196766931159136
2008-08-30,-0.0935134132928716,5.71484601976204,0.19781206550502
2008-08-31,-0.0857032980091274,-3.66154579415144,0.215408474321571
2008-09-01,-0.0394123377764012,-0.29560006555867,0.230126792796981
2008-09-02,-0.0834623443831355,7.51246118651024,0.224300162260013
2008-09-03,-0.109849562694354,10.5775817929593,0.211393118423291
2008-09-04,-0.0892974999876336,13.0675380230792,0.199990331357899
2008-09-05,-0.139150970574947,14.1618135039686,0.191220484994973
2008-09-06,-0.0971512562550346,13.2585783046196,0.183267749681119
2008-09-07,-0.0911834439640344,13.0700846850362,0.179121077142015
2008-09-08,-0.0972779317943222,2.86235451076569,0.18691988256978
2008-09-09,-0.128004102965546,-10.2568000001063,0.200542864282188
2008-09-10,-0.0801823641535614,-6.96638053043793,0.211622904344707
2008-09-11,-0.0764932853226429,-2.89972358426241,0.205469788690912
2008-09-12,-0.0826654405781181,-2.45206307336765,0.202167593684782
2008-09-13,-0.0758371237646142,-4.58794706982441,0.212121533538242
2008-09-14,-0.0761641442936873,-1.53944622405958,0.21041127152006
2008-09-15,-0.0836168735854771,1.99907531859368,0.202921864441258
2008-09-16,-0.0627804297359431,-1.23420683006413,0.205145356013482
2008-09-17,-0.109306980104784,-9.62988988007121,0.211893860477959
2008-09-18,-0.0779937174388198,-7.20465643956263,0.230403550829199
2008-09-19,-0.097199211105671,-8.88979542125941,0.23673851267063
2008-09-20,-0.131433243502619,-9.63220211214074,0.23198277895973
2008-09-21,-0.0590708441542699,-6.91691990592553,0.236773063765305
2008-09-22,0.00853320737590041,-1.02864036466552,0.242530406380831
2008-09-23,-0.0794378912411955,5.35988005757118,0.245815505944913
2008-09-24,-0.104002659743687,9.3897991292693,0.245241226721855
2008-09-25,-0.105686298795155,10.1658762946189,0.24718586508413
2008-09-26,-0.10138338957229,10.5090976322352,0.251220163723629
2008-09-27,-0.110523591557488,14.0197383197479,0.258707659084195
2008-09-28,-0.137329685972272,13.253737604548,0.266508133464527
2008-09-29,-0.100611429915738,1.77576128096138,0.278712918340166
2008-09-30,-0.135328956063271,2.23701417410327,0.294979142164328
2008-10-01,-0.0994114151428414,9.00382346398117,0.306481340855309
2008-10-02,-0.171490634482051,-4.94238214993794,0.32283229845797
2008-10-03,-0.0932736380762192,-9.90978077683392,0.359883985698235
2008-10-04,0.689602592582879,-10.6922198218048,0.344652013897452
2008-10-05,0.932888672558462,-7.51334096548255,0.304125692700008
2008-10-06,0.599116799305697,-4.07233013586218,0.281164603482175
2008-10-07,0.569080513623471,1.08583252776659,0.258917894325814
2008-10-08,0.437460021980817,2.24551855220339,0.243900996802875
2008-10-09,0.510024774730995,-2.09713215089874,0.250845729395649
2008-10-10,0.458124743534874,-3.31141955818373,0.282501384901537
2008-10-11,0.353115115903695,-2.3059792996418,0.303262543358776
2008-10-12,0.248905172241636,-0.704365915566179,0.320232064261259
2008-10-13,0.166431619528898,1.06853056121592,0.325504133960633
2008-10-14,0.147893117101646,3.96106803111425,0.327632888741961
2008-10-15,0.058152305096826,5.17341492813283,0.332130838488187
2008-10-16,0.0654115439355427,6.19800866137402,0.339430129721097
2008-10-17,0.0532412857999761,9.06795156422532,0.349254711857466
2008-10-18,-0.00354497162512324,5.1309068510741,0.364308242596944
2008-10-19,-0.0951888285796364,-1.03315125196153,0.38700846464399
2008-10-20,-0.05745463745135,-3.38058320248778,0.413721124736082
2008-10-21,-0.0282553148820682,1.65270766963179,0.439294415056036
2008-10-22,-0.0528258351599491,5.51540031375124,0.462727548593284
2008-10-23,-0.0734215960466579,9.03006861632152,0.478827972479695
2008-10-24,-0.102120471933289,8.53782739821631,0.502549881306621
2008-10-25,-0.141576084964442,8.71179091785865,0.497571549431676
2008-10-26,-0.141350515454235,8.68384387981594,0.531772487427563
2008-10-27,-0.167464675194425,6.05851661517833,0.596776731912214
2008-10-28,-0.127466865776315,7.43594360001664,0.680806264908577
2008-10-29,-0.189577920447402,6.97717614486529,0.722226767964495
2008-10-30,-0.0381758171579554,3.86307842149226,0.683630994796308
2008-10-31,1.08536061992299,0.283702659868734,0.575651590284721
2008-11-01,-0.0271614387268024,-5.49227315176292,0.119914213729472
2008-11-02,0.565540392980282,-5.09764923083861,-0.567643767191278
2008-11-03,0.138165632994748,-5.9065162955669,-0.696882837470131
2008-11-04,0.499656414933981,-3.93121369164114,-0.785389702840779
2008-11-05,0.50361367137803,-2.71937085105155,-0.734097265662494
2008-11-06,0.317121413404357,-2.82905291682226,-0.679656528736976
2008-11-07,0.250937040796046,-1.19588553417243,-0.629598968273847
2008-11-08,0.0579072187021688,-3.09688797527316,-0.582050209030415
2008-11-09,0.454255581243987,-3.91128543144409,-0.563904994471007
2008-11-10,0.235392447626394,-3.92046713997046,-0.529334443932715
2008-11-11,0.147020325966822,-2.98898617938987,-0.487129811958677
2008-11-12,0.145552332579771,-3.00468426709979,-0.446474419249046
2008-11-13,0.213877645527382,-1.01281655980215,-0.402724014537992
2008-11-14,0.15767648404891,-1.28173895730047,-0.359546810037034
2008-11-15,0.221120179769517,2.19046708983915,-0.316215070968016
2008-11-16,0.227344861426916,4.340328101589,-0.272394871979136
2008-11-17,0.25117989322254,6.68116625155488,-0.226519104542287
2008-11-18,0.179407857679726,5.66282871137149,-0.179373418949719
2008-11-19,0.0442789672788628,-0.76593717742054,-0.130876907754133
2008-11-20,0.0150646330570753,-2.37129623782461,-0.083691952074552
2008-11-21,-0.310652372318921,-3.88988779862886,-0.0384152268813831
2008-11-22,-0.359163158732633,-1.34095054288906,0.00599679479136084
2008-11-23,-0.133755756056093,0.126010969242183,0.0483939095363524
2008-11-24,-0.0933258069533202,1.15328893625116,0.0909891732497523
2008-11-25,-0.33513117160806,0.530847442490765,0.131057136910207
2008-11-26,-0.456786558342914,-3.29936492348802,0.163509317458562
2008-11-27,-0.0624536525830817,-3.25758162653779,0.174204366020741
2008-11-28,-0.402628735773852,-3.13628058546615,0.197201557182198
2008-11-29,0.213626111864201,-1.24943408353328,0.22945434516562
2008-11-30,0.197759768019842,-0.523487855870175,0.263468326865931
2008-12-01,0.149802820715445,-0.986215187436014,0.298071398114168
2008-12-02,-0.336542487040141,-3.02188352177655,0.329539008722631
2008-12-03,-0.126329253667862,-1.59025441415417,0.360330597737389
2008-12-04,-0.127756121025517,-1.43125016259545,0.395558076693931
2008-12-05,-0.0865402051881641,-1.26741211704277,0.434741949108806
2008-12-06,-0.318747044058074,-2.74179650010359,0.472050993145757
2008-12-07,-0.287649295517929,-2.69437023953061,0.503880577452457
2008-12-08,-0.295352889751953,-2.2869276458721,0.532780223763127
2008-12-09,-0.00557887407084789,-0.542798768703542,0.56357635925818
2008-12-10,0.131141762940689,0.67558806850962,0.59703364813168
2008-12-11,-0.01636000067052,0.140331221563589,0.628849379099756
2008-12-12,-0.0215267311222082,0.0108890000231683,0.65860248417139
2008-12-13,0.244521373691972,1.27172542978702,0.685496837759265
2008-12-14,0.019950256511129,-0.194918996223189,0.719806331100857
2008-12-15,-0.0293118249167293,-1.13608991248902,0.693516457328552
2008-12-16,0.016030692864285,-1.17647335364666,0.68313448427226
2008-12-17,0.0858146074275093,-0.345020872078605,0.695408378274118
2008-12-18,0.33431499436926,1.19717533316839,0.715068065853684
2008-12-19,0.0227607319953738,-0.659513556985856,0.721346242063498
2008-12-20,0.0293534874918399,-0.794273965905575,0.71859409233918
2008-12-21,-0.273235160442134,-1.759412582774,0.601097068143963
2008-12-22,0.449869073693786,-0.637585701122241,0.310230741940452
2008-12-23,0.160772624040221,0.0509714326316266,0.343209819884513
2008-12-24,0.246505830511878,1.23256942764202,0.340219371902522
2008-12-25,0.386291857673659,0.0341687144614116,0.0662102709980585
2008-12-26,0.244646869136506,0.222066835289808,0.0820267992308081
2008-12-27,0.0718892130383881,0.647481559062767,0.124360453010842
2008-12-28,0.0153746710709404,0.502488155148096,0.159830969056886
2008-12-29,0.0707161008452187,0.502539992776135,0.191173918435566
2008-12-30,-0.112470451933055,-1.55721919998463,0.220249665672831
2008-12-31,-0.335883820319706,-2.11033058387563,0.242919779981446
2009-01-01,-0.355169944228941,-1.97217977384216,0.252492063177846
2009-01-02,-0.376510866259476,-2.16578050381972,0.24703947036885
2009-01-03,-0.1953142705654,-1.51583864612202,0.236284915010473
2009-01-04,0.0989610075098845,-0.65740948894776,0.246163025971281
2009-01-05,-0.183527735808816,-1.9482551567432,0.255719871168304
2009-01-06,-0.344598702423731,-2.24374071712783,0.253529750292508
2009-01-07,-0.171612332575446,-1.70435529097303,0.263982423178927
2009-01-08,-0.291897630207342,-1.95631649836684,0.275626054609406
2009-01-09,0.0320181843645129,-0.915237406523289,0.28954820561679
2009-01-10,0.164711936972224,0.130394020979752,0.3082008587114
2009-01-11,0.0855322548937045,-0.216514525744951,0.32586756500909
2009-01-12,0.238887905472866,0.889902513745045,0.342232624509549
2009-01-13,0.170200123233722,2.16782245407336,0.359761548399974
2009-01-14,0.199091658216524,1.73740074907117,0.382629878790158
2009-01-15,0.287079394751933,2.25693737860708,0.404351128894811
2009-01-16,0.383903994589974,3.49291823784724,0.423903946320872
2009-01-17,0.345818445009922,3.66243152956896,0.443863610213224
2009-01-18,0.356031765745272,4.44252166014607,0.464688402334414
2009-01-19,0.337106824631752,4.30833480648449,0.485515375558801
2009-01-20,0.332505610662807,4.21441032117857,0.506555884130029
2009-01-21,0.0361895289752286,1.22101380981571,0.520408064707123
2009-01-22,-0.34850134358789,-3.09402978565369,0.239739226837625
2009-01-23,-0.307403671197246,-3.26781559691014,-0.0233034072726261
2009-01-24,0.0410737006533849,-2.61317156539851,-0.0480631894274763
2009-01-25,0.10970834896663,-1.34609617072571,0.0305428001048362
2009-01-26,-0.00954078393446789,-2.35032115079669,0.0650836228726774
2009-01-27,0.429746025564691,-0.986436713180736,0.0916267659406875
2009-01-28,0.402772901362169,-0.360162570552543,0.115309388056843
2009-01-29,0.261192617549625,-0.294848133072444,0.138599542277456
2009-01-30,0.313500155805674,-0.231910190591988,0.159848746554082
2009-01-31,0.395552330796966,0.183250249073495,0.180012858514923
2009-02-01,0.300999763795436,-0.184585533793543,0.199617524479184
2009-02-02,0.40117480346755,1.03425421329297,0.21996285685846
2009-02-03,0.576868094712115,2.67216491085721,0.242707644528717
2009-02-04,0.413824782390957,2.84778635534951,0.26487720988937
2009-02-05,0.293508952871026,0.216648439385321,0.273938001423787
2009-02-06,0.43176281733432,-1.2445164487285,0.251831854443138
2009-02-07,0.191249406486956,-2.32279434593929,0.19298068275106
2009-02-08,0.216088776080068,-2.17338145565441,0.171124857540151
2009-02-09,0.596868614828714,-1.33837587569212,0.0441043259114307
2009-02-10,0.582178569509117,-0.800985979492727,0.0799852566575194
2009-02-11,0.565559724392619,-2.02780128380235,0.037623514615917
2009-02-12,-0.113363935651082,-2.33081330273964,-0.0141420893620654
2009-02-13,0.104331373901043,-2.68116555485334,-0.0615617006325588
2009-02-14,0.923811796444117,-0.699028556476995,-0.0600973393595043
2009-02-15,1.23130011017787,0.733671031948334,0.000802086335693009
2009-02-16,0.912591977395947,-0.903187060119227,-0.0774398903546722
2009-02-17,-0.0984058708256269,-3.07024999905352,-0.193884358517298
2009-02-18,0.504339959186473,-1.40546261929461,-0.0935455374550682
2009-02-19,0.567021346995459,0.942932651117507,-0.00299719991048919
2009-02-20,0.523794788983267,1.04658337821588,0.0387256110058196
2009-02-21,0.154850716636724,0.676464722795437,0.0688103110524279
2009-02-22,0.239766766005205,-1.87634961276992,-0.0356391189922132
2009-02-23,0.348018166073486,-2.40833309183229,-0.11369360808116
2009-02-24,0.621241313069993,-1.01456870517606,-0.0438691242051692
2009-02-25,0.538980264598732,-0.970019654099392,-0.000561298254620368
2009-02-26,0.718544232310194,-1.59915418853941,-0.00643325023639418
2009-02-27,0.354475271682027,-1.2296746006023,0.00671288355279209
2009-02-28,-0.331968799676904,-0.379183707219271,0.0294315462362098
2009-03-01,-0.612445355138715,-0.988892989006995,-0.0102123738212421
2009-03-02,-0.42162980444556,-1.89264321910215,-0.152635350182118
2009-03-03,-0.881908016765634,-3.23759174909553,-0.205908822505821
2009-03-04,-0.59589101691969,-3.29633728587974,-0.243218847960806
2009-03-05,0.212510261775904,-1.03373215991168,-0.127166651110753
2009-03-06,0.0711728201382202,-1.40619458541043,-0.077898013301223
2009-03-07,0.151119008613286,-0.823041746362458,-0.0412555144998898
2009-03-08,0.108500033333544,-0.65932287555649,-0.00657446327877897
2009-03-09,0.345683232268128,-0.225735660552145,0.029119051105623
2009-03-10,0.077433513590887,-0.18685514383423,0.0630416686198596
2009-03-11,0.083413025049963,0.0228873822496469,0.0953148786901519
2009-03-12,0.000908528025977517,0.0661838184924273,0.129315898964393
2009-03-13,0.0705808236032759,-0.0559212941801634,0.164905805494839
2009-03-14,-0.206861648710993,-2.18646799102228,0.197305390133936
2009-03-15,-0.105739846818261,-1.50376809705271,0.220120270836758
2009-03-16,-0.322472056503605,-1.34709243855075,0.244272697964751
2009-03-17,0.125593644987465,-1.20552471977294,0.277359214045984
2009-03-18,0.334232271528637,0.990309601131216,0.317334301506306
2009-03-19,0.503586045169512,2.3842019363587,0.361165523095594
2009-03-20,0.160797431582651,0.117027525536138,0.405023794688976
2009-03-21,-0.891486183818334,-3.06929594166221,0.427453300455112
2009-03-22,-0.677106107050156,-2.74912053800018,0.326954805539578
2009-03-23,0.32198976990264,-0.683963646901931,0.290923481025108
2009-03-24,0.177585470651485,0.0782214862968216,0.31099573874405
2009-03-25,-0.0112225499249039,0.698066866117655,0.33632539098979
2009-03-26,1.27375445398662,3.36916502112108,0.370732925614986
2009-03-27,0.391637777834709,3.07936093990478,0.424287668415525
2009-03-28,0.6281790244879,3.54389816833518,0.474418852997418
2009-03-29,1.55622998797064,2.32554406744313,0.5357585763165
2009-03-30,0.505997914630718,2.19825673143008,0.604127394725133
2009-03-31,0.518974018191733,3.13310189858107,0.664474060959456
2009-04-01,1.0791977981176,3.42225318789902,0.732632529240758
2009-04-02,0.351810863117648,-0.470049339039389,0.802244325914844
2009-04-03,1.14196063875648,1.20681354184775,0.869292909548054
2009-04-04,0.48642158547197,1.97092376136342,0.940248709655839
2009-04-05,0.968278078194807,7.15090949176312,1.00743386657471
2009-04-06,0.810340308550048,8.81907033825687,1.08145630130492
2009-04-07,-0.720051958367096,-2.25033081310601,1.11565419914038
2009-04-08,-0.698196177148422,-3.09729679153132,0.684040568271044
2009-04-09,-1.77193959670006,-5.04878348188993,0.643423453953671
2009-04-10,-1.46519223160155,-4.46461634308597,0.459989500525852
2009-04-11,0.15704284382923,-2.82001110466519,0.364778990616685
2009-04-12,0.286015821009242,-2.11488614191752,0.366652437565707
2009-04-13,0.105622246554719,-2.3212581963658,0.401489681127088
2009-04-14,0.344010872064784,-1.12397144183713,0.448961329909457
2009-04-15,0.493929341928363,-1.00021822961728,0.50089265507709
2009-04-16,0.741936927671486,-0.201039012825515,0.555259259425803
2009-04-17,0.50594802055033,0.399927716549265,0.62348667192838
2009-04-18,0.780475876148787,2.18604964454024,0.700009436844718
2009-04-19,1.2302889750866,6.32205483930812,0.783555041496073
2009-04-20,1.21616068980964,7.35121927577623,0.86426306418219
2009-04-21,0.986563239095369,8.3360126808081,0.927528937094752
2009-04-22,1.95572143785363,11.8656193656364,0.979225452616248
2009-04-23,0.194171537219438,-0.842395121051323,1.02243150128769
2009-04-24,0.248846096616612,-0.896271519268035,1.04037402921499
2009-04-25,0.345090433377178,-1.83828606299481,1.05178373591704
2009-04-26,0.110040916633066,-1.59350053106701,1.0511898252054
2009-04-27,-0.00228715189692963,-2.87144981016,1.04653339274115
2009-04-28,-0.373210614225435,-3.23897530299306,1.04533634548707
2009-04-29,-0.250929086021577,-2.62739168151103,1.04068883645149
2009-04-30,-0.488007138777793,-1.19202865144321,1.03111909837245
2009-05-01,-1.14263074780278,-5.82341856128118,0.861229386754921
2009-05-02,-1.3577974069823,-7.67875485535885,0.0661638455311993
2009-05-03,-0.717102450851522,-7.46603803736184,0.0182907040016698
2009-05-04,0.376850588120785,-3.60509664390365,-0.00615751653018393
2009-05-05,0.736056812187805,-5.28329572778506,-0.0384732163548565
2009-05-06,1.24275716198081,-4.22170368386564,-0.0496234605701522
2009-05-07,1.48158849629996,-2.07650908379077,-0.0153543123983315
2009-05-08,1.66452444092074,0.363729147534348,0.0547911506898249
2009-05-09,1.45950107153424,1.86589404751544,0.137216624977674
2009-05-10,1.63294200923848,2.79014375729241,0.222997975903658
2009-05-11,1.343581657685,1.41136965617036,0.301260726655874
2009-05-12,1.0187703246117,1.85109198956037,0.369054756156498
2009-05-13,0.683503799629754,2.28093882427681,0.421181206407342
2009-05-14,0.574334951147957,-0.202125001617944,0.453398979867493
2009-05-15,0.45584797078263,0.914701899444921,0.472169027307296
2009-05-16,0.590148539719546,9.68959890508703,0.484717710585894
2009-05-17,0.710601497776748,17.3263106530306,0.499203839945565
2009-05-18,0.2974368611387,10.8208759745331,0.511950847055142
2009-05-19,-0.372345229384355,0.914377658430139,0.520271570832612
2009-05-20,-0.451710622886938,2.88960887967755,0.525900480191655
2009-05-21,-0.372636466000922,4.15392712628364,0.520281646899265
2009-05-22,-0.460141253257051,2.13731645852141,0.510905835008384
2009-05-23,-0.617667566536886,-3.88625856569109,0.502256090433765
2009-05-24,-0.741577442188173,-5.90456146535832,0.494422152380485
2009-05-25,-0.665692582024327,-2.22400074371027,0.484540783698314
2009-05-26,-0.609318421308454,4.05370320563146,0.463358691137111
2009-05-27,-0.519667452321896,9.04960119415609,0.438970583386064
2009-05-28,-0.65060130611421,6.26366083615683,0.422728941278933
2009-05-29,-0.768845561640135,-1.74317118420682,0.418079332881184
2009-05-30,-0.702515605280815,-5.51403184264383,0.414679223875668
2009-05-31,-0.700479777374475,-4.52989200077634,0.408264838845746
2009-06-01,-0.957761520335654,-6.18784829468776,0.402903177839937
2009-06-02,-0.360793158854683,-7.31260251884937,0.403411292568377
2009-06-03,-0.689861782744458,-5.14429517165039,0.39924923640424
2009-06-04,0.487550174474653,-10.0875889954406,0.390868740273421
2009-06-05,-0.273537787995134,-9.48437751067899,0.389706792110083
2009-06-06,-0.153992576676251,-7.48486854380211,0.37684050571848
2009-06-07,-0.292132610779491,-5.49956358177812,0.356478485447026
2009-06-08,-0.395393429437398,-6.60792461966802,0.335208812400601
2009-06-09,-0.39612235315558,-9.59320766753624,0.32310722238724
2009-06-10,-0.535904796098564,-9.28940041640924,0.305728369109401
2009-06-11,-0.376909254437551,-8.52228489633662,0.294507132752695
2009-06-12,-0.461030929887709,-8.00656262630015,0.278563012656386
2009-06-13,-0.443532268793279,-8.98310475573961,0.263016884354976
2009-06-14,-0.376158764944996,-7.84668136415598,0.25765501826673
2009-06-15,-0.375635480768969,-7.83629491861086,0.246856248495869
2009-06-16,-0.414138825139723,-6.23936788896576,0.232813483952638
2009-06-17,-0.316754961210072,-4.5758886873978,0.221090458356252
2009-06-18,-0.219673734602528,3.06556740124689,0.204879290274271
2009-06-19,-0.180834951397659,1.45608813167416,0.190462339681931
2009-06-20,-0.253457394363796,-7.29859661367569,0.198721100922675
2009-06-21,-0.313813386758971,-6.94296906045641,0.205815741081893
2009-06-22,-0.223072661350997,0.0206930644136314,0.201750541537302
2009-06-23,-0.327116840698248,7.44927481554894,0.190309681869153
2009-06-24,-0.246329981987579,5.33844898781395,0.182395620015086
2009-06-25,-0.27355369212253,-2.46403224911325,0.189409207205885
2009-06-26,-0.16291640445798,2.47666262623824,0.198314383756535
2009-06-27,-0.244876245464167,13.3250069730722,0.192124162264607
2009-06-28,-0.148509217061326,19.9084701497477,0.181932465029527
2009-06-29,-0.100682687783956,16.8862466838496,0.182721469850002
2009-06-30,-0.106660127392405,6.11490211738381,0.20301914344427
2009-07-01,-0.178984166477869,1.87231052688536,0.214778368364955
2009-07-02,-0.082126738515079,0.945779551541452,0.224221114914678
2009-07-03,-0.0933812054805675,5.23502959574276,0.231193716414149
2009-07-04,-0.0966513717366803,-4.38103529420738,0.241915245666262
2009-07-05,-0.0129646156069714,-6.99445237951549,0.256179841030979
2009-07-06,-0.0379246029168979,-5.37101267142534,0.271508710258264
2009-07-07,0.00123572254086907,-3.51961503383961,0.277973765575616
2009-07-08,-0.0034984714979861,-2.81432861304015,0.282008918421764
2009-07-09,-0.0230934978688095,-2.66122609485884,0.286309618271795
2009-07-10,0.0464193791872387,-0.205800289663671,0.292020995365605
2009-07-11,0.0399419902499003,-0.384380712203345,0.299072708340285
2009-07-12,0.168371014407144,1.0576581766359,0.300947603135426
2009-07-13,0.0183096281304313,6.74870956576474,0.304863546276722
2009-07-14,0.0481837806297192,11.4816427271118,0.295328819715139
2009-07-15,0.0411108908214889,12.3134697857196,0.28936152775854
2009-07-16,0.0788977628105813,11.911283326299,0.294543296873147
2009-07-17,0.0476838135413278,14.7070273358187,0.295809174861106
2009-07-18,0.0375164020153954,18.0122056483742,0.297493000786072
2009-07-19,0.115749799549799,15.6162570585746,0.296101372824691
2009-07-20,0.0561259585913955,5.5092429363538,0.304050711643915
2009-07-21,0.103818442340324,-0.512590157219215,0.318948172636588
2009-07-22,0.0446513353949235,-2.20516452022337,0.330964855510872
2009-07-23,0.0696532027330644,-3.01377952668172,0.337304076694274
2009-07-24,0.0576311018139367,-8.9433406769546,0.345200045231437
2009-07-25,0.111113545318254,-4.41206781547361,0.354332032355501
2009-07-26,0.100640454329192,5.45644248377977,0.345286513757255
2009-07-27,0.0924661376728038,7.5346128636552,0.335385906896525
2009-07-28,-0.00612141984539324,-3.45871887164537,0.335197701175079
2009-07-29,0.0260201764668621,-9.58963298094911,0.3407461615312
2009-07-30,0.0271593183946347,-10.3961276797606,0.344737724324157
2009-07-31,0.0449393310263204,-7.33159820352873,0.345439204240755
2009-08-01,0.0382405565268955,-4.91102420753726,0.342494934845095
2009-08-02,0.0629844077005448,-8.10346967040894,0.346302192875894
2009-08-03,0.0588741466250084,-9.91302030153173,0.351406780648117
2009-08-04,0.0560829894299017,-5.59007511936502,0.347440579177204
2009-08-05,0.0638919817133759,-8.07542970090082,0.343427562268774
2009-08-06,0.0269010187172639,-12.589463602536,0.339156322162258
2009-08-07,0.0727084385776488,-9.82255695259349,0.346227117195973
2009-08-08,0.0272597108376648,-2.2281112157109,0.33528471168879
2009-08-09,0.0270065084421138,5.2309508707053,0.316523502423251
2009-08-10,0.0848527296291915,10.2218936877821,0.299522505878937
2009-08-11,0.00790522567691096,1.45671045408198,0.29323339141275
2009-08-12,0.037859232167122,4.17822743863617,0.294977973652626
2009-08-13,-0.0477244757221146,0.815645667995629,0.286822963603983
2009-08-14,0.017002937013617,-3.13385487279171,0.286605178173494
2009-08-15,0.0437797688237059,-0.0163027120128199,0.292945513547573
2009-08-16,-0.0011474235618483,4.55937763068941,0.283202301422387
2009-08-17,-0.0311250243225534,3.57265732674901,0.273386456212248
2009-08-18,-0.0499147402815821,2.49350741489576,0.265595555564361
2009-08-19,-0.0384323444064673,-3.35426786215197,0.260100104359145
2009-08-20,-0.0567073947582167,-7.60253106047622,0.261343841453015
2009-08-21,-0.0566257904995371,3.13985512283582,0.254444682606828
2009-08-22,-0.00878411164457901,5.6794861681599,0.237746974906744
2009-08-23,-0.081646294304288,-8.42593845408092,0.237070488675641
2009-08-24,-0.00350095319189264,-4.79492780991719,0.251656616336425
2009-08-25,-0.00977381320423501,-1.25197036726671,0.245351132494362
2009-08-26,-0.044756829292689,2.32763263320573,0.233691367145964
2009-08-27,-0.0336737940924644,7.40537130199566,0.222384954040384
2009-08-28,-0.0174444818503127,12.1753395529791,0.211510702690889
2009-08-29,-0.115026922588259,15.1394850508436,0.197074759258153
2009-08-30,-0.0258094388995835,7.29487998731239,0.183989486705775
2009-08-31,-0.0981525496194022,-3.79890398023797,0.194404459609908
2009-09-01,-0.0993570664989234,2.15224587251523,0.197129539945728
2009-09-02,-0.0841127369600747,10.9087957677747,0.183838564643478
2009-09-03,-0.0532447194851764,12.1343778531769,0.172897668154475
2009-09-04,-0.0824422858780271,2.93597762629267,0.175073110905319
2009-09-05,-0.121790823742736,-7.08717031025413,0.192060529032711
2009-09-06,-0.0577393730239268,-6.91120732936472,0.191487924426163
2009-09-07,-0.0723492105407488,-3.04392169538042,0.196414163560447
2009-09-08,-0.0993278782497487,0.983126351702865,0.192769399939119
2009-09-09,-0.10166387203922,4.97833367743236,0.18347444206865
2009-09-10,-0.114485745169628,9.6964291665604,0.172520938924994
2009-09-11,-0.129563658194378,13.2874944695621,0.160966135941413
2009-09-12,0.0284230061059286,-2.45632775092908,0.168470180528244
2009-09-13,-0.0268496534760773,-11.1199797400343,0.19519684831026
2009-09-14,0.885555219092529,-12.1353012364911,0.194951072654041
2009-09-15,0.283578263951211,-6.49121705739292,0.206700023294935
2009-09-16,0.0183117587410535,-3.61563301473965,0.193107860122361
2009-09-17,0.00649560454977116,-0.251790163397462,0.181878688887707
2009-09-18,-0.0523603250027431,8.50106845326212,0.185430188527146
2009-09-19,-0.124031722336779,4.5448018937707,0.0996422730141546
2009-09-20,-0.052780346615875,5.09695457874059,0.109250410311348
2009-09-21,-0.09988612538017,10.9396103878593,0.109676756077739
2009-09-22,-0.0570670628481474,16.3995592607411,0.122983757328573
2009-09-23,-0.127120689277161,14.0908596353345,0.114919942533704
2009-09-24,-0.0697495859350731,10.0857967242379,0.131578499936325
2009-09-25,-0.112035854764095,12.020215795936,0.205641636995855
2009-09-26,-0.147347915938012,14.9144387946189,0.202091804634074
2009-09-27,-0.160236878715148,17.4060351322352,0.208162822830138
2009-09-28,-0.0822888532717735,2.90967581974788,0.236211550784455
2009-09-29,-0.157888104584517,-5.74226239545201,0.27777360234347
2009-09-30,-0.0760034543239008,-3.19292621903862,0.31876171923908
2009-10-01,-0.126214412144904,-0.187089992563392,0.340257242813408
2009-10-02,-0.136543787795903,3.70830263064784,0.319880504425606
2009-10-03,-0.109632258400418,-3.05196548327127,0.35527696110045
2009-10-04,0.550753689923781,-7.26894744350059,0.389134663447406
2009-10-05,-0.0637222466824278,-4.03438648847143,0.422371021177487
2009-10-06,-0.10097475439664,-1.34892429881588,0.434685943287316
2009-10-07,-0.109217255224916,0.757524030804493,0.44693386405875
2009-10-08,-0.125619464417346,-4.77531330556674,0.466922398722675
2009-10-09,-0.123523583080408,-2.63643978112995,0.486555647717434
2009-10-10,-0.125479390901658,-3.0578613175654,0.504839941501163
2009-10-11,-0.147451030750841,-8.63469039151706,0.534773754602935
2009-10-12,-0.131141984504469,-6.1734167996418,0.559071973851668
2009-10-13,0.0563553594008198,-9.51257424889951,0.226668719807045
2009-10-14,0.820046975202367,-7.52342777211742,-0.629135585954779
2009-10-15,0.472570246244503,-5.16545280221909,-0.706811950680598
2009-10-16,0.430228268011112,-6.9679184052005,-0.797495843752314
2009-10-17,0.396048270155951,-3.79055383862598,-0.799909312160604
2009-10-18,0.509507550126507,-3.88677760244135,-0.778538214515544
2009-10-19,0.195836773762632,-7.94388481559257,-0.736146004288288
2009-10-20,0.803468247257099,-6.9681929186282,-0.694057602130522
2009-10-21,0.468224243691507,-5.31272903582111,-0.656313886985608
2009-10-22,0.484878274505687,-4.41954233036821,-0.619064856818246
2009-10-23,0.494977357329847,-2.24503718624876,-0.58078701188844
2009-10-24,0.447179411626812,-2.59807721701182,-0.541027265073865
2009-10-25,0.600048346760589,-0.921797601783689,-0.494186680624831
2009-10-26,0.556551408994741,2.11185341785865,-0.448692304246351
2009-10-27,0.627624492137601,1.13892721314927,-0.395789170497054
2009-10-28,0.415054589785167,-0.0351292181550047,-0.328783553724355
2009-10-29,0.286844793570624,-1.05347306665003,-0.270007251865594
2009-10-30,0.21222145253219,0.692259478198627,-0.2215023214336
2009-10-31,0.1507259322298,0.0156825881589242,-0.173958762010979
2009-11-01,0.154572413392374,-0.498026506797934,-0.127555128210033
2009-11-02,0.161250168089524,0.427539348237078,-0.0809730450146606
2009-11-03,0.149973508408853,2.32974660249472,-0.0330415980678973
2009-11-04,0.135116383035565,0.728233704433097,0.0188232374139927
2009-11-05,0.192191626362552,-1.28967202497448,0.071638254508728
2009-11-06,0.0279014317861936,-2.26639168438488,0.121678341941974
2009-11-07,-0.0120451803752353,-2.42278208348893,0.167443128096591
2009-11-08,0.028401381122577,-1.51601053417243,0.229998243849247
2009-11-09,-0.0916746540325251,-0.456242141939822,0.285769830206082
2009-11-10,-0.146957724062135,-1.10072293144409,0.332242338854645
2009-11-11,-0.127519436177687,-1.14496713997046,0.378833110247538
2009-11-12,0.320864317022723,-2.56861117938987,0.423588945825026
2009-11-13,0.171459518049158,-2.59912176709979,0.478516361623376
2009-11-14,0.0431867650375856,-0.858837393135486,0.528975638493375
2009-11-15,-0.0197661890939474,-0.466593123967135,0.57848206085514
2009-11-16,-0.0244855325570138,1.20440458983915,0.62313955461144
2009-11-17,-0.0686674137730844,1.43978643492234,0.669325520990991
2009-11-18,0.248565551916417,-2.32070874844512,0.703820774540171
2009-11-19,-0.0113386301570091,-2.11858795529517,0.750935599610578
2009-11-20,-0.26540220757828,-3.26547884408721,0.532161331029323
2009-11-21,0.3824606501183,-2.24531707115795,0.161917444728287
2009-11-22,-0.0503063871107574,-1.71736696529552,0.20480681085522
2009-11-23,0.0737013687775708,-3.00092970955572,0.249268417727423
2009-11-24,0.0422091516173763,-0.218509864091149,0.297554674410583
2009-11-25,0.081675526924231,1.7169972695845,0.344993534977073
2009-11-26,0.0477724016164301,3.0786807758241,0.393316186531657
2009-11-27,-0.114850605274342,-1.87919825682135,0.434865098411064
2009-11-28,0.768456187449571,3.75464754012888,0.442850958971477
2009-11-29,-0.00665819038609639,0.953031914533853,0.475357085656149
2009-11-30,-0.0196226041357993,0.892920083133391,0.511246924586491
2009-12-01,-0.0362664324128115,1.21313714412983,0.548352221556376
2009-12-02,-0.101695711039657,0.48886814589732,0.586168535019671
2009-12-03,-0.0755214938972836,-0.456508521776552,0.626851071741915
2009-12-04,-0.0974496495127604,0.937349752512498,0.666841823408664
2009-12-05,-0.302992462829599,-0.898937662595448,0.704991181250538
2009-12-06,-0.22074210245347,-0.873182950376101,0.749780533682795
2009-12-07,-0.509479329380523,-2.61383816677025,0.443504167749496
2009-12-08,0.134598326522888,-0.754120239530606,0.373669532838356
2009-12-09,-0.188613306705422,-0.476052645872098,0.405305296443378
2009-12-10,-0.22549416537697,-0.437423768703542,0.445762625920066
2009-12-11,-0.471274703508291,-2.45914109815705,0.376777341240331
2009-12-12,-0.176421892915418,-1.63739794510308,0.128091962077656
2009-12-13,-0.146240681816086,-1.90898599997683,-0.280651827123133
2009-12-14,-0.0939847219814973,-1.27158707021298,-0.30603540273957
2009-12-15,-0.0180705439786669,0.505685170443478,-0.222562918105492
2009-12-16,-0.119149435528974,1.08084758751098,-0.159549477438509
2009-12-17,-0.158547501421429,-1.87157752031333,-0.110018902187728
2009-12-18,-0.188653755919429,-1.87566670541194,-0.0690405836288814
2009-12-19,-0.312529931671556,-1.48199133349827,-0.0357154998357556
2009-12-20,-0.170307312086259,-0.781305223652523,-0.00411006627393062
2009-12-21,-0.0873031841816295,-0.817148965905574,-0.0162561939341681
2009-12-22,0.328802152537458,0.908337417225995,-0.0944869189762687
2009-12-23,-0.0233536307143772,0.704018465544425,-0.058478134469556
2009-12-24,-0.0434404543271263,0.650033932631625,-0.0257531510083417
2009-12-25,-0.0487948761819997,1.49688192764202,0.00211551939271581
2009-12-26,-0.275103297101851,0.552918714461412,0.0280841653317028
2009-12-27,0.0945468013887508,-0.47066233137686,0.0221378181016609
2009-12-28,-0.216550274741204,-2.13491427427057,0.022406565138994
2009-12-29,0.000179072540328118,-1.52728267818524,0.031095909854741
2009-12-30,0.233675812355423,-0.885064173890532,0.0357478847498389
2009-12-31,-0.0285681877697895,-0.228802533317965,0.0488394798017096
2010-01-01,-0.0943115351677168,0.589111892824508,0.068721697473745
2010-01-02,-0.0736864718104959,-1.01763467048638,0.0840327626230262
2010-01-03,0.0170291389039877,-1.35608864612202,0.100993106510652
2010-01-04,0.0877307751833538,-1.03988865561443,0.119153546998874
2010-01-05,-0.250547331972081,-2.08240099007653,0.137642079273879
2010-01-06,-0.230102993199242,-2.0731573837945,0.150234571555826
2010-01-07,-0.370616989718303,-2.36612612430636,0.162644945185925
2010-01-08,-0.215256864329791,-2.39477483170018,0.174783204194142
2010-01-09,-0.299788268696712,-2.52994573985662,0.176030542845038
2010-01-10,-0.298140496497164,-2.55973097902025,0.183324674176278
2010-01-11,-0.197178369506295,-2.58566035907828,0.189871148903558
2010-01-12,0.647489861196025,0.215110847078379,0.0705818363248363
2010-01-13,0.241001821356171,-0.257115045926637,-0.0926152378115224
2010-01-14,0.204663514134891,0.139234082404509,-0.0253169542731677
2010-01-15,-0.058248971288883,0.0177915452737487,0.00309959685644534
2010-01-16,0.0643090919777289,0.402564071180577,0.021455007988556
2010-01-17,0.0888549633772689,-0.173026803764371,-0.00489255705599545
2010-01-18,0.154995210561599,-0.0944158398539341,-0.080986757907425
2010-01-19,-0.0306323892457994,-0.276415193515505,-0.125057142887967
2010-01-20,0.0947543078056641,-0.434943845488097,-0.155841917730739
2010-01-21,-0.0881307036778325,-1.35556952351762,-0.151193602463401
2010-01-22,-0.273800799914421,-2.66188395232036,-0.21332816835145
2010-01-23,0.145567607170101,-1.77041976357681,-0.0990060602783278
2010-01-24,-0.131065057224166,-0.28923406539851,-0.0539090059634217
2010-01-25,-0.145383242870105,-1.68630450405904,-0.112880711086877
2010-01-26,0.0485655670345118,-1.01207115079669,-0.140376272521395
2010-01-27,-0.204517101782247,-1.5396658798474,-0.0773458114232812
2010-01-28,0.375871531076455,-1.57941257055254,-0.0356661590763627
2010-01-29,0.151854255100645,-1.42349396640578,-0.00960044653266001
2010-01-30,0.232180777030164,-1.70959769059199,-0.0715926795539867
2010-01-31,0.190778778494925,-0.761228917593172,-0.0314597826160075
2010-02-01,0.201407197183191,-0.0832730337935432,-0.001240388448013
2010-02-02,0.0815239561206115,-1.99532912004037,0.0222476386794725
2010-02-03,0.348725167610075,-1.12521008914279,0.037431548581945
2010-02-04,0.0750390754521816,-0.799526144650492,0.0498134939889323
2010-02-05,0.177362718585311,-1.62035156061468,-0.125105405520229
2010-02-06,-0.183050288788129,-2.25243311539517,-0.0960284677287522
2010-02-07,-0.194712561431411,-2.65250267927262,-0.0731370614339908
2010-02-08,-0.0393610186954428,-2.49344395565441,-0.0334106426956295
2010-02-09,-0.190957244681491,-2.49148004235879,-0.0768071888523534
2010-02-10,0.167942438896872,-2.22613181282606,-0.0466559583046529
2010-02-11,0.0223799364497616,-1.65923878380235,-0.0123724137864953
2010-02-12,0.343646954144836,-0.356146636072971,0.0166489113065658
2010-02-13,0.349816708105125,-1.17824888818667,0.0448730876238588
2010-02-14,0.218831510729831,-1.41298688981033,0.0718450470557204
2010-02-15,0.300868438096236,-1.29345396805167,0.0947819194928416
2010-02-16,0.191863161069417,-1.44831206011923,0.118256178780033
2010-02-17,0.314973798480496,-0.0743541657201856,0.140833360322
2010-02-18,0.238368227676269,0.657995714038727,0.165604480290499
2010-02-19,-0.488205388188214,-1.56658818221583,0.180938823391176
2010-02-20,-0.401558118445305,-1.23062495511745,0.189747059991448
2010-02-21,-0.431133325730623,-1.84195194387123,0.197218618117836
2010-02-22,0.414475396372552,0.322046220563417,0.195216602952757
2010-02-23,-0.778469845436719,-1.74952059183229,0.182388876656147
2010-02-24,-0.597604919583068,-3.03492287184273,-0.0378555205106119
2010-02-25,0.0825967725170991,-0.746623820766059,-0.0364542560009804
2010-02-26,-0.0797134713632752,0.847658311460594,-0.0532390028940375
2010-02-27,-0.425169469468993,-1.36127876726897,-0.468566328517353
2010-02-28,0.154777389147586,-1.0860170405526,-0.139002305140472
2010-03-01,0.196256257106183,0.110190344326337,-0.0726836406749118
2010-03-02,-0.626655894910866,-1.33951821910215,-0.0433747689669381
2010-03-03,-0.643016215269307,-3.02167508242886,-0.22324146491658
2010-03-04,0.00766287467214677,-1.10123311921307,-0.213080977676996
2010-03-05,-0.201837042713892,-0.177086326578349,-0.114966393250131
2010-03-06,-0.139307890555657,1.49847208125624,-0.0721948814127709
2010-03-07,0.0651920787357347,0.404145753637541,-0.0367806785131708
2010-03-08,-0.168391966095027,-0.750302042223156,-0.0118848297926726
2010-03-09,-0.185033570425749,-0.781235660552145,0.0100525984264173
2010-03-10,0.0395705510602746,-1.18041764383423,-0.0107144111428328
2010-03-11,0.145933233213228,0.38572071558298,-0.0142352441062252
2010-03-12,-0.766121148300553,-2.12987868150757,-0.0740754026812569
2010-03-13,0.575726436909398,-0.445504627513497,-0.210835404400505
2010-03-14,-0.000244307404870581,0.369990342311048,-0.148829348101917
2010-03-15,0.143151741263372,1.86094023628063,-0.107080619782185
2010-03-16,0.303099180149456,4.34955339478258,-0.0692763860418566
2010-03-17,0.276376316089506,4.23941278022706,-0.0360238203719967
2010-03-18,0.867365936426597,5.77033043446455,-0.002494059636867
2010-03-19,0.558452587210327,5.5845769363587,0.0371685631717473
2010-03-20,0.243573282194896,3.90161085886947,0.0705612465015091
2010-03-21,0.0493493596918695,1.56280822500446,0.101309470397012
2010-03-22,0.120246851027288,-0.451287204666852,0.1355025016735
2010-03-23,0.5244474231971,1.8883696864314,0.172443512540288
2010-03-24,0.179260333182097,0.902388152963488,0.20605984442001
2010-03-25,-0.851004477108577,-1.77141230054901,0.233379171021384
2010-03-26,NA,NA,NA
2010-03-27,NA,NA,NA
2010-03-28,-0.489279707756998,4.08683566833518,0.308865458030329
2010-03-29,NA,NA,NA
2010-03-30,NA,NA,NA
2010-03-31,NA,NA,NA
2010-04-01,NA,NA,NA
2010-04-02,NA,NA,NA
2010-04-03,NA,NA,NA
2010-04-04,NA,NA,NA
2010-04-05,NA,NA,NA
2010-04-06,NA,NA,NA
2010-04-07,NA,NA,NA
2010-04-08,0.106960671122254,-1.33700512486466,-0.146652746079352
2010-04-09,-0.311087681842915,0.342862351443397,-0.109944496121155
2010-04-10,-0.78963630307094,-2.58492884308597,-0.0897951985582699
2010-04-11,-1.90810564857077,-3.16307360466519,-0.176305921974296
2010-04-12,-1.89397173531729,-4.82817780858419,-0.511288942212869
2010-04-13,0.152976115371046,-3.16615402969913,-0.609773387659728
2010-04-14,-0.11725797944542,-3.32309644183713,-0.589578512700675
2010-04-15,0.0876345233161175,-1.65146822961728,-0.560615256676829
2010-04-16,0.633943658716384,-0.476518179492182,-0.529910481901588
2010-04-17,0.329944064631963,-1.79759311678407,-0.488578007191374
2010-04-18,0.835923731495726,-0.246200355459756,-0.445698537951032
2010-04-19,0.50473600006619,-0.79711182735855,-0.404656740881491
2010-04-20,-1.2091591883909,-4.9000515575571,-0.690429970161256
2010-04-21,-1.10586056979549,-4.8641748191919,-0.901973025943048
2010-04-22,-0.360231454799437,-2.78773480103031,-0.887015961647287
2010-04-23,0.517850535505152,-1.28197845438466,-0.853195681129906
2010-04-24,0.847221272126816,-0.301459019268036,-0.817281911084873
2010-04-25,1.67644547500983,5.6722764370052,-0.768816913681382
2010-04-26,1.19927356479633,5.63956196893299,-0.706278203978326
2010-04-27,-0.951311716794889,-3.78438731016,-0.771530727213216
2010-04-28,-0.672416057245843,-4.68364196965973,-0.918175708792851
2010-04-29,0.853470420182505,-2.3882458481777,-0.968990039402633
2010-04-30,1.1970621302018,-0.219049484776548,-0.951443797404181
2010-05-01,1.261851519136,0.410498105385482,-0.905353996435761
2010-05-02,2.09739665587485,3.83637014464115,-0.843757002186933
2010-05-03,1.99882373608725,4.55560779597149,-0.784992864926147
2010-05-04,1.43042780771262,1.41036168942968,-0.740650984818434
2010-05-05,1.57885110035107,2.0162459388816,-0.704655696869336
2010-05-06,1.38321384214407,1.72581714946769,-0.6668064435485
2010-05-07,1.595934811402,3.31522008287589,-0.63055224877329
2010-05-08,1.07103493561462,-0.516375019132317,-0.593167783305995
2010-05-09,-0.204447001118816,-4.26625178581789,-0.568264650243083
2010-05-10,-0.613408863251315,-6.65131457604092,-0.579782624132885
2010-05-11,1.303891189685,-3.96725534382964,-0.621685958741192
2010-05-12,1.21100716763211,-1.25578301043963,-0.62192164420774
2010-05-13,1.3827842707318,-1.24181117572319,-0.603419516226533
2010-05-14,1.37783362886224,-1.90622916828461,-0.574799033598665
2010-05-15,1.39622057633365,-1.60975643388841,-0.538022086717119
2010-05-16,0.927602805760362,-3.41950526157964,-0.498993424184241
2010-05-17,-0.456629227937537,-8.58548101363605,-0.473977342657874
2010-05-18,0.771264682934619,-6.34843652546687,-0.468012406633417
2010-05-19,0.561176046158502,-7.24716400823653,-0.451938569805601
2010-05-20,1.43469836388857,-5.11295362032245,-0.436108429496192
2010-05-21,0.684619981509282,-6.82211454038303,-0.406251794621254
2010-05-22,0.866710902498052,-7.47914187481193,-0.382426578222896
2010-05-23,1.20262048619781,-4.48382106569109,-0.36244519625984
2010-05-24,0.324193396179174,-7.59443646535832,-0.341863717206157
2010-05-25,-0.150663536799837,-9.49368824371026,-0.325590207598141
2010-05-26,1.07032886048746,-10.6584426277019,-0.355924356903675
2010-05-27,0.604009498453614,-11.9626488058439,-0.409177956513289
2010-05-28,2.0259356031511,-8.49488083050984,-0.460149894286738
2010-05-29,1.96616382121701,-3.10854618420682,-0.486541852747855
2010-05-30,2.0220104005151,0.32075982402284,-0.48951199521568
2010-05-31,1.28098085870716,-4.06380866744301,-0.479024308803554
2010-06-01,1.30527154717455,-8.28416079468776,-0.473709219212289
2010-06-02,1.34460253665552,-6.42758168551604,-0.457781446390333
2010-06-03,1.35427798386779,-6.5064201716504,-0.44708458685323
2010-06-04,1.24553124565833,-5.52177649544059,-0.431719112716827
2010-06-05,1.5889458955967,-2.97958584401233,-0.413159089151722
2010-06-06,1.55351599042579,-2.85347271046877,-0.39117447981241
2010-06-07,0.968694144796019,-5.52489691511145,-0.365678336505662
2010-06-08,0.940387663052398,-5.22546628633468,-0.341078830995105
2010-06-09,0.536666476966869,-7.33762433420291,-0.321827611327316
2010-06-10,0.52180101898715,-6.40525458307591,-0.306181230314889
2010-06-11,0.903892725480816,0.860298436996711,-0.293291013948036
2010-06-12,1.03273318929596,5.79514570703317,-0.288467058972025
2010-06-13,0.823974105900598,8.79085357759372,-0.282277731027795
2010-06-14,0.678211255463167,6.32217280251069,-0.276781053813545
2010-06-15,0.214976102251439,-4.87871158527752,-0.266782709553183
2010-06-16,0.245791662288848,-2.1995762222991,-0.259318832572674
2010-06-17,0.251139574136867,2.02971547926887,-0.256177714683742
2010-06-18,0.0138192211933906,-5.64937009875311,-0.254743554312527
2010-06-19,0.0374204265615251,-9.0229535349925,-0.25052659426497
2010-06-20,-0.0331137974658365,-5.51478411367569,-0.248589337770972
2010-06-21,-0.0892032226773387,-1.03959406045641,-0.2530666025121
2010-06-22,-0.0449514815142624,2.47656806441363,-0.262090041293308
2010-06-23,0.0355595462405272,1.9405039822156,-0.271482866089592
2010-06-24,-0.159726382150844,-3.93013434551938,-0.272980263162697
2010-06-25,1.08008666681625,-10.1957197491132,-0.267988721375572
2010-06-26,0.0395303985624278,-3.83933737376175,-0.26828505192581
2010-06-27,0.00320857086236398,7.10550697307221,-0.280399574630995
2010-06-28,0.122593227836633,9.92853264974773,-0.291813529548
2010-06-29,-0.0500091906410987,2.24395501718298,-0.291742255931786
2010-06-30,0.0909005440361659,-0.43518121594952,-0.287156946770013
2010-07-01,-0.0328920845186853,-5.12710613978131,-0.280671971326474
2010-07-02,-0.0540011213722219,-4.58232461512521,-0.279295209172019
2010-07-03,0.174990521866371,0.965550429076089,-0.282644562454167
2010-07-04,0.0187170076102584,7.41106887245929,-0.285807443065595
2010-07-05,0.0251018821073143,1.36161012048451,-0.288259110011008
2010-07-06,-0.0259141374475101,-9.35584600475868,-0.282242315743886
2010-07-07,0.00194921315311397,-6.88021920050628,-0.277423262224568
2010-07-08,0.0195918182979323,-5.37772444637349,-0.277441098061578
2010-07-09,0.25645646458017,-5.04653859485884,-0.279345651698264
2010-07-10,0.0083101986974428,0.399283043669666,-0.28085912113679
2010-07-11,0.0573889849927575,-1.31519321220334,-0.280960404643768
2010-07-12,0.0180803633867362,-8.01613349003077,-0.27869053958676
2010-07-13,0.101911619967166,-5.82558210090193,-0.272653201424641
2010-07-14,0.0676302106705356,1.8849760604451,-0.273342801878816
2010-07-15,0.0344850467398562,8.1461989523863,-0.279645333744818
2010-07-16,0.0737080101575201,5.99582499296565,-0.283550213214371
2010-07-17,0.0506760932727564,5.647673169152,-0.282077451277495
2010-07-18,0.105106656954171,5.9772681483742,-0.281268707696251
2010-07-19,0.116540102406942,2.62321539190791,-0.277296865226112
2010-07-20,0.0279343585913954,-5.39004873031287,-0.272068172037539
2010-07-21,0.057956690503589,-8.59577765721921,-0.265540612567946
2010-07-22,0.0836404374357398,-4.14458118689004,-0.262597034499685
2010-07-23,0.111863030080003,0.0191371399849452,-0.265893748468405
2010-07-24,0.0992441417323041,1.26063848971206,-0.268144758227798
2010-07-25,0.0380471386243762,-4.64002614880695,-0.268841298874507
2010-07-26,0.0472535446149069,-11.6126825162202,-0.264545529109811
2010-07-27,0.0712609401217834,-10.7358663030115,-0.260127636235914
2010-07-28,0.100111418032158,-7.91226053831204,-0.259517398061608
2010-07-29,0.133920860548495,-3.63600798094911,-0.263808642441298
2010-07-30,0.119670024517084,-3.24214851309392,-0.269659116452155
2010-07-31,0.137414536740606,-3.66595237019539,-0.272751536362091
2010-08-01,0.0519823369350589,-3.03231587420392,-0.275652085471742
2010-08-02,0.105980515455647,-1.09957383707561,-0.281013252010856
2010-08-03,0.0818368935637838,-0.0809578015317278,-0.284488160721964
2010-08-04,0.0199471606952079,-2.56024178603169,-0.289207191680871
2010-08-05,0.0295050102031719,-8.51099220090082,-0.289081586677512
2010-08-06,0.0498376472886924,-6.76938026920267,-0.290957799883567
2010-08-07,0.0449483757205059,-7.12380695259349,-0.29724963715798
2010-08-08,0.00580804553154236,-10.0684028823776,-0.302736680570356
2010-08-09,-0.000114231149722907,-9.33444496262803,-0.306816447336967
2010-08-10,0.0980011198332732,-6.93031464555123,-0.313649073605637
2010-08-11,-0.0138481269761503,-12.6884353792514,-0.319218406659312
2010-08-12,0.0594222476773261,-8.07602256136383,-0.323085173343799
2010-08-13,0.00958778142074243,-4.8199376653377,-0.334889993449853
2010-08-14,0.0463928668095354,-8.32160487279171,-0.340484197713061
2010-08-15,0.0357606512726856,-7.59132354534615,-0.345262836947223
2010-08-16,0.0317420294993762,-1.67603903597726,-0.355615514819189
2010-08-17,0.03698113486112,-4.18219683991765,-0.36530916286006
2010-08-18,0.091932819718418,-6.33995091843757,-0.36680444625871
2010-08-19,0.0609642014710838,1.1137738045147,-0.383736904613653
2010-08-20,-0.0245704195745432,0.350239772857112,-0.334151010220189
2010-08-21,-0.0447960501730065,-10.7087490438308,-0.338961357447217
2010-08-22,-0.0149253002160075,-6.38330549850677,-0.336401818977628
2010-08-23,-0.0224775015859207,4.83324904591908,-0.305624479163585
2010-08-24,-0.0822259427429132,18.3990930234161,-0.330303308996077
2010-08-25,-0.0580351230001534,20.3233212994,-0.259201520231374
2010-08-26,0.0193502676869028,2.05752846653906,-0.270617374591627
2010-08-27,-0.00813514429654605,-5.56675369800434,-0.267424445610328
2010-08-28,-0.112050404870721,-12.6772646136876,-0.287339246015429
2010-08-29,-0.058968630669892,-10.7315566158231,-0.322930033449552
2010-08-30,-0.0656563144097876,-8.27176584602094,-0.357389915348777
2010-08-31,-0.0711661781908308,-3.38171648023797,-0.391443325183776
2010-09-01,-0.112389671886678,5.15182920584856,-0.464887747394824
2010-09-02,-0.0850813544294625,11.8478374344413,-0.469251863704693
2010-09-03,-0.0985540954035436,8.21127368651024,-0.478390000314318
2010-09-04,-0.0672775716739455,5.374248459626,-0.481039098486518
2010-09-05,-0.11631414080396,2.4567880230792,-0.480088949693055
2010-09-06,-0.09137825865658,4.05706350396861,-0.480668290379603
2010-09-07,-0.100126209561157,-3.01752586204709,-0.482316832867406
2010-09-08,-0.115445930494647,-12.7464569816305,-0.478727892014994
2010-09-09,-0.0659500264881998,-10.4453329892343,-0.471173620494355
2010-09-10,-0.0935287345573828,-4.11390416677293,-0.447371882606136
2010-09-11,-0.126607967827031,1.79280696956206,-0.484164822352769
2010-09-12,-0.131986925322643,1.15415141573759,-0.48930347956613
2010-09-13,-0.134199228986281,-7.77900057336764,-0.484892907838109
2010-09-14,-0.0907798568258387,-4.64700956982441,-0.47884654429135
2010-09-15,-0.129238680538585,-2.81082122405959,-0.481707790926286
2010-09-16,-0.140343188850783,-2.40090384807298,-0.482990622568618
2010-09-17,-0.120771197980841,-9.38291516339746,-0.484378084680472
2010-09-18,-0.133040277655804,-11.0235148800712,-0.48532550580819
2010-09-19,-0.0922866791531056,-11.6566981062293,-0.476549348018724
2010-09-20,-0.0590264200852628,-6.57710792125941,-0.470798475784366
2010-09-21,-0.0622677512577211,-7.69926461214074,-0.466411435877307
2010-09-22,-0.0993819910930455,-9.19810740592553,-0.458044208460668
2010-09-23,-0.104060759971038,-5.52728619799885,-0.450975238230549
2010-09-24,-0.117483583012624,2.19869255757119,-0.4493446854152
2010-09-25,-0.127336103972259,9.5681116292693,-0.449175804079807
2010-09-26,-0.138858364125767,12.4156887946189,-0.445947180174303
2010-09-27,-0.127425726462086,14.5441809655685,-0.440024238822578
2010-09-28,-0.154435344089733,18.6466341530812,-0.434472536302146
2010-09-29,-0.130428146595129,16.582550104548,-0.426228433132275
2010-09-30,-0.144710321630023,9.64951128096138,-0.411265473136456
2010-10-01,-0.155507260961231,0.462264174103275,-0.394028838610931
2010-10-02,-0.150984132334678,5.6602817973145,-0.380313259772504
2010-10-03,-0.046650587543275,-5.00952798327127,-0.365835162201779
2010-10-04,-0.0487403582394844,-7.91350994350058,-0.339381267331302
2010-10-05,-0.0922528858661012,-9.50409482180477,-0.315675273776959
2010-10-06,-0.0651380327639874,-5.57713263214922,-0.298170340704777
2010-10-07,-0.155797584694303,-6.05810096919551,-0.284802211515847
2010-10-08,-0.118299577070407,-3.65820913890008,-0.260492469499404
2010-10-09,-0.127593065692653,-0.525356447796613,-0.2427292739321
2010-10-10,-0.162294328044515,2.16093034910126,-0.230280619109881
2010-10-11,-0.154613194016147,3.32514294181626,-0.215369413868514
2010-10-12,-0.171109620912632,7.0897082003582,-0.195990187616068
2010-10-13,-0.187403773554282,8.88836325110049,-0.176411362805801
2010-10-14,-0.157858131246612,12.7020722278826,-0.15661061180884
2010-10-15,-0.170717125265701,11.1048805311142,-0.133853615959795
2010-10-16,-0.163923566984807,6.1412065947995,-0.102103179395455
2010-10-17,-0.251907101305274,-6.57640800529265,-0.0671190760911253
2010-10-18,0.238288967024466,-8.35096510244135,-0.0367021580236155
2010-10-19,0.00275865041569312,-4.40486398225923,-0.00915085034406093
2010-10-20,-0.0759867944571874,-2.85467208529486,0.0117754462335657
2010-10-21,-0.148276471165636,-5.62766653582111,0.0413399135362171
2010-10-22,-0.127768721902476,-6.36439649703488,0.0665082900020746
2010-10-23,-0.106938098588521,-8.59507885291542,0.0829827627432529
2010-10-24,0.0185277084431379,-9.04368138367848,-0.736682480431075
2010-10-25,0.840862957944262,-5.96933926845035,-1.46211818585612
2010-10-26,0.389961425892701,-3.18168824880801,-1.35998205976081
2010-10-27,0.195837162504948,-1.2388019535174,-1.29633006824503
2010-10-28,0.149440056887208,0.896454115178329,-1.24826990500123
2010-10-29,0.0355847353665424,-4.17153556665003,-1.20224469331798
2010-10-30,0.0691526050219858,-6.80349052180137,-1.20909234448517
2010-10-31,0.334052890597147,-2.36962991184108,-1.19286137433121
2010-11-01,0.347384073555639,-1.8775056734646,-1.14754679239325
2010-11-02,0.382616056252789,-1.91648148509626,-1.10311445960984
2010-11-03,0.357577654531302,-0.0922533975052753,-1.05948599481542
2010-11-04,0.390699989076381,3.2447962044331,-1.01525429489983
2010-11-05,0.395087721138062,2.11061964169219,-0.969200187365504
2010-11-06,0.356780394235173,-2.13866251771821,-0.921084880891442
2010-11-07,-0.257217217232378,-6.49676125015559,-1.09693865258872
2010-11-08,0.568833473694006,-4.27728136750576,-1.31615310591881
2010-11-09,0.58476039060421,-2.49026297527316,-1.2453002599253
2010-11-10,0.370741909897049,-3.28663959811076,-1.19717344534262
2010-11-11,0.377800512197823,-1.06496713997046,-1.14963174060211
2010-11-12,0.24918044425172,-1.25606951272321,-1.10316356860606
2010-11-13,0.266062378865485,-2.44305926709979,-1.0576168643474
2010-11-14,0.259585238751871,-1.75798322646882,-1.01268528857979
2010-11-15,0.301062085273399,-0.558613957300469,-0.967882238712644
2010-11-16,0.248555327932782,-0.382053743494184,-0.921468159171754
2010-11-17,0.322011413590181,-0.461442731744332,-0.873310932234682
2010-11-18,0.167062088242948,-1.43547958177846,-0.827515437817663
2010-11-19,-0.242500930157009,-4.39335878862851,-0.792279889398606
2010-11-20,0.339487812993148,-3.07483301075387,-1.07129643480454
2010-11-21,-0.13191500465721,-3.64921290449128,-1.04226866901398
2010-11-22,0.104822533868834,-3.21915863196219,-0.995900333810435
2010-11-23,-0.281000480960388,-3.37517970955572,-1.03203114726096
2010-11-24,0.323454656025539,-1.80284319742448,-0.934367647488077
2010-11-25,0.0428962828425982,-1.79839856374884,-0.869116089543911
2010-11-26,-0.00647165707744746,-1.05659005750924,-0.818010245798981
2010-11-27,-0.349443850016383,-3.23078159015468,-0.870351549277809
2010-11-28,0.0785625469271225,-3.05510245987112,-0.844056303234611
2010-11-29,0.110048028307781,-1.51678058546615,-0.772480402880112
2010-11-30,-0.119687951180697,-0.213017416866609,-0.721537933660136
2010-12-01,-0.0553347897189339,-0.0944253558701744,-0.681619376473948
2010-12-02,-0.294306252574351,-1.54384018743601,-0.639255857792743
2010-12-03,-0.321547067611569,-3.07161268844322,-0.608214915195974
2010-12-04,0.0368523909362192,-0.369941914154168,-0.578851831255089
2010-12-05,0.120156711252034,0.263916504071218,-0.639598814962491
2010-12-06,0.448120456354693,0.792608716290564,-0.673230883486836
2010-12-07,0.101693170064375,0.0997034998964144,-0.590406011691655
2010-12-08,-0.281843360987316,-1.91857857286394,-0.566186969001315
2010-12-09,-0.274475309098892,-1.54396931253876,-0.60394192262544
2010-12-10,0.0854768689087438,-0.835277935370208,-0.536055702529607
2010-12-11,-0.0301336224470665,-1.49584943149038,-0.483957206027215
2010-12-12,0.0631149291253985,-1.26704377843641,-0.443379133495352
2010-12-13,-0.23653460565282,-1.34423599997683,-0.408637855256061
2010-12-14,-0.050649087205987,-1.91344123687964,-0.424079236189335
2010-12-15,0.118626681898884,-0.859877329556521,-0.482493360954491
2010-12-16,-0.0319858534881579,-1.26554824582235,-0.411397066812152
2010-12-17,-0.23751138329898,-2.25268168697999,-0.459503258352792
2010-12-18,-0.376830659927593,-1.79975003874527,-0.59054786093423
2010-12-19,-0.334946090610331,-1.66959550016494,-0.561018871539311
2010-12-20,0.221658651342313,0.845798943014144,-0.429095007855291
2010-12-21,0.202309324879595,1.80974686742776,-0.417347497558972
2010-12-22,-0.0645702192176442,0.107066583892662,-0.412687212056064
2010-12-23,0.195798882673378,0.646955965544425,-0.375470557367301
2010-12-24,0.0647215566932818,-0.0456744007017069,-0.379103066236016
2010-12-25,-0.136511144182,-0.363451405691314,-0.343026476402549
2010-12-26,0.529734463796108,1.34189788112808,-0.342162909375852
2010-12-27,0.175054813633649,0.0411710019564735,-0.329668500410551
2010-12-28,0.0485665206873677,-0.399893440937234,-0.323236425552766
2010-12-29,0.381404557193389,-0.111282678185237,-0.303050828062895
2010-12-30,-0.0661220731139649,0.125373326109469,-0.253476063499258
2010-12-31,-0.0436430555248916,1.02894746668203,-0.225001646183198
2011-01-01,0.209103958709834,-1.16770060717549,-0.279894935525742
2011-01-02,-0.0051135674839653,-1.79169717048638,-0.353613413542253
2011-01-03,0.160174043393784,-1.77663031278868,-0.252446310363194
2011-01-04,0.135201093713966,-0.754971988947761,-0.192676283062989
2011-01-05,-0.0190027714822851,-0.938275990076534,-0.155045155321848
2011-01-06,-0.291171840717609,-2.4390948837945,-0.127304055599744
2011-01-07,-0.278306338681569,-2.47812612430636,-0.10755288627682
2011-01-08,-0.33373966972571,-2.46600399836684,-0.0909385184310336
2011-01-09,-0.443128556206916,-2.38982073985662,-0.0758763163984431
2011-01-10,-0.08099889976247,-1.72400181235358,-0.060655457743283
2011-01-11,-0.250632559547112,-0.700722859078283,-0.0480383622163778
2011-01-12,-0.0917333673434605,-0.894097486254956,-0.0360859911650424
2011-01-13,-0.366460274189525,-2.1133442125933,-0.0301254515753109
2011-01-14,-0.0307195448855169,-1.87272425092883,-0.0362258978927521
2011-01-15,-0.124475225166434,-2.56506262139292,-0.0237911263377275
2011-01-16,-0.421327153736557,-2.89799842881942,-0.0132925269745345
2011-01-17,-0.405238703561507,-2.94979763709771,-0.00504130031898997
2011-01-18,-0.276543475152687,-2.1572075065206,0.00151335038436695
2011-01-19,0.125718946264405,-2.37087352684884,0.012334552878603
2011-01-20,0.0589428669893376,-0.987152178821429,0.0221444515567306
2011-01-21,0.0863999118323715,0.164076309815712,0.0326788387468362
2011-01-22,-0.047338384404217,-0.855383952320363,0.0444492089203918
2011-01-23,-0.0278312756054092,-0.336440596910143,0.0563133009609045
2011-01-24,0.0347497856329767,-0.447088232065177,0.068030789615106
2011-01-25,-0.051637611849697,-1.33899200405905,0.0794149090466059
2011-01-26,-0.0148431505165086,-2.84407115079669,0.0904331564854304
2011-01-27,-0.110945436721023,-2.56977004651407,0.101579953208339
2011-01-28,-0.217678379364361,-3.29330840388588,0.111402253453602
2011-01-29,-0.306090959593233,-3.16251479973911,0.118266654209207
2011-01-30,-0.48689504036114,-3.42380602392532,-0.130184007140278
2011-01-31,-0.0933377626479321,-3.30910391759317,-0.0731076900988281
2011-02-01,0.428314189917884,1.03320613287312,-0.0307984865147293
2011-02-02,-0.0843509817569396,-0.158891620040368,0.00138989129525591
2011-02-03,-0.0246688601450273,-0.78577258914279,0.0250907671488996
2011-02-04,-0.0871068927927164,-1.14169281131716,0.0435198430889052
2011-02-05,0.260530601850617,2.86219010605199,0.0589808656899176
2011-02-06,0.0776909402730959,1.88312938460483,0.0772230894502788
2011-02-07,0.102319444037977,1.36243482072738,0.0946266919752579
2011-02-08,0.654530850447414,1.57468104434559,0.112846639244677
2011-02-09,0.104655111073611,0.403749124307877,0.131704911382021
2011-02-10,0.0440701417540149,0.93880568717394,0.144261308095223
2011-02-11,-0.0193975458114629,1.15103204953098,0.155398990345628
2011-02-12,0.199043601491775,3.3485200305937,0.168638543060426
2011-02-13,0.0868553921051245,2.74566777847999,0.180650532027753
2011-02-14,0.0476678503216682,-0.217945223143662,0.18512577834214
2011-02-15,-0.0583548530874376,0.741129365281667,0.183547927815227
2011-02-16,-0.207509099257114,-2.42547872678589,-0.0519801012257664
2011-02-17,-0.291830469192974,-3.03012499905352,-0.121674516799068
2011-02-18,-0.444095954282915,-4.18258761929461,-0.206429985313882
2011-02-19,-0.0802821000249487,-2.62583818221583,-0.216276458326117
2011-02-20,0.00540992661591955,-2.08322912178412,-0.0681167456528358
2011-02-21,-0.110652696751031,-2.0413686105379,-0.0265734434924241
2011-02-22,-0.0553342038723457,-0.757682946103249,0.00053086650756784
2011-02-23,-0.323763303151004,-1.38452059183229,0.0250922027097906
2011-02-24,-0.561662084644293,-2.44394370517606,0.0384505635311849
2011-02-25,-0.353527523401268,-2.86337382076606,-0.237022562033726
2011-02-26,-0.0462506955265405,-1.58280002187274,-0.105888794846244
2011-02-27,-0.0323588306934828,-0.86146626726897,-0.0507875986330037
2011-02-28,0.0405109074251371,0.106295459447396,-0.0176544840435242
2011-03-01,0.0114648394572032,1.278794510993,0.00887160678933396
2011-03-02,-0.362204104706785,-1.41312238576882,-0.037889108948725
2011-03-03,-0.0894866698268582,-0.491945915762193,-0.127814961645979
2011-03-04,-0.170991010389078,0.680725214120264,-0.0683440641464861
2011-03-05,-0.172580959448586,2.21362200675498,-0.0348364639464749
2011-03-06,-0.847988755861779,-4.11700708541043,-0.102445499701028
2011-03-07,-0.00971678371324503,-1.53827091302912,-0.205351775632986
2011-03-08,-0.325048964380741,-2.26780204222316,-0.136876273825492
2011-03-09,-0.730645569282892,-2.02294399388548,-0.129074771469029
2011-03-10,-0.879665400939725,-2.87248014383423,-0.116326362458265
2011-03-11,0.0588125918254732,-1.59269595108369,-0.115944180822953
2011-03-12,-0.0166478336883082,0.074308818492427,-0.100940824576749
2011-03-13,-0.651963287580398,-0.541608794180163,-0.0898256392674184
2011-03-14,-0.243654024139565,-2.42657215768895,-0.259975642730393
2011-03-15,-0.998652647308057,-3.32191393038604,-0.275228086747252
2011-03-16,-0.420379706299524,-2.03894660521742,-0.375102937266685
2011-03-17,0.0817332426201183,-0.069899719772943,-0.258319497969104
2011-03-18,-0.909807330512179,-1.96650289886878,-0.30053964651522
2011-03-19,-0.15437495543457,-2.6695480636413,-0.395841786043549
2011-03-20,-1.07111410988674,-4.20030580779719,-0.449996728869927
2011-03-21,-0.573468610920375,-3.55504594166221,-0.400337018912115
2011-03-22,0.322157685313002,-0.127599704666852,-0.344787570994721
2011-03-23,-0.950213458668789,-3.4405053135686,-0.407694308452869
2011-03-24,-1.50704829677709,-4.37400768036984,-0.622693786593196
2011-03-25,-0.862471732700413,-3.32603730054901,-0.5115994306659
2011-03-26,-1.08405128193175,-4.71048081221226,-0.571906731450505
2011-03-27,-0.79594115661427,-2.69890989342856,-0.475857288324175
2011-03-28,-0.0566128719202639,-2.02235183166482,-0.428079107502082
2011-03-29,0.140104636950229,0.490689900776466,-0.397860784382339
2011-03-30,-0.260981596797854,1.81771506476342,-0.373457313571457
2011-03-31,-0.377823135277654,1.66735189858107,-0.352086489307099
2011-04-01,-0.0718500092293404,1.84681568789902,-0.331529504623624
2011-04-02,-1.11934480790276,-0.516153505706056,-0.318684158539833
2011-04-03,0.229508241695251,1.27650104184775,-0.306694761344402
2011-04-04,-0.104795427181091,1.42006959469675,-0.28473581250534
2011-04-05,-0.179324125070499,0.182055325096458,-0.262071794391376
2011-04-06,0.357532734672497,0.0565703382568721,-0.238736101799309
2011-04-07,-0.426489693216076,-2.33791414643934,-0.21440956591986
2011-04-08,-0.515135673883116,-2.74154679153132,-0.211342169594122
2011-04-09,-0.343836574740874,-0.986866815223268,-0.206534288932152
2011-04-10,-0.276631801601552,-1.39834550975264,-0.193327741664816
2011-04-11,-0.484695703427913,-2.30451110466519,-0.179372957638344
2011-04-12,-0.173725258092799,-2.00969864191752,-0.164312673589898
2011-04-13,-0.803158630996301,-3.0745081963658,-0.153233888428741
2011-04-14,-0.10309038222093,-0.965450608503795,-0.146624374818472
2011-04-15,-0.141568682398168,0.197219270382723,-0.134246418592027
2011-04-16,0.0405338311816892,-1.23822651282551,-0.119265136655809
2011-04-17,-0.00887905291905788,-2.7463639501174,-0.103964343604336
2011-04-18,-0.968591557483866,-4.80415868879309,-0.091977413062871
2011-04-19,-1.2332572766685,-5.01813266069188,-0.102542553956092
2011-04-20,0.0371457454014732,-1.0571765575571,-0.114781168197405
2011-04-21,-0.219222899598508,-3.16700815252523,-0.115916363645866
2011-04-22,-0.403720130717804,-3.40929730103031,-0.118162930464815
2011-04-23,-0.550189729637704,-2.28445762105132,-0.114503676384654
2011-04-24,-0.251451802975224,-3.9843756859347,-0.124156110845269
2011-04-25,-0.284137454786087,-3.68999439632814,-0.144504263368189
2011-04-26,0.515451161612658,-1.40608386440034,-0.144199217605347
2011-04-27,0.405406890470417,-0.292720643493329,-0.128318987578067
2011-04-28,0.57041738316232,-1.31203780299306,-0.107559340868858
2011-04-29,0.913724620835566,0.316649985155639,-0.0801604015560793
2011-04-30,0.828568830201798,3.37020051522345,-0.049002524949652
2011-05-01,0.431721362401305,3.99293560538548,-0.0159015985230684
2011-05-02,0.630245933425868,6.39978681130781,0.0155469264233963
2011-05-03,0.252852109964804,2.37960779597149,0.0485604180499655
2011-05-04,0.342045832202417,6.81282002276301,0.0759829037288764
2011-05-05,0.440992003208212,9.89378760554827,0.102414935116072
2011-05-06,0.124941314633869,2.83650464946769,0.128810909097148
2011-05-07,-0.46750689961841,-2.81550908379077,0.148373492569397
2011-05-08,-1.1280446586711,-4.67662501913232,0.15546831236925
2011-05-09,-0.64294216740453,-3.73137678581789,0.162334192576792
2011-05-10,-0.41611599141458,0.408456257292409,0.164741655947497
2011-05-11,-0.470057623376222,-3.08240117716297,0.165416377161871
2011-05-12,-0.451410846245439,-1.0365121771063,0.167851495676103
2011-05-13,-0.308275292451879,1.63864715761015,0.170804797386531
2011-05-14,-1.02526994166837,-6.20295833495128,0.177669836697458
2011-05-15,-0.56828887199288,-10.1392356005551,0.101465890839364
2011-05-16,-0.234899268525352,-7.05471359491298,0.0350942813113049
2011-05-17,-0.589470866304884,-10.265356013636,-0.0258305311054192
2011-05-18,0.226231405383598,-8.21929069213354,-0.172500705203058
2011-05-19,0.590416766974829,-3.03714317490319,-0.323529548821979
2011-05-20,0.521676135317143,-2.83366195365578,-0.388953623984016
2011-05-21,0.549883655794996,-4.02944787371636,-0.406659655298559
2011-05-22,0.192791343314378,-6.65260020814526,-0.405896584396754
2011-05-23,0.0762830692998486,-6.91459189902443,-0.400625139778266
2011-05-24,0.265937410056725,-5.15533229869165,-0.390678402613148
2011-05-25,-0.512312320636572,-11.1068340770436,-0.390664327985538
2011-05-26,0.700108388487464,-7.05908846103521,-0.431376936602216
2011-05-27,-0.081307854689243,-8.4860238058439,-0.443851412367217
2011-05-28,-0.279135281134618,-10.5274016638432,-0.444977400466488
2011-05-29,0.629836762278233,-8.34952535087349,-0.466103772778964
2011-05-30,0.523452403780409,-8.15284434264382,-0.483342731437924
2011-05-31,0.295884961645933,-9.44305866744301,-0.488382263153724
2011-06-01,-0.0169986446621848,-12.7648691280211,-0.490552046165731
2011-06-02,0.72979611845144,-9.7766858521827,-0.519810536755092
2011-06-03,-0.0191162781730294,-10.0632743383171,-0.5349125415205
2011-06-04,0.0549113934134289,-12.0320681621073,-0.552872772209454
2011-06-05,0.717200194372213,-11.419002510679,-0.628866509278051
2011-06-06,-0.180647330064006,-14.2793268771354,-1.09462325507142
2011-06-07,1.08094748366949,-10.3693969151114,-1.16870632525089
2011-06-08,1.4038633152973,-7.27415378633468,-1.15551899703448
2011-06-09,1.53680604006891,-6.40091600086958,-1.12302787565168
2011-06-10,1.53542362168103,-6.79665041640924,-1.08668705214707
2011-06-11,1.34404458752163,-9.87822239633662,-1.04797657495722
2011-06-12,1.29232461582658,-9.04720845963349,-1.01164992795847
2011-06-13,1.5836674529455,-4.19429225573961,-0.975345351792973
2011-06-14,1.6381180472999,-0.68551469748931,-0.940644607971654
2011-06-15,1.65090389245552,2.59883008138914,-0.9052809373611
2011-06-16,1.32891386220722,-2.01307622229909,-0.866094933195454
2011-06-17,1.13817159315727,-3.49959702073113,-0.831089215811757
2011-06-18,0.973297519356656,-4.03005759875311,-0.797767051120942
2011-06-19,1.11417480615336,-0.93884936832584,-0.767491025879353
2011-06-20,1.0761458946158,5.77113255299098,-0.743574362397823
2011-06-21,0.864562327690009,10.2454476062103,-0.726483801659998
2011-06-22,0.764365512526554,5.8831722310803,-0.708737636621193
2011-06-23,0.443084348199711,0.21492064888227,-0.683020808387735
2011-06-24,0.310810533587931,-3.61790517885271,-0.658227493442484
2011-06-25,0.292976785591756,-4.97784474911325,-0.639429279223162
2011-06-26,0.251163505814673,-2.85352487376176,-0.624106768822737
2011-06-27,0.265993164331752,-3.26349302692779,-0.614313337834181
2011-06-28,-0.0261779623674488,-14.6543423502523,-0.616962185870147
2011-06-29,1.30982262168543,-13.9390033161504,-0.827792495994897
2011-06-30,0.816654133832084,-8.23078538261619,-0.860745758709911
2011-07-01,0.731925126583355,-1.31233530644798,-0.881129343460619
2011-07-02,0.41667112857212,4.85913371820812,-0.894730057072143
2011-07-03,0.451003353987046,6.80742542907609,-0.898842042131931
2011-07-04,0.396639464764777,6.00411053912595,-0.896430299915755
2011-07-05,0.51221003605585,8.06915178715118,-0.890894363658408
2011-07-06,0.427764145654531,8.00807066190799,-0.882450854977969
2011-07-07,0.412153564173522,5.65863496616039,-0.86955111231852
2011-07-08,0.441620262053034,3.10200472029318,-0.860581097249067
2011-07-09,0.401943081641395,-3.18151776152551,-0.849873006855692
2011-07-10,0.297461094452545,-5.19346695633034,-0.835447190221817
2011-07-11,0.237068100094798,-10.6765265455367,-0.824137316579422
2011-07-12,0.243631289754083,-11.9096126566974,-0.810456761466896
2011-07-13,0.168865386824309,-13.9392071009019,-0.80550169745162
2011-07-14,0.221668838588903,-12.3651072728882,-0.794875186994934
2011-07-15,0.212539577352101,-12.2544052142804,-0.789088479968856
2011-07-16,0.2172639406065,-13.8400708403677,-0.784998248889831
2011-07-17,0.162926463990307,-12.7573059975147,-0.782186181780585
2011-07-18,0.200170299403151,-9.5667318516258,-0.778059803330062
2011-07-19,0.20385844697837,-7.12180544142543,-0.778828131844537
2011-07-20,0.248430535244457,0.842638769687127,-0.782345616631078
2011-07-21,0.264989943483181,1.65063900944745,-0.784937402971098
2011-07-22,0.161890632537781,-1.82339368689004,-0.785094776095768
2011-07-23,0.162452359957554,-5.02211286001505,-0.78230300337178
2011-07-24,0.182797858303733,-4.77134067695461,-0.776730249390334
2011-07-25,0.252068901889682,-5.69573448214028,-0.771050283930764
2011-07-26,0.223592708288376,-3.48220334955356,-0.769574134129536
2011-07-27,0.162608920448314,2.78940453032186,-0.772140144905069
2011-07-28,0.13712752978726,2.35678112835463,-0.776297532865547
2011-07-29,0.157153493683189,-2.56875798094911,-0.778806205930985
2011-07-30,0.105357062966063,-6.84660684642725,-0.778462047280918
2011-07-31,0.108379718291627,-7.51084820352873,-0.778514701602524
2011-08-01,0.0651863243636303,-5.92406587420393,-0.778316729043565
2011-08-02,0.13285881341483,-0.793594670408947,-0.778679856713846
2011-08-03,0.159943977645416,-2.20829113486506,-0.781627389900223
2011-08-04,0.0953129322054119,-10.5609292860317,-0.780076537469325
2011-08-05,0.132116632325621,-6.74686720090082,-0.779856273367647
2011-08-06,0.139580644023386,-5.610838602536,-0.784750015604007
2011-08-07,0.0849455659245876,-8.64855695259349,-0.786700491124246
2011-08-08,0.0847200168784811,-4.8041112157109,-0.788459493116513
2011-08-09,0.0954833280339505,-1.25484079596136,-0.792034009119549
2011-08-10,0.0954649786087834,-0.374314645551227,-0.799266358422266
2011-08-11,0.0866843055952784,-5.68522704591802,-0.802420141175116
2011-08-12,0.0191312607385506,-4.65835589469716,-0.80353347592909
2011-08-13,0.072961182237069,1.07739566799563,-0.811951364271843
2011-08-14,0.0897284927687191,0.786186793874954,-0.816098091666538
2011-08-15,0.060876990946155,-0.0971360453461543,-0.818522545575335
2011-08-16,0.091809638478968,1.10402346402274,-0.822753048202009
2011-08-17,0.0167764140447934,-1.49130100658432,-0.828063719149152
2011-08-18,-0.00429246926117394,-0.480971751770905,-0.833314330092358
2011-08-19,-0.020084742365651,-7.78662202881863,-0.834643592694082
2011-08-20,-0.0351161631699292,-10.0110102271429,-0.835485713306054
2011-08-21,-0.0202623954791289,-9.69643654383085,-0.840772870517644
2011-08-22,0.0270381365186863,-5.84722216517344,-0.844858485992109
2011-08-23,-0.0183249685900023,4.24726987925241,-0.854137242222156
2011-08-24,-0.0392323469061783,5.53469719008281,-0.865361651002182
2011-08-25,-0.0180504850409696,1.17407129939996,-0.867715303008392
2011-08-26,-0.0532285726396278,3.1467992998724,-0.874335729613636
2011-08-27,-0.0492225026638929,2.87376713532899,-0.881353527502017
2011-08-28,-0.0770859044625576,2.90365205297909,-0.882592799619774
2011-08-29,-0.0315198943433614,0.0231725508435616,-0.88406010611393
2011-08-30,-0.0771663960424407,-5.43745334602094,-0.881563260685302
2011-08-31,-0.0685080116602185,-5.80175814690463,-0.881599471336969
2011-09-01,-0.0349001611928009,0.742641705848559,-0.885134467262969
2011-09-02,-0.0642145892049726,6.35723326777466,-0.892485499955155
2011-09-03,-0.0406984366280335,2.9298778531769,-0.895817873507269
2011-09-04,-0.0969302426943536,-1.52710570704067,-0.895740422290721
2011-09-05,-0.104719988150899,-1.6254619769208,-0.892647652878534
2011-09-06,0.000321566567909826,7.05937600396861,-0.893598079232834
2011-09-07,-0.0652431308672795,10.9200574712862,-0.897962008521636
2011-09-08,-0.116351418657912,6.5022721850362,-0.899248127091342
2011-09-09,-0.0875853821616691,5.02397951076569,-0.899505990764382
2011-09-10,-0.0101648702308521,8.15184583322707,-0.902331314416639
2011-09-11,-0.141900656888255,-9.04688053043794,-0.898603162929768
2011-09-12,-0.108802419853255,-5.48618191759574,-0.892795874909638
2011-09-13,-0.10230918955771,-0.882083906700981,-0.890864114010783
2011-09-14,-0.108473006785022,0.252386263508921,-0.891567679016615
2011-09-15,-0.0950540650283812,-5.29013372405959,-0.882532607090866
2011-09-16,-0.109598871463028,-7.59161218140632,-0.873020764921075
2011-09-17,-0.1186652868788,-4.37470683006412,-0.864229160812609
2011-09-18,-0.105938074390498,2.42748511992879,-0.86227362416941
2011-09-19,-0.0984976129490238,6.96557272710404,-0.863269146069398
2011-09-20,-0.0917401490648547,8.81303791207392,-0.860752204681282
2011-09-21,-0.0611887092985375,11.0449020545259,-0.854529640922047
2011-09-22,-0.104228630684882,11.1219759274078,-0.846911191109422
2011-09-23,-0.119154310256753,13.4868596353345,-0.840865129407135
2011-09-24,-0.16144874185344,0.233921724237852,-0.830395050871768
2011-09-25,-0.178086690192667,-11.7387633707307,-0.806993379196781
2011-09-26,-0.0845674718563797,-6.7206237053811,-0.788756264576429
2011-09-27,-0.119866318551882,-0.442339867764847,-0.781371315759198
2011-09-28,-0.10359961163912,5.81146748641455,-0.776699904526406
2011-09-29,-0.0794114129110471,7.22755010454799,-0.768377509236055
2011-09-30,-0.118145557515738,-8.22400955237195,-0.7495893251942
2011-10-01,-0.00731807687959804,-7.09771499256339,-0.727449857122467
2011-10-02,-0.138376165755086,-6.9391557026855,-0.708554212794597
2011-10-03,-0.108749197502459,-9.44000714993794,-0.683869600024398
2011-10-04,-0.120262921831321,-10.5858641101672,-0.662561675826558
2011-10-05,0.809501915766552,-11.4115323218048,-1.05767000580566
2011-10-06,0.676169507644176,-11.5819867988159,-1.29939985487114
2011-10-07,0.635999173999574,-8.0612884691955,-1.50121125067286
2011-10-08,0.399566408480613,-6.10468830556674,-1.49436541606807
2011-10-09,0.417221926960408,-4.71325228112994,-1.46364873394573
2011-10-10,0.0312701707309951,-11.3125279842321,-1.47909919268572
2011-10-11,1.00828739292263,-7.88866955818373,-1.60716623140054
2011-10-12,0.799741607332266,-3.96143763297514,-1.57581637455386
2011-10-13,0.988573860404901,-0.727074248899511,-1.53096297767977
2011-10-14,0.841624851365632,-0.84726110545075,-1.49689102818765
2011-10-15,1.05873171571389,-1.08216113555242,-1.45538255657381
2011-10-16,0.895495161015193,-6.0265434052005,-1.41289188825114
2011-10-17,1.04420339944575,-3.55961633862598,-1.40946079825423
2011-10-18,1.00897801543263,-1.84359010244135,-1.37940817812402
2011-10-19,0.444821223106376,-6.7880931489259,-1.34467336213462
2011-10-20,0.871518485950976,-5.1948179186282,-1.22264510341821
2011-10-21,0.850830344507834,-4.64566653582111,-1.13100838920521
2011-10-22,0.959792554995483,-2.27268816370154,-1.08858305776344
2011-10-23,0.981552275125765,-0.623828852915427,-0.970079227649724
2011-10-24,0.920185329104363,-1.44924388367849,-0.905848497087994
2011-10-25,0.495405991234058,-4.83702676845035,-0.897144397765198
2011-10-26,0.675345069835558,-2.26125074880801,-0.845062256515902
2011-10-27,0.687754652953928,-0.817593620184063,-0.829736725832489
2011-10-28,0.648530335009657,-0.659754218155005,-0.772715452930838
2011-10-29,0.636046865407359,0.24308943334997,-0.712821763703586
2011-10-30,0.569071814736272,1.93055114486529,-0.651959720120019
2011-10-31,0.590177293046126,1.64039092149226,-0.589666690062345
2011-11-01,0.598185352167884,2.00566099320207,-0.522839530948059
2011-11-02,0.482587997477279,2.52510184823708,-0.449450063626222
2011-11-03,0.308045820245588,-0.847420064171941,-0.384880613762011
2011-11-04,0.504269823851891,-4.37037046223357,-0.329368956859468
2011-11-05,0.160446770525817,-4.00125535830781,-0.276954517521497
2011-11-06,0.117593805173949,-5.59628751771821,-0.253330068076158
2011-11-07,0.305827532196193,-5.21965708348892,-0.21472831122683
2011-11-08,0.405012370347067,-2.9291147008391,-0.176639117521972
2011-11-09,0.438142815028699,-1.15017964193982,-0.135333201497787
2011-11-10,0.522141327856233,1.74292290188924,-0.0884119091522013
2011-11-11,0.227173663054966,-0.692717139970457,-0.045832674502301
2011-11-12,0.534104274954577,-2.77388201272321,-0.00833668129283716
2011-11-13,0.377947364416505,-1.44970510043312,0.0294399811623398
2011-11-14,0.220743268711055,-2.42585822646882,0.0674352620946115
2011-11-15,0.295312431967277,-1.7128222906338,0.111794979556208
2011-11-16,0.277088538545027,-0.500366243494184,0.157102179975299
2011-11-17,0.144336649916711,-0.995255231744332,0.202321454659998
2011-11-18,-0.000942901308072286,-2.78470874844512,0.244357067974146
2011-11-19,0.416614442332787,-1.46640045529517,0.286773731841254
2011-11-20,0.145677109482944,-2.04179134408721,-0.0274468003786628
2011-11-21,0.248861609220341,-1.79090040449128,-0.0142045442586993
2011-11-22,0.269261335501488,-1.19126279862886,0.0334872745972321
2011-11-23,-0.00181501101018422,-0.878825542889058,0.0687716380570262
2011-11-24,-0.217955344954052,-2.35755153075782,0.0972211812219523
2011-11-25,0.385411385536476,-2.34364856374884,0.113329101625325
2011-11-26,0.131609683575614,-2.63952755750924,0.138439098843685
2011-11-27,0.161306668897903,-1.99463575682135,0.173983175584847
2011-11-28,-0.0114690596034898,-2.73376912653779,0.212850303199245
2011-11-29,-0.0903025049983414,-3.26911391879948,0.253209205052741
2011-11-30,0.685427160109099,2.43546174980006,0.288148375254833
2011-12-01,0.778950614117801,8.00665797746316,0.340723089271099
2011-12-02,0.231765425450139,4.42626397923065,0.395090011508219
2011-12-03,0.252282854592512,5.38453314489011,0.444197779716735
2011-12-04,0.039019223883158,2.2697872525125,0.492976653330738
2011-12-05,0.0425562309255034,1.62510400407122,0.53754703140418
2011-12-06,-0.00915012642081714,2.19177538295723,0.580084022381777
2011-12-07,-0.0975914737723593,1.72449516656308,0.622067719295456
2011-12-08,-0.0853989797628266,1.11467142713606,0.662638449371875
2011-12-09,-0.0821320963641978,1.7175098541279,0.703156256065818
2011-12-10,-0.148692319336154,1.91886789796313,0.743364641787948
2011-12-11,-0.219237947508291,-0.112370264823715,0.78152021711427
2011-12-12,-0.145692473650112,0.677289554896924,0.815381850311747
2011-12-13,-0.131907812999759,1.3774723333565,0.854566685872842
2011-12-14,-0.114566645654967,0.859329596453692,0.892839537665563
2011-12-15,0.045647464266231,-0.257793996223189,0.921066891330687
2011-12-16,-0.135199006957546,-0.562360745822354,0.952623764251922
2011-12-17,-0.113160510237756,0.176568313020005,0.97935425020404
2011-12-18,-0.0657806931439191,0.744229127921395,1.0071190457945
2011-12-19,-0.141127013794005,-0.0661371668316053,1.033485050017
2011-12-20,-0.163904737800545,0.279007276347477,1.06188805881931
2011-12-21,-0.153143553324487,0.688934367427759,1.08969279781144
2011-12-22,-0.15852829138091,2.16423325055933,1.12033600896396
2011-12-23,-0.220872163040908,1.50789346554443,1.14603987028023
2011-12-24,-0.169168695469984,1.97580476596496,1.16988181397382
2011-12-25,-0.177949931610571,2.28302776097535,1.19413685428268
2011-12-26,-0.182826288285525,2.35335621446141,1.21841817950469
2011-12-27,-0.194126448570433,2.11110850195647,1.24156027581179
2011-12-28,-0.146420889990183,4.04977322572943,1.25803258968336
2011-12-29,-0.326142905933141,1.64882148848143,1.27547481538356
2011-12-30,-0.359811412460904,0.161998326109468,1.28769136086858
2011-12-31,-0.260225295206524,-1.5593858666513,1.30511639679182
2012-01-01,-0.152719021265676,0.976216059491175,2.82466593562362
2012-01-02,-0.256909538586006,0.983281996180285,2.86614072860262
2012-01-03,-0.137567380500094,3.32630718721132,2.90557661856735
2012-01-04,-0.20744409277583,3.40127801105224,2.94838564876179
2012-01-05,-0.214400178959836,3.4064323432568,2.98996272431772
2012-01-06,-0.21481037459516,1.3165926162055,3.03777959691695
2012-01-07,-0.0764865103387116,3.62995720902697,3.0916913323567
2012-01-08,-0.289841206615506,2.37978766829982,3.13908682609657
2012-01-09,-0.155892660615079,2.94111676014338,3.17559544106033
2012-01-10,-0.229772076431858,4.02128985431309,3.22005681476173
2012-01-11,-0.199012246975683,3.89027714092172,3.26462735686687
2012-01-12,-0.224781449547542,3.85669418041171,3.30633560253679
2012-01-13,-0.24099505284791,4.60184328740669,3.34736857069393
2012-01-14,-0.2310370588447,5.49335908240451,3.38259382537062
2012-01-15,-0.282693830717454,2.12368737860708,3.06637146461422
2012-01-16,-0.208972392512067,1.29035573784724,2.94860621204452
2012-01-17,-0.335440368051303,1.9782023629023,2.93213622606139
2012-01-18,-0.310776533438401,3.11306332681273,2.97839941006578
2012-01-19,-0.463104026715187,0.711584806484495,2.57616698309791
2012-01-20,-0.382174496684132,-1.29552717882143,2.2759955468906
2012-01-21,0.251589717546657,-0.754194523517622,0.900580135223223
2012-01-22,-0.227305283506258,-0.627654785653696,0.955384074240251
2012-01-23,-0.485086678870715,-1.39404476357681,0.283567160564782
2012-01-24,-0.337656824571105,-1.67806739873184,0.256886774878338
2012-01-25,0.0704928914156092,-1.12895033739238,0.312046603475086
2012-01-26,-0.35068504561855,-2.45486281746335,0.334980691181318
2012-01-27,-0.0462445531700024,-0.75270754651407,0.350746966376471
2012-01-28,0.100494419729516,0.0392749294474584,0.378105985515375
2012-01-29,-0.00877599676874274,1.25550603359422,0.40357833831771
2012-01-30,0.0356922524587358,1.52586064274135,0.42831378250157
2012-01-31,0.00414457815206792,-1.19706225092651,0.453418894401213
2012-02-01,-0.27238035066334,-1.95052303379354,0.481900239330838
2012-02-02,-0.169826789022246,-2.18295412004037,0.469474117368942
2012-02-03,0.0454087354468095,0.43122741085721,0.487928539840381
2012-02-04,0.180004837786875,3.37430718868284,0.517234192620878
2012-02-05,0.159972874503679,2.81612760605199,0.550076703477695
2012-02-06,0.058346675293504,4.87556688460483,0.582017324965525
2012-02-07,-0.263785548370186,1.25480982072737,0.567266788709283
2012-02-08,0.171196587263741,0.484951877678924,0.505252289183905
2012-02-09,0.181675921604224,1.64449912430788,0.528129557181487
2012-02-10,0.0386804451009536,0.747826520507273,0.552769754454113
2012-02-11,-0.326139988505341,-2.04634295046902,0.575042031171857
2012-02-12,-0.108123400957205,-0.565500802739638,0.595460044052908
2012-02-13,-0.610659162915283,-2.69751972152001,0.197736020500178
2012-02-14,0.192072923791056,-1.312591056477,0.140742553030403
2012-02-15,0.531114157524808,0.750962698615001,0.180937090189051
2012-02-16,0.171667814946967,2.37179210654744,0.224767222712127
2012-02-17,0.136515751215189,2.04577083427981,0.261388443483878
2012-02-18,-0.465364629384956,-1.32448345262794,0.28866118931607
2012-02-19,-0.00951995341270373,0.17220348445084,0.309358115239103
2012-02-20,-0.100137161955509,0.156270878215878,0.33543120111233
2012-02-21,-0.280436616751031,-1.12720194387123,0.361821348551059
2012-02-22,-0.182059222566223,1.17906705389675,0.383208133131138
2012-02-23,0.289083932604098,3.80920857483437,0.415762070280163
2012-02-24,0.162113283845503,3.38266046149061,0.459864559171275
2012-02-25,0.0526644733334256,1.21918867923394,0.499901035471969
2012-02-26,-0.360274788916744,0.217741644793927,0.53608832703967
2012-02-27,-0.48674808661185,-1.08259126726897,0.542431603188063
2012-02-28,-0.184249183432006,-0.220350373885937,0.548150266852906
2012-02-29,-0.932164551057083,-3.42287215567366,0.274925240154197
2012-03-01,-0.888436049441478,-3.77170571910215,0.0757028303831233
2012-03-02,-0.117738720439103,-0.105966749095526,0.0678068368825278
2012-03-03,-0.0847103467156083,1.0936210474536,0.103925669240513
2012-03-04,-0.0199626696526678,2.81649700675499,0.144948676659011
2012-03-05,0.332237520954547,4.07159708125624,0.189619308188269
2012-03-06,0.415126115062265,1.79916658697088,0.23395327860927
2012-03-07,0.168990317578442,3.38763545777684,0.281810761847093
2012-03-08,0.137824294308945,4.39336850611452,0.324202205859714
2012-03-09,0.0606621957949687,4.43845735616577,0.367038949242172
2012-03-10,-0.348035398378609,0.0864915489163138,0.407842721761338
2012-03-11,-0.971231579565859,-1.62554534817424,0.429743658388271
2012-03-12,-0.520043396151826,0.777745372486503,0.445613614055899
2012-03-13,-1.2356564837314,-2.58378049102228,0.395513908378958
2012-03-14,-1.151985294655,-4.28822643038604,-0.102860126328575
2012-03-15,-0.866252644258708,-3.02765493855075,-0.117898358219357
2012-03-16,-1.383610022686,-4.17952471977294,-0.210914650003303
2012-03-17,-1.5947130061821,-3.63139873220212,-0.260528895852271
2012-03-18,-0.674257781769264,-3.20763139697464,-0.266700137732498
2012-03-19,-0.828025449233676,-1.38290997446386,-0.188736502019736
2012-03-20,-0.243517818267314,0.852724891671124,-0.12988957686766
2012-03-21,-0.108471743258426,0.870671128666481,-0.102159340586903
2012-03-22,-1.12974149132185,-1.65279698023526,-0.0872434978227679
2012-03-23,-0.17013910240974,0.463617319630155,-0.0603410150832948
2012-03-24,-1.2978428109045,-1.63074563388234,-0.0319125234334607
2012-03-25,-0.981585238666442,-3.02002247887892,-0.224840569597265
2012-03-26,-0.736472046548609,-1.30872239342856,-0.24130552845168
2012-03-27,-1.33175671347128,-1.33649766499816,-0.249280700802929
2012-03-28,-0.872608931213036,-2.36358093255687,-0.466632629033047
2012-03-29,-0.821381029859078,-1.15724326856991,-0.363134602735073
2012-03-30,-0.181585635032756,-1.35048143475226,-0.313834210750078
2012-03-31,-1.39396900106608,-3.51178847876765,-0.404894466783351
2012-04-01,0.349400567607443,-0.584778505706056,-0.480054873961672
2012-04-02,-0.30089946573332,-1.23420729148558,-0.397705707959759
2012-04-03,-0.039178099344356,-0.399430405303248,-0.344245262409348
2012-04-04,0.193975166113175,-0.741673841570209,-0.344674428497215
2012-04-05,-0.198547451449952,-1.78507549507646,-0.326214907591517
2012-04-06,0.122154339592087,0.0340233535606549,-0.281191819935235
2012-04-07,-0.0510232374749529,1.82986987513534,-0.226300352597467
2012-04-08,0.0130611230550444,3.4997373514434,-0.168661159487592
2012-04-09,-0.182720374417878,1.1870503235807,-0.116254332971683
2012-04-10,-0.907602081387096,-2.58746943799852,-0.0835278268072588
2012-04-11,-1.50448317727647,-4.10038614191752,-0.353104232620652
2012-04-12,-0.937049581200383,-4.25759152969913,-0.739586988718288
2012-04-13,-1.67357209715971,-4.56220060850379,-0.921082716575197
2012-04-14,-0.492288448112454,-3.16478072961728,-0.804455664698706
2012-04-15,0.194649017140873,-1.88276817949218,-0.712953884275599
2012-04-16,-0.27684288957954,0.485511049882598,-0.645295939075273
2012-04-17,0.205243845717553,-1.28111702212642,-0.583417809332091
2012-04-18,0.136999331462107,-1.52840349402522,-0.527796235538867
2012-04-19,NA,NA,NA
2012-04-20,NA,NA,NA
2012-04-21,NA,NA,NA
2012-04-22,0.537886714225152,5.91968821228201,-0.221574878438767
2012-04-23,0.822469769677837,-4.0763131859347,-0.130948527711915
2012-04-24,0.960160968887383,-2.19295272966147,-0.0532215785868089
2012-04-25,-1.49989688499959,-6.18287553106701,-0.0209438662926531
2012-04-26,-0.512287455570399,-4.20338731016,-0.467889145692396
2012-04-27,0.934835157692932,-2.24195446965973,-0.527356929341482
2012-04-28,1.06984811969271,-1.43205834817769,-0.462860115028222
2012-04-29,1.2517566179569,-0.488341151443214,-0.388284644801307
2012-04-30,1.78514350036049,1.84522727205215,-0.301095333444879
2012-05-01,1.21859552771158,-3.28310902202552,-0.203929081471405
2012-05-02,0.905155197311743,-3.75385053736184,-0.109372939442725
2012-05-03,-0.144749468777174,-5.78340914390365,-0.0278736913991482
2012-05-04,0.539876068514336,-4.2098790611184,0.0337215958170702
2012-05-05,1.7586272509604,-0.466578683865643,0.144068871344143
2012-05-06,1.77118586038159,3.79676174954256,0.302883127124712
2012-05-07,2.15666263194115,6.78370831420101,0.510363745929034
2012-05-08,1.88487529357506,9.42162321418211,0.757619149660924
2012-05-09,1.99867328123848,7.48953959062574,1.01634156779242
2012-05-10,1.35392370829725,1.53045298950369,0.995602616177307
2012-05-11,1.31107450150966,4.8458003228937,1.03937056988603
2012-05-12,1.47836630583384,6.74825132427681,1.22658399956226
2012-05-13,0.791162824045916,-1.56785416828461,1.18934090487295
2012-05-14,0.400753564170385,-4.52998560055508,1.19384729903535
2012-05-15,0.353403114331791,-1.95617192824631,1.3562200485201
2012-05-16,0.58370552955634,0.326393986363952,1.21994892428608
2012-05-17,0.262265618608088,-1.77891569213354,1.1579906375282
2012-05-18,0.407351087791155,0.0322734917634708,1.05970081879433
2012-05-19,0.264372613847755,4.04554637967755,1.08805471053192
2012-05-20,0.210928603386833,5.96563545961697,1.11105362899611
2012-05-21,-0.258399483515826,-1.60845437481193,1.13298285056492
2012-05-22,-0.170515926210355,-2.68000856569109,1.14837768465351
2012-05-23,-0.0303821091269487,-0.81776979869165,1.16412409398443
2012-05-24,-0.0781391196569801,-1.79262574371027,1.17818634991132
2012-05-25,-0.827961481063556,-7.37290096103521,1.20648969732744
2012-05-26,-0.842335386934141,-8.18069047251057,1.22759768043801
2012-05-27,0.564221150702117,-5.62088083050984,1.22801468871699
2012-05-28,-0.0948137485789105,-5.44017118420683,1.20874634071043
2012-05-29,-0.19972945989306,-2.77636517597716,1.18856753239075
2012-05-30,-0.0124536647703937,1.95494133255699,1.15626878118505
2012-05-31,-0.167243807845858,6.57990170531224,1.12195090646665
2012-06-01,-0.161524101484674,8.9518141478173,1.08813840577913
2012-06-02,-0.353007324458743,-0.0505868383170611,1.07459795078526
2012-06-03,-0.308191239402898,0.663390171226077,1.07998668745767
2012-06-04,-0.287131170525746,-12.2337108440123,1.11479054987869
2012-06-05,0.182720489038035,-7.64482687713544,1.16238445203985
2012-06-06,-0.0810332371468376,-4.29214691511145,1.14842879485807
2012-06-07,-0.215892665682296,-2.57613295300135,1.10662909318029
2012-06-08,-0.246916266053539,-3.53177016753624,1.0679894326163
2012-06-09,-0.274030387763871,-2.06710874974257,1.0594896348528
2012-06-10,-0.376578420315102,4.53438177033004,1.03979324522169
2012-06-11,-0.316968012173424,10.5434582070332,0.991698190134579
2012-06-12,-0.207553251078993,8.08412441092706,0.957705122214319
2012-06-13,-0.3255154248552,1.09390196917736,0.941556689166341
2012-06-14,-0.33078598942203,2.07708008138914,0.926092733322687
2012-06-15,-0.346289559751968,4.87715294436757,0.923479537825391
2012-06-16,-0.206161296393746,16.4529654792689,0.897755014622474
2012-06-17,-0.240710246439262,10.6032340679136,0.874505916458737
2012-06-18,-0.284198232213985,-0.852891034992506,0.890382568244403
2012-06-19,-0.285430404976041,2.50257005299098,0.919120829394773
2012-06-20,-0.207910776146726,8.69030177287692,0.917558648711867
2012-06-21,-0.239825785187732,-5.41186943558637,0.922962238780174
2012-06-22,-0.245352090494167,-12.3561835177844,0.972339938211439
2012-06-23,-0.157403560763089,-10.1245301788527,0.986345119700589
2012-06-24,-0.173391737020489,-8.57209474911325,1.008013315575
2012-06-25,-0.161558359560021,-9.88704570709509,1.02156446975582
2012-06-26,-0.0901112389335545,-6.79868052692779,1.02762104382754
2012-06-27,-0.102969349306224,0.166490983081054,1.02059415964905
2012-06-28,-0.0735343090084457,-1.20258664948369,1.01681769708001
2012-06-29,-0.11608008722914,-7.78941038261619,1.02650248980772
2012-06-30,-0.0800346913758282,-8.38337697311464,1.03808344885665
2012-07-01,-0.0540203556579362,-10.0519912817919,1.03057413877758
2012-07-02,-0.0178069565009757,-4.42515790425724,1.03888606311428
2012-07-03,0.0420817224674014,-1.54220196087405,1.05538756769952
2012-07-04,0.0519930423522122,0.798068453817844,1.05640505893643
2012-07-05,0.0362381852463674,-5.02380433809201,1.07798295723507
2012-07-06,0.0156871658061752,-0.594240033839611,1.10506081800129
2012-07-07,0.0791140015632385,7.95158805362651,1.09991772657793
2012-07-08,0.0358155723352722,5.76287807180783,1.10055627345186
2012-07-09,0.0564929844117286,2.613991377003,1.12073178517149
2012-07-10,0.0898660249927574,9.75793178779666,1.1353408038198
2012-07-11,0.0849772531826545,16.5829081766359,1.13400846158737
2012-07-12,0.129433289354921,14.7797303990981,1.13257064648597
2012-07-13,0.0705051765480866,-2.79729477288823,1.16478097845128
2012-07-14,0.0934020663316928,-7.87365521428036,1.21740308957682
2012-07-15,0.0402889236269077,-3.05017500703435,1.23754063541088
2012-07-16,0.072594336806634,-12.3712851641813,1.25932146289959
2012-07-17,0.0672406447092729,-14.2107943516258,1.30382621974108
2012-07-18,0.0958796509783703,-9.3022221080921,1.32172973214281
2012-07-19,0.111734967570987,-7.92754873031287,1.3097713611178
2012-07-20,0.13973776560563,-0.370173490552549,1.31586379966096
2012-07-21,0.126296374578597,9.18558547977663,1.29600262196208
2012-07-22,0.0902780722024522,8.87009547331828,1.28275981392817
2012-07-23,0.588496471364957,-2.10281984362127,1.29508749395106
2012-07-24,0.139958119195805,-3.67210948214028,1.33605842852421
2012-07-25,0.0754176126965395,-4.4695366828869,1.35199222519389
2012-07-26,0.0677445482850486,-7.56965796967813,1.37171440942098
2012-07-27,-0.00685073576376058,-8.0343647049787,1.38797264958382
2012-07-28,0.0372741607117601,-4.46504964761577,1.38594155777058
2012-07-29,0.0102660979864715,-2.96364851309392,1.38763635466516
2012-07-30,0.035796785720198,4.59727679647127,1.3799001123588
2012-07-31,0.0209693214248547,8.47699662579608,1.35818001791033
2012-08-01,0.015801132598504,7.48496782959105,1.3607670120283
2012-08-02,0.0124311711148042,7.64800053180161,1.36909335839539
2012-08-03,-0.00669642849429652,0.921299880634979,1.38240567409382
2012-08-04,-0.00565307123123053,-10.0258463675675,1.42044413062104
2012-08-05,NA,NA,NA
2012-08-06,NA,NA,NA
2012-08-07,0.0243303443070525,4.34553461762243,1.42611624804774
2012-08-08,NA,NA,NA
2012-08-09,-0.00604475771774732,12.3960811877821,1.40076368447579
2012-08-10,0.00458801669731909,12.7552937874153,1.38424897113004
2012-08-11,-0.0244396090573677,17.1371649386362,1.37953056874173
2012-08-12,0.00174152264523228,14.6534998346623,1.37324131936538
2012-08-13,0.0211844369319844,17.182874293875,1.367941462317
2012-08-14,-0.0348380964824164,9.41975978798718,1.37501328701746
2012-08-15,-0.0686964636434809,6.71387763068941,1.38856763438122
2012-08-16,-0.0509572700368392,3.43782399341568,1.41790015017307
2012-08-17,-0.0588124855877045,3.35225741489576,1.43604893624066
2012-08-18,-0.0542721724881,4.4143988045147,1.42870894944769
2012-08-19,-0.0772367981051554,-0.185676893809553,1.44535242166127
2012-08-20,-0.0864760361321901,1.82600095616915,1.46720184421952
2012-08-21,-0.064090035154783,-0.0323679985067713,1.47466368767903
2012-08-22,-0.0752153814063288,-3.14754262074759,1.47640876485487
2012-08-23,-0.0924908593143418,-1.09903197658386,1.48437486415834
2012-08-24,-0.0959358678981125,1.90244629939995,1.48444754631196
2012-08-25,-0.11946282439473,-2.81642986679427,1.48814731460845
2012-08-26,-0.130726958174097,-9.10162869800434,1.51282783636639
2012-08-27,-0.116457782013578,-3.07251461368757,1.5414938899799
2012-08-28,-0.054774564547443,3.0653183841769,1.51612251319815
2012-08-29,-0.067820391960808,6.86260915397905,1.50770105096379
2012-08-30,-0.0689479368030757,6.77142935309537,1.48240733259509
2012-08-31,-0.14962698453974,-11.4500666274848,1.51298070138212
2012-09-01,-0.0772740520621155,-9.81003756555867,1.56182307465019
2012-09-02,-0.0771076831586457,1.81421118651024,1.55156108681664
2012-09-03,-0.104224638367823,7.98135262629267,1.51230673494426
2012-09-04,-0.129739478273348,7.2327880230792,1.49635926234668
2012-09-05,0.0333525848536241,-4.61374899603139,1.52735645625441
2012-09-06,-0.0269242422958509,-0.00929669538042432,1.54886338893215
2012-09-07,-0.113688233433422,1.76025135170287,1.55125093579321
2012-09-08,-0.122529770251465,3.36029201076569,1.51193559680392
2012-09-09,-0.128143660271668,1.37901249989374,1.50912822808746
2012-09-10,-0.115962148480092,1.65722363622873,1.5350656794942
2012-09-11,-0.131993047379786,3.56304724907092,1.53141480983822
2012-09-12,-0.162380730618935,2.41477025996569,1.52163400184654
2012-09-13,-0.144080714785022,8.12940709684225,1.5078531177532
2012-09-14,-0.153066309110014,3.11540794260708,1.50191431618531
2012-09-15,-0.112054627626293,6.48051281859368,1.51820980531734
2012-09-16,-0.1225139388788,8.40189733660254,1.52933518755247
2012-09-17,-0.16520420581907,-0.65799404673788,1.55767996707257
2012-09-18,-0.149048034173514,-3.0614481062293,1.60235629417784
2012-09-19,-0.169229598044446,-3.95075375459275,1.62516717198228
2012-09-20,-0.166678706278129,-1.53895211214073,1.6365036654648
2012-09-21,-0.11788644660325,2.54691342740781,1.63497129688102
2012-09-22,-0.159660122420018,8.19350546866781,1.61987873680972
2012-09-23,-0.17616644552691,5.24540089090452,1.61714733383493
2012-09-24,-0.156931266682463,1.21856996260263,1.66789301180953
2012-09-25,-0.152281745325767,3.36166796128557,1.6843671377504
2012-09-26,-0.186354321817188,4.18876429890182,1.67985389171237
2012-09-27,-0.155321775410549,7.51863415308121,1.67997507805771
2012-09-28,-0.197854159196761,4.37546677121466,1.68679473127881
2012-09-29,-0.171292934323901,2.82315711429472,1.716230965321
2012-09-30,-0.147885923573476,11.0663683407699,1.71309498974328
2012-10-01,-0.157498581102025,13.9080942973145,1.71311919252845
2012-10-02,-0.18171412093103,16.3215345167287,1.71870453559127
2012-10-03,-0.156889170925199,14.2006567231661,1.72870731207219
2012-10-04,-0.217643729131407,-5.7311156551381,1.79560304584186
2012-10-05,-0.181038651539498,-6.90748679881588,1.86760074348791
2012-10-06,-0.158605850653487,-6.11535096919551,1.92545644685831
2012-10-07,-0.193814440743877,-4.69310497223341,1.96425862375918
2012-10-08,-0.195958784876326,-5.37837728112994,1.99539061084884
2012-10-09,-0.178954874575127,-4.1422988175654,2.0364245818278
2012-10-10,-0.209283749118188,-2.11056539151707,2.04716160398855
2012-10-11,-0.221050552586101,-9.21120846630847,2.10149407678213
2012-10-12,-0.243597100003262,-7.41976174889951,2.13837033321512
2012-10-13,-0.203817991899673,-4.36340693878408,2.14716355561963
2012-10-14,-0.210710746326926,-1.48282780221909,2.14430126727781
2012-10-15,-0.212099165188888,0.76385242813283,2.13974938625516
2012-10-16,-0.224263653615478,1.88025866137402,2.12543903959005
2012-10-17,-0.204213153546963,-0.233902602441345,2.16069241927268
2012-10-18,-0.201258698155736,7.3138443510741,2.16288655908249
2012-10-19,-0.222897047681677,-2.0576929186282,2.19362096730593
2012-10-20,-0.24880757100237,-3.38677070248778,2.26159392366818
2012-10-21,-0.225109892596354,-4.84752149703488,2.36019060051951
2012-10-22,0.253232477493112,-8.51541218624876,2.45009955760415
2012-10-23,0.574499453749261,-5.54309805034515,1.26063109386704
2012-10-24,0.767405609617731,-6.37269343511702,1.06320014342337
2012-10-25,0.392368553402905,-3.70981324880801,0.911245290558567
2012-10-26,0.272288544872295,-2.63221862018406,0.842785263450374
2012-10-27,0.141245988152514,-0.32035838482167,0.775705112158525
2012-10-28,0.12533725006042,2.27275610001664,0.727979027165055
2012-10-29,0.153253398899537,2.73050947819863,0.714482559323059
2012-10-30,0.0780875831685752,0.806370088158925,0.725201701768714
2012-10-31,-0.121993023423952,-5.66548484013127,0.749451156076526
2012-11-01,0.135003712007891,-4.44112731842959,0.499453389348137
2012-11-02,0.221733428963955,-3.81327423083861,0.509352850968988
2012-11-03,0.168265220504952,-2.4001412955669,0.53926263291349
2012-11-04,0.129936599342144,-0.776963691641141,0.565358366275015
2012-11-05,0.114417687688235,1.85767081561512,0.598025051531764
2012-11-06,0.173379080685989,4.51650958317774,0.640803467748736
2012-11-07,0.0676788095144139,1.99871863249424,0.692373760969022
2012-11-08,0.0709736376409443,-3.70353380860649,0.758093940726739
2012-11-09,0.130362407203171,-4.63880626477743,0.840506030540086
2012-11-10,0.363493072605986,-2.90386297330379,0.882670259061677
2012-11-11,0.162569706048455,-1.44990284605654,1.14140568778452
2012-11-12,0.163821661069566,-0.677559267099789,1.08976714216885
2012-11-13,0.117217767486565,-0.373337393135486,1.08281657749633
2012-11-14,0.0431884942529913,0.0495943760328643,1.09226631056526
2012-11-15,0.0167529809940066,1.32313375650582,1.11117282523462
2012-11-16,-0.0700297729404314,0.666390601589002,1.13043218944742
2012-11-17,-0.0685201264509295,-2.16320874844512,0.918481439535925
2012-11-18,-0.0759074308100703,0.337057878038162,0.299853012061452
2012-11-19,0.0104770471972302,0.962791989246127,0.173767722283344
2012-11-20,-0.116602979922517,0.905724595508716,0.257686097156927
2012-11-21,-0.135113432661778,0.864862201371142,0.197945460885116
2012-11-22,-0.0255067185693678,1.58450968438367,0.174014697509467
2012-11-23,NA,NA,NA
2012-11-24,NA,NA,NA
2012-11-25,NA,NA,NA
2012-11-26,NA,NA,NA
2012-11-27,NA,NA,NA
2012-11-28,NA,NA,NA
2012-11-29,NA,NA,NA
2012-11-30,NA,NA,NA
2012-12-01,NA,NA,NA
2012-12-02,NA,NA,NA
2012-12-03,NA,NA,NA
2012-12-04,NA,NA,NA
2012-12-05,NA,NA,NA
2012-12-06,NA,NA,NA
2012-12-07,NA,NA,NA
2012-12-08,NA,NA,NA
2012-12-09,NA,NA,NA
2012-12-10,NA,NA,NA
2012-12-11,NA,NA,NA
2012-12-12,NA,NA,NA
2012-12-13,0.128258131452398,1.50285405297543,-0.358386060861154
2012-12-14,-0.0120809212847893,2.51939350377681,-0.313424173927696
2012-12-15,0.0400213097771482,2.22691008751098,-0.277534195253077
2012-12-16,0.109106928129591,1.38138081302,-0.247903230844139
2012-12-17,0.0363950505295503,0.890208294588061,-0.351968982138425
2012-12-18,0.387150431103954,1.49932116650173,-0.348344314945752
2012-12-19,0.263058019505578,1.45186144301414,-0.277620533934745
2012-12-20,0.409293445940819,3.66260103409443,-0.228444204841541
2012-12-21,0.189827929598682,2.79629575055933,-0.206077447901642
2012-12-22,0.0425088034897043,-0.167023201122241,-0.385596318523091
2012-12-23,0.0925017758769553,-0.978674400701707,-0.426302768514626
2012-12-24,0.153803890185347,-0.103138905691314,-0.343838072343813
2012-12-25,-0.245167050407974,-0.981206285538587,-0.327694491484405
2012-12-26,-0.119249609223494,-0.806016498043525,-0.399352674230115
2012-12-27,0.0212424529485922,-0.914539274270567,-0.267771044866206
2012-12-28,-0.150487273010692,-0.159782678185238,-0.205740977312864
2012-12-29,-0.07104467050172,0.0277899927761349,-0.163785084260784
2012-12-30,0.0996960623526595,-0.268073366651298,-0.125222728407986
2012-12-31,0.102763755272131,0.152294416124372,-0.0900921552211185
2013-01-01,0.0753345489139159,0.108382726157841,-0.520900166178099
2013-01-02,0.099795720401749,1.05157366284695,-0.497748746235576
2013-01-03,0.00998243939378363,0.168223853877985,-0.474963724099865
2013-01-04,0.0645688123262109,0.301861344385573,-0.454171200965865
2013-01-05,-0.130956411237387,-0.351671823409867,-0.436020612643497
2013-01-06,-0.134398983484956,-1.10774071712783,-0.615705292373424
2013-01-07,-0.0681317299632013,-1.01370945763969,-0.586010032837423
2013-01-08,0.0911775344457189,-0.55117066503351,-0.541835427200352
2013-01-09,-0.193647564370181,-1.49696657318996,-0.511813810533975
2013-01-10,0.229253697217122,-0.151189312353582,-0.488776559935035
2013-01-11,0.10220010420799,-0.189139525744952,-0.46285559403268
2013-01-12,0.116873749064703,0.192006680411712,-0.440507225942341
2013-01-13,0.064216730825559,-0.116490045926637,-0.420504412736638
2013-01-14,0.0913473193430546,0.410525749071175,-0.401813114560962
2013-01-15,0.00417761409887207,0.0052707119404154,-0.386832463450276
2013-01-16,0.138134729120586,0.74983490451391,-0.370647936709371
2013-01-17,0.168955049336453,1.5956398629023,-0.35286976332774
2013-01-18,0.293859762071803,2.21058416014607,-0.334121293287413
2013-01-19,0.25695187687665,2.39227230648449,-0.313969671544609
2013-01-20,0.202037624213827,2.0094311545119,-0.293126207807485
2013-01-21,0.308510410036453,1.74363880981571,-0.27228182540711
2013-01-22,0.233604054371293,2.20474104767964,-0.251764352868149
2013-01-23,-0.022434972585001,1.43414273642319,-0.235741488188963
2013-01-24,-0.460759157387432,0.00301593460148908,-0.24064099414116
2013-01-25,-0.346819802870105,-0.602825337392378,-0.304551786575931
2013-01-26,-0.0776515974552842,0.00434551586998033,-0.312462951195826
2013-01-27,0.156536255278977,-0.980290879847403,-0.295259410464423
2013-01-28,0.353090638505027,-0.261829237219208,-0.274443629637182
2013-01-29,0.3522996204884,0.0397352002608891,-0.252126110414792
2013-01-30,0.231782506826083,0.0268814760746792,-0.229907985686211
2013-01-31,0.312056427066354,0.800416915740163,-0.208860406594694
2013-02-01,0.34438608363217,1.48287279953979,-0.185641844466793
2013-02-02,-0.164567070001838,-0.432558286707035,-0.166458004417358
2013-02-03,0.200281960181503,-1.49671008914279,-0.150025333065682
2013-02-04,0.283239690146059,-0.439442811317159,-0.128457679519222
2013-02-05,-0.170059939373873,-2.03795572728135,-0.108607859249293
2013-02-06,0.235943513660851,-1.46012061539517,-0.0860066184694985
2013-02-07,-0.271391347717125,-1.90810684593929,-0.0669967657492325
2013-02-08,0.083840599916802,-1.60450645565441,-0.0535773712276
2013-02-09,0.127749945685856,-1.55491754235879,-0.0326376026239878
2013-02-10,0.286970403386668,-0.53931931282606,-0.0123317376210759
2013-02-11,0.302048891168129,0.488282049530983,0.0112566940159669
2013-02-12,0.253991202308101,0.807457530593695,0.037753783284169
2013-02-13,0.270266716105124,0.494042778479994,0.0637976042477839
2013-02-14,0.260558464199219,0.749908943523005,0.0887521357428338
2013-02-15,0.394652301116644,2.48144186528167,0.115190325119225
2013-02-16,0.329827540661253,2.20300043988077,0.14325740735606
2013-02-17,0.424979857337638,1.10427083427981,0.170697289190054
2013-02-18,0.291366330043616,-0.77579595262794,0.19825555253068
2013-02-19,-0.627998142612704,-2.59654651554916,0.181043436335639
2013-02-20,0.42489692171796,-0.358312455117455,0.0834585545266044
2013-02-21,0.265803564473459,-0.343097777204562,0.0902808372669761
2013-02-22,0.079451088454185,0.248212887230084,0.111212845327003
2013-02-23,0.301865828114302,0.711854408167706,0.131723180354468
2013-02-24,0.0982147945230547,1.17526462815727,0.161825911449614
2013-02-25,0.244890029251793,1.68523034590061,0.188874301679965
2013-02-26,0.454860129616317,2.00905414479393,0.219561904049945
2013-02-27,0.372309690122844,3.32047123273103,0.25250594633757
2013-02-28,0.531124762935341,3.6267954594474,0.285565024036213
2013-03-01,0.276138672371489,2.692732010993,0.320906433731861
2013-03-02,-0.0112695218496419,3.38166928089785,0.354173051778632
2013-03-03,-0.637740411867675,-1.18875841576219,0.373904895166419
2013-03-04,-0.0213306054911186,-1.6097539525464,0.392545817631425
2013-03-05,0.269167878755495,0.116413673421651,0.42249501174966
2013-03-06,-0.108929279535249,-1.03861125207709,0.424210252641561
2013-03-07,-0.533725901835694,-2.08333341302913,0.395788160563717
2013-03-08,0.0595572457417077,-0.813177042223156,0.397494081305253
2013-03-09,0.389707316349761,1.10686850611452,0.41394241687122
2013-03-10,0.0404305073051727,0.570228189499103,0.439997094998663
2013-03-11,0.102552334682616,1.45767904891631,0.467349614398859
2013-03-12,0.223006112515773,2.54949631849243,0.502315362412818
2013-03-13,0.192242618182868,3.0845578724865,0.543889818189833
2013-03-14,0.19739555447268,3.79709450897772,0.591352026042963
2013-03-15,-0.0187607794713223,1.21535690294729,0.637067434324414
2013-03-16,0.361564700231089,3.18776172811592,0.688878101563766
2013-03-17,0.257432512905833,1.94928778022706,0.747332252659851
2013-03-18,-0.173665059818302,2.20253876779788,0.803848782607779
2013-03-19,-0.41731614993253,1.3950144363587,0.850700319915225
2013-03-20,-1.0980756067847,-2.1435558077972,0.860272701171458
2013-03-21,0.079306583365339,-0.469712608328876,0.836317917373621
2013-03-22,0.58131266220688,1.93581696199981,0.841598571855758
2013-03-23,0.151365984596517,1.37045301976474,0.855660665601399
2013-03-24,0.367106317182097,3.72530481963015,0.87163165993293
2013-03-25,0.0306776201159127,1.31258769945099,0.901294778169673
2013-03-26,-0.115442871319503,0.160852521121078,0.937812561643711
2013-03-27,0.0394962766102194,-0.527305726761888,0.97634421200264
2013-03-28,-0.219325606532509,-0.0727684983314889,1.01336956967658
2013-03-29,0.249610472868596,3.89937740077647,1.05897200540612
2013-03-30,-0.203574489206017,1.59421506476342,1.09985333419108
2013-03-31,0.206939610028468,-0.298773101418926,0.633950595307653
2013-04-01,-0.0610855684130138,-1.00828847876765,0.586486214965184
2013-04-02,0.277638674546219,-0.546007672372722,0.594157631318218
2013-04-03,0.0603900689605572,0.0967927085144193,0.620596351166519
2013-04-04,-1.36950764718109,-3.58163873863658,0.631092660441931
2013-04-05,-0.217067627111315,-1.49581967490354,0.594471522560653
2013-04-06,-0.887201417572401,-2.39859632840979,0.577786436644699
2013-04-07,-0.437085169795668,-1.74755997977268,0.575451988403864
2013-04-08,1.01922847387199,1.76903654180201,0.569024302483779
2013-04-09,1.12008121693259,5.03015401811007,0.562260669189063
2013-04-10,0.972520360275999,5.75840449024736,0.583039351373303
2013-04-11,0.805332197796578,2.17825972866814,0.62441916176916
2013-04-12,0.534146474152099,2.47915552474914,0.692106260430548
2013-04-13,0.357138770228189,0.100075136967534,0.752818986833001
2013-04-14,0.774420510350499,1.96696605816287,0.804129789083753
2013-04-15,-0.954860287296127,-3.37071822961728,0.840178810949723
2013-04-16,0.349908140569444,2.05554432050782,0.871274819164301
2013-04-17,0.267119436060534,3.69505271654926,0.894668705452977
2013-04-18,-0.0858732325859073,4.46640381120691,0.913092956104236
2013-04-19,0.134384398433536,5.80274233930812,0.923353718351745
2013-04-20,0.365773317646372,5.6363234424429,0.930879041033206
2013-04-21,0.289846283911696,8.3593876808081,0.939783771898513
2013-04-22,0.193035966833216,9.02018186563636,0.942164865797682
2013-04-23,-0.185665585392807,7.06404237894868,0.95032216570806
2013-04-24,-0.217159789914,5.76935348073197,0.95155102884026
2013-04-25,-0.942443828663638,-0.979786062994805,0.946177390247972
2013-04-26,-0.680136432754689,3.50941613559966,0.941164235325425
2013-04-27,-0.61917530257448,4.84096685650667,0.922607953164282
2013-04-28,-0.500667343205027,8.10796219700694,0.903052403316072
2013-04-29,-0.61050361010321,9.88771248515564,0.882820096469263
2013-04-30,-0.743629862859426,7.83340884855679,0.870184362444955
2013-05-01,-0.730267337190532,11.5445397720522,0.864953926457294
2013-05-02,-0.787102873921072,15.0742243113078,0.841505269339526
2013-05-03,-0.860181423912747,13.9412327959715,0.818320474255503
2013-05-04,-1.01334668861391,11.4446741894297,0.797072563908698
2013-05-05,-1.5472188988326,-0.559483227785062,0.791563620968275
2013-05-06,-0.860311681284498,-4.20101618386564,0.787168591102542
2013-05-07,-1.56459530614902,-3.50702991712411,0.783840202770549
2013-05-08,-1.15029098577314,-1.76041668579898,0.75159632417055
2013-05-09,-1.11955112364943,-0.465730952484556,0.722109851465215
2013-05-10,-1.19172016008397,1.07560209062574,0.687945927528014
2013-05-11,-1.10356140492724,7.06518215617036,0.650130177788792
2013-05-12,-0.987346036286255,10.1994253228937,0.617387381426296
2013-05-13,-1.0745385420029,9.50450132427682,0.597648394986441
2013-05-14,-1.22982925157857,4.71958333171539,0.577184895819799
2013-05-15,-1.24940713150308,0.887389399444922,0.566937691444736
2013-05-16,-0.777275084851883,-5.49017192824631,0.57629014622556
2013-05-17,-1.16908361544774,-2.74408518030272,0.576298783319769
2013-05-18,-1.19189834482048,0.670146807866455,0.553997355619199
2013-05-19,-1.12217801016803,5.13231515843014,0.519068338338013
2013-05-20,-1.05735847284612,9.96046304634422,0.493526765291602
2013-05-21,-1.21337341808255,1.43503129295031,0.472613066129989
2013-05-22,-1.14253550191011,-1.37151687481193,0.476117747283419
2013-05-23,-1.21574226253689,-2.34425856569109,0.478602886069414
2013-05-24,-1.1794122707596,-0.469790632024983,0.463801185836453
2013-05-25,-1.15728564047331,-2.57806324371026,0.452439255991047
2013-05-26,-1.16302304971662,-5.01879679436854,0.439156714092584
2013-05-27,-0.928276063668835,-8.70791963917724,0.451106709055089
2013-05-28,-0.718225293787679,-3.65523499717651,0.439728997743184
2013-05-29,-0.708471231925849,-3.80852535087349,0.406383487973139
2013-05-30,-0.834415843648162,0.0919681573561739,0.390979464285557
2013-05-31,-0.861988621292843,7.81398299922366,0.370695704221825
2013-06-01,-0.91896878360096,13.9771100386456,0.343941993207148
2013-06-02,-0.811800857630193,11.0480641478173,0.325099651959979
2013-06-03,-0.883101679805682,1.45678816168294,0.316940930344527
2013-06-04,-0.880958822913102,-3.80654732877392,0.321853599299181
2013-06-05,-0.851692838362481,-2.49948167734566,0.326136314895942
2013-06-06,-0.784819663451761,0.698318956197895,0.3151558647706
2013-06-07,-0.748316394697858,11.7971864182219,0.297998165267114
2013-06-08,-0.621357906172092,20.082575380332,0.270590225960032
2013-06-09,-0.718766451359661,-5.65383266753624,0.274139682301903
2013-06-10,-0.699891125339381,-9.02640041640923,0.315780437974266
2013-06-11,-0.64035987288653,-3.61020156300329,0.329293800243739
2013-06-12,-0.51616252743873,1.57179154036651,0.311111946033766
2013-06-13,-0.456038610752463,1.63914524426039,0.314509087050517
2013-06-14,-0.489773387393976,4.79683946917736,0.315699536843527
2013-06-15,-0.465581452850601,4.88951758138914,0.305658315823612
2013-06-16,-0.433270187588703,1.55740294436757,0.305350344568621
2013-06-17,-0.442580890189664,-2.2960761873978,0.306420057083002
2013-06-18,-0.296981912561711,-7.96424509875311,0.31708350342852
2013-06-19,-0.290608495071128,-4.20093270165917,0.332358491544291
2013-06-20,-0.358843581302571,-1.22009661367569,0.333077323935772
2013-06-21,-0.302830301779379,1.85011427287692,0.327916922932483
2013-06-22,-0.230555009350997,5.6572347310803,0.318215137587024
2013-06-23,-0.349880750086003,-10.1963501844511,0.338576237347945
2013-06-24,-0.00541538117125245,-16.0225093455194,0.374244705685202
2013-06-25,-0.135144642575058,-13.3459489157799,0.392369816184774
2013-06-26,0.278161486737355,-5.70854570709509,0.367013939166036
2013-06-27,0.39041186580114,3.06848613973888,0.32909338425221
2013-06-28,0.29266478342847,11.0613451497477,0.283360044380334
2013-06-29,0.219488517522167,18.2374341838496,0.238365021969966
2013-06-30,0.107259409832084,16.0143812840505,0.209006306668489
2013-07-01,0.0720664914813147,17.620727193552,0.195171375378862
2013-07-02,0.104364230464513,15.1149670515415,0.177277952564207
2013-07-03,0.017545381458208,11.3625087624094,0.181665191370339
2013-07-04,0.104683776998014,14.6684647057926,0.173231479429097
2013-07-05,0.0859023239848652,2.53640178715118,0.190194631506365
2013-07-06,0.121004453817796,-2.69878350475868,0.222553901296552
2013-07-07,0.115906478459237,2.13073913282706,0.236983215826132
2013-07-08,0.140713803604055,4.99731722029318,0.246490398103163
2013-07-09,0.139090432743435,13.9658989051412,0.24543575192774
2013-07-10,0.084853817472953,8.74484554366967,0.245850347344209
2013-07-11,0.0670047172376555,1.40476512112999,0.26485511874129
2013-07-12,0.0725904980806138,-2.2825918233641,0.284267898826225
2013-07-13,0.14692833425288,6.46773039909807,0.287531153113052
2013-07-14,0.167718092466454,4.74255939377843,0.287060485180103
2013-07-15,0.116082330821489,-3.35421771428036,0.298404527140746
2013-07-16,0.14145465938201,-11.2811333403677,0.315843976009313
2013-07-17,0.161173475582144,-4.17405599751466,0.329736511911364
2013-07-18,0.245448385443967,3.25103898170753,0.321068220927733
2013-07-19,0.148645240366125,5.82769455857457,0.31305585516307
2013-07-20,0.0760533177750689,5.49184710302046,0.303874064881226
2013-07-21,0.156135738421956,3.70103484278079,0.301287557536146
2013-07-22,0.217777061925536,1.11021047977663,0.31579100496008
2013-07-23,0.0865754575085747,1.75551213998494,0.34309052679499
2013-07-24,0.11453555977312,6.04061765637872,0.343354752306614
2013-07-25,0.148629615522335,5.55349468452639,0.308570089101253
2013-07-26,0.137728242084295,2.26129665044643,0.301255732713336
2013-07-27,0.128652088693212,-0.953491303011468,0.30946249553347
2013-07-28,0.0976318217872598,-3.8107397049787,0.314919999162514
2013-07-29,0.0949861111607397,-10.8941121476158,0.336057109908628
2013-07-30,0.164557322476267,-7.29114851309392,0.348552571396312
2013-07-31,0.16214827869979,-4.39111903686206,0.340509663853309
2013-08-01,0.108126864281998,-5.02908670753726,0.34241948727462
2013-08-02,0.0916639987209529,-0.917678003742282,0.342255465697194
2013-08-03,0.138484377645416,-2.59772863486506,0.331981722036898
2013-08-04,0.150722141185004,-5.72434595269835,0.329901352083562
2013-08-05,0.127397693550111,-5.56590886756749,0.331583557177015
2013-08-06,0.0964742954519577,-9.83273443586933,0.33452763563756
2013-08-07,0.0891284353123426,-14.2520777859268,0.329935032656161
2013-08-08,0.130258208796848,-10.3727153823776,0.334382499901261
2013-08-09,0.0842363035441547,-10.559819962628,0.329458038058395
2013-08-10,0.0765030938740895,-10.2044813122179,0.32327956166895
2013-08-11,0.0641711685340538,-6.33666454591802,0.311887844864732
2013-08-12,0.0875917444120201,-1.49489756136382,0.299382411776978
2013-08-13,0.0059317169309466,3.9067498346623,0.28732184933624
2013-08-14,0.0301680885238211,2.30637429387495,0.272662917856991
2013-08-15,0.0408820920890121,-1.52063604534615,0.263005041306876
2013-08-16,-0.0100484896842973,1.08760679735607,0.248150294591888
2013-08-17,0.0165620964937731,0.244844826749013,0.240285614382088
2013-08-18,-0.0519290210979086,4.79561158156243,0.238451744353408
2013-08-19,-0.0125667308554469,12.7066904711814,0.210245944788401
2013-08-20,-0.0440787416969922,0.930343939523777,0.192730444714841
2013-08-21,-0.0306024991525983,-2.64354071049751,0.20473730400896
2013-08-22,-0.0301563807874362,-7.10928466517344,0.222833682594413
2013-08-23,-0.0352380257328594,-6.87356345408093,0.233117417605642
2013-08-24,-0.0122298526204641,-5.09596947658386,0.22680244839764
2013-08-25,-0.0144201495307656,-7.92559536726671,0.210804031804447
2013-08-26,-0.061174893782485,-6.96478403346094,0.207145706199465
2013-08-27,-0.00917290454144404,-0.866691198004339,0.203109106987412
2013-08-28,-0.0539067020135779,-1.93907711368757,0.187907685190921
2013-08-29,-0.0826411433229533,-2.6314941158231,0.1829404647837
2013-08-30,-0.0404518695118284,3.71183832064572,0.178786855610408
2013-08-31,-0.0411528408030756,4.8482626864287,0.164280584631595
2013-09-01,-0.136841220131576,-0.440441627484773,0.157938869723727
2013-09-02,-0.0657373524702788,-8.043808398892,0.155324980730359
2013-09-03,-0.042108156954564,-4.94991381348976,0.167490660081101
2013-09-04,-0.0797023471841495,-4.31420987370733,0.169065239892106
2013-09-05,-0.0475149522325315,-4.68044114358747,0.17063218516272
2013-09-06,-0.084966784289233,2.99627183730194,0.173746002821022
2013-09-07,-0.129239466867279,9.22049497128624,0.153467607997476
2013-09-08,-0.0914468317191364,11.3986055183695,0.141723315412351
2013-09-09,-0.124184687386159,11.9366461774324,0.137046077657894
2013-09-10,-0.0926185384757501,-1.74921666677293,0.13728655773115
2013-09-11,-0.0913954097862144,-9.66719303043794,0.157457995703226
2013-09-12,-0.086101204832847,-7.16724441759574,0.168136801652648
2013-09-13,-0.108972427353628,-3.04235474003432,0.159297944539092
2013-09-14,-0.119177993968696,-3.28005123649108,0.158266178284395
2013-09-15,-0.0853526674773608,-3.47442539072625,0.171655121332775
2013-09-16,-0.107071142483436,-3.74136218140632,0.180391230081921
2013-09-17,-0.073028448348188,-6.79068599673079,0.188200307900611
2013-09-18,-0.0761875827741716,-1.77078571340455,0.206075701539915
2013-09-19,-0.10150327498984,3.4700518937707,0.208625216618054
2013-09-20,-0.0715620792689363,-3.85829542125941,0.209283834217797
2013-09-21,-0.115219181461803,-12.9195562788074,0.24181269278628
2013-09-22,1.19187366956002,-10.3390032392589,0.284690802398579
2013-09-23,0.657154460845288,-6.20303619799885,0.262658300208139
2013-09-24,0.444371517983294,-6.51882827576215,0.221860255801372
2013-09-25,0.418706458705292,-7.28986753739737,0.214590527085724
2013-09-26,0.295520977776273,-4.9723737053811,0.218987747744801
2013-09-27,0.247923235815465,-2.22673570109818,0.211360727653926
2013-09-28,0.157825136197614,2.63605081974788,0.181992596396397
2013-09-29,0.0529524084767078,-5.98101239545201,0.153294051962335
2013-09-30,-0.00487930111573753,-8.47032205237195,0.132725314519543
2013-10-01,0.134613864181626,-4.82486082589673,0.132171721776547
2013-10-02,0.0746852526938932,-3.30544736935216,0.131220515129375
2013-10-03,0.0594520428379495,-0.750486316604604,0.145976523769471
2013-10-04,-0.0494839319211171,3.19186505649941,0.151555697545525
2013-10-05,-0.00523923353957062,5.07436351152856,0.151690889966852
2013-10-06,-0.0546671631313344,6.19105486785078,0.153804146940089
2013-10-07,-0.063277081575936,6.20119069747116,0.15602176589873
2013-10-08,-0.0839183025969378,0.565645027766591,0.170814640310009
2013-10-09,-0.0853957274069386,-4.30925228112994,0.185711856317147
2013-10-10,-0.0864595191465559,-3.62215298423207,0.198841511755494
2013-10-11,-0.110100943322269,-2.11819039151707,0.215537909998551
2013-10-12,-0.105157339598346,-1.6577917996418,0.232116244603144
2013-10-13,-0.133371922297139,-2.32911591556618,0.258078132074657
2013-10-14,-0.11726033394049,0.695093061215916,0.280986826105448
2013-10-15,-0.142114950408558,3.22140136444758,0.301120906024277
2013-10-16,-0.148628230601133,5.38253992813283,0.319551270436806
2013-10-17,-0.165041542494661,4.50350866137402,0.342270623318573
2013-10-18,-0.159932196461249,5.43290989755866,0.365552861001777
2013-10-19,-0.180671242090429,6.79151101774077,0.388695330019137
2013-10-20,-0.198659368898004,6.03370291470514,0.417588080882088
2013-10-21,-0.189052532390125,5.51402096417889,0.443023621617977
2013-10-22,-0.194876953371864,7.70570766963179,0.474748560103126
2013-10-23,-0.212420044094643,7.24290031375124,0.509587566840168
2013-10-24,-0.233023415638495,-1.58936888367849,0.550114929928152
2013-10-25,-0.211031528341452,0.523660731549644,0.594237709708485
2013-10-26,-0.235237348148116,4.55172841785865,0.623977429740934
2013-10-27,-0.210546320433827,1.68615637981594,0.653442284985934
2013-10-28,-0.251472306214833,-2.95865005148834,0.680980105004573
2013-10-29,-0.271400483980396,-2.5377647333167,0.719060443596024
2013-10-30,-0.227191646161688,-1.95536552180137,0.775326010631704
2013-10-31,-0.272045577974282,-0.189234078507743,0.818844429974839
2013-11-01,-0.278133605383136,3.01414015986873,0.849430677838225
2013-11-02,-0.313509700318639,3.72058101490375,0.881910811761465
2013-11-03,-0.297935779101351,0.149913269161391,0.929155552423774
2013-11-04,-0.316257157437905,1.1442337044331,0.985956740934874
2013-11-05,-0.337699260657856,2.24797380835886,1.02939398591221
2013-11-06,-0.337314387805643,4.34206664894845,1.05460784241828
2013-11-07,-0.350480859314011,7.34786374984441,1.07370439692094
2013-11-08,-0.37851407602028,5.31892696582757,1.10862920180942
2013-11-09,-0.382882798440688,4.88967452472684,1.14499922629804
2013-11-10,-0.369994989368257,4.80108956855591,1.18454648874669
2013-11-11,-0.351356976047075,4.07213702669621,1.23244401496554
2013-11-12,-0.43299183656379,5.45518048727679,1.26280912788952
2013-11-13,-0.41072590497125,5.69123239956688,1.30068353659477
2013-11-14,-0.4413146886767,2.93120427353118,1.3401212542319
2013-11-15,-0.384045642073539,1.19151104269953,1.39371821879388
2013-11-16,-0.414283253454973,1.05715458983915,1.43836865858134
2013-11-17,-0.439692858409819,-0.577692731744332,1.47921405570747
2013-11-18,-0.439973195838684,-0.243167081778456,1.5139861871793
2013-11-19,-0.379826736605989,-0.67775462196184,1.53393478045358
2013-11-20,-0.485387993863994,-0.710478844087206,1.04479406551375
2013-11-21,-0.132876261228639,0.630453762175384,0.265395524320572
2013-11-22,0.1934230392321,3.50750803470448,0.236825225700336
2013-11-23,0.00195909865512189,0.45598695711094,0.236146491923301
2013-11-24,-0.129787467239767,0.431365135908851,0.251078009591444
2013-11-25,-0.1397358094023,0.488455602917829,0.274118043395694
2013-11-26,-0.19558764760806,0.281222442490765,0.300080389984772
2013-11-27,-0.225709259485771,1.99611424317865,0.324758572749725
2013-11-28,-0.179941958787163,4.73783504012888,0.350245039659701
2013-11-29,-0.188052089814668,3.91763608120052,0.380982363074218
2013-11-30,-0.205449667727636,3.09681591646672,0.413745579265926
2013-12-01,-0.243822358371995,2.81917881079649,0.448462779034665
2013-12-02,-0.225312982713127,2.73620147923065,0.481840099892604
2013-12-03,0.000342641041491953,0.992324811556781,0.515726317692695
2013-12-04,-0.234014913422964,0.451641419179165,0.577189576594243
2013-12-05,-0.269411797645925,0.638687337404552,0.629314605544042
2013-12-06,-0.23916922805347,0.589379549623898,0.671576958803613
2013-12-07,-0.1748971368744,-1.44512983343692,0.664097069887053
2013-12-08,-0.196735027762827,0.103629760469393,0.664152992324968
2013-12-09,-0.207007191139708,0.438114020794569,0.68048380032335
2013-12-10,-0.263852481295338,0.578763731296459,0.695418136191623
2013-12-11,-0.281642435508291,1.41065056850962,0.709151814783088
2013-12-12,-0.254793414629704,2.44139372156359,0.727198475434649
2013-12-13,-0.235397126142616,2.67730566668983,0.746447114337295
2013-12-14,-0.297543656103946,2.83993376312036,0.766341700215325
2013-12-15,-0.315181434264381,2.71383100377681,0.786053066046122
2013-12-16,-0.301389990304485,2.94838925417764,0.805151808088633
2013-12-17,-0.331923680539797,2.98454747968667,0.823827415485639
2013-12-18,-0.325432860711266,3.00314579458806,0.838080486770577
2013-12-19,-0.223678095834821,2.29232116650173,0.856713518704808
2013-12-20,-0.357655200820953,1.60188227634748,0.893902785176694
2013-12-21,-0.324848081406119,2.02183020076109,0.918929660836393
2013-12-22,-0.321582687299277,2.70442075055933,0.941062083257951
2013-12-23,-0.290980259449071,3.54770596554443,0.960094724456583
2013-12-24,-0.339057897102637,2.68811726596496,0.979877468225828
2013-12-25,-0.296315277161592,3.50300692764202,1.00146492327226
2013-12-26,-0.298806584612055,5.45671038112808,1.02364950835712
2013-12-27,-0.363799359264311,3.71046266862314,1.04631588712757
2013-12-28,-0.290494157924877,4.00554405906277,1.07183902728701
2013-12-29,-0.288813932357631,4.40565482181476,1.09453255911535
2013-12-30,-0.283094209767026,4.89312332610947,1.11378684396789
2013-12-31,-0.341147374382034,4.87053080001537,1.12912051475824
2014-01-01,-0.332813692228941,4.67384105949118,1.15292030218632
2014-01-02,-0.354167037932945,4.22753199618028,1.17048197527996
2014-01-03,-0.3457093105654,4.46228635387798,1.18747604676189
2014-01-04,-0.336862194694197,3.33086134438557,1.20503878284211
2014-01-05,-0.312831782747591,4.52839067659013,1.22482117556714
2014-01-06,-0.396135766097201,4.7379051162055,1.24185192921554
2014-01-07,-0.331014354591773,4.47272804236031,1.25414951877557
2014-01-08,-0.462035103488975,0.63182933496649,1.26716418841139
2014-01-09,-0.409407181496712,-0.431133239856623,1.2831852123331
2014-01-10,-0.32331775698696,1.21003985431309,1.30004246789478
2014-01-11,-0.339057416281806,0.278693807588382,1.31543835111455
2014-01-12,-0.0755110567475421,2.67763168041171,1.33416031667397
2014-01-13,-0.325791483615257,2.10398912074003,1.35364940970728
2014-01-14,-0.33525803451817,2.70644241573784,1.36736778914912
2014-01-15,-0.333248511770516,4.36818737860708,1.37915315906218
2014-01-16,-0.321584812430434,6.76795990451391,1.39249213157041
2014-01-17,-0.329534319724772,7.68866069623563,1.40602606630696
2014-01-18,-0.359515430254728,6.8644799934794,1.41889191582939
2014-01-19,-0.367138039858044,6.97908480648449,1.43072002773662
2014-01-20,-0.356577875867805,7.55234782117857,1.44410625958491
2014-01-21,-0.389812110616608,6.79140964314905,1.45864762513512
2014-01-22,-0.415813989302176,5.6295952143463,1.47233515937918
2014-01-23,-0.435385523360512,5.68633023642319,1.48179244719277
2014-01-24,-0.401861149469064,11.5508909346015,1.4844491620032
2014-01-25,-0.451989435115003,8.45994549594096,1.49054113236747
2014-01-26,-0.459162922843039,6.16301218253665,1.50350596681129
2014-01-27,-0.481818447659798,5.38147995348593,1.51727253555303
2014-01-28,-0.516832807372525,4.83471242944746,1.51531131729362
2014-01-29,-0.215720825960579,0.390547700260889,1.51915920417103
2014-01-30,-0.0748883273861622,0.430318976074679,1.51864101548664
2014-01-31,0.167487709352068,0.314333582406828,1.53700036622113
2014-02-01,-0.0940570420821156,1.44426863287312,1.56559368294711
2014-02-02,-0.316914713267144,0.838545879959632,1.57673146716908
2014-02-03,-0.044622275981762,-0.365230922476123,1.57295632358995
2014-02-04,-0.302649509853941,-0.195463644650493,1.58194842030565
2014-02-05,-0.338692065088158,-0.0209348939480143,1.58730570696951
2014-02-06,0.204128006722075,-2.3582664487285,1.57550730625205
2014-02-07,-0.612388462655901,-3.09629434593929,1.56816717511009
2014-02-08,-0.671352599675034,-2.83654812232107,1.08673371503655
2014-02-09,-0.696882912599858,-2.42245920902546,-0.38136793349993
2014-02-10,-0.248716822327618,-2.25040264615939,-0.418425046847319
2014-02-11,0.0492182043926186,-1.23846795046902,-0.331942412738365
2014-02-12,-0.190526874916388,-0.857313302739638,-0.296208164923417
2014-02-13,-0.180032511486712,0.310876111813327,-0.273459723711884
2014-02-14,-0.308284763719148,-1.78923688981033,-0.255229113415509
2014-02-15,-0.519662820434377,-1.688349801385,-0.24177378752384
2014-02-16,0.213560552089825,1.02210460654744,-0.277737534386362
2014-02-17,0.160569223215189,0.253875000946481,-0.269486748616457
2014-02-18,-0.153581713548221,0.59507904737206,-0.249752157896577
2014-02-19,-0.107524355045357,0.384390984450841,-0.234053209549587
2014-02-20,-0.0895360156697946,0.692020878215878,-0.215580097496817
2014-02-21,0.119574081534683,2.5623188894621,-0.198422564443324
2014-02-22,0.135352343964389,2.73667122056342,-0.178927334163195
2014-02-23,0.153810661012261,3.13812524150104,-0.158333670651631
2014-02-24,0.186635752090401,3.55824379482394,-0.136204517072888
2014-02-25,0.220801358802813,3.40131367923394,-0.112147188996596
2014-02-26,-0.0923890860571528,-1.28042502187274,-0.111715493255406
2014-02-27,0.254626064816721,-0.114153767268969,-0.410511448949431
2014-02-28,-0.767515555676904,-1.46928787388594,-0.490353856747868
2014-03-01,0.812593449677611,2.383732010993,-0.453117560318309
2014-03-02,-0.573113282992499,-0.349184885768815,-0.383940449653195
2014-03-03,-0.713466066561552,-1.63530008242886,-0.418842819941657
2014-03-04,-0.167332646307445,-1.19964978587974,-0.48211104095524
2014-03-05,0.0114286397350873,0.520684506754984,-0.409205672819196
2014-03-06,0.57920687213822,0.639847081256239,-0.497101502217524
2014-03-07,0.361244963552061,0.694374920304208,-0.416986688241255
2014-03-08,0.177437998966197,0.92911462444351,-0.373287275585299
2014-03-09,-0.113050044466565,2.76303517278119,-0.34440518021138
2014-03-10,0.405410986815377,0.920499022832437,-0.407925160098453
2014-03-11,0.868757695498942,3.93009571558298,-0.409629062715453
2014-03-12,2.06970998516883,11.9374338184924,-0.356018092799503
2014-03-13,1.54120635568491,8.66041203915317,-0.299001594902595
2014-03-14,0.714747769329823,4.11782367564438,-0.259115573850122
2014-03-15,0.56665560828378,3.94325273628063,-0.222222641858977
2014-03-16,0.911735265945375,5.68807422811591,-0.180458674869658
2014-03-17,0.652279144905833,1.92322528022706,-0.138092750992912
2014-03-18,0.381329051855168,0.983830434464549,-0.0996586505218504
2014-03-19,0.484657423700123,4.1848269363587,-0.0652828977940345
2014-03-20,0.875546985868365,4.61681919220281,-0.0246448384908877
2014-03-21,0.339983685406155,1.99616239167112,0.0172354468392131
2014-03-22,0.224296328578308,0.817004461999814,0.0566351202949802
2014-03-23,0.548008121739374,2.97778635309807,0.0966608216528777
2014-03-24,0.665235027386179,4.71467981963016,0.143618619973066
2014-03-25,-0.678056058659598,-0.170412300549011,0.182795841609357
2014-03-26,-1.60217591866644,-4.05758497887892,0.137757038202743
2014-03-27,-0.716534332206107,-2.43657656009522,0.0153418974036938
2014-03-28,0.330511202447083,-0.0826018316648227,0.00119306185620927
2014-03-29,-1.75490249798855,-2.76620593255687,-0.154284129344086
2014-03-30,0.0294576831205138,-1.50965993523658,-0.589390920555689
2014-03-31,-1.17573375112255,-2.84841893475226,-0.57989105804494
2014-04-01,-0.981078875482401,-3.44126764543431,-0.735815167273208
2014-04-02,-0.113863038025209,-2.20357017237272,-0.820561589479603
2014-04-03,0.164364454185047,-0.641457291485581,-0.754803738728208
2014-04-04,-0.700178286364764,-2.78584707196992,-0.72308206222359
2014-04-05,0.475015702684603,-1.06384050823688,-0.697247292578416
2014-04-06,0.531750092876579,1.54669533825687,-0.655556009562379
2014-04-07,0.527445880816577,2.67019002022732,-0.606222983651235
2014-04-08,0.811336304239333,5.27374487513535,-0.552095921400867
2014-04-09,0.589499132850963,3.14171651811006,-0.500320169538187
2014-04-10,1.09723130313314,3.61038365691403,-0.451975028964062
2014-04-11,0.0357857739598426,0.68442639533481,-0.403528022625876
2014-04-12,0.481874187621487,-1.90828197525085,-0.367186301666699
2014-04-13,0.534926318228188,0.248575136967534,-0.32930674095872
2014-04-14,0.903844007493356,2.03221605816287,-0.279039617784258
2014-04-15,0.951059676785504,2.72744843704939,-0.223860486313704
2014-04-16,1.0899140899572,3.01644015384115,-0.161166940882694
2014-04-17,1.10551827116258,2.9980735498826,-0.0879393030978153
2014-04-18,0.833471573128379,0.266632977873577,-0.0127754622151697
2014-04-19,0.706853459658026,0.294825672641449,0.0617378644839128
2014-04-20,0.950015723360657,2.41934427577623,0.140900135630506
2014-04-21,0.131950467585165,4.2467001808081,0.216016390951602
2014-04-22,-0.135335931942294,-1.56190146769697,0.273742968194661
2014-04-23,0.463216333790867,-0.396332621051322,0.336179833919475
2014-04-24,-0.226566310730326,-2.21110485260137,0.387203022500412
2014-04-25,-1.84229830050037,-2.98918189632814,0.221348335381005
2014-04-26,0.00650795826571926,-2.50954219773367,-0.337147867503128
2014-04-27,-0.0849772931214194,-3.73628314349333,-0.391319283252733
2014-04-28,1.03973842740722,-0.0986003029930647,-0.377714286133972
2014-04-29,1.06431680050903,2.3995041518223,-0.326667174257459
2014-04-30,1.75458271673241,7.53342968189012,-0.248022107231894
2014-05-01,1.68611143097273,8.34139393871882,-0.147350916467939
2014-05-02,1.4914085897524,7.06220347797448,-0.0342835399954775
2014-05-03,0.574287653638274,-0.125121370695174,0.0684585579875208
2014-05-04,0.0991933734269073,-2.78734664390365,0.140689975942527
2014-05-05,-0.0316736783428073,-2.62275406111839,0.189885294264956
2014-05-06,0.480965480511419,-1.99526618386564,0.220412677952111
2014-05-07,0.000290332218324973,-2.31813408379077,0.246636264701565
2014-05-08,-0.520381467732323,-4.43827085246565,0.268022649567493
2014-05-09,-0.120405963567796,-1.84998095248456,0.270965839848921
2014-05-10,-0.0192535416186614,-1.28706457604092,0.288824604590674
2014-05-11,0.178823411970717,3.87601548950369,0.303330976725618
2014-05-12,0.0584670280402755,8.20607115622704,0.316486652581746
2014-05-13,-0.0117804745743275,11.5047721576101,0.32301755840957
2014-05-14,0.146565831311223,14.3023124983821,0.323453839763481
2014-05-15,-0.0562570177887982,14.9655768994449,0.323580355467686
2014-05-16,-0.483100445668209,10.882911405087,0.324476399356065
2014-05-17,-0.881622543529374,1.78183148636395,0.322086097150368
2014-05-18,-1.04439795388171,-1.14837402546688,0.314536034893178
2014-05-19,-1.08740986845374,-4.59605984156986,0.306656505808945
2014-05-20,-1.18971979186653,-6.21741195365578,0.303159915155189
2014-05-21,-0.46241275024582,-3.60001037371636,0.289206904167156
2014-05-22,-0.424807074726438,-0.333100208145259,0.26448545266171
2014-05-23,-0.6671829560226,2.17749143430891,0.243052416353835
2014-05-24,-0.649908914188173,3.37918853464168,0.220215309910684
2014-05-25,-0.544099529760653,6.9107284229564,0.203346253026628
2014-05-26,-0.612717816818658,8.02082820563146,0.189413230590024
2014-05-27,-0.672754044076998,5.51787202748943,0.18250128017946
2014-05-28,-0.611169143257067,3.36791083615683,0.177429355373012
2014-05-29,-0.7382988938034,5.37351631579318,0.173665533166092
2014-05-30,-0.66634720389306,3.47707232402284,0.159015393148036
2014-05-31,-0.7525951384357,0.878024665890328,0.155324425968494
2014-06-01,-0.590747627845858,8.2578808719789,0.140672296067738
2014-06-02,-0.708202489466928,-0.567185852182702,0.126096421479099
2014-06-03,-0.694721382336295,0.935933995016271,0.123330258003205
2014-06-04,-0.648930009525347,5.86882767122608,0.11255147499234
2014-06-05,-0.646333475913502,9.02516415598767,0.0946207059887172
2014-06-06,-0.706029578553801,4.4250064561979,0.0900527550416612
2014-06-07,-0.674703712248879,4.56849891822188,0.084309386372321
2014-06-08,-0.551805009845561,17.2521170469987,0.0706167508875017
2014-06-09,-0.537635330624967,22.6509381657971,0.0559707912945502
2014-06-10,-0.565510942482238,11.2773079169241,0.0535038281758933
2014-06-11,-0.561100253947755,-4.14488906300329,0.0672990728324248
2014-06-12,-0.452368117642812,-3.04329179296682,0.0860876210171639
2014-06-13,-0.500269708793279,0.925916077593726,0.0954631796727083
2014-06-14,-0.521551230251119,3.83981863584402,0.100507407184591
2014-06-15,-0.453145127952642,-1.14627408527752,0.105078843033872
2014-06-16,-0.377401486364213,-5.24047205563243,0.103026608232239
2014-06-17,-0.387091448965174,-2.00803452073113,0.115143686998071
2014-06-18,-0.298005355827018,5.37344240124689,0.110842667141782
2014-06-19,-0.331873862418067,9.11062979834083,0.104683077191376
2014-06-20,-0.274281315180122,7.41959088632431,0.103452747906444
2014-06-21,-0.258591010432441,4.55305177287692,0.105839664987746
2014-06-22,-0.231057191718344,0.28050556441363,0.117332644469283
2014-06-23,-0.241477394037024,1.12379564888227,0.120641554172802
2014-06-24,-0.247017488681457,1.48015732114728,0.118734296273776
2014-06-25,-0.325592015387836,-6.45713641577992,0.123308044415267
2014-06-26,-0.260957680376348,-7.55896237376176,0.128720669092181
2014-06-27,-0.249630302607024,-6.55407636026112,0.137750309424547
2014-06-28,-0.197928239102143,-2.98055068358561,0.138291530993302
2014-06-29,-0.151841266559466,8.41141335051632,0.136863467703556
2014-06-30,-0.214641929025058,14.3201312840505,0.123311409403045
2014-07-01,-0.160775670641134,5.60666469355202,0.123877116101475
2014-07-02,-0.205334012800793,-1.39340794845855,0.138279705389971
2014-07-03,-0.175806089888731,-0.253949570923911,0.145647116821263
2014-07-04,-0.0445855224305579,7.96813137245929,0.151300148786166
2014-07-05,-0.0914180196886041,10.0237142871512,0.158649846856884
2014-07-06,-0.0844027166311835,10.8837998285747,0.164659623872335
2014-07-07,-0.063529452969335,5.04728079949372,0.17356963866605
2014-07-08,-0.0547438617020677,5.29042138695984,0.177267030793227
2014-07-09,-0.0979762015422789,-2.86412192819218,0.188102989052094
2014-07-10,-0.0589876723229653,-7.445321122997,0.180765953102235
2014-07-11,-0.0542569333745895,-7.84190154553668,0.199315356051474
2014-07-12,-0.0513949477969372,-4.6014043233641,0.198562249173924
2014-07-13,-0.0305708265634461,2.57466789909807,0.236894026906692
2014-07-14,0.0465803406297192,12.4119968937784,0.241457204247921
2014-07-15,-0.0429001050968786,-1.43944688094703,0.246162781119081
2014-07-16,-0.00830083547513309,-8.53286250703435,0.257693419779496
2014-07-17,0.0017625441535727,-10.4454934975147,0.306163183401158
2014-07-18,0.000101680627640363,-8.89046101829247,0.327378061476813
2014-07-19,0.0295936224069417,-2.58620127475876,0.277033767855658
2014-07-20,-0.00886628875554332,-7.64069456364621,0.280261467589516
2014-07-21,-0.0082664328433498,-9.54552765721921,0.289714918076847
2014-07-22,-0.0149875650132398,-11.29126868689,0.288509479293643
2014-07-23,0.0497110953044931,-9.25727952668172,0.290297959401643
2014-07-24,0.0919146350384265,1.41249265637873,0.283423299287966
2014-07-25,0.0620376400121313,11.7207238511931,0.271114654798583
2014-07-26,0.0527354820842946,14.5227341504464,0.262503798029571
2014-07-27,0.0500908388972936,11.9435503636552,0.253554162352902
2014-07-28,-0.000768005314781023,6.07586446168796,0.266137042890026
2014-07-29,0.0331033895280867,10.0057420190509,0.264599441420145
2014-07-30,0.0338995469660633,7.86280982023941,0.266062117421265
2014-07-31,0.00435370980183061,10.2063184631379,0.261038225851924
2014-08-01,0.0371742548942425,13.1255591257961,0.254544068671756
2014-08-02,0.0172941841087081,7.83959282959105,0.255603481294379
2014-08-03,-0.0414500685586651,-8.22185363486506,0.278060390916689
2014-08-04,-0.0512504507333635,-11.0824917860317,0.308481429943595
2014-08-05,-0.0472954766539711,-13.5525755342342,0.318609006215625
2014-08-06,-0.0213453143439606,-6.064463602536,0.293319247075437
2014-08-07,-0.0342641581570451,-1.80284861926016,0.263052464480507
2014-08-08,-0.00216760018274341,-1.6461737157109,0.256097657862168
2014-08-09,-0.0322900540068657,-3.52117412929469,0.254479611111234
2014-08-10,-0.0021494254728493,-7.74031464555123,0.260506061707895
2014-08-11,-0.0429086170985992,0.0157521207486475,0.255872438193967
2014-08-12,-0.079847417710429,-3.23283506136383,0.23285560733912
2014-08-13,-0.0796071784976249,-1.07702099867104,0.222996854386613
2014-08-14,-0.0768640176802606,-0.188563206125046,0.212234352616551
2014-08-15,-0.0912695026864982,1.76403062132051,0.204555589241805
2014-08-16,-0.098499687398583,2.99525263068941,0.197243628940982
2014-08-17,-0.0583530020368392,3.79234482674901,0.191842473257487
2014-08-18,-0.11430027375097,0.677028248229092,0.186259934732854
2014-08-19,-0.111153054120753,-4.25237202881863,0.181517903155448
2014-08-20,-0.107789299922369,-6.07017689380955,0.176796668261517
2014-08-21,-0.0903982287852514,-0.677374043830849,0.170490873251895
2014-08-22,-0.0747759173588647,-0.116909665173438,0.160117436766034
2014-08-23,-0.057551883692043,-1.41043845408092,0.155804666622612
2014-08-24,-0.0920038013551581,-0.607136143250525,0.146747696012771
2014-08-25,-0.139682774020562,-3.22242870060004,0.145694817763725
2014-08-26,-0.127926174598812,1.2286742998724,0.143803340242842
2014-08-27,-0.123540062174097,4.12522546866233,0.139446860183381
2014-08-28,-0.129504074013578,5.03279788631243,0.133554499950574
2014-08-29,-0.159782670669892,0.628901717510232,0.133126465966493
2014-08-30,-0.0986669493485631,5.46773415397906,0.12456082325213
2014-08-31,-0.103268046762259,2.08255435309537,0.119236670015269
2014-09-01,-0.14850796053974,9.79157920584856,0.101933890674824
2014-09-02,-0.143243454021299,3.94117076777466,0.100329553454216
2014-09-03,-0.113737533281095,-6.70751798015642,0.119502639485572
2014-09-04,-0.160223115331088,1.477310959626,0.107269958861666
2014-09-05,-0.139076442681511,2.64770468974587,0.106241216949755
2014-09-06,-0.136107111799437,5.17802183730194,0.105471250435935
2014-09-07,-0.144234410214218,5.06364080461958,0.101631271256588
2014-09-08,-0.118837300208932,2.8247721850362,0.103919474668028
2014-09-09,-0.157947900855547,2.79602117743236,0.111661103536138
2014-09-10,-0.144904308843097,10.5020958332271,0.108493970686659
2014-09-11,-0.156132618439276,16.0499319695621,0.0974092719566668
2014-09-12,-0.125843694302235,15.2417555824043,0.0900692793845046
2014-09-13,-0.134048951027098,14.1518119266323,0.0837829984959173
2014-09-14,-0.129653368009512,9.61615709684225,0.0844011001643308
2014-09-15,-0.125083105028381,4.98407460927375,0.0867926960917922
2014-09-16,-0.148735757177314,2.56738781859368,0.105557759272618
2014-09-17,-0.170713881164515,2.8041890032692,0.1150517238842
2014-09-18,-0.185052578063968,-5.71534821340455,0.12027350579547
2014-09-19,-0.16433857866331,-5.6243856062293,0.137965101910421
2014-09-20,-0.136373925473018,-2.06950375459275,0.138387321809214
2014-09-21,-0.130848732808741,-8.24538961214074,0.149326886681842
2014-09-22,-0.115811435991005,-4.47991990592553,0.161497036684668
2014-09-23,-0.139333470338385,-0.515140364665523,0.155690879638601
2014-09-24,-0.147493722424869,-5.42153660909548,0.150868911269392
2014-09-25,0.420049077970599,-12.0384925373974,0.185145913829559
2014-09-26,0.601637942510967,-8.90776953871443,0.202227921961165
2014-09-27,0.465315276468526,-7.37769403443151,0.197406450162407
2014-09-28,0.218140406883329,-9.87894918025212,0.182512866726825
2014-09-29,0.3305363374563,-5.79386656211868,0.17004391704708
2014-09-30,0.238247089814875,-4.41380121903862,0.132026585073512
2014-10-01,0.3126062433653,0.128055840769942,0.114768215543041
2014-10-02,0.185023008938791,6.08774013064784,0.100101691783941
2014-10-03,0.179778361191419,11.0386595167287,0.0719608819712141
2014-10-04,0.143373222985005,11.5464067231661,0.0553399773170851
2014-10-05,0.0699422120930824,11.4090301781952,0.0421282064616273
2014-10-06,0.0375619443788697,12.7426798678508,0.0320376636479809
2014-10-07,0.0198849463261047,10.2948781974712,0.0258762822240293
2014-10-08,0.0787753015418378,11.3269783610999,0.0320191564262045
2014-10-09,-0.0436233669171426,5.95783105220339,0.0428277388910754
2014-10-10,-0.0741114331873723,1.0280136824346,0.0579682339850995
2014-10-11,-0.123858330832473,2.97374710848293,0.0670305405761393
2014-10-12,0.00106438243430695,7.01641653369153,0.0803817282871151
2014-10-13,-0.0919713845746904,10.6026549177672,0.0931912429127264
2014-10-14,-0.154278151654775,-3.37859443878408,0.114272367028478
2014-10-15,0.316813017926136,-5.14136946888575,0.131155016916082
2014-10-16,0.136729727929479,-3.66210590520051,0.170768996305687
2014-10-17,-0.021410449533845,-1.85784550529265,0.202665472964032
2014-10-18,-0.0768365017918608,-0.359819269108012,0.223547740382967
2014-10-19,-0.132343685094511,1.81424018440743,0.239695525133807
2014-10-20,-0.183098848579636,-4.25902625196153,0.260289145288465
2014-10-21,-0.0146586103493093,-3.66527070248778,0.299244146118437
2014-10-22,-0.167800535334313,0.593457669631787,0.33357503577142
2014-10-23,-0.183568480699541,0.166421147084574,0.351251583297846
2014-10-24,-0.167776905434413,-0.380868883678486,0.383864528013221
2014-10-25,0.191424865944262,-5.77704760178369,0.419349723130964
2014-10-26,0.64066034034168,-3.52566741547468,0.47163743687673
2014-10-27,0.183441164953928,-2.28138528685073,0.525719952735637
2014-10-28,0.0565344388463915,1.46801661517833,0.552650559255889
2014-10-29,-0.0574338286334574,3.13496443334997,0.56995852807489
2014-10-30,-0.019699980202504,4.33307197819863,0.586742172015974
2014-10-31,-0.176658942055915,-4.17421324517441,0.619936108276298
2014-11-01,0.475032426861762,-3.56690150679793,0.410889084207931
2014-11-02,0.211489500089524,-2.79875231842959,0.12600629679206
2014-11-03,0.117101168572119,-1.24244089750528,0.0384244758950931
2014-11-04,0.0101204186274013,-0.324120462233568,-0.0151792460848341
2014-11-05,0.00910098007683774,0.86047380835886,-0.0476151526767765
2014-11-06,0.116197823622928,3.38996248228179,-0.0638662803461774
2014-11-07,0.0277971407676219,2.83246791651107,-0.0613358169065634
2014-11-08,-0.00236802826517807,3.27698946582757,-0.0482689745842384
2014-11-09,0.0488049243348219,3.94665369139351,-0.0277057725606342
2014-11-10,0.0407225218154161,2.57065206855591,0.00232260776607696
2014-11-11,-0.169891945026667,-2.22171713997046,0.0413926567295952
2014-11-12,-0.0327271377066471,-0.977632012723207,0.077751874542872
2014-11-13,-0.0818867996651275,-4.63435093376646,0.114373888108076
2014-11-14,0.438800886180443,-2.60385822646882,0.138110989082798
2014-11-15,0.24155823482442,-3.20723895730047,0.174568491312094
2014-11-16,0.238322092830741,-3.50967874349418,0.219089395508064
2014-11-17,0.221445747875895,-0.427421898410998,0.259888255054145
2014-11-18,0.101927809875601,1.90422875155488,0.302733922406527
2014-11-19,0.265234681108297,2.53826621137149,0.336000739229191
2014-11-20,-0.352512022517056,-2.82618717742054,0.368766103674714
2014-11-21,0.249740231832586,-2.51802540449128,0.408564230486947
2014-11-22,-0.199506728171982,-2.09930446529553,0.427053110407005
2014-11-23,0.0256545403694076,-1.45857554288906,0.426572365874817
2014-11-24,0.247818694229621,-0.229843197424484,0.415742554283525
2014-11-25,0.1350184585977,0.867601436251163,0.411896163368117
2014-11-26,0.119055347004185,1.70401410915743,0.419470470536524
2014-11-27,0.0726642485142291,2.45940590984532,0.436270755941685
2014-11-28,0.138392576478143,0.734501706795545,0.469058718139282
2014-11-29,0.316270538511863,1.05186524786719,0.457518629851438
2014-11-30,-0.085687843972534,-0.998913250199942,0.384499027331713
2014-12-01,0.247625216730046,1.78967881079649,0.197516728574405
2014-12-02,-0.222954288427412,-1.01267352076935,0.0614597221569753
2014-12-03,0.777194871817002,-0.653279355109886,-0.404681850770938
2014-12-04,0.349646935719893,-0.156566914154169,-0.665499559050734
2014-12-05,0.126492753129585,0.478854004071219,-0.639893022254705
2014-12-06,0.557282213089387,0.985046216290565,-0.654894326869953
2014-12-07,-0.0268626558131756,0.293078499896414,-0.603766810700478
2014-12-08,0.0996822879922754,1.44704642713606,-0.546315276630071
2014-12-09,-0.0941068417519529,0.528614020794572,-0.493994911862681
2014-12-10,0.083989113806703,1.27418039796313,-0.452181139088975
2014-12-11,0.0588006673488519,3.39035890184295,-0.65976235463755
2014-12-12,0.0801633021866229,-0.646564611769744,-0.961751417216799
2014-12-13,-0.0118003958569021,-0.513360999976832,-0.829408712076755
2014-12-14,-0.101703897083538,-0.752087070212974,-0.773640049200902
2014-12-15,-0.0288277502643812,-0.138398162889855,-0.867696696025045
2014-12-16,0.695123184062862,1.97124342084431,-0.843015755536076
2014-12-17,-0.115593882482654,-1.17189002031333,-0.879808865764627
2014-12-18,0.215735892733632,0.876104127921395,-0.764452237972683
2014-12-19,-0.0272173199164538,0.323550333168396,-0.801491596432314
2014-12-20,-0.220828959025034,-1.24470105698586,-0.81827775337098
2014-12-21,-0.111161587610201,-0.474773965905573,-0.723162237752302
2014-12-22,-0.0163716118707053,-0.624454249440671,-0.671895881859272
2014-12-23,0.1147034679795,0.171393465544426,-0.632219708951222
2014-12-24,-0.385139098327126,-0.920799400701708,-0.600078530892343
2014-12-25,0.551225878430245,2.01281942764202,-0.584387158509888
2014-12-26,0.0691606033063118,1.89908538112808,-0.550723021335607
2014-12-27,0.037182835021404,1.07204600195647,-0.520751774884358
2014-12-28,0.0662779593812453,1.0800648923961,-0.492351279518621
2014-12-29,-0.0938246421862025,-0.203803511518571,-0.465801004629411
2014-12-30,1.00942303284359,3.32068582610947,-0.43871175158884
2014-12-31,-0.0578488792979528,2.31471830001537,-0.405307696042999
2015-01-01,-0.0826806463513903,0.682695226157841,-0.378229349402319
2015-01-02,-0.0328405514839653,1.04957366284695,-0.355240952483798
2015-01-03,-0.0437255410960121,1.18139052054465,-0.331933241664658
2015-01-04,-0.114894767102361,0.747236344385573,-0.309684232492468
2015-01-05,-0.0864390617679994,0.7188698432568,-0.287873284360967
2015-01-06,0.0130360336579014,1.3306551162055,-0.264646145191792
2015-01-07,-0.0194677146162625,2.04120720902697,-0.239484509022269
2015-01-08,0.140366476078372,1.91812100163316,-0.213568072972019
2015-01-09,-0.289124385431406,-0.36823740652329,-0.193319535077367
2015-01-10,-0.125456329068593,-0.166397645686914,-0.178217959485335
2015-01-11,0.0255180940855413,-0.526222859078284,-0.156794143292439
2015-01-12,0.0919274381259272,-0.437097486254955,-0.133368143929113
2015-01-13,-0.0551827566030124,-1.10534421259331,-0.109070896431188
2015-01-14,0.108463998216524,-0.136015917595491,-0.0866178260040185
2015-01-15,0.13991457156826,-0.0459376213929179,-0.0631001544688901
2015-01-16,-0.183796778471251,-1.29401926215276,-0.0447108529806686
2015-01-17,-0.275566402337017,-1.42786013709771,-0.0314667917013023
2015-01-18,-0.238420511071054,-1.54456167318727,-0.018122829721416
2015-01-19,-0.495859647204983,-1.72337352684884,-0.00849867648865699
2015-01-20,-0.47461550308903,-1.81077717882143,-0.00172404239490698
2015-01-21,-0.121465952232935,-1.55529869018429,0.00752676642707417
2015-01-22,-0.177776249138911,-1.69150895232036,0.023406226066391
2015-01-23,-0.103048298054389,-1.93808643024348,0.0415531799582296
2015-01-24,-0.0792146142853906,-1.31212989873184,0.0586927048141286
2015-01-25,0.105689347905405,-0.731012837392379,0.0783563495985797
2015-01-26,0.0857918710345117,-1.04032115079669,0.0990409264968983
2015-01-27,-0.126266534190411,-0.114832546514069,0.114881123554503
2015-01-28,0.204914631158088,-0.375891737219209,0.135649754981514
2015-01-29,0.302263602676155,0.143651866927556,0.159224401581179
2015-01-30,0.195028489764858,0.191339809408013,0.18325911387323
2015-01-31,0.447657461025537,2.32829191574016,0.20991857756559
2015-02-01,0.215106805428088,0.60156029953979,0.235504962293696
2015-02-02,0.169018321589999,0.132379213292964,0.258637159930415
2015-02-03,0.263977038630483,-0.201543422476123,0.281642223218179
2015-02-04,0.27539211479912,1.14472385534951,0.315416152130458
2015-02-05,0.085503193687352,-0.764059893948013,0.346276776078779
2015-02-06,0.0604379013343204,4.8009835512715,0.278448937743082
2015-02-07,0.108741932201242,-1.66894017927262,-0.421036192685271
2015-02-08,-0.370124646532178,-1.29138145565441,-0.588831372099601
2015-02-09,0.83777919084504,-0.265834209025455,-0.519774741894722
2015-02-10,0.269930813590749,-1.30629847949273,-0.411899071702906
2015-02-11,0.388663684066088,-0.644447117135684,-0.365324822143794
2015-02-12,0.540801602144836,1.0717075305937,-0.326069054267808
2015-02-13,0.696235399533696,2.33458444514666,-0.285555124789137
2015-02-14,0.685831346974729,2.135283943523,-0.246423239047798
2015-02-15,0.300102577035011,1.03154603194833,-0.211036715284148
2015-02-16,0.639835773314314,1.76479210654744,-0.178589762864338
2015-02-17,-0.271033371021545,-2.43774999905352,-0.153356454124457
2015-02-18,-0.474427176813527,-1.33756678596127,-0.143031703514503
2015-02-19,-0.481492303616785,-1.04831734888249,-0.131282731031187
2015-02-20,-0.745951642363672,-0.515333288450789,-0.126599978838664
2015-02-21,-0.751699950628582,-0.975597777204563,-0.121056753354871
2015-02-22,0.237086926005206,1.99656705389675,-0.109949316969279
2015-02-23,0.647205171951037,2.37927107483437,-0.0766421284978431
2015-02-24,0.343334838784279,1.94707712815727,-0.0354985526205498
2015-02-25,0.250371785986487,1.00448034590061,0.00207776536931537
2015-02-26,0.455639701534684,1.60240831146059,0.038561156201109
2015-02-27,0.383609688245293,-0.720466267268969,0.0730240011588346
2015-02-28,-0.533311285064659,-1.98487120721927,0.091764543594536
2015-03-01,0.218879186085775,-0.647434655673663,0.104001102029763
2015-03-02,0.466593375374848,-0.446080719102149,0.130679150869582
2015-03-03,0.456006966907836,0.582449917571141,0.163799452467313
2015-03-04,0.508030806019085,1.2999335474536,0.201052763896949
2015-03-05,0.413282856877945,2.29345534008832,0.237923275138046
2015-03-06,0.478320452301485,2.30534708125624,0.275868316644269
2015-03-07,0.552825571388796,3.22041658697087,0.315310136343225
2015-03-08,0.604487614721299,3.10230212444351,0.355977286695333
2015-03-09,0.33335448124772,2.21499350611452,0.399074537371273
2015-03-10,0.332333565590887,4.03983235616577,0.441791437619494
2015-03-11,-0.559771800827588,-1.93134178441702,0.462197561215255
2015-03-12,0.577158022719855,2.09330881849243,0.470062590273327
2015-03-13,0.770295456909398,3.4618703724865,0.503420612454957
2015-03-14,0.998653981574721,8.64519867564438,0.550524274800997
2015-03-15,0.726341800855208,7.18637773628063,0.611842261971872
2015-03-16,-0.03038640034034,1.15467839478258,0.66912865297041
2015-03-17,0.294173953477261,1.03468361356039,0.719226601365958
2015-03-18,0.393705766630678,1.30812210113122,0.784622503829178
2015-03-19,0.52332983374094,4.1575144363587,0.85376187497341
2015-03-20,-0.0286458312744919,3.31759002553614,0.920251721349176
2015-03-21,0.24256615724289,2.20472489167112,0.98334336606765
2015-03-22,-0.451473682033936,0.00031696199981468,1.03923227086019
2015-03-23,0.115784850474069,0.74797385309807,1.06402625847007
2015-03-24,-0.465200495062801,-0.787111847036511,1.08458754196577
2015-03-25,0.0338924788914228,1.20160853278432,1.11771410137105
2015-03-26,0.348793064190701,5.23099835445441,1.16415746554585
2015-03-27,0.891740314977566,6.65561093990478,1.22468628492333
2015-03-28,0.648503676732797,4.81964816833518,1.28324246099761
2015-03-29,0.257111910419617,5.6418982341098,1.3294486982646
2015-03-30,0.301379677569494,6.19100673143008,1.36614385121002
2015-03-31,0.0965370750896923,3.15678939858107,1.39714735346799
2015-04-01,-0.457794232086483,2.13375318789902,1.42748224720431
2015-04-02,-0.0599643052905159,3.73861732762728,1.44158557872147
2015-04-03,-0.105101283039442,5.30133437518109,1.44928254281156
2015-04-04,-0.324091811997417,2.89511126136342,1.45779297060753
2015-04-05,-1.73384566267866,-2.32438217490354,1.46393939679085
2015-04-06,-0.292591919205054,-0.0494296617431278,1.46167643122151
2015-04-07,-1.82876826718342,-4.08087247977268,0.889484295185456
2015-04-08,-0.022334290862708,-1.96306762486466,0.070804498001741
2015-04-09,0.00180742754483987,-0.714345981889934,0.0259637790633906
2015-04-10,0.593519989337223,2.24909199024736,0.0622960504761942
2015-04-11,0.403326472082292,2.37709306200148,0.112408094910248
2015-04-12,0.70776578125414,2.71828052474915,0.168476008126782
2015-04-13,0.88657641798329,3.55713763696753,0.236253119564797
2015-04-14,0.530277368554581,1.66327855816287,0.309348293311345
2015-04-15,0.728322034336525,3.40246927038272,0.371663629750438
2015-04-16,0.894674107100057,7.81166932050782,0.422811738313968
2015-04-17,0.83236049810135,7.5196360498826,0.474598522599706
2015-04-18,0.691749594352868,7.32763297787358,0.525529876247637
2015-04-19,0.347816702107005,4.65513817264145,0.573268195205159
2015-04-20,-0.300079296884241,-0.6281140575571,0.611808638082108
2015-04-21,-0.946795138129121,-1.90002898585856,0.637846192225389
2015-04-22,-0.763719994799437,-0.470797301030307,0.652104261261135
2015-04-23,-0.398276053147908,-0.486603454384656,0.663456916391126
2015-04-24,-0.778457103383388,-0.341813185934702,0.676377581816861
2015-04-25,-0.163365720092209,-1.3775360629948,0.252186980739078
2015-04-26,0.655602608061638,-0.00437553106700861,0.0278492680326443
2015-04-27,0.54496166785001,2.54840435650667,-0.0115382283690146
2015-04-28,1.01550250006028,3.5728163636736,-0.015067637596812
2015-04-29,0.70401005112128,1.58921248515564,0.00434766332518688
2015-04-30,0.763519768977309,7.16386718189012,0.0306233506346447
2015-05-01,1.00225375587069,11.6011022720522,0.0636676058073182
2015-05-02,0.26740239628301,5.67524514464115,0.100811189966247
2015-05-03,-0.120492980565808,0.271003629304825,0.134832280719834
2015-05-04,-0.466504645430236,-0.775159143903654,0.160973804138674
2015-05-05,-0.517782221281583,-1.32977489445173,0.17989236808193
2015-05-06,-0.677410363406947,-0.652599517198977,0.193579415327213
2015-05-07,-1.02059663553678,-5.25105075045744,0.209156253122072
2015-05-08,-0.948583777038446,-2.93127085246565,0.217005552499879
2015-05-09,-0.779796365918816,-1.91962678581789,0.21130576582233
2015-05-10,-0.711814392312539,0.316310423959075,0.207328112014626
2015-05-11,-0.789274697906834,-1.31588034382964,0.206764966498215
2015-05-12,-1.04372739587809,-2.53790801043963,0.209795930377477
2015-05-13,-1.06826733906412,-3.30506117572319,0.207076762772791
2015-05-14,-1.34595588452551,-6.29818750161795,-0.278323674621984
2015-05-15,-0.0673353932990024,-4.94227726722174,-1.2254775483484
2015-05-16,0.167824182870566,-3.88875526157964,-1.17363416549923
2015-05-17,-0.116070299121211,-5.68802268030271,-1.14749218232149
2015-05-18,0.0333769661999248,-5.31960319213354,-1.13063195689153
2015-05-19,0.211300057334012,-4.46418484156986,-1.11755219300561
2015-05-20,0.417850095806939,-4.92501612032245,-1.1050611537403
2015-05-21,-0.599127581298881,-7.51478120704969,-1.09246298672292
2015-05-22,-0.287875437567255,-6.74824604147859,-1.08712193810631
2015-05-23,-0.032234437091988,-5.90850856569109,-1.08628445076804
2015-05-24,0.408755800424072,-3.27258229869165,-1.08288265251142
2015-05-25,0.374236222057306,-4.44281324371027,-1.07683398525998
2015-05-26,0.212687677140525,-5.06027596103521,-1.070569521227
2015-05-27,0.166586103155655,-3.99129463917724,-1.06416955506964
2015-05-28,-0.0953105088897204,-2.06596416384317,-1.05599178201383
2015-05-29,0.280907931029253,1.12062048245984,-1.05067215857573
2015-05-30,0.255921553413062,3.62082232402284,-1.04664026969108
2015-05-31,-0.0407471189091693,-1.97789200077634,-1.03798737009647
2015-06-01,-0.221698147682593,-6.9457441280211,-1.03034237385478
2015-06-02,-0.115802316242438,-3.18520668551604,-1.02955295650665
2015-06-03,-0.201512229373029,-4.25269100498373,-1.02623375150627
2015-06-04,-0.257320490913102,-2.84375566210726,-1.02100384310366
2015-06-05,-0.217405748974726,-0.231669177345662,-1.01966512438989
2015-06-06,-0.141857373866455,-2.07232687713544,-1.01735524933513
2015-06-07,-0.161809252493776,2.97818641822188,-1.01741306842165
2015-06-08,0.0551347537462755,16.5602212136653,-1.02238520916472
2015-06-09,-0.388597013808641,4.48416733246376,-1.01755836745352
2015-06-10,-0.405943149374873,-9.82467124974257,-1.00210588058191
2015-06-11,-0.245245766764082,0.755548436996712,-1.00068300450589
2015-06-12,-0.267072245806077,8.52116654036651,-1.01135837750816
2015-06-13,-0.337619352262667,6.30833274426039,-1.01518435637042
2015-06-14,-0.404362076700098,-0.895827197489311,-1.00799416714914
2015-06-15,-0.388643325503663,-2.72446158527752,-0.999893788765602
2015-06-16,-0.320419726486662,2.4594862777009,-0.996132377812226
2015-06-17,-0.315119660475378,6.37527797926887,-0.995417787062045
2015-06-18,-0.281707083394365,4.90535906791356,-0.993280471111616
2015-06-19,-0.319076154385414,4.66921313167416,-0.988418656114326
2015-06-20,-0.319038228927061,8.08371588632431,-0.987021470733098
2015-06-21,-0.285416010097747,2.49117677287692,-0.982758839707038
2015-06-22,-0.271667345840793,1.06040139774696,-0.975112096770462
2015-06-23,-0.244179844755391,3.9933164822156,-0.974069782592697
2015-06-24,-0.281756802403905,4.43799065448062,-0.974041565202343
2015-06-25,-0.223254971142938,11.6099052508868,-0.977822266441735
2015-06-26,-0.208348956800837,11.2014542929049,-0.979451889115123
2015-06-27,-0.256650578117228,0.62800697307221,-0.974665360857534
2015-06-28,-0.234603172245,-1.43644651691895,-0.969808270238548
2015-06-29,-0.0643834139798742,3.39501751718298,-0.964055915683258
2015-06-30,-0.113110890837303,16.8589437840505,-0.968547281549867
2015-07-01,0.013055544877233,14.7435605268854,-0.969213503745954
2015-07-02,0.0653303298032883,7.60448788487479,-0.965109733819294
2015-07-03,-0.0476432356030164,4.41592542907609,-0.959736073241845
2015-07-04,-0.125409680797905,1.83390220579262,-0.959918516724169
2015-07-05,-0.0951276095661551,-6.89205654618216,-0.95515762787587
2015-07-06,-0.05490410944751,-6.86922100475868,-0.946894811759016
2015-07-07,-0.0125548709285188,-8.46705253383961,-0.94111148242091
2015-07-08,-0.0323983017020677,-11.1928286130402,-0.932754159353475
2015-07-09,-0.060845764807585,-14.8939344281922,-0.923066876379274
2015-07-10,0.0277551725749939,-13.5222794563303,-0.911547621970879
2015-07-11,0.0108565311152065,-9.21123487887,-0.90891916378607
2015-07-12,-0.023860024531631,-8.30075849003077,-0.910203949500151
2015-07-13,0.0504617938447172,-5.33251960090193,-0.910783935591135
2015-07-14,0.0304190589970661,-6.8603364395549,-0.909991478458574
2015-07-15,0.0386851740867949,-3.05103021428036,-0.908582633686029
2015-07-16,0.0830018267289486,-0.268612507034348,-0.912285425650175
2015-07-17,0.0685062576229605,1.18900650248534,-0.912376467984341
2015-07-18,0.0603635720562118,-2.01881518495913,-0.909214936560283
2015-07-19,0.0353724746518396,0.820569558574572,-0.909565404834371
2015-07-20,0.00577907475466086,1.97201376968713,-0.914812340385409
2015-07-21,0.027543074993385,-2.49638182388588,-0.915209883968941
2015-07-22,0.0463654629051276,-4.45483118689004,-0.907007075719396
2015-07-23,0.0830641350595951,-8.11369619334839,-0.896154898048309
2015-07-24,0.0988595552016919,-4.08942401028794,-0.891577369574335
2015-07-25,0.0792684052366211,-3.36017198214028,-0.889769223557133
2015-07-26,0.0403558241251109,-4.1030366828869,-0.889502381075537
2015-07-27,0.080331022570763,2.77375869698853,-0.891745213400407
2015-07-28,0.0167044536239944,9.94917696168796,-0.894067947815455
2015-07-29,0.0588100050382908,16.0983878523842,-0.900600698878137
2015-07-30,0.00492315431300209,4.51066398690608,-0.903098920151717
2015-07-31,-0.0362203179532714,-2.93482737019539,-0.89788505001101
2015-08-01,0.0495046883636302,-4.88610754087059,-0.893650356140037
2015-08-02,0.0018975579046264,-7.65259467040895,-0.895782347498038
2015-08-03,0.0371288241760288,-9.3261244681984,-0.892961650641374
2015-08-04,-0.00813456657009826,-12.667325119365,-0.884207060084839
2015-08-05,0.0777767702848044,-5.41288803423416,-0.881342719877613
2015-08-06,-0.0367990475684504,-4.88269276920267,-0.882392719871991
2015-08-07,0.00559352837356719,-4.17514028592683,-0.886302963394145
2015-08-08,0.0671355883886851,-7.98134038237757,-0.891112292054075
2015-08-09,-0.00403874690482502,-3.8989241292947,-0.895776994485109
2015-08-10,0.0422486398332731,-6.20075214555123,-0.90285100470356
2015-08-11,-0.0191672739149258,-6.43658121258469,-0.90361956271038
2015-08-12,-0.0227979098736943,-3.46402256136383,-0.906000648048614
2015-08-13,0.0119687699921711,-4.55045849867104,-0.910081409324194
2015-08-14,-0.00185383653740341,-3.72141737279171,-0.912044120977141
2015-08-15,0.00316164474207337,8.02298895465384,-0.917605466557797
2015-08-16,-0.0455387392353177,15.9364401306894,-0.92663992694616
2015-08-17,-0.0501895178735739,16.8433239934157,-0.935014586045905
2015-08-18,-0.0701947598734188,2.46531991489577,-0.938196124820722
2015-08-19,-0.0469220752636102,-5.54674702881863,-0.935952677943263
2015-08-20,-0.0329346772071963,-8.58553106047622,-0.935331598432644
2015-08-21,-0.0596325244587207,-7.97426987716418,-0.936714810687231
2015-08-22,-0.0622127108282525,-6.42949299850677,-0.939400372539319
2015-08-23,-0.0491238847532676,-3.85129262074759,-0.943075285733545
2015-08-24,-0.0509680552327091,-1.26249030991719,-0.945769541911154
2015-08-25,-0.099532433204235,3.10982129939996,-0.950442542931334
2015-08-26,-0.0868715931294237,6.7774867998724,-0.956285944674263
2015-08-27,-0.105377417847567,10.0074963019957,-0.963638650760734
2015-08-28,-0.0718032571156187,8.99244371964577,-0.968967040397268
2015-08-29,-0.14845024536377,-7.66191078248977,-0.96853324497094
2015-08-30,-0.0502215237975427,-5.82932834602095,-0.962231906261469
2015-08-31,-0.0676911569663409,0.197741853095366,-0.962231996133062
2015-09-01,-0.0762654983356581,1.48970420584856,-0.966331005944903
2015-09-02,-0.122638710021299,-6.83939173222534,-0.966231641670989
2015-09-03,-0.0996330778525233,-7.33435131348976,-0.962674968498201
2015-09-04,-0.036510906367823,-5.46377237370733,-0.958473103747442
2015-09-05,-0.0703717548447764,-2.4889619769208,-0.954588221623192
2015-09-06,-0.109608769595355,3.41520933730195,-0.95609143502828
2015-09-07,-0.109638248581565,8.31697413795291,-0.95938911967278
2015-09-08,-0.118409671123218,14.5149388517029,-0.963372047720244
2015-09-09,-0.141612985565751,19.4352295107657,-0.969634349505644
2015-09-10,-0.117606379455342,18.7887416665604,-0.97304082941766
2015-09-11,-0.134900384153561,14.1047444695621,-0.971040527139717
2015-09-12,-0.138193424506316,2.65179724907092,-0.956421689299593
2015-09-13,-0.104883885312812,4.90849942663235,-0.949819093820954
2015-09-14,-0.0793245319278794,-7.93480123649108,-0.94147779142599
2015-09-15,0.35650410240019,-9.10873789072625,-0.93444108880038
2015-09-16,-0.0388926278548648,-9.07609134807299,-0.921486731757046
2015-09-17,0.00826828201915886,-7.59370683006413,-0.927380007498895
2015-09-18,-0.038632151125192,-2.20941071340455,-0.925069688788695
2015-09-19,-0.0181288766224933,5.8772393937707,-0.923293821090377
2015-09-20,-0.0662986478403648,13.8854545787406,-0.921268300247741
2015-09-21,-0.0999774647271089,16.2489437211926,-0.916756844991537
2015-09-22,-0.135150680072637,4.12591342740781,-0.906560209741397
2015-09-23,-0.123023223644508,0.17685963533448,-0.886714151220442
2015-09-24,-0.091699902669767,10.7034633909045,-0.880774141441878
2015-09-25,-0.0908502845600137,11.0635491292693,-0.872761306527226
2015-09-26,-0.12881147185638,8.47106379461891,-0.860324755390104
2015-09-27,-0.158646921817188,4.80536846556848,-0.845266904784681
2015-09-28,-0.0993904475574877,4.14796748641454,-0.825343704372156
2015-09-29,-0.163840947400843,-3.90894989545201,-0.803427592589832
2015-09-30,-0.105960176936146,-7.99298871903862,-0.777028672008875
2015-10-01,0.46676912021428,-7.44142332589673,-0.760591490309943
2015-10-02,0.687651001918383,-1.60023903601883,-0.743373247107788
2015-10-03,0.398411509926113,-1.02246548327127,-0.729099112274932
2015-10-04,1.03486659211154,-3.87186411016725,-0.711430837571122
2015-10-05,0.380359536182878,-3.06944898847143,-0.696132120820816
2015-10-06,0.251730600009074,-3.52823679881588,-0.686525343160985
2015-10-07,0.0927234120403905,-0.615642635862175,-0.67748175586553
2015-10-08,0.0350847633377562,4.26502002776659,-0.67166791325034
2015-10-09,0.0466189747971431,6.30647688553672,-0.65931493450812
2015-10-10,-0.03742293465676,3.76047201576793,-0.641126276795294
2015-10-11,-0.00773602993451405,3.50687210848293,-0.621858078150126
2015-10-12,-0.0658088391983461,10.0125623670249,-0.605065929922518
2015-10-13,-0.0663011072073434,14.2984674177672,-0.589357847666927
2015-10-14,-0.0797912033282448,10.8780513945493,-0.569150945724618
2015-10-15,-0.148304158571824,8.42148469778091,-0.54357880956063
2015-10-16,-0.101022392274603,4.92910242813283,-0.517679329447637
2015-10-17,0.394624933160032,-5.16951217195931,-0.638607414833054
2015-10-18,0.378692099024466,-6.98721510244135,-0.829753746080541
2015-10-19,0.366471793272836,-3.02350981559257,-0.833510106521911
2015-10-20,0.384140945950976,0.40759874803847,-0.805655706954608
2015-10-21,0.219871588834364,1.61868763084556,-0.775832406808498
2015-10-22,0.204898474995483,4.03306183629846,-0.748099280105118
2015-10-23,0.169546510146173,3.23381698041791,-0.713508230493126
2015-10-24,0.154052830892118,4.50058944965485,-0.680077018705974
2015-10-25,0.122521652066711,4.16295239821631,-0.645947837750634
2015-10-26,0.0746865974845373,3.79012425119199,-0.6069303477448
2015-10-27,0.0093836570355606,3.28946887981594,-0.570005336101201
2015-10-28,-0.00990567266381259,-1.86510838482167,-0.538416110254566
2015-10-29,0.140457059774706,0.945047766683304,-0.492687266374298
2015-10-30,0.0026835671444348,5.62705114486529,-0.449990531947959
2015-10-31,-0.0170407094028534,6.75216175482559,-0.417929457568392
2015-11-01,0.0259158816438027,-3.97910984013127,-0.382629785849153
2015-11-02,0.028684056824218,-2.86933565176292,-0.419787250104816
2015-11-03,0.424548984980282,-3.02710756417194,-0.694601455130924
2015-11-04,0.290268022219238,-1.13662046223357,-0.688615848583268
2015-11-05,0.0819619994237765,-0.49552619164114,-0.655360979634723
2015-11-06,0.00876807611272429,-1.95347501771821,-0.619991545622862
2015-11-07,0.0316822732574178,-0.010969583488925,-0.583959308992517
2015-11-08,-0.089662184510076,-3.13146886750576,-0.563868828840985
2015-11-09,-0.0138487821141577,-4.82326297527316,-0.653560504073318
2015-11-10,0.273200070795008,-3.01872293144409,-0.740132993494184
2015-11-11,0.135222649667211,-2.63661297330379,-0.74077214769378
2015-11-12,0.0830305566606998,-1.98156951272321,-0.702026584489408
2015-11-13,-0.00862396815492339,-1.20160093376646,-0.658321202713137
2015-11-14,0.0295280652824835,-0.475254059802152,-0.613202947822326
2015-11-15,-0.15086381995109,-2.8930097906338,-0.600964771608353
2015-11-16,0.374528421973598,-0.179574576827517,-0.615707141997031
2015-11-17,-0.0801229188179824,-1.01113023174433,-0.583396890866688
2015-11-18,-0.0276897860427662,-0.98162541511179,-0.545087197421595
2015-11-19,0.00647001955727666,-0.615108788628505,-0.504481498645809
2015-11-20,-0.0713974853741985,-0.90612467742054,-0.462828902799851
2015-11-21,-0.0475934455551696,0.572099595508717,-0.419010435434052
2015-11-22,-0.0882009840903492,1.71975803470448,-0.372578345939209
2015-11-23,-0.00171239352446995,1.26250779044427,-0.326484739246771
2015-11-24,-0.237428801737726,-1.79928069742448,-0.29467553423966
2015-11-25,-0.0415150639329119,-2.36252356374884,-0.299603037383908
2015-11-26,-0.0517961412994883,-1.38842339084257,-0.265378800007135
2015-11-27,-0.0119119787020974,0.699760076511985,-0.223372792185382
2015-11-28,-0.0648767662973674,1.33262670679555,-0.180166674272184
2015-11-29,-0.145941830386096,1.33507358120052,-0.138889772509575
2015-11-30,-0.230024919907228,0.459565916466725,-0.0988533369265396
2015-12-01,-0.150516631188322,0.479887144129825,-0.059720319625856
2015-12-02,-0.214818125398841,1.22649314589732,-0.0268439673493059
2015-12-03,-0.274689897995243,0.410116478223447,-0.132297468314638
2015-12-04,-0.017033562973985,-0.0406294141541679,-0.290346589840266
2015-12-05,-0.160521735115313,0.816749837404552,-0.26018346651984
2015-12-06,0.0202511485179584,5.15865038295723,-0.225513584711067
2015-12-07,-0.214723255813176,1.15182849989641,-0.188810917536639
2015-12-08,-0.329214196089357,0.49667142713606,-0.152325672822577
2015-12-09,-0.127854711874402,1.25580152079457,-0.121719223818127
2015-12-10,0.341305872990377,-0.138152935370208,-0.126837045954515
2015-12-11,0.0229132503692601,-0.0806827648237145,-0.17865061155155
2015-12-12,-0.0771806179766423,0.325602054896923,-0.173906835428533
2015-12-13,-0.329386837163025,0.293284833356501,-0.266655085989648
2015-12-14,0.241174782834829,1.41687126312036,-0.329358307266673
2015-12-15,-0.119101572288871,1.05228933711014,-0.275576289453512
2015-12-16,-0.114877985569791,0.925847587510979,-0.230076481445799
2015-12-17,-0.143892501666327,1.15156831302,-0.192922400749233
2015-12-18,0.0183022366519991,2.49420829458806,-0.156463080285246
2015-12-19,-0.152271989304209,-0.579408000164938,-0.360521454270121
2015-12-20,-0.0025396529025854,-0.116326056985856,-0.381593018044653
2015-12-21,-0.489270990875507,-0.785961465905574,-0.530271189781572
2015-12-22,-0.0607879563605013,-0.0726209161073381,-0.67646384720842
2015-12-23,0.0825978010407248,1.22945596554443,-0.562626167919199
2015-12-24,-0.256423424367943,-0.991549400701708,-0.580013876249968
2015-12-25,0.00767649663432679,0.167944427642019,-0.561136197820693
2015-12-26,-0.0703832623263413,0.975543714461412,-0.514134226977299
2015-12-27,-0.232015924733698,-0.062120664710192,-0.480632228094024
2015-12-28,-0.20034144078202,-0.574872607603901,-0.457465257813058
2015-12-29,-0.0785456995413045,-0.427136844851904,-0.432500547520581
2015-12-30,-0.127969474338455,0.163185826109469,-0.407415109634503
2015-12-31,-0.135613898300402,-0.00559419998463273,-0.383136139756282
2016-01-01,-0.185283586596288,-0.364179773842159,-0.358690223578898
2016-01-02,-0.227542190341108,0.848136162846952,-0.340390243751393
2016-01-03,-0.0314372570143796,2.42276552054465,-0.321245220000598
2016-01-04,0.13095942089764,1.19763217771891,-0.314664627044229
2016-01-05,-0.21756053931902,-0.719484323409866,-0.546162209204016
2016-01-06,0.0482749238619831,-0.511094883794499,-0.541979719286766
2016-01-07,-0.0663351448203442,-0.355417790973025,-0.488574699662297
2016-01-08,-0.0870191190236688,-0.869378998366844,-0.438627744562701
2016-01-09,-0.0426659903293647,-0.227049906523289,-0.40862698484009
2016-01-10,-0.0108134099665516,-0.35068931235358,-0.386023153264186
2016-01-11,-0.0642156815062954,1.58488130758838,-0.360126192256016
2016-01-12,0.0506403113504169,1.56367334707838,-0.334428532725366
2016-01-13,0.391595224294947,1.45323912074003,-0.333776179921922
2016-01-14,-0.169709611497762,-0.447724250928825,-0.341002223173903
2016-01-15,0.0634893266703007,-0.768541788059585,-0.393609556862251
2016-01-16,-0.0397279009202303,-1.03468592881942,-0.430886624132857
2016-01-17,-0.0411929941737514,1.61805652956896,-0.408150287456096
2016-01-18,0.142899275949354,0.020375826812733,-0.575539346434551
2016-01-19,-0.31537204557233,-1.44439436018217,-0.549018237155505
2016-01-20,0.0605165827444396,-0.189027178821429,-0.46111815902064
2016-01-21,0.0620448178731878,0.0604096431490455,-0.402978045896471
2016-01-22,-0.285396054608299,1.18874104767964,-0.423159283448283
2016-01-23,-0.167849866625817,-1.37821143024348,-0.530571289821738
2016-01-24,-0.0648970822037579,-1.23106739873184,-0.434684025207618
2016-01-25,0.202454142436017,-0.441679504059045,-0.388650325859171
2016-01-26,0.0436632560141036,-0.771883650796685,-0.35234553148879
2016-01-27,-0.00803210668020649,0.0474591201525971,-0.324111470868585
2016-01-28,-0.172006650148035,-0.914287570552542,-0.301980819863852
2016-01-29,-0.457792540246294,-2.30449396640578,-0.320214182603737
2016-01-30,0.00650169213220519,-0.902097690591987,-0.52937866716043
2016-01-31,0.447673641996966,-0.259416417593171,-0.430578831617825
2016-02-01,0.319748857672986,1.87908113287312,-0.383954084652276
2016-02-02,-0.0869320120426539,-0.598849953373701,-0.346727983642744
2016-02-03,-0.0169425327980885,-0.597335089142791,-0.324324732398372
2016-02-04,-0.0518472739355735,-1.02431781131716,-0.300617362472821
2016-02-05,-0.0046319532514234,-0.450351560614681,-0.274791261463682
2016-02-06,0.106528680762892,0.603941884604831,-0.249228139779974
2016-02-07,0.111528229344099,0.626101487394043,-0.223507772264887
2016-02-08,0.228211534365782,2.30211854434559,-0.197654541293051
2016-02-09,0.374338463449122,4.16614495764121,-0.167797557713218
2016-02-10,0.0867832674683006,2.40674318717394,-0.138089376132996
2016-02-11,0.175031437862006,3.25167788286432,-0.110102904074258
2016-02-12,0.272163098634632,2.26131169726036,-0.080901201224056
2016-02-13,0.368685219860227,2.31731361181333,-0.0492314144006576
2016-02-14,0.387675705831872,2.60838811018967,-0.016386171856912
2016-02-15,0.0639734995656238,1.16242103194833,0.0149830674674152
2016-02-16,0.385971767518396,2.92495877321411,0.0448254347147854
2016-02-17,0.553574664602945,6.59337500094648,0.0495897846136168
2016-02-18,-0.137394007915568,-1.13337928596127,-0.310689258426657
2016-02-19,0.241878958260766,-0.135754848882493,-0.307044227128474
2016-02-20,-0.149021902118774,-1.73914578845079,-0.267830493678378
2016-02-21,0.14312339963101,-0.995618610537896,-0.23260067072292
2016-02-22,0.194281184780716,1.11275455389675,-0.192473158857682
2016-02-23,0.360804441093894,1.23722940816771,-0.151393385937963
2016-02-24,0.666544175927136,2.27691046149061,-0.114074611021652
2016-02-25,0.561202412925263,2.28070951256727,-0.0765629242477619
2016-02-26,0.303025744963255,1.45986664479393,-0.0442170207251
2016-02-27,0.201014901551415,-0.971966267268969,-0.0190484294328219
2016-02-28,-0.114812071921802,-0.349267040552604,0.00749825599500076
2016-02-29,0.751934007310264,3.38733617765967,0.0341836113467591
2016-03-01,0.768785942640154,3.51502344756452,0.0687696408807117
2016-03-02,0.675716847724162,2.24584575090447,0.105491916192746
2016-03-03,-0.285031178552343,-1.2223789525464,0.131588007916926
2016-03-04,-0.429771953734301,-1.80152382657835,0.0938578632371474
2016-03-05,-0.116253064433208,-1.91294458541043,-0.141090457842739
2016-03-06,-0.407981521672429,-1.87435424636246,-0.54547309851377
2016-03-07,-1.33420330364605,-3.20496870888982,-0.635258811233919
2016-03-08,-0.186490837935953,-2.05544399388548,-0.480073899596683
2016-03-09,-0.212288408139725,-0.364146810500896,-0.436300495557036
2016-03-10,-0.78752794613371,-0.334841784417019,-0.409296844909177
2016-03-11,-1.50481484214545,-3.30725368150757,-0.540456551064645
2016-03-12,-0.234056835743663,-1.51852546084683,-0.606024306166973
2016-03-13,-1.58751815401712,-4.03023882435562,-0.67335317595054
2016-03-14,-0.0148946233896898,-0.781101430386041,-0.64945815102251
2016-03-15,0.538184170924966,0.920532561449249,-0.526905284250784
2016-03-16,0.153211551191547,0.506391946893723,-0.474241415433732
2016-03-17,0.370019701814352,1.39995543446455,-0.432002769431109
2016-03-18,0.478439736598083,0.74159776969203,-0.390868346645292
2016-03-19,0.173457489133671,-0.410597474463862,-0.354682253611465
2016-03-20,-0.252789158749689,-1.21146260832888,-0.333805436688956
2016-03-21,-0.794261696319651,-2.46812053800018,-0.43546326524769
2016-03-22,0.318485811510803,-0.557130313568598,-0.58205493606491
2016-03-23,0.38442380126373,0.730908986296821,-0.547580136850914
2016-03-24,0.51714847293224,1.22477519945099,-0.508838767707094
2016-03-25,0.793974756598864,1.12199835445441,-0.465865412021128
2016-03-26,0.249417067181648,1.78090260657145,-0.423916319644701
2016-03-27,0.217754626773614,-0.609351831664823,-0.390719410679255
2016-03-28,-0.0896564088211993,-0.711226765890201,-0.360282856677852
2016-03-29,0.240610176589902,-0.195326601903248,-0.332984234705387
2016-03-30,0.536915797375407,0.521039398581074,-0.304693906473129
2016-03-31,0.315744903995149,-0.74524681210098,-0.276693602304436
2016-04-01,0.478421592831933,-0.325924339039389,-0.247471379043376
2016-04-02,0.441549583246271,0.362792708514419,-0.217179943480187
2016-04-03,0.540732402125032,0.422007094696752,-0.186681125180594
2016-04-04,0.738967253786645,1.13722199176312,-0.151492650565181
2016-04-05,1.15081830201944,3.80744533825687,-0.112259827218343
2016-04-06,1.37425631971631,7.07864835356065,-0.0641784383486628
2016-04-07,0.470216967831169,3.29759904180201,-0.0154486993388425
2016-04-08,-0.18890972323067,-1.8942001485566,0.0217697672644821
2016-04-09,-1.93059756870359,-1.7283246764193,-0.029562471854125
2016-04-10,-1.07186301363199,-2.72928193799852,-0.378593903736586
2016-04-11,-0.406629676705044,-1.84553197525086,-0.473413067500032
2016-04-12,-0.110753483241199,-2.27048736303247,-0.472940089543809
2016-04-13,0.561810645044376,-0.862221441837129,-0.456564849944134
2016-04-14,0.795453416377342,-1.18884322961728,-0.45592859981414
2016-04-15,1.42683458987557,1.75606515384115,-0.449495166851403
2016-04-16,1.18833798961155,2.98596938321593,-0.413470318641051
2016-04-17,1.55263656414879,4.83617464454024,-0.369249035805319
2016-04-18,1.6812910343519,6.26747150597478,-0.316548348314317
2016-04-19,1.3571468704627,4.97061510910957,-0.259978927693034
2016-04-20,1.6054735794219,5.39417934747477,-0.200662451050682
2016-04-21,0.569365948874032,-1.17044313436364,-0.143126770249919
2016-04-22,-1.69418833804587,-4.73052012105132,-0.181810601367543
2016-04-23,0.937691792126817,-2.2792506859347,-0.295079348933769
2016-04-24,1.06625842839759,-2.1050985629948,-0.301370735333591
2016-04-25,0.947569040306536,-0.935104697733674,-0.2852496605737
2016-04-26,0.126141368429601,-1.03347064349333,-0.259985644522658
2016-04-27,-0.835675864021353,-4.37291280299306,-0.342643846372129
2016-04-28,1.13213159479475,0.319045818488972,-0.576282124663185
2016-04-29,1.02236662367119,-0.961174484776548,-0.577599753664218
2016-04-30,2.17075364321763,3.58083143871882,-0.555371532261668
2016-05-01,1.79938268281362,4.55870347797448,-0.512576883726993
2016-05-02,1.59077278016889,2.96962862930483,-0.458096214078294
2016-05-03,0.304081128528948,-0.12745081057032,-0.406967824564517
2016-05-04,0.238418849738825,-2.3803790611184,-0.371458680061603
2016-05-05,-1.22237969026409,-6.83280785053231,-0.345348128456179
2016-05-06,-1.10890776900616,-5.73438408379077,-0.348152592298105
2016-05-07,-1.17976909132416,-7.60570835246565,-0.374366768635656
2016-05-08,0.544963338473021,-4.63577261915122,-0.404983054566928
2016-05-09,0.904140184095624,-3.06071040937426,-0.416064026913927
2016-05-10,1.25748417303194,0.747494656170359,-0.404629844942781
2016-05-11,1.21010509946885,2.9186753228937,-0.374944020645388
2016-05-12,1.12022880256853,2.74845965761015,-0.332366349174296
2016-05-13,0.634838516013263,-3.28391666828461,-0.287337428292724
2016-05-14,0.147659802619365,-4.65752726722175,-0.247605503930419
2016-05-15,0.526030351066485,-1.32779692824631,-0.219084904217936
2016-05-16,0.701861349450218,1.42385231969729,-0.188398986660562
2016-05-17,0.981851002934619,8.33416764119979,-0.156018962802786
2016-05-18,0.616654198811564,10.3832109917635,-0.122862083253315
2016-05-19,0.0453529647048982,-0.444599453655782,-0.0979529469990723
2016-05-20,-0.602725194572351,-5.89648954038303,-0.0818102010857649
2016-05-21,-0.343178477991744,-7.86172520814526,-0.0719188095238943
2016-05-22,-0.177831957149131,-6.81211273235776,-0.0712267445734662
2016-05-23,-0.328657611167765,-5.18420729869165,-0.0767188500706686
2016-05-24,-0.465583528636572,-6.5998965770436,-0.088305083269419
2016-05-25,-0.270959110124781,-4.49613012770188,-0.0976313000464248
2016-05-26,-0.113563105301488,-3.51141963917724,-0.108444358437974
2016-05-27,-0.0220581497060468,1.76297333615683,-0.118784266081647
2016-05-28,-0.0900691425380942,4.51476631579317,-0.12513483116327
2016-05-29,-0.0715425260155089,4.31384315735617,-0.131568587242025
2016-05-30,-0.0932157977826387,5.76387883255699,-0.139998944022711
2016-05-31,-0.0475461147846337,9.68233920531224,-0.151582800268884
2016-06-01,-0.10648145999754,12.4804599811506,-0.162626689494844
2016-06-02,-0.280128974417927,10.9721839950163,-0.164907702112102
2016-06-03,-0.230761598913102,16.4716193378927,-0.172833079753225
2016-06-04,-0.571104306035951,12.650059989321,-0.177047941146621
2016-06-05,-0.336651880512985,9.27111062286456,-0.181992604280835
2016-06-06,-0.54064155287745,3.12399891822189,-0.191551043323997
2016-06-07,-0.6133336971925,-2.81757045300135,-0.194525130199769
2016-06-08,-0.518198517727008,-2.23995766753625,-0.191735069196141
2016-06-09,-0.534816622482238,-3.7838170830759,-0.18888722372199
2016-06-10,-0.526018987172245,-2.06693072966996,-0.189740601174411
2016-06-11,-0.55933987021424,1.13808320703318,-0.189765081725636
2016-06-12,-0.491912947976953,0.456166077593728,-0.195237778096645
2016-06-13,-0.455776822659282,-4.01141053082264,-0.19681043137894
2016-06-14,-0.486667534483254,-5.95721158527752,-0.189763076494078
2016-06-15,-0.457188565547887,-8.96903455563243,-0.177181778690043
2016-06-16,-0.45291759223048,-6.7814511873978,-0.172827032234184
2016-06-17,-0.414786017378038,-6.25547426541977,-0.17780357324069
2016-06-18,-0.410496062418067,-4.62114103499251,-0.188369586858506
2016-06-19,-0.343973964976041,1.92246588632431,-0.189633896841753
2016-06-20,-0.258015319003869,7.32094760621025,-0.1946555906455
2016-06-21,-0.299360628697936,11.5615055644136,-0.196022073432768
2016-06-22,-0.22041960722886,6.02264981554894,-0.194850588378725
2016-06-23,-0.237574815048803,1.35451148781395,-0.185588348904163
2016-06-24,-0.233750115061305,0.090926084220083,-0.177480230986846
2016-06-25,-0.223416360213082,8.56664179290491,-0.174989345995061
2016-06-26,-0.184124151586616,13.2516319730722,-0.17740077266942
2016-06-27,-0.191619640245,15.5843451497477,-0.179265236224611
2016-06-28,-0.204231919620691,13.922455017183,-0.176630436535344
2016-06-29,-0.179976250657712,5.26842295071714,-0.166288575131169
2016-06-30,-0.0553120587227669,7.03081052688536,-0.152268103411596
2016-07-01,-0.134487254433446,6.71125871820812,-0.150110009310866
2016-07-02,-0.0807831377254655,1.10217542907609,-0.14054380378442
2016-07-03,-0.0633830767162721,2.43940220579262,-0.127722976264871
2016-07-04,-0.0782018907090123,-1.37253571284882,-0.116188663222395
2016-07-05,-0.0889269233250611,-7.06747100475868,-0.102042610176604
2016-07-06,-0.00703139092851873,-6.48482336717294,-0.0902796790560547
2016-07-07,-0.0221472429265575,-6.77870361304016,-0.0847714056001045
2016-07-08,-0.0166443667667687,-6.10797609485884,-0.0782084994642123
2016-07-09,-0.0198672364045979,-8.93073778966367,-0.0775477664551021
2016-07-10,0.0320653793601045,-5.84027654553668,-0.061908219993164
2016-07-11,0.0116034586520423,-0.143758490030766,-0.0594187900983156
2016-07-12,0.0445328362936968,-0.931602934235261,-0.0619856885718253
2016-07-13,0.0533547096909438,7.19580939377843,-0.0664450148604123
2016-07-14,0.0432926671480195,11.6712822857196,-0.0745537943865369
2016-07-15,0.0548720901575199,5.87042915963232,-0.0711727415904848
2016-07-16,0.0335829074188789,-2.01743099751467,-0.0594274508106105
2016-07-17,0.140737436546008,-4.60400268495913,-0.0501057549041306
2016-07-18,0.0259908011824518,-7.9662221080921,-0.0382156137313476
2016-07-19,0.042738197775069,-4.99831956364621,-0.0323150333486382
2016-07-20,0.0521013316464462,0.16168067611412,-0.0323104970431212
2016-07-21,0.0751770380071684,-0.656122853556703,-0.0330756486786221
2016-07-22,0.130459474406534,2.82884547331828,-0.0293582636084082
2016-07-23,0.0927869811608755,10.6830134897121,-0.039759253936162
2016-07-24,0.106868550216213,12.8319321845264,-0.052706722478006
2016-07-25,0.0484401589822538,6.98587998377977,-0.0527763097283858
2016-07-26,0.102186502080967,14.4125920303219,-0.0505945947202093
2016-07-27,0.0541199295423618,15.8001977950213,-0.0559556851999456
2016-07-28,0.0497166923035969,10.6553461857176,-0.0561536195208658
2016-07-29,0.0762049601905531,12.3829348202394,-0.0542715713909976
2016-07-30,0.0851310924140755,10.0766517964713,-0.0531982890477378
2016-07-31,0.050733621833018,2.55268412579608,-0.0451337099530447
2016-08-01,0.0509317759454427,-1.28438633707562,-0.0341704604878661
2016-08-02,0.0278882662984778,-1.16814530153173,-0.0311473010740153
2016-08-03,0.0586194840421466,3.10888321396832,-0.0400696408848873
2016-08-04,0.010152092733784,-8.31924220090082,-0.0326321561000977
2016-08-05,-0.0212121804664096,-10.7941927692027,-0.025622533693662
2016-08-06,0.0342134695980569,-6.19528611926016,-0.0260516245996119
2016-08-07,0.0340917871641954,-5.48490288237757,-0.030228927072816
2016-08-08,-0.00335661890482501,-0.873278295961359,-0.0389670102403512
2016-08-09,-0.00285610547284926,-1.14991881221789,-0.0452011780832695
2016-08-10,-0.0616289212618645,-1.37899787925135,-0.0543444331142222
2016-08-11,-0.0307003418736942,-1.57443922803049,-0.0615749161774346
2016-08-12,0.0416477063187016,3.65995816799563,-0.0718150612143438
2016-08-13,-0.0112912997210769,9.41956179387495,-0.0862452908681428
2016-08-14,-0.00949918056404908,11.1082806213205,-0.0962251822251812
2016-08-15,-0.0656088325414401,1.87800263068941,-0.0963059996238824
2016-08-16,-0.0780078647307167,2.55359482674901,-0.0977624019746752
2016-08-17,-0.0123641578326024,4.91554908156243,-0.106806896504508
2016-08-18,-0.0930186565697326,2.0917738045147,-0.114160585753345
2016-08-19,-0.0583967131255636,0.695656439523777,-0.11623971577357
2016-08-20,-0.0641297193974962,0.823396789502482,-0.118871485320796
2016-08-21,-0.0620557243792728,-1.20334716517344,-0.121643329812447
2016-08-22,-0.0632292747124513,-5.14423012074759,-0.116878468655107
2016-08-23,-0.0621016319674029,-3.08940697658386,-0.115677334421059
2016-08-24,-0.0964745924695412,-3.80636620060004,-0.12032357942295
2016-08-25,-0.0570839705988116,-5.3021382001276,-0.125008388088572
2016-08-26,-0.0983217565414441,-9.97800369800434,-0.129048030839029
2016-08-27,-0.0903704187482718,-10.1011396136876,-0.131729068809749
2016-08-28,-0.0425436820984635,-6.16972328248977,-0.138350485347446
2016-08-29,-0.0810835288587673,-5.23499501268761,-0.147227114839628
2016-08-30,-0.0792793299459328,-1.88571648023797,-0.161499184650631
2016-08-31,-0.118630338009127,-3.63844162748477,-0.176212488050691
2016-09-01,-0.0822811098580339,-5.06378756555867,-0.170407494685264
2016-09-02,-0.102935699485176,-1.60803881348976,-0.171147567870717
2016-09-03,-0.072675588000476,-5.872126540374,-0.177280176306088
2016-09-04,-0.0826634640692662,-8.86842031025414,-0.169092251941953
2016-09-05,-0.102227019554539,-3.02904066269805,-0.170596967513609
2016-09-06,-0.10652220319381,3.6210366379529,-0.182718088795824
2016-09-07,-0.131398125596687,6.3560846850362,-0.192664981541074
2016-09-08,-0.125206173426975,-1.25668715590098,-0.201056051067726
2016-09-09,-0.0868618188839134,-1.17411250010626,-0.198381796750422
2016-09-10,-0.127668418357643,0.408140302895401,-0.203274878113979
2016-09-11,-0.136973126628765,-5.39997358426241,-0.196928163787745
2016-09-12,-0.10590263755771,-10.9855005733676,-0.180096203177478
2016-09-13,-0.0523211817237978,-9.21836373649108,-0.165699717496794
2016-09-14,-0.149490535640626,-5.68500872405959,-0.166279105934064
2016-09-15,-0.127661511463028,-1.81069551473965,-0.173952444534459
2016-09-16,-0.143435645246147,-0.118977663397462,-0.181101580155155
2016-09-17,-0.122226080431314,6.29790178659545,-0.187926747360465
2016-09-18,-0.136055914826575,12.9213643937707,-0.195956168532878
2016-09-19,-0.129246621962814,14.2130170787406,-0.201400733775537
2016-09-20,-0.117269869298537,6.98167288785926,-0.193135947962881
2016-09-21,-0.0391114449705964,-1.13404490592553,-0.16979294131007
2016-09-22,-0.0983975926240996,-7.26949453133219,-0.133396950485814
2016-09-23,-0.0418456935269098,-0.773661609095479,-0.121065138835552
2016-09-24,-0.134209753539605,2.2964866292693,-0.12167972574268
2016-09-25,-0.1197302762074,8.07587629461891,-0.130056142520918
2016-09-26,-0.0887510520212701,14.5215142989018,-0.135570853317254
2016-09-27,-0.0944906330268755,13.8590716530812,-0.130708294332918
2016-09-28,-0.132794506625333,10.6590709378813,-0.119541023334588
2016-09-29,-0.125825646242268,2.45153211429472,-0.094222092791636
2016-09-30,-0.154456654593884,-3.40413165923006,-0.0575776249102686
2016-10-01,-0.0979688253469231,-4.51805153601883,-0.0243352177906333
2016-10-02,-0.110000773502459,-7.28931964993794,0.00562593873533768
2016-10-03,-0.00305383823948449,-9.18792661016725,0.0320649172609908
2016-10-04,-0.0888616050497748,-6.65132398847144,0.0495919033176513
2016-10-05,-0.0126324221517426,-3.20204929881588,0.0591212623433881
2016-10-06,-0.106289848367773,-0.359767635862173,0.0736164372602985
2016-10-07,-0.106783838294897,3.96066586109992,0.0807997504504172
2016-10-08,-0.139760323651837,7.93528938553672,0.0861439440308533
2016-10-09,-0.114506230901658,9.2715761824346,0.101615330883556
2016-10-10,-0.166404243893698,3.6525387751496,0.124062321659809
2016-10-11,-0.185080255524877,-4.8281042996418,0.158275753411575
2016-10-12,-0.121061329309384,-3.64247008223284,0.185486204649625
2016-10-13,-0.160764864552735,-2.58253193878408,0.209183074965603
2016-10-14,-0.127839182903019,-5.42499446888575,0.231333313554156
2016-10-15,0.51584562580703,-4.04783507186717,0.0890585531245556
2016-10-16,0.00125708418044074,-6.23282467195932,-1.35365587935439
2016-10-17,0.819610194616303,-5.18415260244135,-2.29217955693037
2016-10-18,0.58706039000753,-4.49182231559257,-2.17193981712077
2016-10-19,0.473153524726486,-3.3653804186282,-2.08931195336017
2016-10-20,0.437077441895589,-0.367583202487776,-2.02726282057807
2016-10-21,0.559375090505687,-0.473729830368212,-1.97113690727464
2016-10-22,0.678580316676786,-1.74662051958209,-1.91383216933554
2016-10-23,0.668857128851301,-2.67382721701182,-1.85661427719343
2016-10-24,0.633442666760589,-3.47167260178369,-1.80520877611643
2016-10-25,0.463622376260047,-3.43345908214135,-1.78683924574119
2016-10-26,1.03671227009679,1.1877605464826,-1.75007653716328
2016-10-27,0.109104144887208,-6.47723338482167,-1.74668740080443
2016-10-28,0.179615649080828,-4.84726473331669,-2.12897505437261
2016-10-29,0.909610733430149,-4.22815718846804,-2.07970195875325
2016-10-30,0.328349263658371,-5.73846324517441,-2.08934225437789
2016-10-31,0.599039123025027,-4.47533900679793,-2.03571705456143
2016-11-01,0.713293566569769,-3.80037731842959,-2.00179102549996
2016-11-02,0.817498511021098,-3.60433673083861,-1.93848858404045
2016-11-03,0.808837541076381,-2.19947462890024,-1.86611626442303
2016-11-04,0.663129986770715,-0.851151191641142,-1.80206255474278
2016-11-05,0.7173446310515,-2.40295418438488,-1.74163749998206
2016-11-06,0.434232230073744,-4.02380291682226,-1.68869054930169
2016-11-07,0.532022303326659,-2.56644803417243,-1.63843225416318
2016-11-08,0.738073268440944,-0.969783808606489,-1.58335918261946
2016-11-09,0.78283809052562,0.932068735222575,-1.5245182642031
2016-11-10,0.635583953414149,2.17855369336287,-1.46637620033841
2016-11-11,0.78208649576274,2.66509715394346,-1.40942966569851
2016-11-12,0.597139253134873,-0.40462176709979,-1.3517547018422
2016-11-13,0.839918841609014,1.31824594019785,-1.29060083878188
2016-11-14,0.722803321763195,1.4781777093662,-1.229953152549
2016-11-15,0.390756104504211,-1.83128291016085,-1.17505852224731
2016-11-16,0.531391921524875,-1.75877606507766,-1.14477470171007
2016-11-17,0.526697320079683,-0.980417081778455,-1.09535671810511
2016-11-18,0.767846179475644,3.84218287803816,-1.04264203438621
2016-11-19,0.591564526789067,2.52635448924613,-1.01083060748528
2016-11-20,0.283505217383606,-1.45375457115795,-1.45768385691788
2016-11-21,0.2340698220321,-1.68347113196219,-1.44308169656322
2016-11-22,0.383542958165326,-2.21095054288906,-1.34354810739518
2016-11-23,0.52599976035207,-0.721239030757816,-1.30402917734823
2016-11-24,0.452316556067088,-0.67498189708217,-1.24953824237842
2016-11-25,0.0630087690450016,-1.60815255750924,-1.19533752524261
2016-11-26,-0.183357052138832,-2.26673992348802,-1.25926847115798
2016-11-27,0.588172359335285,-0.871789959871123,-1.33660304120244
2016-11-28,-0.0339127015697699,-2.46184308546615,-1.2312000477817
2016-11-29,0.417437813007058,-1.12605908353328,-1.16116804181239
2016-11-30,0.246687338117801,-1.12107118920351,-1.10416537305872
2016-12-01,0.167669043246057,-0.10550685410268,-1.05466460998867
2016-12-02,0.509607981204757,2.23788731155678,-1.00352002186584
2016-12-03,0.203763401026015,0.278328919179165,-0.953133266665209
2016-12-04,0.10771374251734,-0.344729329262115,-0.909690001790497
2016-12-05,-0.0793530938493886,-1.24053711704277,-0.871627530276561
2016-12-06,-0.0727781703437879,-0.447817333436919,-0.836962601408957
2016-12-07,-0.125473232007725,-1.32789107286394,-0.802939143399271
2016-12-08,-0.230910677588688,-0.938031812538763,-0.82244259108214
2016-12-09,0.125074319520989,0.192430397963125,-0.881571212321379
2016-12-10,-0.420934064569516,-1.30903693149038,-1.02386421790114
2016-12-11,0.00384603524784755,-1.01054377843641,-0.961599545386332
2016-12-12,-0.24197823177527,-0.608610999976832,-0.878701585184646
2016-12-13,-0.082881855450885,-0.473545403546309,-0.830507281088962
2016-12-14,0.07233494238868,1.33672683711014,-0.794422660526988
2016-12-15,-0.133514104100403,0.820180920844313,-0.860889595650292
2016-12-16,0.277496046496938,0.0912141463533382,-0.963121591299321
2016-12-17,0.0743656831826115,-0.206770872078605,-0.817466163149505
2016-12-18,0.040655089063138,-0.323012166831604,-0.759195500301376
2016-12-19,0.0446491294647615,0.20584060968081,-0.716112570332671
2016-12-20,0.0736168834102072,0.373017700761093,-0.678924671682106
2016-12-21,0.00467447302725388,0.161649917225995,-0.645268820469397
2016-12-22,0.0643276687958267,0.181518465544426,-0.613266899830525
2016-12-23,-0.299291663796514,-0.63038273403504,-0.716381219927317
2016-12-24,0.0559258639812656,-0.65318057235798,-0.747578069853752
2016-12-25,0.0395067670614139,-0.178477118871922,-0.682762243544416
2016-12-26,0.0695336142050773,0.566671001956474,-0.637902912291126
2016-12-27,0.0243817992996126,0.568023225729434,-0.600516475157322
2016-12-28,-0.0067409099086515,-0.250595178185238,-0.568487732012602
2016-12-29,0.0645602081105249,0.441935826109469,-0.540065329225219
2016-12-30,-0.177622911035096,0.484468300015368,-0.514922456145851
2016-12-31,-0.290577689544196,-1.2206222505423,-0.497498277712342
2017-01-01,-0.0462430494534311,-0.417388107175493,-0.490870170006512
2017-01-02,0.327247794132361,-0.70844717048638,-0.485733368360838
2017-01-03,0.263882218903988,-0.265296979455349,-0.672215253235127
2017-01-04,0.0224443049792721,-0.853826155614428,-0.843155629588056
2017-01-05,0.200138556191184,-0.588150990076534,-0.721569861641537
2017-01-06,0.17395951022933,-0.931011550461167,-0.604272106046077
2017-01-07,0.690942612730676,-1.26650112430636,-0.614778655330784
2017-01-08,0.0627385519967393,-0.00719149836684396,-0.827783414369933
2017-01-09,0.677587030895125,-1.09742490652329,-0.770533409939841
2017-01-10,0.67142474268651,-2.02462681235358,-0.917513510374912
2017-01-11,0.219883598003909,-1.01547285907828,-0.827802174244139
2017-01-12,0.0470532177177639,-1.66847248625495,-0.661699990709062
2017-01-13,-0.0366198392968901,-1.43280254592664,-0.596907074338671
2017-01-14,-0.0907706122324556,-1.77299508426216,-0.546409452105562
2017-01-15,-0.322989423452148,-1.92981262139292,-0.513986978555256
2017-01-16,-0.229682554797781,-1.55947759548609,-0.487983062101296
2017-01-17,-0.204500492132935,-1.3459226370977,-0.495081179734637
2017-01-18,0.00163505407180276,-1.4183325065206,-0.567274484567629
2017-01-19,-0.181834570084389,-1.23818602684884,-0.6943636762603
2017-01-20,-0.131498269582091,-1.67954801215476,-0.700846399291549
2017-01-21,-0.180978693065588,-1.02327785685095,-0.615332528218746
2017-01-22,-0.192330800614077,-1.14917561898703,-0.718692956643499
2017-01-23,-0.126375072361399,-1.18033643024348,-0.646473588518763
2017-01-24,NA,NA,NA
2017-01-25,NA,NA,NA
2017-01-26,NA,NA,NA
2017-01-27,NA,NA,NA
2017-01-28,NA,NA,NA
2017-01-29,NA,NA,NA
2017-01-30,NA,NA,NA
2017-01-31,NA,NA,NA
2017-02-01,-0.251934667899329,0.474747799539791,-0.329026453511608
2017-02-02,0.163281748553265,0.729858379959632,-0.342320123602838
2017-02-03,0.297654774140687,-1.01233508914279,-0.481199405130164
2017-02-04,0.302887636431773,-1.25638031131716,-0.574736218226282
2017-02-05,0.355473394503679,-1.13422656061468,-0.493980312667611
2017-02-06,-0.356163092053435,-3.00637061539517,-0.673612299424041
2017-02-07,-0.344852060206921,-2.52075267927262,-0.770338778500237
2017-02-08,-0.126264990042382,-2.82933978898774,-0.66111810152412
2017-02-09,-0.27861987635496,-2.76948004235879,-0.650641541446933
2017-02-10,0.108661547468301,-1.67336097949273,-0.918930374403938
2017-02-11,0.348351366025272,-0.661842950469017,-0.550226859391013
2017-02-12,-0.00857960258985779,-1.19693830273964,-0.476043427929254
2017-02-13,-0.415259287894875,-1.35147805485334,-0.435203689489277
2017-02-14,-0.0143239660048625,-0.111549389810329,-0.403787762380403
2017-02-15,-0.555845598311927,0.196483531948334,-0.377573897299777
2017-02-16,0.477931694946968,0.894583773214106,-0.420035799229524
2017-02-17,0.653221694072332,-0.36518749905352,-0.483021549966942
2017-02-18,0.365067839186473,-1.11427511929461,-0.498784996756326
2017-02-19,-0.0416325485147446,-1.57148401554916,-0.467143204709612
2017-02-20,-0.347241760731019,-2.20266662178412,-0.788913665313997
2017-02-21,0.07519831712652,-2.76047277720456,-0.799515674914762
2017-02-22,0.496606126984797,-1.39199544610325,-0.603805041777045
2017-02-23,-0.0456229743346777,-1.50158309183229,-0.511587392747709
2017-02-24,-0.304594035501435,-1.08161037184273,-0.465415673070638
2017-02-25,-0.0923042308298396,-0.92881132076606,-0.430344630757981
2017-02-26,-0.167245904261234,-1.01009168853941,-0.398725115980224
2017-02-27,-0.129902182530217,-1.41059126726897,-0.384782512965967
2017-02-28,-0.137973571187108,-0.0989962072192707,-0.367428774620421
2017-03-01,-0.524641590240756,-0.0938721556736617,-0.34182799846865
2017-03-02,-0.461595505523111,0.902752614231185,-0.317479254539983
2017-03-03,-0.568537792602369,0.47763741757114,-0.293439062454727
2017-03-04,-0.438593718960506,-1.43189978587974,-0.275085256655457
2017-03-05,-0.439189760917974,-2.37225299324502,-0.564832072502092
2017-03-06,-0.314349529739331,-1.16411125207709,-0.548231495693762
2017-03-07,-0.883188515958143,-1.36158341302912,-0.508388866252641
2017-03-08,-0.474698545768496,-0.13207287555649,-0.477019518188933
2017-03-09,-0.574454880466565,-0.244027327218812,-0.44485465614776
2017-03-10,-0.914804322817276,-0.492438477167563,-0.418803142390467
2017-03-11,-0.388014390215343,0.69053321558298,-0.394581724608914
2017-03-12,0.15914692255659,3.07305881849243,-0.362653473468494
2017-03-13,-0.202867769213051,3.6951203724865,-0.326195179806668
2017-03-14,0.0905581267175783,5.04915700897772,-0.287814688327894
2017-03-15,-0.342917294246833,2.03944023628063,-0.249944668644774
2017-03-16,-0.713025844258707,-1.18165493855075,-0.221830358692667
2017-03-17,-0.433314045788045,1.04935028022706,-0.190162216745725
2017-03-18,-0.63685689394075,1.49422626779788,-0.165051475390786
2017-03-19,-1.1875079891162,0.026826936358697,-0.149181773477602
2017-03-20,-0.812792159437757,-1.00195164113053,-0.139599433012599
2017-03-21,-0.727027808471395,-1.93721260832888,-0.479464107533251
2017-03-22,-0.87248980799312,-2.65199553800018,-0.762522838336676
2017-03-23,-0.164475269281034,-1.89102614690193,-0.692281018801664
2017-03-24,-1.35002280689954,-2.83492434703651,-0.730882914062894
2017-03-25,-0.432046058251434,-2.03376646721568,-0.74918687273864
2017-03-26,-0.561036375809299,-1.22035581221226,-0.705594651861595
2017-03-27,-0.290879514410189,-0.163784893428555,-0.738938051305015
2017-03-28,-0.0808289485733251,1.00468983500184,-0.701152971212921
2017-03-29,-0.105364779376302,1.36118990077647,-0.656138790148691
2017-03-30,0.581470166059289,1.96819423143008,-0.637905816733565
2017-03-31,0.599323733293774,4.36635189858107,-0.602285277677647
2017-04-01,-0.0416976508619937,2.36333652123235,-0.554081368761992
2017-04-02,-0.0275913736170463,3.07320066096061,-0.511962216331384
2017-04-03,0.213582316307496,2.62666770851442,-0.469381930833528
2017-04-04,-0.0806256626912947,2.52146542803009,-0.434806163437732
2017-04-05,-0.458110571601111,2.66224282509646,-0.408860374477691
2017-04-06,-1.22504018859281,-0.792783828409795,-0.41903026018162
2017-04-07,-0.505230649795668,-3.08866414643934,-0.911214229097458
2017-04-08,-0.576199110454545,-3.92435929153132,-1.07645393818284
2017-04-09,0.113233385912187,-1.95955431522327,-1.00479799243173
2017-04-10,0.267933819051509,-0.699345509752637,-0.953288316799445
2017-04-11,-0.978288492815668,-0.476531937998523,-0.918312629779047
2017-04-12,-0.711342822174431,-2.15465697525086,-0.912061543510897
2017-04-13,-0.0552053069146683,-3.17190402969913,-0.996164707643322
2017-04-14,-0.00806894499643995,-1.01853394183713,-1.01790283643789
2017-04-15,-0.496579654724699,-1.22146822961728,-0.991664913256163
2017-04-16,-1.53340835657341,-3.53076817949218,-1.07159209445099
2017-04-17,-0.853078869245588,-5.0088014501174,-1.25150371531055
2017-04-18,0.120988703740624,-3.07353368879309,-1.29813199269767
2017-04-19,0.305496279086597,-1.45709099402522,-1.22781156057875
2017-04-20,0.452129294789229,-0.893030724223767,-1.1917833038638
2017-04-21,0.183740185136185,-0.265049819191896,-1.15041847320356
2017-04-22,-0.159771086228008,-1.74552646769697,-1.1129516325045
2017-04-23,0.681196186852091,-2.41697845438465,-1.08697860144632
2017-04-24,-0.745110105016041,-4.5838756859347,-1.06128081801829
2017-04-25,0.45692082603024,-2.45124439632814,-1.04573620334411
2017-04-26,-1.57638836255061,-5.89979219773368,-1.03775717573598
2017-04-27,0.567701228674499,-0.741595643493329,-1.04361058494723
2017-04-28,1.13913320781538,1.53298303034027,-0.999784967924862
2017-04-29,0.962496678060055,3.41596248515564,-0.946875144945577
2017-04-30,1.34248427346711,3.64703384855679,-0.895867692282799
2017-05-01,1.62906566199314,5.30472727205215,-0.838845258766292
2017-05-02,1.37090307873199,4.74424514464115,-0.773298648120351
2017-05-03,1.46704762016889,3.88800362930483,-0.699047353956701
2017-05-04,1.84944497342691,2.81657002276301,-0.620106123567973
2017-05-05,1.05281571341229,-2.23271239445173,-0.541011899305906
2017-05-06,0.645993794633869,-4.05320368386564,-0.470303292452461
2017-05-07,0.679375384463223,-4.65457158379077,-0.430622528231467
2017-05-08,1.20880830214523,-0.321666685798984,-0.380618782251987
2017-05-09,1.83725197651384,2.16001904751544,-0.303897028293364
2017-05-10,1.12950374736093,-4.26987707604092,-0.226150126344884
2017-05-11,0.246606665848268,-5.29013034382964,-0.15827304538872
2017-05-12,0.662223403468847,-3.4220121771063,-0.101503227425638
2017-05-13,0.641890869915469,-3.26629034238985,-0.0471310647285161
2017-05-14,0.25175490722959,-3.38643750161794,-0.00392047075601898
2017-05-15,0.310624698129569,-3.21775643388841,0.0307806909967985
2017-05-16,-0.796879531382495,-7.61552609491298,0.0539400461634694
2017-05-17,0.66075121042981,-2.42250184696938,0.0566045045753674
2017-05-18,0.975043439669312,2.20593847453312,0.0795187006664442
2017-05-19,0.981510033097278,6.00421099176347,0.104463113351759
2017-05-20,1.18262520307224,8.11102554634422,0.127094214520298
2017-05-21,1.32331514967255,9.70121879295031,0.147285233315479
2017-05-22,1.07515324690621,10.7394831251881,0.162001829030839
2017-05-23,1.08708510725903,9.51117893430891,0.170622623162272
2017-05-24,-0.129782745045316,-1.25189479869165,0.185069249875121
2017-05-25,-0.411742631738613,-6.7695215770436,0.196591801948315
2017-05-26,-0.633127216002332,-7.80267179436854,0.202097584011689
2017-05-27,-0.252965806117815,-4.86985713917724,0.195149808911406
2017-05-28,-0.115732640318292,-2.94308916384317,0.177074193956886
2017-05-29,-0.182276089182992,-3.66594201754016,0.163168745319728
2017-05-30,-0.438023865362448,-5.53769850931049,0.158505882972855
2017-05-31,0.554611147278586,-6.24543366744301,0.152802143986651
2017-06-01,0.287731722031693,-3.39451496135443,0.142208959378181
2017-06-02,0.455455854859603,0.778105814483963,0.120596882777011
2017-06-03,0.193568265092277,2.6457048283496,0.0957585539887438
2017-06-04,-0.0437207915669793,1.05022350455941,0.0850565734078756
2017-06-05,0.0299360003738454,3.486934989321,0.0737414715657456
2017-06-06,0.0207248053645657,4.27621478953123,0.047815138950015
2017-06-07,-0.384034018371327,-2.49902191511145,0.0400862537291102
2017-06-08,-0.0991664596414796,-12.0513829530013,0.0446017583134743
2017-06-09,-0.431628209808641,-10.8972285008696,0.0436954393024047
2017-06-10,-0.262981162482238,-7.5450045830759,0.0369700096064793
2017-06-11,0.259563125317551,-11.5602848963366,0.0276502006228894
2017-06-12,-0.0942554668673011,-9.27441679296682,0.0304484433261987
2017-06-13,-0.173488627976953,-3.67979225573961,0.00877192158343743
2017-06-14,-0.123247090659282,1.37258946917736,-0.0262350330815915
2017-06-15,-0.152830402238356,3.21660091472248,-0.0483167031661162
2017-06-16,-0.114127766037683,6.89906961103424,-0.0714640422491799
2017-06-17,-0.169696357863133,9.53059047926887,-0.0974532998990707
2017-06-18,-0.232993003141303,14.3909007345802,-0.119633757195075
2017-06-19,-0.233186076458883,13.7641089650075,-0.139897435900397
2017-06-20,-0.246688768404612,10.842945052991,-0.147173516288649
2017-06-21,-0.242245538840604,10.5301767728769,-0.146425655401872
2017-06-22,-0.222562817963242,16.2674847310803,-0.156268033546782
2017-06-23,-0.227023340183962,6.8241289822156,-0.150963552994324
2017-06-24,-0.265878121579416,0.37855315448062,-0.136951247785196
2017-06-25,-0.185090614408244,-0.740323915779918,-0.128518110719922
2017-06-26,-0.232026669764103,-7.09498320709509,-0.106818900992307
2017-06-27,-0.18855170342335,-7.22297219359445,-0.094796246231132
2017-06-28,-0.165753657877653,-5.23300901691894,-0.0856640446011721
2017-06-29,-0.104830526967629,-2.14656581615036,-0.0833399001619926
2017-06-30,-0.127775883310773,-1.77082704928285,-0.0813087731479225
2017-07-01,-0.122342126477869,-3.49621030644797,-0.0758918267419615
2017-07-02,-0.0797746013722218,-0.867678781791881,-0.0753607202693223
2017-07-03,-0.0233425369091389,2.23425876240942,-0.0749193759529128
2017-07-04,-0.0405360536142313,3.50494387245929,-0.0692843061845094
2017-07-05,-0.0400278587906449,2.39161012048451,-0.0616722658336313
2017-07-06,0.00596161218514296,8.84452899524132,-0.0635374125594792
2017-07-07,0.0123404067041343,15.7714474661604,-0.0695926384843046
2017-07-08,0.043977836257116,16.3789838869598,-0.0717079183899783
2017-07-09,-0.0175955198279932,14.7877322384745,-0.0638498196229191
2017-07-10,-0.0353174475066387,9.410428877003,-0.0585513120707262
2017-07-11,0.0310769751152065,3.85326512112999,-0.0486958254539678
2017-07-12,-0.00527082355203923,1.5312206766359,-0.0350863776485681
2017-07-13,0.0101577881304313,2.54585539909807,-0.0282131377267367
2017-07-14,0.043857109609311,4.67512189377844,-0.0232824883515734
2017-07-15,0.0980075536786316,9.3313239523863,-0.0203346447113573
2017-07-16,0.0474454473820099,13.1983041596323,-0.0290986231852113
2017-07-17,0.123308987092348,11.3345065024853,-0.0264063353867883
2017-07-18,0.124698261035804,3.95112231504087,-0.010493973441811
2017-07-19,0.0754897792232682,0.628569558574572,0.00552666172430527
2017-07-20,0.00143658063221184,-2.29656956364621,0.012715930629863
2017-07-21,0.0453293672382829,-0.400902657219216,0.0130002476728386
2017-07-22,0.0971104619255357,5.9183771464433,0.00832531976277373
2017-07-23,0.119001362814697,10.2812829733183,-0.00379083935042335
2017-07-24,0.0864428275282225,-1.52527817695461,0.00234484568994642
2017-07-25,0.0638894579713149,-2.91110948214028,0.0164411831266209
2017-07-26,0.032736759145519,-0.389057516220234,0.0177363752157547
2017-07-27,0.107379644611579,6.2861753636552,0.0113507918544542
2017-07-28,0.0622358297872599,8.15740612835463,0.000138928029587149
2017-07-29,0.0252356497729846,3.83186701905089,0.00627844315759152
2017-07-30,0.0237959118640226,4.03905982023941,0.00781237118655032
2017-07-31,0.0475867734508102,5.50590179647127,0.000400144486137677
2017-08-01,0.0508234242003649,9.12526745912941,-0.00859661538315049
2017-08-02,0.108500619047483,11.2892803295911,-0.0210985086247746
2017-08-03,0.0663129948699063,10.9157505318016,-0.0210356923441299
2017-08-04,0.0341628046952078,6.99102904730165,-0.0218670997078325
2017-08-05,0.0463052661215392,-0.664263034234157,-0.0109876289942274
2017-08-06,0.0750887217376721,-2.93294276920267,-0.160146909386516
2017-08-07,-0.00214835244275935,-6.05151528592683,-0.113506465765179
2017-08-08,-0.00486367691743726,-4.74256954904424,-0.0422166446844754
2017-08-09,-0.0179542295170699,-7.70906996262803,-0.0352852678163993
2017-08-10,-0.00611991690142072,-7.07108547888457,-0.0278749612019018
2017-08-11,-0.0283700200373748,-2.75118537925135,-0.0378616598016768
2017-08-12,0.00117499706508123,-0.633751728030493,-0.111258380636594
2017-08-13,0.082931940604416,-1.74614599867104,-0.127457677945239
2017-08-14,-0.0756757737618933,-10.657250706125,-0.0537742735974938
2017-08-15,-0.0121060140334369,-11.3896777120128,-0.0532139325253063
2017-08-16,-0.0663090986638891,-8.33272653597726,-0.062145899764027
2017-08-17,-0.0178514937103085,-3.81880100658432,-0.154067443206007
2017-08-18,0.0173190948204588,-2.57782591843757,-0.126595422055698
2017-08-19,0.0236522005731245,-5.1296011954853,-0.150606620797202
2017-08-20,0.0338672732417834,-7.59453106047622,-0.143748786274337
2017-08-21,0.00293396941883028,-11.6322907104975,-0.16836699558276
2017-08-22,0.0508551487635843,-4.03674299850677,-0.248654050758834
2017-08-23,0.0173481881446916,-2.36298012074759,-0.254128277668505
2017-08-24,0.0181342459917808,-3.78436530991719,-0.298190559294068
2017-08-25,0.0593919435304589,2.40550879939996,-0.31482122377631
2017-08-26,-0.00740437541513811,14.9514451332057,-0.269332515894029
2017-08-27,-0.0148259331128726,18.098329635329,-0.276644153751934
2017-08-28,-0.0122454742584759,21.6465270529791,-0.28940339905864
2017-08-29,-0.0756429563841777,7.5220683841769,-0.225616025500486
2017-08-30,-0.0322308602873386,4.63240082064572,-0.274836187518947
2017-08-31,-0.055735292476545,10.9055543530954,-0.346121610680426
2017-09-01,-0.0464813935193315,20.6019125391819,-0.258473088918355
2017-09-02,-0.076071211245789,23.7758374344413,-0.222175948398789
2017-09-03,-0.086028145199462,20.2970653531769,-0.268840085382702
2017-09-04,-0.0959040222861904,4.100310959626,-0.408832858677203
2017-09-05,-0.0818602012121233,-4.8524619769208,-0.51018287733794
2017-09-06,-0.026814124044335,-2.25643649603139,-0.552403355445517
2017-09-07,-0.0640757052346265,-11.4429425287138,-0.329859069205169
2017-09-08,-0.0332475051885242,-7.0157278149638,-0.323297297111137
2017-09-09,-0.00120046322289366,-2.14395798923431,-0.426498173279324
2017-09-10,-0.0414097859859541,7.54076249989373,-0.60895007078964
2017-09-11,-0.0871370123984593,7.47997363622873,-0.778929342318839
2017-09-12,-0.0592900681797857,1.47198474907092,-0.708794761187078
2017-09-13,-0.0872841171495467,-11.1980005733676,-0.627379648755752
2017-09-14,-0.067279306621757,-10.6972595698244,-0.800602555751227
2017-09-15,-0.0571758421712384,-6.76675872405959,-0.790128657710786
2017-09-16,-0.0568761514630281,-4.77679968140632,-0.788999171646905
2017-09-17,-0.000291681164514612,-2.35329016339746,-0.786257820151797
2017-09-18,-0.0855224523496818,-7.24516071340455,-0.779481308039331
2017-09-19,-0.0413534537653504,-5.77280227289596,-0.771621762606068
2017-09-20,-0.114292487187304,-8.53942042125941,-0.761188792412686
2017-09-21,-0.0353716663597619,-8.1952437788074,-0.752796139833663
2017-09-22,-0.0448259600726373,-6.76423240592553,-0.740366388405331
2017-09-23,-0.0795592848689976,-2.01289036466552,-0.731966362395477
2017-09-24,-0.117623471812624,0.586984224237852,-0.729686779411757
2017-09-25,-0.10477702782532,2.04640329593596,-0.727106842598072
2017-09-26,-0.135628482550257,6.49677212795224,-0.724590621507002
2017-09-27,-0.121477541898821,8.77082679890182,-0.722289792121521
2017-09-28,-0.120891359394222,8.21719665308122,-0.717436329618916
2017-09-29,-0.144448852747782,3.60144593788132,-0.703867591028768
2017-09-30,-0.0996841000381865,-3.30415538570528,-0.687758329152227
2017-10-01,-0.0922442758183735,-0.997298325896725,-0.666801802328492
2017-10-02,-0.102701480857127,-1.3874057026855,-0.641200946309743
2017-10-03,-0.12168262215552,-1.38965298327127,-0.619540651337456
2017-10-04,-0.144547099463974,0.721094223166082,-0.605006527977713
2017-10-05,-0.12072211198855,2.2721968448619,-0.592811865478641
2017-10-06,-0.141199920110926,4.13455486785078,-0.579562257673116
2017-10-07,-0.146645973265732,6.24985736413782,-0.569899828299286
2017-10-08,-0.140991135274489,2.22104086109992,-0.549239154422277
2017-10-09,-0.142685509529388,3.34453938553672,-0.522175523854809
2017-10-10,-0.169989723309821,5.35178451576793,-0.50524768478857
2017-10-11,-0.1694849556488,-0.408252891517067,-0.477998913039116
2017-10-12,-0.186087226953448,-2.24112513297514,-0.439719908789895
2017-10-13,-0.172906200329792,1.20309241776716,-0.416983466226926
2017-10-14,-0.193885388389469,-0.745406938784084,-0.393409183299595
2017-10-15,-0.176997975058354,4.30783886444758,-0.375499800243047
2017-10-16,-0.209842072527664,6.47012326146616,-0.356724217216844
2017-10-17,-0.231863579819559,6.12244616137402,-0.337291608820325
2017-10-18,-0.191846178608187,4.21113906422532,-0.311980758828261
2017-10-19,-0.216409326074103,-4.0237806489259,-0.280429798395963
2017-10-20,0.285983788971384,-5.83177625196153,-0.254383143546022
2017-10-21,0.299228127854772,-3.50997903582111,-0.097921024952826
2017-10-22,0.082874613281197,-2.05843816370155,-0.126647832395483
2017-10-23,0.0558083819829081,1.29640031375124,-0.171149465623039
2017-10-24,-0.00491646649563748,4.14833944965485,-0.155917522129317
2017-10-25,-0.00805681985165618,6.17130656488298,-0.13983063355913
2017-10-26,-0.0341647797399526,7.24285341785865,-0.119983041539086
2017-10-27,-0.0703211048419905,7.2783230464826,-0.09813539371501
2017-10-28,-0.120112216990343,6.951495781845,-0.0733548427478929
2017-10-29,-0.156510788551825,1.91456860001664,-0.044623240173971
2017-10-30,-0.12744955391679,-3.65124052180137,-0.00919653670890241
2017-10-31,-0.126004639966119,-4.00085907850774,0.0313899459881135
2017-11-01,-0.170369295179054,-2.78285984013127,0.0610912711082179
2017-11-02,-0.266361869677823,-3.24485648509626,0.251427764594738
2017-11-03,-0.189499020415636,-2.07246173083861,0.578911020048944
2017-11-04,-0.170712397878721,-4.9444537955669,0.660348678930316
2017-11-05,0.28419617983194,-2.49827619164114,0.576883021126959
2017-11-06,-0.121606854744419,-2.31793335105155,0.573525716908582
2017-11-07,-0.198375396865031,-0.806677916822259,0.721322959243823
2017-11-08,-0.282021293816198,2.04311446582757,0.793302851970115
2017-11-09,0.101933716253189,-3.23009630860649,0.797230630305635
2017-11-10,0.0344097557745998,-2.59936876477743,0.884760099479792
2017-11-11,0.205794207871292,-2.39525880663712,0.888666375432881
2017-11-12,-0.0565370006454226,-2.09921534605654,0.91072890318258
2017-11-13,-0.102520661052882,-0.226642600433123,0.921532010253143
2017-11-14,0.337141654343708,-0.78960822646882,0.91260357250695
2017-11-15,-0.0496754857470087,-2.55473895730047,0.908966164428594
2017-11-16,-0.398411126026401,-2.60655374349418,-1.18972856681768
2017-11-17,0.526875394733038,-1.094671898411,-1.53913076250644
2017-11-18,0.152833000079683,-0.851458748445122,-1.42047865237059
2017-11-19,0.150953470904215,-0.725087955295172,-1.3392776822733
2017-11-20,-0.146852544966035,1.00035448924613,-1.27771802885033
2017-11-21,-0.110085561228639,-0.837671237824617,-1.22529112247649
2017-11-22,0.120399120179039,0.141695534704478,-1.17526111055908
2017-11-23,-0.191078025834674,-1.14951304288906,-1.1295861230579
2017-11-24,0.221538378311254,1.15067763590885,-1.08438083355938
2017-11-25,-0.071009443688014,0.324455602917829,-1.03781268990733
2017-11-26,-0.341993603942754,-1.0458817241759,-1.11681271562938
2017-11-27,0.0996566605958618,-0.533427423488015,-1.30403813929675
2017-11-28,0.140448725294469,-0.318998293204455,-1.18923612737842
2017-11-29,-0.0746847131616066,-0.644593085466147,-1.12245240222391
2017-11-30,0.0583608890070578,-0.431288250199942,-1.0690854251672
2017-12-01,0.00619518554637222,-0.342362855870175,-1.02187892854091
2017-12-02,-0.11187454867231,-0.597965187436013,-0.979077523062372
2017-12-03,0.335440616714961,0.927866478223448,-0.958130228515353
2017-12-04,0.0493560243729539,2.82489141917916,-0.924707505888109
2017-12-05,-0.122439186543884,0.923166504071218,-0.883166770062835
2017-12-06,-0.078185893033062,1.40660871629057,-0.845362657904184
2017-12-07,0.000191575615395845,2.96418266656308,-0.808158353381204
2017-12-08,-0.0692109398444593,2.47119226046939,-0.77162572497218
2017-12-09,-0.0679847766907284,2.07246818746124,-0.735553159352138
2017-12-10,-0.00486172284635822,2.34982623129646,-0.701290193578492
2017-12-11,-0.0168130214674747,3.08258806850962,-0.667338885790234
2017-12-12,-0.079165527935826,1.94078955489692,-0.63390399121801
2017-12-13,-0.0884669465507796,1.36161816668983,-0.601728827513512
2017-12-14,-0.0517051545529259,1.73766292978703,-0.570531207000433
2017-12-15,-0.170869839643973,1.46103933711014,-0.541247333403692
2017-12-16,0.393913947540414,4.86534758751098,-0.509796183704548
2017-12-17,-0.17601943167449,2.62442247968667,-0.470033498246794
2017-12-18,-0.127654996874531,2.78331246125473,-0.437125914208687
2017-12-19,-0.0774165831817598,3.7796128331684,-0.405852443981013
2017-12-20,0.0802804343627207,1.01740310968081,-0.480962220927791
2017-12-21,-0.0788470295693847,0.625017700761093,-0.507189153703761
2017-12-22,-0.116731539789073,0.859191583892661,-0.47944414761921
2017-12-23,-0.189257867449071,1.03428929887776,-0.454513932336026
2017-12-24,-0.198184070980188,1.35457559929829,-0.430580818636398
2017-12-25,-0.162945240345265,0.23325692764202,-0.406389000632922
2017-12-26,-0.0441477642038923,1.16408538112808,-0.380022196116961
2017-12-27,-0.0367048786112492,0.952587668623141,-0.346202562469863
2017-12-28,-0.0844981707412038,1.0678773923961,-0.323997708523251
2017-12-29,-0.0499158164392637,1.26284232181476,-0.302186779460014
2017-12-30,-0.0583473029915159,1.60224832610947,-0.280505276591658
2017-12-31,-0.0724855134840752,2.08959330001537,-0.259468607194084
2018-01-01,-0.0729897710860842,2.47265355949117,-0.211106672422461
2018-01-02,-0.203737212381924,1.21240699618029,-0.19041485655955
2018-01-03,-0.129409431300094,1.86141135387798,-0.173715096176446
2018-01-04,0.0756146666119252,0.804569677718905,-0.206973449978283
2018-01-05,-0.16403681931902,0.388411509923466,-0.210179875413051
2018-01-06,0.196620954066065,0.175300949538833,-0.331652233095031
2018-01-07,-0.198305205555038,-0.924667790973026,-0.349439429148594
2018-01-08,-0.495988506942036,-1.17481649836684,-0.495634042652057
2018-01-09,-0.444508655145691,-1.25588323985662,-0.672535264356954
2018-01-10,-0.198364700170633,-1.21650181235358,-0.534057730240828
2018-01-11,0.0308534483712555,-0.924868692411617,-0.462894031342541
2018-01-12,0.132368111595315,-1.28805581958829,-0.421172555471354
2018-01-13,-0.170213381011176,-1.8273442125933,-0.393503697339143
2018-01-14,-0.178112150354905,-1.50716175092882,-0.373400791295036
2018-01-15,-0.205305244921536,-1.09531262139292,-0.356102946752858
2018-01-16,-0.0548154719732915,-1.48879009548609,-0.337926099768339
2018-01-17,-0.0933813166553843,-1.36296430376437,-0.322722906572134
2018-01-18,-0.0379470054384013,-0.8587075065206,-0.340936287883946
2018-01-19,0.265818353611343,-0.253894360182174,-0.49974150857784
2018-01-20,0.229978198417909,-0.696193845488097,-0.412982254069218
2018-01-21,0.0842792848119633,-0.194569523517621,-0.371292628794184
2018-01-22,0.0981275929019054,-1.62973811898703,-0.405088910226567
2018-01-23,0.324385675741529,-0.870753096910144,-0.408374562376862
2018-01-24,-0.214576402530289,-2.20692156539851,-0.380237322952592
2018-01-25,0.104634641211528,-1.40580450405904,-0.467218803136574
2018-01-26,0.18161815805492,-1.48761281746335,-0.462284657168916
2018-01-27,0.518828620666732,0.32691745348593,-0.396508616409475
2018-01-28,0.333327733198904,-0.230391737219209,-0.361714857771499
2018-01-29,-0.0648644518381304,-1.00184813307244,-0.329577100297551
2018-01-30,0.375230296213838,0.612152309408013,-0.299562715946503
2018-01-31,0.335249166250027,0.655041915740162,-0.274628669267564
2018-02-01,0.25362571808115,0.740018632873124,-0.246782575309449
2018-02-02,0.309772867222652,0.991545879959633,-0.220357298215596
2018-02-03,0.353079503528442,1.35947741085721,-0.195486833404492
2018-02-04,0.418773270390957,1.33739052201617,-0.171103256827895
2018-02-05,0.391460023075107,0.84739843938532,-0.146706245824799
2018-02-06,0.583700494069014,2.40627521793817,-0.122165610349676
2018-02-07,0.683757552609405,3.46970565406071,-0.0952483305417768
2018-02-08,0.58050119983517,3.05788937767892,-0.0645853785561665
2018-02-09,0.617064304787897,2.20983245764121,-0.0335575736425189
2018-02-10,0.737382056039729,3.43395152050727,-0.0012080542267543
2018-02-11,0.284439522759966,0.753115382864316,0.0350837903593537
2018-02-12,0.271238780267285,-0.773375802739638,0.063814629043474
2018-02-13,0.433120524431655,1.29550111181333,0.0927887789427801
2018-02-14,0.248049198893097,2.466283943523,0.122284449653334
2018-02-15,0.643671420300318,1.16712936528167,0.151850820303918
2018-02-16,0.589088968416355,1.99593793988077,0.183978485897024
2018-02-17,0.513274640194781,2.70343750094648,0.213921201471319
2018-02-18,0.174633746125248,-0.0519834526279395,0.240680908232115
2018-02-19,0.151110799811786,-0.871275682215826,0.270797245226352
2018-02-20,0.104424469146532,0.467083378215878,0.296848222419944
2018-02-21,0.109110765289785,0.779673056128771,0.318890129755927
2018-02-22,-0.269391585831529,-1.92343294610325,0.330601373755035
2018-02-23,0.142162742726547,-0.822749758498961,0.290501349008187
2018-02-24,-0.0953551220320474,0.232035461490607,0.295843685117203
2018-02-25,0.0568422593742421,0.421397012567274,0.31072787520584
2018-02-26,-0.493933306465316,-2.82352918853941,0.268554608506951
2018-02-27,0.169576111102436,-0.221841267268969,0.133606154851985
2018-02-28,0.251954889221055,0.384732959447395,0.132221439218096
2018-03-01,-0.22616958697545,-2.88297632234033,0.0395225996921438
2018-03-02,-0.418862807563928,-2.72526821910215,-0.451697456756881
2018-03-03,-0.362401636920736,-2.80677924909553,-0.461521111844626
2018-03-04,-0.0310544633686696,-1.81504561921307,-0.419916783498619
2018-03-05,0.213290950428965,0.210142840088317,-0.372702547132855
2018-03-06,0.173015790097404,1.99365958125624,-0.330342191665716
2018-03-07,0.497311920531653,4.06774992030421,-0.287366221845774
2018-03-08,0.274710415537626,1.34786462444351,-0.244923420421622
2018-03-09,0.00717299145180195,0.654389339447855,-0.210790593224347
2018-03-10,-1.11724366869483,-1.88862597716756,-0.193287399048769
2018-03-11,0.255250316723432,-0.184237617750353,-0.177839307496875
2018-03-12,0.625446571291284,2.11949631849243,-0.142102699758458
2018-03-13,-1.29786882962121,-2.3242546275135,-0.399627393213829
2018-03-14,-0.864504879813034,-2.87938465768895,-0.72230380684059
2018-03-15,-0.559271567308057,-2.58968476371937,-0.637408142325589
2018-03-16,-0.814185323360748,-2.55165493855075,-0.696092276818433
2018-03-17,0.0631804883344043,-1.81175388643961,-0.568839442796012
2018-03-18,-0.338098537859118,-1.35989873220212,-0.507557403703914
2018-03-19,0.0922618245899196,0.42053526969203,-0.465910441412365
2018-03-20,-0.982415357805104,-1.70501414113053,-0.450653214065356
2018-03-21,-0.93255401828364,-2.80465010832888,-0.704183610230709
2018-03-22,-0.668131360507761,-1.90259970466685,-0.992520523084171
2018-03-23,0.148109101331211,-0.464630313568597,-0.699650853658121
2018-03-24,-0.919367671389332,-2.86804934703651,-0.66200645205696
2018-03-25,0.0843329450955044,-1.43395396721568,-0.66629949304538
2018-03-26,0.303130002966211,1.04445668778774,-0.616361383884063
2018-03-27,0.274024351059199,1.64713177323811,-0.56089173855834
2018-03-28,0.286081703998103,2.89954400166851,-0.510100668772251
2018-03-29,0.34329469082778,3.03691906744313,-0.464586268197853
2018-03-30,0.217783538304188,3.96754839809675,-0.422357005800926
2018-03-31,0.497343712069284,5.06137273191441,-0.382784488925997
2018-04-01,0.556479943423721,2.87116985456569,-0.330012603805268
2018-04-02,0.522372449240097,1.51770066096061,-0.278312573175276
2018-04-03,0.702777117940149,3.19418854184775,-0.228711782359461
2018-04-04,0.708558563512787,3.00240292803008,-0.186392763905834
2018-04-05,-0.372296196090907,0.927784491763124,-0.155155056070839
2018-04-06,-1.83298664736832,-2.53113799507646,-0.633313660868614
2018-04-07,-0.215355284897709,-0.938372479772679,-1.07336712717124
2018-04-08,0.628692601627088,-0.92733845819799,-0.912023663316209
2018-04-09,0.406513785095861,-0.469845981889935,-0.843485449943358
2018-04-10,-0.559025376866858,-0.37324134308597,-0.796167438326176
2018-04-11,-0.456683959427913,-2.28346943799852,-0.774925394915294
2018-04-12,0.411771936290875,-1.35001114191752,-0.784124860489369
2018-04-13,0.716270268758801,-0.0214248630324656,-0.756521906520993
2018-04-14,0.760446898023968,1.38611189149621,-0.71030674788971
2018-04-15,0.643155434009994,-1.60307239628394,-0.665237245807379
2018-04-16,-1.36039055400198,-5.52637234615885,-0.688468679707622
2018-04-17,0.176528630509514,-2.89807228345073,-0.803591560309045
2018-04-18,-1.35039201723897,-3.15601285545975,-0.802851193158511
2018-04-19,0.490828935576393,-1.09367432735855,-0.786589540983583
2018-04-20,0.819332248258616,0.734906775776233,-0.746628595329596
2018-04-21,1.01457352472802,1.44736684747477,-0.700598695329688
2018-04-22,1.16395323377199,2.62357769896969,-0.657712836682906
2018-04-23,1.54723292726025,4.20693821228201,-0.613952892975901
2018-04-24,1.23456822396355,0.980145147398632,-0.568241648347418
2018-04-25,1.07348415664248,-0.234786062994805,-0.523075935984204
2018-04-26,0.944134776224903,-1.67485469773368,-0.480990237746871
2018-04-27,0.339698624429601,-3.12824147682666,-0.446328916930187
2018-04-28,-0.0329624770825778,-2.92339196965973,-0.417863681502152
2018-04-29,0.289328047284545,-3.51022501484436,-0.396183866730946
2018-04-30,0.0940856922426154,-4.01386198477655,-0.370263752153001
2018-05-01,0.88236285301355,-1.18481439461452,-0.343393918296584
2018-05-02,0.848718619140153,-2.16756735535885,-0.304475929790134
2018-05-03,0.606032956903579,-3.74145470402851,-0.263215813327621
2018-05-04,1.07118081750854,1.13052835609635,-0.218256305548798
2018-05-05,0.357965591861274,-0.787983227785062,-0.170122733626695
2018-05-06,0.680486831695094,-2.36584951719898,-0.12491368443282
2018-05-07,1.18939365654486,1.22959508287589,-0.0786156377885545
2018-05-08,0.97809389945135,1.84168748086768,-0.0198963714150473
2018-05-09,0.469057347289347,-1.70754345248456,0.0366072729433062
2018-05-10,0.711652293238481,-1.43418957604093,0.0841252396705672
2018-05-11,1.1144000784197,3.78270298950369,0.125080637446596
2018-05-12,0.757104510489255,3.3457378228937,0.16663981408872
2018-05-13,0.164807216017509,-4.43522784238985,0.192332416168296
2018-05-14,0.0399706394744879,-4.41229166828461,0.204269094404893
2018-05-15,-0.0232533844826757,-4.80986060055508,0.211741707240324
2018-05-16,-0.07178745554576,-8.00519276157964,0.215687065688421
2018-05-17,0.454067909776749,-3.89239768030271,0.209408932526393
2018-05-18,0.0525799833427818,-3.77135319213354,0.198504991828108
2018-05-19,0.0461289090972776,-4.33372650823653,0.193226749049337
2018-05-20,-0.283634720682857,-6.14614112032245,0.19473323261072
2018-05-21,-0.180484718898881,-3.91669787371636,0.189125746466827
2018-05-22,-0.0723761775835812,-5.06864187481193,0.176668397976001
2018-05-23,-0.305608203658519,-7.66382106569109,0.170927176217864
2018-05-24,-0.175730845453479,-6.03156146535832,0.169543274707578
2018-05-25,-0.377887571248817,-9.5548965770436,0.169721865876231
2018-05-26,0.0405045070180763,-6.34700512770187,0.153739136892911
2018-05-27,0.482957107759737,-1.05866963917724,0.118530426456203
2018-05-28,0.676504865640892,4.57757750282349,0.0766688409328831
2018-05-29,0.585968285625171,7.85097464912651,0.0458775929914852
2018-05-30,-0.137786184791019,-2.33799017597716,0.0393287461450402
2018-05-31,-0.333236990272434,-6.60366283410967,0.0369232064423901
2018-06-01,-0.0257795207438174,-1.86070246135443,0.0246609864841831
2018-06-02,0.198212372573889,7.29398081448396,-0.0003396808648084
2018-06-03,0.162056616520848,12.3811006616829,-0.0217759614025557
2018-06-04,-0.124348461280449,4.73389017122608,-0.0332253845697448
2018-06-05,-0.36385591926044,-1.52010667734566,-0.0320782647737206
2018-06-06,-0.41707579234972,-5.77193104380211,-0.0378897244205554
2018-06-07,-0.35223432645296,-5.28339691511145,-0.0482681414643498
2018-06-08,-0.305526938008827,-1.56829961966801,-0.06226409247527
2018-06-09,-0.533297041669865,-6.61277016753624,-0.0712643315436923
2018-06-10,-0.204551366890401,-2.0467545830759,-0.0717721742661857
2018-06-11,-0.299228894519184,1.70229843699671,-0.0854014896327824
2018-06-12,-0.233919165699954,8.78564570703318,-0.109364760587025
2018-06-13,-0.286991478507565,8.13672857759373,-0.130991375082957
2018-06-14,-0.326994422332752,1.56379780251069,-0.13651129249537
2018-06-15,-0.355606933666928,-2.12669075194419,-0.137523038924712
2018-06-16,-0.34659294350707,-6.80365955563243,-0.134168712014023
2018-06-17,-0.413479033863133,-8.24036785406446,-0.129219195505446
2018-06-18,-0.340515875010691,-4.93059926541978,-0.131986376022524
2018-06-19,-0.363561663397659,-1.14645353499251,-0.141215301564862
2018-06-20,-0.305845784567877,-1.13715911367569,-0.144890481598004
2018-06-21,-0.195080383493665,2.00657260621026,-0.138333840735259
2018-06-22,-0.209330895636711,11.7556722310803,-0.148005035065074
2018-06-23,-0.243088851310493,12.4662331488823,-0.156946692352185
2018-06-24,-0.245870879130436,0.890865654480617,-0.157728209456911
2018-06-25,-0.284528556612325,-4.88959474911325,-0.140239086120362
2018-06-26,-0.129612919070225,1.65687095957158,-0.132678104678305
2018-06-27,-0.132648041056003,-2.43851386026112,-0.126677274495084
2018-06-28,-0.136335454122551,-4.53255068358561,-0.116936551501733
2018-06-29,-0.0799403179880375,1.72624668384965,-0.115510112338989
2018-06-30,-0.103054565759752,10.1185896173838,-0.121682965483496
2018-07-01,-0.0905712668860322,0.94912302688536,-0.122379594742074
2018-07-02,-0.0590345605558953,-5.00174128179188,-0.108022440447633
2018-07-03,-0.0387648928275063,-7.26359540425725,-0.0959045157383693
2018-07-04,-0.0361466448795375,-10.317951960874,-0.0820104959070678
2018-07-05,0.00731617467874285,-1.01120237951549,-0.0744458595334079
2018-07-06,-0.0514930506719999,6.11684149524132,-0.0823382638969905
2018-07-07,0.0159985929898487,7.66696829949372,-0.0845304636304132
2018-07-08,0.0624815989509935,7.30154638695985,-0.0771640157243683
2018-07-09,0.0125607992740477,6.87391973847449,-0.0689871610957935
2018-07-10,0.0152982299627489,6.49884554366967,-0.0702341851745567
2018-07-11,0.0214761248294922,5.80614012112999,-0.0649952421186164
2018-07-12,0.000658200856124114,5.54461650996923,-0.0616269349003762
2018-07-13,0.0275410302528804,6.34950123243141,-0.0538238753236184
2018-07-14,0.0283656204664539,2.6444760604451,-0.0508267946957606
2018-07-15,0.101313690821489,0.0937614523863033,-0.0501087376404525
2018-07-16,0.124373276598336,2.66001249296565,-0.0435777222274512
2018-07-17,0.0766927494596952,5.65615233581867,-0.0396810614131784
2018-07-18,0.0816278904235586,8.22355981504087,-0.0416845620972914
2018-07-19,0.0530146908559213,7.54717372524124,-0.0406099548056016
2018-07-20,0.121662959407722,3.41140960302046,-0.0338435038114504
2018-07-21,0.0857048292790992,1.03040984278078,-0.0328286219427021
2018-07-22,0.0711575233949235,0.983210479776631,-0.0290504548083392
2018-07-23,0.0774918052636767,2.77253297331828,-0.0301543201407064
2018-07-24,0.0718291675282224,4.26180515637873,-0.0351376650484232
2018-07-25,0.141625794216213,6.52826551785973,-0.0352697497130849
2018-07-26,0.114121436925111,5.1442758171131,-0.0314740755256606
2018-07-27,0.062729787370763,0.520008696988533,-0.0269437073887255
2018-07-28,0.0771055893790965,1.18461446168796,-0.0219321380841428
2018-07-29,0.0334194482219643,-4.70465381428244,-0.0165885642954633
2018-07-30,0.0614000476191246,-0.702544346427253,-0.0109379420434523
2018-07-31,0.0497518587814224,0.321651796471272,-0.0196621307018017
2018-08-01,0.142057856118732,1.44510079246275,-0.0225010579330887
2018-08-02,0.075460949741361,0.428801162924383,-0.0217014232159309
2018-08-03,0.0612537172372533,-0.984457801531729,-0.0205576973062689
2018-08-04,0.0559642195523507,4.99786238063498,-0.0261053681099401
2018-08-05,0.00849562987664119,-2.83720053423416,-0.0215072594439922
2018-08-06,0.0659334008397129,0.470765564130666,-0.0239362812880319
2018-08-07,0.0315625831490773,0.304047214073172,-0.0290607145550954
2018-08-08,0.0225591996539913,-0.110819549044237,-0.0342306269313379
2018-08-09,0.0947861050135424,5.88824253737197,-0.0466449530324269
2018-08-10,0.0434804863638854,7.69064368778211,-0.0642527675598128
2018-08-11,0.0594022617585436,7.06175212074864,-0.0707716956222795
2018-08-12,0.0639031456365098,7.0657482719695,-0.0701601925819748
2018-08-13,0.0113485120329873,0.699041501328963,-0.0729212352327364
2018-08-14,-0.024720570741485,-7.33862570612505,-0.0671214642801603
2018-08-15,0.0350922414767671,-8.62736521201282,-0.0675281146534878
2018-08-16,0.0308784335810088,-0.242934869310591,-0.0775326620561501
2018-08-17,-0.00709391640418615,5.08067816008235,-0.0933349344891266
2018-08-18,0.0202419318816833,8.99706991489577,-0.106452822843131
2018-08-19,-0.050974043508508,6.1457738045147,-0.11166549583264
2018-08-20,-0.0232043547582167,-1.28203106047622,-0.110547158872422
2018-08-21,-0.0650694722138228,-12.5549782104975,-0.103743442465843
2018-08-22,0.00797955284521693,-8.56884716517344,-0.100138854516044
2018-08-23,0.00310809279775287,-9.43654262074759,-0.106199674716888
2018-08-24,-0.0252873450286274,-11.0052819765839,-0.107026759924556
2018-08-25,0.0024017541427038,-6.12405370060004,-0.114433676416835
2018-08-26,-0.0304767386804441,-4.35603403346094,-0.122653218707184
2018-08-27,-0.0610885728679746,-10.432857864671,-0.127144452410779
2018-08-28,-0.0902022972788841,-12.1666812803542,-0.13774209653098
2018-08-29,-0.0572596372005043,-10.6507649491564,-0.144317387022316
2018-08-30,-0.0682602752261141,-11.2296825126876,-0.146215291931933
2018-08-31,-0.0312287259459329,-6.95596648023797,-0.151016753043026
2018-09-01,-0.0612225339274947,-4.54964996081811,-0.167084088586283
2018-09-02,-0.0676826969600747,1.50914993444133,-0.184026627517851
2018-09-03,-0.0839371065055845,-2.0540596468231,-0.191975943917489
2018-09-04,-0.0885000859596597,-1.11885570704067,-0.194494450223087
2018-09-05,-0.0942644199876336,-2.4940869769208,-0.200157603591364
2018-09-06,-0.0754004881259677,-2.45097816269806,-0.198957022566741
2018-09-07,-0.0561734187040142,5.60222413795291,-0.204583714523024
2018-09-08,-0.0890059516375038,4.5370221850362,-0.211619585931374
2018-09-09,-0.118161877100445,3.82437534409902,-0.209105520489898
2018-09-10,-0.0949796668022807,3.52303333322707,-0.209747319961102
2018-09-11,-0.0645581768066227,1.88447363622873,-0.208071031893814
2018-09-12,-0.145553848587949,-6.80057775092907,-0.190028837275356
2018-09-13,-0.111079727761792,-5.99016724003432,-0.189229277738959
2018-09-14,-0.10693496702992,-3.97134290315775,-0.184435206924506
2018-09-15,-0.0786789360487894,-5.41619622405959,-0.179948222265068
2018-09-16,-0.0882474257487423,-5.33882051473965,-0.169895395601618
2018-09-17,-0.137968119531861,-4.74539433006412,-0.171182888670641
2018-09-18,-0.101546493166008,-5.78059821340455,-0.168985661574224
2018-09-19,-0.086481723969432,-1.40084393956263,-0.165321061550444
2018-09-20,-0.111556106615875,2.66880874540725,-0.166514574747728
2018-09-21,-0.0797094206454762,7.5278812211926,-0.173011304908984
2018-09-22,-0.0903535584399841,6.66514259407447,-0.168508472007816
2018-09-23,-0.108192516705732,4.30648463533448,-0.161276420776502
2018-09-24,-0.118670677282012,6.28852589090452,-0.151089991441179
2018-09-25,-0.125283854764095,7.58634079593596,-0.143440153087633
2018-09-26,-0.126794546142094,10.7903346279522,-0.138378600928002
2018-09-27,-0.165763830143719,11.9118684655685,-0.134338215757523
2018-09-28,-0.187922867149324,-3.33436584691879,-0.116168503376951
2018-09-29,-0.159207537645741,-7.93692906211868,-0.0904385524528024
2018-09-30,-0.126190775140227,-4.65898871903862,-0.0757980838648322
2018-10-01,-0.134894166430618,-1.70342332589673,-0.0719323064549044
2018-10-02,-0.119182244122433,-0.553093202685497,-0.0633946845051181
2018-10-03,-0.194072904033071,-9.53234048327127,-0.0438691031814828
2018-10-04,-0.186666455872138,-7.54167661016725,-0.0191755893467995
2018-10-05,-0.171839071953058,-5.75382398847144,0.00273520812616201
2018-10-06,-0.149068054089405,-2.41315346548255,0.00529712772804203
2018-10-07,-0.149899117428997,1.91764903080449,0.0244404478323137
2018-10-08,NA,NA,NA
2018-10-09,NA,NA,NA
2018-10-10,NA,NA,NA
2018-10-11,NA,NA,NA
2018-10-12,-0.123313283443244,1.15660403369153,0.0637418599804871
2018-10-13,-0.0804497939624455,4.02113408443383,0.0745312654647554
2018-10-14,-0.086416014136408,4.99732222788258,0.0922618708952374
2018-10-15,-0.120089259001282,5.86790136444758,0.117016267489391
2018-10-16,-0.115804868264807,4.48274826146616,0.134193256728058
2018-10-17,-0.106485707574661,5.90534199470735,0.165018828996016
2018-10-18,-0.102202624159208,4.62328489755865,0.16020403306086
2018-10-19,-0.140173602074103,5.78011518440743,0.175185219142854
2018-10-20,-0.13770228653882,6.62903624803847,0.190194051702964
2018-10-21,-0.177180693663595,5.82418763084556,0.212217737560366
2018-10-22,-0.196964046392272,0.167957669631788,0.242836717274725
2018-10-23,-0.177801909200765,-2.76676635291543,0.275671956635444
2018-10-24,-0.20286611300176,1.58771444965485,0.301668787291301
2018-10-25,-0.186615961729207,3.66366073154964,0.321946833923871
2018-10-26,-0.237830687495055,4.45993675119199,0.33964293362041
2018-10-27,-0.201604062964439,5.0395730464826,0.358256608700002
2018-10-28,-0.233759443684221,-1.999066718155,0.386202492682834
2018-10-29,-0.16164707826611,0.258589433349972,0.425157736544748
2018-10-30,-0.215851161263728,1.15930114486529,0.477337726333869
2018-10-31,-0.258754699035506,3.54205758815892,0.5106067385392
2018-11-01,-0.289908441301504,5.2873068265354,0.531179768017633
2018-11-02,-0.293205140481905,4.99951851490374,0.553546296373405
2018-11-03,-0.213207979101351,4.85882993582806,0.590150216044944
2018-11-04,-0.325250514923619,6.68625453776643,0.618025386029545
2018-11-05,-0.300273492412958,3.98278630835886,0.657492308106101
2018-11-06,-0.327991481985235,3.43371248228179,0.705469537629988
2018-11-07,-0.33516787066095,5.12909291651108,0.742064212175085
2018-11-08,-0.330180880836607,4.3584477991609,0.790834526636984
2018-11-09,-0.361810292481505,4.99969535806018,0.8319652631173
2018-11-10,-0.380294185286625,3.13902706855591,0.868532343652561
2018-11-11,-0.368372347394014,1.49272036002954,0.912868092391855
2018-11-12,-0.392040513894402,5.17997215394346,0.948208944189871
2018-11-13,-0.43319069329778,4.20079489956688,0.981899940460926
2018-11-14,-0.440138769982823,3.17560010686451,1.02008474392786
2018-11-15,-0.432636881583743,3.17719854269953,1.05475652775534
2018-11-16,-0.422920672475381,4.37011292317248,1.09101865894738
2018-11-17,-0.45572840306288,4.35168226825567,1.12520799971217
2018-11-18,-0.449907545716235,4.53814541822154,1.16076354871462
2018-11-19,-0.446491189095785,5.3832662113715,1.19334576723088
2018-11-20,-0.460473799112974,5.61912532257946,1.22551190674644
2018-11-21,-0.187704148085782,3.54153709550872,1.18555794087935
2018-11-22,0.160209547746386,-0.457533631962189,0.548004862515567
2018-11-23,-0.225408282651001,-0.540179709555725,-0.0542948115426669
2018-11-24,-0.275150389035685,0.271698469242184,-0.557341612939527
2018-11-25,0.258865624067088,-0.28523189708217,-0.54973689480647
2018-11-26,-0.00925187095499846,-0.273506724175903,-0.494144789756344
2018-11-27,-0.117959035567404,-1.94736492348802,-0.442658681968749
2018-11-28,-0.00729763307287756,-1.62653995987112,-0.434674989808995
2018-11-29,-0.0618886005901781,-2.20105141879948,-0.771679273950575
2018-11-30,0.152439233496854,-0.385850750199942,-0.915957791643518
2018-12-01,-0.0873812910250563,-1.95161285587017,-0.973019266949868
2018-12-02,0.03046200887871,-0.839652687436014,-0.936481134890133
2018-12-03,0.138093838919043,1.31969981155678,-0.863722627535703
2018-12-04,-0.240984338565822,1.50337058584583,-0.807620353416751
2018-12-05,0.12793896129285,0.942270670737885,-0.776101387785869
2018-12-06,0.0509928202730604,0.322317049623898,-0.741098475215423
2018-12-07,-0.0470938998131756,-0.670567333436919,-0.697673022810774
2018-12-08,-0.0182417952730308,-0.24901607286394,-0.657110600403696
2018-12-09,-0.228760280037667,-0.965031812538764,-0.619192153991254
2018-12-10,-0.172804065564725,-0.352882102036875,-0.586257193460647
2018-12-11,-0.11677685607972,-0.542453598157049,-0.55411764211407
2018-12-12,0.0533332589213169,1.11147705489692,-0.519119174301808
2018-12-13,-0.102281128836494,0.564451500023168,-0.483010180295841
2018-12-14,-0.142012781165171,1.39774626312036,-0.450686967482619
2018-12-15,-0.092754337366422,2.44551850377681,-0.420399975256317
2018-12-16,-0.0840095636922396,3.75924342084431,-0.441842674668412
2018-12-17,-0.000384642237755695,0.476693313020005,-0.741376449027758
2018-12-18,0.197129197223428,1.17593746125473,-0.658574674830086
2018-12-19,-0.0995610023654333,0.193404499835062,-0.606440896151537
2018-12-20,-0.19971665396381,-0.567305223652523,-0.566960553743737
2018-12-21,-0.054451999855099,-0.278669799238907,-0.544673670930035
2018-12-22,-0.22838580648295,-0.137954249440671,-0.523227926655461
2018-12-23,-0.098299248428663,-0.0757315344555747,-0.497472301354678
2018-12-24,-0.238492002163861,-0.0266327340350405,-0.547794136750786
2018-12-25,0.0248121271567758,0.60944442764202,-0.666548371179681
2018-12-26,0.0571416726940669,0.215981214461413,-0.56281767352349
2018-12-27,0.338254950776506,2.57352516862314,-0.51229540148268
2018-12-28,0.201862077013898,3.1711273923961,-0.470639781621346
2018-12-29,-0.0194200474596719,1.47132148848143,-0.436913945493222
2018-12-30,0.0078119754574637,0.713310826109468,-0.408692959049791
2018-12-31,0.454385002189394,4.12825996668203,-0.379941390653886
2019-01-01,0.0141962933220792,2.72613272615784,-0.347428221026258
2019-01-02,-0.0206604121370265,0.709281996180285,-0.323519449951376
2019-01-03,-0.0251314455858082,0.880057187211317,-0.301944061136605
2019-01-04,0.0258359568160069,1.64631967771891,-0.280687381544893
2019-01-05,-0.115405520625142,0.0981406765901336,-0.335260966704092
2019-01-06,-0.180399574097201,-1.24586571712783,-0.591683155087397
2019-01-07,0.0178598037510843,-0.689480290973025,-0.5233132850736
2019-01-08,0.0441379346089842,1.53928766829982,-0.44720103007306
2019-01-09,0.215257625997166,0.0677417601433774,-0.501493155899914
2019-01-10,0.251060625951816,0.193623187646418,-0.519645511958524
2019-01-11,0.0706577968610514,0.0637771409217156,-0.436010588746769
2019-01-12,0.394912151595315,2.01019418041171,-0.389300636790478
2019-01-13,0.215237032784743,1.76586412074003,-0.353230021704543
2019-01-14,0.204025748420606,2.51119241573784,-0.325172950441134
2019-01-15,-0.173603999043985,-0.253062621392917,-0.415215281695037
2019-01-16,0.395359091732831,0.594730737847244,-0.554889079955519
2019-01-17,-0.0448045729492617,-2.0277976370977,-0.620565870965317
2019-01-18,0.145383590398333,-0.6352075065206,-0.473259886678579
2019-01-19,0.242870517284813,0.292793139817827,-0.408593287988032
2019-01-20,0.123981620458725,-1.32221467882143,-0.423403465963139
2019-01-21,0.282122411505841,-0.692673690184287,-0.452654007958427
2019-01-22,0.200212998153334,-0.92211311898703,-0.3901332839023
2019-01-23,0.278796741970101,-0.18966976357681,-0.347926305424852
2019-01-24,0.229444268571752,-0.888338232065177,-0.314105659137971
2019-01-25,0.272646364231936,0.659591329274289,-0.28530836643159
2019-01-26,0.132695913973287,0.411699682536646,-0.259793583226235
2019-01-27,0.319019450217753,1.9585216201526,-0.237280832909841
2019-01-28,0.0440048874846185,0.00637909611412546,-0.214180846962309
2019-01-29,0.00790352514146131,-0.885723133072444,-0.195822477105271
2019-01-30,0.183086901111797,-0.338785190591988,-0.175686716371274
2019-01-31,0.309053808127578,-0.0333539175931716,-0.153815995993508
2019-02-01,0.102555118979109,-0.316127200460209,-0.136303749229526
2019-02-02,-0.336922773430409,-1.36668328670703,-0.409812168926282
2019-02-03,-0.130809629124619,-2.40173092247612,-0.551293024983209
2019-02-04,-0.358251252711084,-2.88435947798383,-0.629259764471527
2019-02-05,-0.216463322231015,-2.24803906061468,-0.498528321173493
2019-02-06,0.32900399855881,-1.07497478206183,-0.406238792944519
2019-02-07,0.0126772473032829,-1.01266934593929,-0.378639340542189
2019-02-08,0.305709204569863,-0.180631455654408,-0.377542411059831
2019-02-09,-0.11117064157945,-2.51391754235879,-0.406845698750099
2019-02-10,0.25014940869279,-1.82219431282606,-0.571592293856603
2019-02-11,0.207011596310986,-0.540572117135684,-0.45821651563418
2019-02-12,-0.255915656986889,-0.523438302739638,-0.413670709484285
2019-02-13,0.28591490149288,-1.39724888818667,-0.626483367093819
2019-02-14,0.627230270729831,-1.69563272314366,-0.616982579829743
2019-02-15,-0.16658271839356,-3.19920396805167,-0.642342642505038
2019-02-16,-0.192575497706094,-2.60962456011923,-0.5787556751226
2019-02-17,-0.265097478988892,-2.31964583238685,-0.56952107926366
2019-02-18,0.382120597635452,-0.437108452627939,-0.491807948247461
2019-02-19,0.0887039137709698,-0.52879651554916,-0.435635781637319
2019-02-20,0.0659917338812257,-0.870249955117455,-0.400103298369034
2019-02-21,0.570475370187745,0.533318889462104,-0.405510425802517
2019-02-22,0.0946061700868381,0.240837887230084,-0.391309377008117
2019-02-23,-0.0872503033142695,0.395396074834371,-0.361536209777602
2019-02-24,-0.187386418358578,0.0862229614906074,-0.336130550101375
2019-02-25,-0.798436381360452,-2.02224882076606,-0.323938236438042
2019-02-26,-0.753221109730622,-0.222633355206073,-0.545067270954331
2019-02-27,-0.0762482380404215,-0.230091267268969,-0.612116280326341
2019-02-28,-0.591771064248333,-1.99178787388594,-0.563952057809458
2019-03-01,-0.694980494322389,-2.142705489007,-0.493930568535132
2019-03-02,-0.88339845409454,-2.16491405243548,-0.596282436149943
2019-03-03,-0.663707880439103,-2.62750841576219,-0.66041991005453
2019-03-04,-0.285214376674792,-1.5349414525464,-0.555923632597638
2019-03-05,-0.254055454142464,-1.76731549324502,-0.501262154464982
2019-03-06,0.156327584546383,-1.96677791874376,-0.560918881897647
2019-03-07,-0.896463567386714,-3.29783341302912,-0.65142959628342
2019-03-08,0.252142382884565,-1.00811454222316,-0.558679115348027
2019-03-09,-0.277970818507382,-1.08256899388548,-0.505271509635632
2019-03-10,-0.0797640695111539,-0.615125977167564,-0.468326129054156
2019-03-11,0.276431522845881,0.659699882249647,-0.432044369524426
2019-03-12,0.108991987046386,0.908475485159093,-0.396842465645957
2019-03-13,0.435857857154296,1.3239953724865,-0.365819182958558
2019-03-14,0.224650660758395,1.38094867564438,-0.330917857501139
2019-03-15,0.221950693916433,2.56339856961396,-0.29826195169265
2019-03-16,0.34188313288415,2.86042839478258,-0.261618439159196
2019-03-17,0.21071661404869,2.99070444689372,-0.223916917270692
2019-03-18,0.567093925814352,5.68155960113122,-0.186663247668488
2019-03-19,-0.508464792381509,2.76966026969203,-0.15615814198731
2019-03-20,-0.228526294947961,-2.66984747446386,-0.253311112768252
2019-03-21,0.254470122957176,0.384141558337791,-0.371696904559232
2019-03-22,-0.932179364074753,-2.16916220466685,-0.357181427228255
2019-03-23,-0.075434872791238,-0.992234480235264,-0.730062914884372
2019-03-24,-0.0736767938383114,0.219450652963489,-0.650532920873484
2019-03-25,-0.37486080396572,0.503712699450989,-0.602208343035405
2019-03-26,-0.183009405197054,-0.356001645545589,-0.585668151059199
2019-03-27,-0.668468666246923,-0.981514060095221,-0.632391177520458
2019-03-28,-0.30794931918557,-1.88789349833149,-0.706958673895879
2019-03-29,0.11142891482778,-1.16576843255687,-0.676219867267335
2019-03-30,0.20470232116133,0.237360898096751,-0.635606592519223
2019-03-31,0.179228977375407,1.77606023191441,-0.589071480428884
2019-04-01,-0.876439348821177,-0.460184312100981,-0.562916030334408
2019-04-02,-1.27937945035174,-3.25032017237272,-0.762300781866244
2019-04-03,-0.619281592263932,-2.07268645815225,-0.863623192601535
2019-04-04,-0.991690982691295,-2.32697207196992,-0.825404965786137
2019-04-05,-1.45206826466234,-4.03704884157021,-0.834658705560743
2019-04-06,-0.144479889000972,-1.2734088284098,-0.876990305664089
2019-04-07,0.359919520816577,-0.564372479772677,-0.840545118973828
2019-04-08,-0.0868218329035244,-1.02802595819799,-0.795126830259824
2019-04-09,0.853953597340758,0.744591518110065,-0.764282054608699
2019-04-10,0.716916135786203,1.35202949024736,-0.721852395170608
2019-04-11,-0.120384797468729,-0.20157360466519,-0.68739779680911
2019-04-12,1.07427071823373,1.23323885808248,-0.655002905464671
2019-04-13,0.591536735534311,1.81553347030087,-0.615795337121689
2019-04-14,0.617622439085193,0.438403558162872,-0.580191824241232
2019-04-15,-1.14002500892878,-1.70267656295061,-0.565674573418733
2019-04-16,-0.147348800818311,-2.03528901282551,-0.764016356351767
2019-04-17,0.617251909529922,-0.024030616784068,-0.812759408417715
2019-04-18,0.894125511903888,1.41492464454024,-0.770377220219446
2019-04-19,0.823254720882516,2.28865900597478,-0.725161686945776
2019-04-20,0.186905539687187,-2.84044739089043,-0.689047777128171
2019-04-21,1.05012371574843,-0.409945652525229,-0.650382441408209
2019-04-22,1.75016577989444,5.89220269896969,-0.598341039960395
2019-04-23,1.57842592807658,5.90545904561534,-0.533634456320272
2019-04-24,1.72301368192274,6.06833264739863,-0.469370986751036
2019-04-25,1.44559479909146,3.50773477033853,-0.400934891020783
2019-04-26,1.35522848153103,2.32410363559966,-0.328909126072936
2019-04-27,1.24845547014389,0.137487689840004,-0.258748465079339
2019-04-28,0.829051469039871,-0.820725302993065,-0.190917034042029
2019-04-29,0.732888832345771,-1.09193334817769,-0.131136657748579
2019-04-30,-0.590508741226772,-2.46552865144321,-0.0856671445104973
2019-05-01,0.710313225258447,0.253310605385483,-0.0352336003772415
2019-05-02,1.18866340852791,3.20716181130781,0.0360640697785568
2019-05-03,0.942615399189294,3.78825362930483,0.109567218853641
2019-05-04,0.985820764937111,2.44492418942968,0.174067122003959
2019-05-05,0.200638095044947,-3.69689989445173,0.22106125795779
2019-05-06,-0.62201644781511,-5.11524535053231,0.236714778562814
2019-05-07,0.197960638340774,-2.66182158379077,0.266655814244842
2019-05-08,-0.116917235813956,-2.86906251913232,0.255919944781846
2019-05-09,-0.285199446016775,-4.20125178581789,0.262088126336869
2019-05-10,0.135980802054808,-1.02346040937426,0.269301037584639
2019-05-11,0.195378303423778,-1.33617201049631,0.274654682050829
2019-05-12,0.198968464358642,-0.5666996771063,0.277114798962733
2019-05-13,0.0535474081930194,0.833063824276813,0.277277342355482
2019-05-14,-0.468433362484696,-5.19804166828461,0.275039277050824
2019-05-15,-0.365973312482676,-7.50550643388841,0.262631230843827
2019-05-16,-0.315401528117189,-9.91065109491297,-0.337601316132376
2019-05-17,0.450579845531851,-7.33275184696938,-0.813638608120159
2019-05-18,-0.576545980738851,-8.81674902546688,-0.944969552844635
2019-05-19,0.205326853505441,-9.56374734156986,-1.4404258963257
2019-05-20,0.490870421031429,-6.96112028698911,-1.54171694828039
2019-05-21,0.248049884366425,-9.00028120704969,-1.55973792159981
2019-05-22,0.76861621506948,-6.53466270814526,-1.78416532297294
2019-05-23,0.480759816646787,-8.1136335656911,-1.76883449580829
2019-05-24,0.641473467199582,-7.65554063202498,-1.80108486598249
2019-05-25,0.829608624751183,-6.70841741037693,-1.78334562296298
2019-05-26,0.0528225168139946,-10.2695051277019,-1.77185377280601
2019-05-27,0.683716199188308,-7.92637797251057,-1.79661182551308
2019-05-28,0.549949795600076,-6.41844333050984,-1.78941112534456
2019-05-29,1.43003483509456,-4.02194201754016,-1.76921381258488
2019-05-30,1.32848640949469,-6.81128184264383,-1.742447029193
2019-05-31,1.77847510033981,-1.84074616744301,-1.71844541640739
2019-06-01,1.91300717231741,-0.175202461354431,-1.69166867250682
2019-06-02,1.5492692591045,-5.60754001884937,-1.66612974813301
2019-06-03,1.74767712199024,-3.19696183831706,-1.64409711167214
2019-06-04,2.12301625055629,1.86999433789274,-1.62106875777966
2019-06-05,2.38260887518854,3.83458082265434,-1.59458084932877
2019-06-06,1.52925906552783,-1.55157687713544,-1.56505380384096
2019-06-07,1.2866628346899,-3.93331358177812,-1.53752734146567
2019-06-08,1.58248532052179,0.529804546998651,-1.51466180656623
2019-06-09,1.86976807108932,6.57316733246375,-1.49472968296939
2019-06-10,2.18348884853817,13.1919537502574,-1.47351063144187
2019-06-11,1.98152105282776,14.8400276036634,-1.44961765126734
2019-06-12,1.91044065215311,13.9079582070332,-1.42792634136584
2019-06-13,0.901174856921007,-2.19354225573961,-1.40241020512274
2019-06-14,0.760568080769289,-3.21013969748931,-1.38227338474831
2019-06-15,0.456359547965725,-6.79994075194419,-1.36599262199294
2019-06-16,0.539349607513338,-2.21230538896576,-1.35193656173348
2019-06-17,0.62626287732054,-1.07628452073113,-1.34483408507766
2019-06-18,0.829633693968901,3.88708823458022,-1.33889053797985
2019-06-19,0.573507535132954,-1.16495353499251,-1.3283465139472
2019-06-20,0.351118213228041,-7.43320078034236,-1.31442519875014
2019-06-21,0.434031389975723,-1.49707322712308,-1.29942440494862
2019-06-22,0.51029605061635,4.65519306441363,-1.29081526979308
2019-06-23,0.560603919301752,7.11298314888227,-1.28340649132013
2019-06-24,0.378489959938952,3.00942815448062,-1.27469378295337
2019-06-25,0.42014159277543,-0.216782249113251,-1.26211906709788
2019-06-26,0.166963751786918,-7.95194154042842,-1.24715353415218
2019-06-27,0.234441480821548,-8.26215969359445,-1.2308772787719
2019-06-28,0.187541179755,-4.94044651691894,-1.22162719290317
2019-06-29,0.215333196216044,-0.808878316150356,-1.21082951990215
2019-06-30,0.320184780607595,-0.297931215949522,-1.20477899523977
2019-07-01,0.323617392950702,-3.56748113978131,-1.19615109260201
2019-07-02,0.279264602709411,-4.31305378179188,-1.18747224045544
2019-07-03,0.269786529294943,-5.05432457092391,-1.17994794793381
2019-07-04,0.348148190222503,-3.26863946087405,-1.17278363084087
2019-07-05,0.303749948311396,0.755526787151176,-1.16910295807615
2019-07-06,0.315834487042286,0.649820661907988,-1.16155337056485
2019-07-07,0.252730536010257,-4.67271920050628,-1.1503470200722
2019-07-08,0.21626709176732,-8.71162027970682,-1.13902377810167
2019-07-09,0.201216389478129,-9.12485109485884,-1.13040134920011
2019-07-10,0.173742387268871,-5.18936278966367,-1.12695293351701
2019-07-11,0.242656976666227,-2.19715154553667,-1.12457578066509
2019-07-12,0.243347947713267,0.148262343302569,-1.1224563365788
2019-07-13,0.232514375722268,3.27277206576474,-1.12043575542622
2019-07-14,0.25490431850727,3.14620522711177,-1.11555338399151
2019-07-15,0.199422280862305,0.678803119052969,-1.11112433658639
2019-07-16,0.163977649422826,-4.11559167370102,-1.10646748284695
2019-07-17,0.144077538439287,-1.804014330848,-1.10005323485911
2019-07-18,0.192468892872538,-2.1035443516258,-1.10089828455673
2019-07-19,0.157966698325309,-6.28368044142543,-1.0959026778544
2019-07-20,0.131134926754661,-6.73959039697954,-1.08932448134943
2019-07-21,0.203390344217875,-0.548235990552548,-1.08532339986793
2019-07-22,0.202169739476556,4.3325646464433,-1.08995812971021
2019-07-23,0.185004311631024,5.34538713998495,-1.09196504693245
2019-07-24,0.228580789977202,11.0536593230454,-1.09099589692344
2019-07-25,0.158142497971315,11.2279530178597,-1.09252631390971
2019-07-26,0.156103766165927,6.16948415044644,-1.09155628619345
2019-07-27,0.0994285891013752,8.96909203032186,-1.09161842915697
2019-07-28,0.139941468317872,13.1550936283546,-1.09997360972982
2019-07-29,0.0657571616097193,-0.241299647615776,-1.0965811148044
2019-07-30,0.185747892272186,-4.43564851309392,-1.08711972582836
2019-07-31,0.117374717965096,-1.12068153686206,-1.08202804634729
2019-08-01,0.0605334904044466,-5.22162837420392,-1.08264669518038
2019-08-02,0.0936860305576876,-4.10707383707561,-1.08232229239806
2019-08-03,0.0716759743801103,3.28360469846827,-1.08965600460547
2019-08-04,0.0725920802870446,1.71454988063498,-1.09400874787446
2019-08-05,0.0385755988562331,-0.169513034234157,-1.09271801174336
2019-08-06,0.0533763738193047,5.024348897464,-1.09874607848632
2019-08-07,0.0636232140878529,-0.970806952593492,-1.1012603939282
2019-08-08,0.0708751141029709,-7.29515288237757,-1.09757594111116
2019-08-09,0.0464411378298689,-8.22723662929469,-1.09369664905071
2019-08-10,0.0487375487312323,-11.0708563122179,-1.0980234600402
2019-08-11,0.0788538787381354,-5.30762287925136,-1.0983922039511
2019-08-12,0.0604654174732445,2.6860607719695,-1.10478824924255
2019-08-13,0.0273131455023752,6.19935400132896,-1.11464528176645
2019-08-14,0.0290384202789231,10.9953534605416,-1.12585894600118
2019-08-15,-0.0362612132171104,13.4661972879872,-1.13680380107163
2019-08-16,-0.0178532235618483,11.3357526306894,-1.14597736054754
2019-08-17,-0.0574671059552065,-3.42571767325099,-1.14688648442954
2019-08-18,0.0379132033918874,-8.12824258510424,-1.1417061686581
2019-08-19,-0.0464209141207531,-8.29012202881863,-1.14118618949575
2019-08-20,-0.0250000641459718,-8.98009356047622,-1.14289934200486
2019-08-21,0.0121093188065854,-3.10479071049752,-1.14713036032496
2019-08-22,0.0386885299880741,1.76002783482656,-1.15882838651489
2019-08-23,0.0156057514099977,3.08822821258574,-1.17132462714113
2019-08-24,-0.00899599319189265,0.736259690082807,-1.17631534365122
2019-08-25,0.00731701781617308,6.32930046606662,-1.18218792854531
2019-08-26,0.0246980535073109,7.5762992998724,-1.19006163723273
2019-08-27,-0.00991678503123994,8.02382963532899,-1.19419889876812
2019-08-28,0.0148205137415242,0.668631219645764,-1.19631750153235
2019-08-29,-0.0172948543433614,-8.79432744915644,-1.19551510302566
2019-08-30,-0.0115816033893794,-3.05347417935428,-1.19290043992911
2019-08-31,-0.0481919994153206,4.2887001864287,-1.19666698265077
2019-09-01,-0.03485226209076,8.81516253918189,-1.20241228223892
2019-09-02,0.000326673652170179,5.72529576777466,-1.20787745138907
2019-09-03,-0.069574572954564,1.57441951984357,-1.20710955573712
2019-09-04,-0.0317985930617005,6.791060959626,-1.20877704878187
2019-09-05,0.00643428042052974,1.9645380230792,-1.21314530730854
2019-09-06,-0.0498823656769881,0.39962600396861,-1.207573954892
2019-09-07,-0.0531031403366673,-9.18688002871376,-1.19931972080314
2019-09-08,-0.0419248055966875,-8.6489778149638,-1.19213964877751
2019-09-09,-0.0142417203657507,-7.42481215590097,-1.1912666785806
2019-09-10,0.0331308221773111,-7.74915416677293,-1.18630406829384
2019-09-11,-0.0480041513372349,-1.6176096971046,-1.18235034359192
2019-09-12,-0.042560470710398,5.28344308240426,-1.18711461003574
2019-09-13,-0.0929864547005672,11.248478593299,-1.18974209153286
2019-09-14,-0.0725341884176754,11.5416779301756,-1.19132639701886
2019-09-15,-0.00821828429368732,0.479595442607081,-1.18590525589759
2019-09-16,0.276883270741054,-10.382466348073,-1.19643414105891
2019-09-17,0.743669749855893,-6.57785266339746,-1.27498623061324
2019-09-18,0.569476454589094,-11.8202857134045,-1.30113654366834
2019-09-19,0.767368509499956,-6.68530227289596,-1.3345307023121
2019-09-20,0.608651613384125,-3.82889958792608,-1.35037558862657
2019-09-21,0.393515060987177,-1.08941044547407,-1.35986387858736
2019-09-22,0.300341627764098,0.333955094074472,-1.36727058591942
2019-09-23,0.475969039620798,-0.226036197998855,-1.36657192473692
2019-09-24,0.322244995289417,6.91427589090452,-1.36417858410869
2019-09-25,0.238943199113456,9.4251116292693,-1.36697744979332
2019-09-26,0.213690177123212,-0.774936205381096,-1.36472281261892
2019-09-27,0.156764865284852,-9.19694403443152,-1.34868224742529
2019-09-28,0.271616640605778,-8.28788668025212,-1.3219484018575
2019-09-29,0.316521456639973,-7.78688739545201,-1.29339041547357
2019-09-30,0.163977390247528,-8.14123871903862,-1.27428395400479
2019-10-01,0.128914616018361,-6.27748582589673,-1.245508355561
2019-10-02,0.0544617722040974,-3.1382807026855,-1.2270928919467
2019-10-03,0.0527399793955005,-2.34825714993794,-1.21024703672604
2019-10-04,0.0673201593115358,-3.89090577683392,-1.18735000929867
2019-10-05,0.0326144586236947,-1.04832398847143,-1.16815280714059
2019-10-06,0.0148717967870329,3.41690903451745,-1.15541004935583
2019-10-07,-0.00248423040858914,7.42064903080449,-1.14281488909671
2019-10-08,-0.0114765926622439,6.44718669443326,-1.12347856535353
2019-10-09,-0.0427541682232652,-1.13523144779661,-1.09510821018263
2019-10-10,-0.0529311380853314,-1.04306965089874,-1.0576155730724
2019-10-11,-0.0455478011998202,3.08920544181627,-1.03332874794379
2019-10-12,-0.0608316714089584,3.4113957003582,-1.00819366591773
2019-10-13,-0.068893508901221,3.88667575110049,-0.982605847807608
2019-10-14,-0.0905927498588571,2.37490556121592,-0.952707214967839
2019-10-15,-0.117750298082028,3.84038053111425,-0.92548022047453
2019-10-16,-0.089623517580725,1.43231076146616,-0.899009828114756
2019-10-17,-0.122470105558335,-3.64117883862598,-0.8775627313375
2019-10-18,-0.120815012077575,-2.92827760244135,-0.837391792639374
2019-10-19,-0.13613178876798,-4.45944731559257,-0.805774250351665
2019-10-20,-0.0378804965388201,0.119307081371804,-0.774469567530316
2019-10-21,-0.136284135516656,3.58312513084556,-0.745833136739732
2019-10-22,-0.156637647208599,5.32022850296512,-0.720551935786858
2019-10-23,-0.1506413582375,6.16035864708457,-0.693570978790127
2019-10-24,-0.142734350729107,10.5205061163215,-0.661759346054254
2019-10-25,-0.193255848896554,10.5072857315496,-0.630740211941852
2019-10-26,-0.202863807413422,7.72768675119199,-0.596443714659237
2019-10-27,-0.160399352017501,4.35948971314927,-0.552785259604451
2019-10-28,-0.214248596418915,2.10984994851166,-0.501609576456563
2019-10-29,-0.243660645776315,1.98006860001664,-0.461073221361442
2019-10-30,-0.249128799386177,2.09807197819863,-0.419343216664441
2019-10-31,-0.259645048831425,2.66005758815892,-0.38382452298983
2019-11-01,-0.270812765652524,3.7427443265354,-0.348074905739068
2019-11-02,-0.284641040090068,4.93928934823708,-0.314932631204012
2019-11-03,-0.285009276880943,5.27889243582806,-0.282112679948628
2019-11-04,-0.317201933238721,5.25940037109976,-0.249938143632499
2019-11-05,-0.327161727106836,6.74532797502553,-0.217157153636112
2019-11-06,-0.337885052532174,6.36069164894845,-0.184957524272739
2019-11-07,-0.33421751621197,7.17038458317774,-0.149254683509753
2019-11-08,-0.343549900346811,8.33296863249424,-0.112707308566573
2019-11-09,-0.360411176212117,6.60673702472684,-0.0753460203914651
2019-11-10,-0.390606006992747,5.88975623522257,-0.0412036484854257
2019-11-11,-0.381382114822585,5.52222036002954,-0.00763547565988709
2019-11-12,-0.3786943913393,6.44622215394346,0.0265166437648494
2019-11-13,-0.387519089787576,6.25091989956688,0.0624588409642035
2019-11-14,-0.467186207697108,-1.04406655980215,0.0955723736093743
2019-11-15,-0.441076983134764,-0.806072290633802,0.131030370135993
2019-11-16,-0.375420030189667,-0.0483037434941833,0.171320882928902
2019-11-17,-0.425181168042472,1.93268226825567,0.205615709597582
2019-11-18,-0.426695235022358,5.03729125155488,0.240508939827136
2019-11-19,-0.482257230238642,0.67184954470483,0.275541538484735
2019-11-20,-0.419501167088484,1.23322948924613,0.315649064382672
2019-11-21,-0.450273964085782,0.77693292884205,0.354725602833209
2019-11-22,-0.450358313478104,1.60392470137114,0.390780937096316
2019-11-23,-0.440630697344878,2.14438279044427,0.426202731998963
2019-11-24,-0.452988104137726,3.07755263590885,0.461617975024681
2019-11-25,-0.457621224830871,3.07303893625116,0.499812873231794
2019-11-26,-0.370395761991733,-0.512735890842569,0.547720101522996
2019-11-27,0.0696629432081067,-2.10244825682135,0.539165420161883
2019-11-28,0.0186496578658979,-1.77720662653779,0.428801625838906
2019-11-29,-0.0572916136514026,-0.560218085466148,0.397351451006449
2019-11-30,-0.160564651727636,0.840607583133389,0.404229665121212
2019-12-01,0.093137352893311,-1.71046702253684,0.115861813662399
2019-12-02,0.0640930376950366,-1.33109018743601,-0.810251320931962
2019-12-03,0.000349343653736844,-0.728383521776552,-0.808467310028775
2019-12-04,-0.18794254836174,-0.657754414154168,-0.884853135812894
2019-12-05,0.230956789047952,0.256229004071218,-0.958981089083549
2019-12-06,0.325130998966938,3.6385045496239,-0.888392515957866
2019-12-07,0.189256078064375,0.152307666563081,-0.995756300144645
2019-12-08,0.241023702686153,-0.72176607286394,-0.985689094022796
2019-12-09,0.272926852207231,-0.362594312538764,-0.880577464568987
2019-12-10,0.0288166746230296,-0.196215435370208,-0.819412712946216
2019-12-11,-0.118875348977679,0.0953589018429519,-0.784246069571262
2019-12-12,0.0764182956560108,1.10660205489692,-0.785396023324292
2019-12-13,-0.33056210932629,0.418139000023168,-0.758421727889344
2019-12-14,0.0374260302634006,0.363017096453691,-0.788854292981793
2019-12-15,0.235586500756027,0.656539337110145,-0.739733311369355
2019-12-16,0.0239119489608217,0.13278508751098,-0.694643387867547
2019-12-17,0.11645873792551,3.25954747968667,-0.657990434168525
2019-12-18,0.217370861386693,4.09154162792139,-0.632950070727118
2019-12-19,0.143299046532526,1.10969616650173,-0.61336042889177
2019-12-20,-0.0214728331474834,1.49177810968081,-0.585737180710816
2019-12-21,-0.09668029373265,2.87108020076109,-0.560212642482737
2019-12-22,0.036906184047662,2.33387908389266,-0.592662586701009
2019-12-23,-0.0855165785511119,0.262664298877759,-0.65291379966574
2019-12-24,0.0743214570198124,0.563221432631626,-0.597170216100141
2019-12-25,0.0738842068384086,1.02715276097535,-0.558609423931567
2019-12-26,0.0662842150614138,0.705168714461413,-0.526464024564381
2019-12-27,-0.0394727790194124,0.903150168623141,-0.496733327883495
2019-12-28,0.0138224578302248,0.864960725729434,-0.47138429592735
2019-12-29,-0.0327709031331412,1.1534881551481,-0.450076705702917
2019-12-30,-0.14777840527723,-0.300564173890532,-0.429150553626626
2019-12-31,0.0176848443934758,-0.252052533317966,-0.409474387458924
2020-01-01,-0.0506212820248597,0.54825772615784,-0.389362306456602
2020-01-02,0.220730902883382,0.995948662846953,-0.370246701133274
2020-01-03,-0.00439503415723663,1.10661968721132,-0.35171935249357
2020-01-04,0.0622866341369048,-0.531951155614428,-0.33650724062699
2020-01-05,-0.0921390413924892,0.293265676590133,-0.324043914052112
2020-01-06,-0.0208035850359762,-1.24117821712783,-0.305689206825836
2020-01-07,0.0369156286490435,-0.950230290973025,-0.289367145524818
2020-01-08,-0.116242357064485,-1.13862899836684,-0.278074574701358
2020-01-09,-0.0275680355538546,-1.04638323985662,-0.440247225759217
2020-01-10,0.191792077380387,-0.432272645686915,-0.44707560216249
2020-01-11,0.129479786003909,-0.60888952574495,-0.417317026573747
2020-01-12,-0.0634368692210114,-0.835868319588288,-0.393269580142621
2020-01-13,0.303479344539845,0.118343287406695,-0.379005515075102
2020-01-14,0.196374599359381,-0.104765917595491,-0.367726473012391
2020-01-15,-0.0226124566766381,-0.142166788059585,-0.348939183795544
2020-01-16,-0.0904366338932915,-0.681810928819423,-0.398403630178849
2020-01-17,0.143963678960942,-1.0739226370977,-0.437286192905132
2020-01-18,0.0745799412962926,-1.03874917318727,-0.389805701760504
2020-01-19,-0.303295933735595,-1.42279019351551,-0.359616689919029
2020-01-20,-0.249180956684132,-2.07654801215476,-0.339600123146127
2020-01-21,-0.0961333339635468,-0.317173690184288,-0.322403293215993
2020-01-22,-0.0132759014654416,-1.85857145232036,-0.334274221625722
2020-01-23,-0.18743436673194,-1.85525309691015,-0.330397649656886
2020-01-24,0.216345414220732,-0.354984065398511,-0.313273562363996
2020-01-25,0.0476282217013236,-1.63111700405904,-0.294750185754304
2020-01-26,0.0830020921773689,-1.12684198413002,-0.425713668238847
2020-01-27,0.340311960258569,-0.572936713180735,-0.381286311345661
2020-01-28,0.0376676030369451,-1.29051673721921,-0.34187440691823
2020-01-29,0.466138828570033,0.206943533594222,-0.312007862564639
2020-01-30,0.295634744377103,-0.225972690591988,-0.286536028301507
2020-01-31,0.238067286739823,-0.511458084259838,-0.263929659264449
2020-02-01,0.381247246244415,-0.0523563671268761,-0.242977410116975
2020-02-02,0.0631603737532646,0.489295879959633,-0.224411264285416
2020-02-03,0.554012454385585,1.56878991085721,-0.203792920793358
2020-02-04,0.176324721329733,1.35126552201618,-0.182562924273434
2020-02-05,0.234695980626128,1.09275260605199,-0.166777069356195
2020-02-06,0.306386158069014,1.48256688460483,-0.150588161926874
2020-02-07,0.296879122405324,1.51310148739404,-0.131502014868877
2020-02-08,0.382335733549455,0.868972711012258,-0.111070760901835
2020-02-09,1.05872575188994,5.17364495764121,-0.0852810642127539
2020-02-10,0.6683895834683,5.04709735384061,-0.0557189635444031
2020-02-11,0.451578196555884,2.02544871619765,-0.0301757360732005
2020-02-12,0.509794749246877,3.14291586392703,-0.00852337179054485
2020-02-13,0.345296886799002,0.800063611813327,0.0142247859478064
2020-02-14,0.357770447056362,0.614325610189671,0.0357755308772649
2020-02-15,0.232553344463583,0.980816865281668,0.0544329185656101
2020-02-16,0.312602584661253,1.74452127321411,0.0733241938820441
2020-02-17,0.523160762562128,3.15410416761315,0.0971420995195706
2020-02-18,0.33453342677831,1.92784988070539,0.122285061186373
2020-02-19,0.367763249852602,1.93414098445084,0.145077386042765
2020-02-20,0.412046252248573,3.58806254488255,0.166791568979849
2020-02-21,0.392989059167336,5.0171313894621,0.189693448398637
2020-02-22,0.51311924029092,3.30279622056342,0.211291890776739
2020-02-23,0.118389227297975,-1.23260392516563,0.235838232607921
2020-02-24,0.500940046947544,2.68434796149061,0.25816965224701
2020-02-25,0.366634613986487,3.16654284590061,0.282410324527724
2020-02-26,0.525852748228562,5.87655414479393,0.304876947878046
2020-02-27,0.493335320326926,5.17365873273103,0.330553579375487
2020-02-28,0.413302076976157,6.44550379278073,0.356376976244623
2020-02-29,0.256956724044958,1.59777367765967,0.380841935421059
2020-03-01,-0.478715511237397,-0.154997385768815,0.404525801529224
2020-03-02,0.603424762826203,6.35053325090447,0.430884638775199
2020-03-03,0.24958062063133,4.1948710474536,0.454630667330056
2020-03-04,0.298011385857536,5.74714284008832,0.47501930222031
2020-03-05,0.269556400872914,2.66034708125624,0.497980890966707
2020-03-06,-0.0424270082030409,-0.209541746362459,0.520624490909722
2020-03-07,-0.636406149360333,-1.62721870888982,0.533706650885422
2020-03-08,-0.563703767731871,-0.932006493885479,0.500379335521146
2020-03-09,0.107116545101091,1.1484781894991,0.489332321298291
2020-03-10,0.295686442437718,2.40326238224965,0.498006029669142
2020-03-11,0.381791062719855,2.58389215182576,0.514121194714876
2020-03-12,0.237028639766541,2.99866203915317,0.534953557980513
2020-03-13,0.397551701003293,1.45361534231105,0.558505307796336
2020-03-14,-1.27278771163459,-2.20410143038604,0.501912715202843
2020-03-15,-1.39306557829952,-2.51071743855075,-0.378914468546618
2020-03-16,-1.58452754423702,-2.77725388643961,-0.666843511912034
2020-03-17,-0.363974587736669,-1.49096123220212,-0.546724952072184
2020-03-18,-0.772233500952938,-2.10340223030797,-0.499299327705871
2020-03-19,0.0602563450520388,-0.733639141130529,-0.466586868705774
2020-03-20,-0.467057254185681,0.0475790583377913,-0.436651391354604
2020-03-21,0.211926904904839,-0.451516371333518,-0.411547585299424
2020-03-22,-0.00912388152593158,0.848369686431402,-0.382508013206869
2020-03-23,-0.69453166240974,-1.72379934703651,-0.365833095181047
2020-03-24,-0.749164452537149,-2.20922480054901,-0.458263307207155
2020-03-25,-0.253595658013381,-1.21354331221226,-0.629439279610475
2020-03-26,-0.428760660532638,-2.51090989342856,-0.594444371655385
2020-03-27,0.210269916732797,-0.714622664998156,-0.571228894297635
2020-03-28,-1.12731960631508,-2.6976642658902,-0.551296015350155
2020-03-29,-0.284884726185609,-0.411430768569915,-0.556673381799419
2020-03-30,-0.303279096093981,-1.47014810141893,-0.54251797909311
2020-03-31,-0.219952871923218,-1.63512181210098,-0.520932645642639
2020-04-01,0.30827629087275,0.247200660960611,-0.494185622933068
2020-04-02,0.358346313450353,1.62752187518109,-0.461138993200749
2020-04-03,0.128139454043399,0.409632094696751,-0.430312430627244
2020-04-04,-1.23205499200927,-3.36602800823688,-0.419294920645363
2020-04-05,-1.81219068165403,-4.19509632840979,-0.930286154326809
2020-04-06,-1.26890564408138,-3.74222664643934,-1.01073921788695
2020-04-07,0.166065412810761,-1.37083845819799,-0.916878819499496
2020-04-08,-0.736804315312303,-2.4212626485566,-0.866035797639052
2020-04-09,-0.967094024213797,-2.96099134308597,-0.845367619440168
2020-04-10,-1.02298395485648,-1.47194860466519,-0.829508574939488
2020-04-11,-0.603332235235656,-2.44792780858419,-0.808003895192725
2020-04-12,-0.516464204057525,-2.16921652969913,-0.791310405979732
2020-04-13,0.880662674432132,1.12975772482954,-0.766241562165506
2020-04-14,1.21174202454061,5.41703177038272,-0.72177490425491
2020-04-15,0.968917274446996,4.60039848717448,-0.678912250474526
2020-04-16,0.801754411162575,1.33805271654927,-0.644123360877008
2020-04-17,-0.345342747687948,-3.39324202212642,-0.616805103667248
2020-04-18,-0.564070732995035,-2.76817432735855,-0.601186716469893
2020-04-19,0.233529727442289,-3.01775989089043,-0.58474724893469
2020-04-20,0.0320789443198586,-2.5079248191919,-0.565459440295607
2020-04-21,0.898152068057706,-0.62788063436364,-0.540217720656154
2020-04-22,0.879930212158214,0.144084045615345,-0.508975198037021
2020-04-23,1.59030940926967,4.3882493140653,-0.468153794539193
2020-04-24,1.5425463109282,6.09504727033853,-0.409995786005729
2020-04-25,1.38119764724531,5.51535363559966,-0.352269932322054
2020-04-26,1.55453040157246,2.56207102317333,-0.293053424043897
2020-04-27,1.43867324218273,3.21564969700694,-0.221555519740525
2020-04-28,1.55202177520291,4.27702498515564,-0.145079529110271
2020-04-29,0.225451056569146,-0.070466151443215,-0.0745154620561594
2020-04-30,1.03312953056457,2.58708143871882,-0.00891930511249273
2020-05-01,1.14810313865036,2.88055764464115,0.0747345751673398
2020-05-02,0.0668174997607225,-3.21968387069517,0.139472832648384
2020-05-03,0.424890648528947,0.334570022763012,0.182376420277593
2020-05-04,0.848754785004131,4.10566260554827,0.241404793489555
2020-05-05,0.860488050552236,4.23365048280102,0.295303932041984
2020-05-06,0.693878653034652,4.44224091620923,0.338755645379617
2020-05-07,0.73422862622686,7.43695831420101,0.37441319541296
2020-05-08,0.899124219289347,11.2159773808488,0.397736065748032
2020-05-09,1.00154189429971,10.1517062572924,0.412046677680817
2020-05-10,0.0968300397258188,0.218265489503692,0.422074558171435
2020-05-11,-0.125088786000541,0.689758656227035,0.428702190413854
2020-05-12,-0.521798183145756,-4.38072784238985,0.41844337823217
2020-05-13,-0.773685264852043,-4.09695833495128,0.414645402009228
2020-05-14,-0.786435834115329,-4.89271476722174,0.39647367207924
2020-05-15,-0.0275694864845357,-1.70952609491298,0.369284746257859
2020-05-16,-0.151335049815088,-0.942918513636048,0.349670053335664
2020-05-17,-0.434911746453136,-8.10937402546688,0.337964970965637
2020-05-18,-0.397264550902722,-7.89868484156986,0.317384671560045
2020-05-19,0.176351630827347,-6.08228695365578,0.277921390935644
2020-05-20,0.59478851220316,-4.34586454038303,0.181485649215584
2020-05-21,0.748104990987847,-0.640996041478592,0.0789041418041441
2020-05-22,0.75504859950393,-0.808841899024427,0.0341425441836076
2020-05-23,0.86912319224448,3.24164686797502,0.0262653920539302
2020-05-24,0.778250208506285,5.47518675628974,0.0215788635705794
2020-05-25,0.849887885793587,10.4513698722981,0.0202302286536877
2020-05-26,1.06942507755565,14.0190803608228,0.0251359413966386
2020-05-27,0.930308471518443,14.8993691694902,0.0321916312258326
2020-05-28,0.703287266931294,14.5412454824598,0.0418075932630115
2020-05-29,-0.196000917852244,-2.05803184264383,0.0515224938489665
2020-05-30,-0.48741362676223,-5.37168366744301,0.0528682085526455
2020-05-31,-0.376179011356062,-3.69395246135443,0.0549750513314029
2020-06-01,-0.0773862813036625,0.222751647817297,0.0334136551768189
2020-06-02,0.104712965908603,7.25480899501627,0.0123056609242216
2020-06-03,0.181698447454245,14.4568276712261,-0.00741667666513912
2020-06-04,0.0119298882497636,17.7576016559877,-0.0209432653174977
2020-06-05,-0.350148951288495,-1.94001437713544,-0.0222606861623449
2020-06-06,-0.490170083106021,-5.72416774844478,-0.00929148499769461
2020-06-07,-0.461777333927194,-5.75486211966802,-0.000890451594703023
2020-06-08,-0.360351705335171,-0.660353500869579,-0.00222507167206487
2020-06-09,-0.293975013502646,4.91762041692409,-0.0189397665655875
2020-06-10,-0.288019855172245,8.81209010366337,-0.0406145784469434
2020-06-11,-0.408256215601995,5.83485404036651,-0.0534923986170108
2020-06-12,-0.425329836752463,-8.06029225573961,-0.0291266005407582
2020-06-13,0.399907781993779,-7.90713969748931,-0.0250724637309263
2020-06-14,-0.216453224279173,-3.72533658527752,-0.0284114358700407
2020-06-15,-0.261583755751968,-3.88361788896576,-0.0431160550824572
2020-06-16,-0.175973895332521,-4.2453261873978,-0.0445940576815334
2020-06-17,-0.210977531990283,1.11460906791356,-0.0488918690675968
2020-06-18,-0.172993513683373,9.70208813167417,-0.0636002961250384
2020-06-19,-0.168858533139306,7.60075755299098,-0.0756267138187559
2020-06-20,-0.160889508391624,-0.0170523937897471,-0.0758772266423868
2020-06-21,-0.138911907636711,1.74121389774697,-0.0747042073491402
2020-06-22,-0.0847516896778401,4.09346231554894,-0.0787122052009117
2020-06-23,-0.100594649742681,3.93807398781395,-0.0820376252013508
2020-06-24,-0.107785608857223,3.23328025088675,-0.0774583656781882
2020-06-25,-0.0891341987436947,4.01391262623824,-0.0789426522852406
2020-06-26,-0.034425733627432,3.13702780640554,-0.0786845048971738
2020-06-27,0.0604365241631635,3.65147014974772,-0.0728558658228815
2020-06-28,0.0415319620119626,-5.93096164948368,-0.0487977396747308
2020-06-29,-0.00964946535158911,-1.35338954928285,-0.0271777658667922
2020-06-30,0.0152015938486617,3.76053969355202,-0.0253120702109841
2020-07-01,0.0197030510359414,1.65113371820812,-0.0233954099854659
2020-07-02,0.0348940459480039,-5.10586623759058,-0.0145373625045089
2020-07-03,0.0319531665490339,-3.67322279420738,-0.000658214706090732
2020-07-04,0.0697124186787428,5.55936012048451,0.00237923931898898
2020-07-05,0.0992920089198368,6.73404982857465,-0.00173589174748479
2020-07-06,0.101952694785767,0.253114132827058,0.00899606673363174
2020-07-07,0.0923835758489528,-1.96528694637349,0.0252280210380453
2020-07-08,0.078661501314864,3.60806557180782,0.0247840524134642
2020-07-09,0.108329072166831,4.24757471033633,0.0226509518100073
2020-07-10,0.0600046120131657,7.67330678779665,0.025642156794718
2020-07-11,0.0968590458357157,14.3937415099692,0.0226337950833519
2020-07-12,0.109353378334513,15.4150428990981,0.0214418013645634
2020-07-13,0.110670016548087,2.5338510604451,0.0304490820244681
2020-07-14,0.16086458225006,-4.1803635476137,0.0429641038947643
2020-07-15,0.135349241586091,-2.94136250703435,0.0491039132251387
2020-07-16,0.139112616806634,-3.24930599751466,0.0538458346543145
2020-07-17,0.105489050423559,-1.67058601829247,0.0617482784239121
2020-07-18,0.161276398733472,1.2047153919079,0.0614236189708333
2020-07-19,0.143243688387314,-2.82779873031287,0.0613997777310091
2020-07-20,0.153239154177058,-6.25740265721921,0.070337455091467
2020-07-21,0.123484870088801,-6.23533118689004,0.0798870875142974
2020-07-22,0.219344559549391,-7.33357119334839,0.0853558580055092
2020-07-23,0.249799917324141,-5.64621567695461,0.0820532987759144
2020-07-24,0.155232698787641,-4.17806781547361,0.0803539660054033
2020-07-25,0.162167113921029,-0.807682516220236,0.0785144539764921
2020-07-26,0.187707972774845,2.42315453032187,0.071018160479893
2020-07-27,0.194294133134199,3.96561446168796,0.0669942796572425
2020-07-28,0.176323401772985,1.15807535238422,0.0689198869228509
2020-07-29,0.190092578721165,4.91735148690608,0.0676110506475363
2020-07-30,0.153483471761014,2.27561012980461,0.0703652583388434
2020-07-31,0.173687867547304,1.11560079246275,0.0729092901859616
2020-08-01,0.108222823210749,0.676571996257717,0.0781168784751864
2020-08-02,0.150443864176029,2.34854219846827,0.0729749375243092
2020-08-03,0.1365092456748,2.05892488063498,0.0672503123185191
2020-08-04,0.0917895792643963,-3.31249220090082,0.0643862090056864
2020-08-05,0.097979874227468,-11.7703802692027,0.0697929774201107
2020-08-06,0.181662276944996,-9.86720278592683,0.0802772411382575
2020-08-07,0.103312274919297,-4.25081954904424,0.0712574627695934
2020-08-08,0.0812749920339506,0.932013370705306,0.0506760360614322
2020-08-09,0.1303803206496,4.87285202111544,0.0324745675967586
2020-08-10,0.0735060346565028,3.85802295408198,0.0207930388121733
2020-08-11,0.0936751750242649,-3.69202256136383,0.0248486800882715
2020-08-12,0.0527792075431915,2.92958316799563,0.0313337426384903
2020-08-13,0.0251049941564742,13.4039159605416,0.0148385789553007
2020-08-14,0.0432381745379917,18.4293431213205,-0.00615454700483031
2020-08-15,0.00691138949937617,19.3555859640227,-0.0188669525057428
2020-08-16,0.0370766083305078,23.9525531600823,-0.0351086014120172
2020-08-17,0.111521867065357,11.7611532482291,-0.0448128123103197
2020-08-18,0.0413176062874102,10.616669637848,-0.0432152508475445
2020-08-19,-0.0277239049622983,12.6316772728571,-0.0354593487634265
2020-08-20,0.0160582646025038,2.90875095616915,-0.014423768842879
2020-08-21,-0.102939402093559,-4.05103466517344,0.0113203892761131
2020-08-22,-0.0488880428757166,1.15441571258574,0.0103440445361684
2020-08-23,-0.0400068046204641,4.11611385674948,-0.00859156834066077
2020-08-24,0.13705656145699,1.40196713273329,-0.0230006149097166
2020-08-25,0.0202459689930252,-3.2230757001276,-0.0364068781718814
2020-08-26,-0.0353544717251175,-0.0577536980043369,-0.0411442487727474
2020-08-27,-0.0900067665850065,-2.2792854470209,-0.0334199712256433
2020-08-28,-0.0617429008739737,2.31940171751023,-0.0400987965038908
2020-08-29,-0.103125674981216,0.565025820645722,-0.0476184596973308
2020-08-30,-0.123116059007157,-1.31888314690463,-0.0458376828226639
2020-08-31,-0.150088088703005,0.241662539181895,-0.0505886974634944
2020-09-01,-0.140715074102932,-4.671370898892,-0.0547897753356299
2020-09-02,-0.142458292138238,-7.84895548015642,-0.0519468258836531
2020-09-03,-0.130486481143333,-4.83629320704067,-0.0516480713725329
2020-09-04,-0.11917330635498,-0.455628643587467,-0.0607832723313573
2020-09-05,-0.124087100085151,10.7181051706353,-0.0807257205766314
2020-09-06,-0.0782790262142182,21.2195783046196,-0.0974905271779472
2020-09-07,-0.121165241531381,20.6438555183695,-0.106449216977426
2020-09-08,-0.0854023112310569,8.44941701076569,-0.0938333072786914
2020-09-09,-0.142074301822689,1.02247083322707,-0.0609976538394612
2020-09-10,-0.162887688561725,-4.59577636377127,-0.0393927223334805
2020-09-11,-0.113568441192031,-0.427494417595746,-0.0340813579316928
2020-09-12,-0.15757409510873,-1.15552140670098,-0.0362747896493589
2020-09-13,-0.125963133642165,0.954740430175587,-0.0330990813400014
2020-09-14,-0.14637110992634,-1.80544622405959,-0.0319425150869161
2020-09-15,-0.119958855952824,-0.38938301473965,-0.0300637419634633
2020-09-16,-0.148320573409413,0.310647336602539,-0.028784692652513
2020-09-17,-0.139832140512947,1.14283928659545,-0.0287706665757925
2020-09-18,-0.0740235125408606,-6.92946893956263,-0.0291709231868982
2020-09-19,-0.0963968886566914,-3.85298292125941,-0.0172717502962474
2020-09-20,-0.181209047584252,2.27623538785926,-0.0176156105954925
2020-09-21,-0.106607352725698,4.73662176074114,-0.0171145231989644
2020-09-22,-0.120342979562875,2.44135963533448,-0.0106393850325972
2020-09-23,-0.155056574506502,2.21940089090452,0.00397372011475028
2020-09-24,-0.132068436804912,-2.6238883707307,0.0127000257848069
2020-09-25,-0.142214119774747,-2.08064453871443,0.0263618012703484
2020-09-26,-0.175056876755964,2.28893096556848,0.0388480902043158
2020-09-27,-0.186939194332998,4.15448831974788,0.0426048663958714
2020-09-28,-0.0457890615861491,12.2254042712147,0.0472369556623402
2020-09-29,-0.177542540127982,13.2934487809614,0.0676294124301924
2020-09-30,-0.132821332642863,12.5664725074366,0.0668560062352004
2020-10-01,-0.183413535518352,13.5603651306478,0.0786205124536705
2020-10-02,-0.17174300535552,11.9780345167287,0.0949803303520458
2020-10-03,-0.178309285096627,10.2199692231661,0.118247623406472
2020-10-04,-0.15540027721304,13.4864676781952,0.137794285196414
2020-10-05,-0.172913093743579,14.9686798678508,0.162661103846099
2020-10-06,-0.200562521518793,12.8082115308045,0.184229616022263
2020-10-07,-0.175618874049999,6.88004086109992,0.204039354681344
2020-10-08,-0.238443459733469,-5.05312728112995,0.251184412290376
2020-10-09,-0.193558711717985,-6.4147363175654,0.293711030347501
2020-10-10,-0.20512849687329,-5.67710705818373,0.308616834052549
2020-10-11,-0.149744621565693,0.189833200358198,0.323965498647572
2020-10-12,-0.17374852979918,4.74215491776716,0.347750776881503
2020-10-13,-0.198724914675184,9.73773889454925,0.364510475950724
2020-10-14,-0.22846777938815,9.93404719778091,0.377145367000426
2020-10-15,-0.235592315556235,9.46031076146616,0.398384093494716
2020-10-16,-0.212585153990988,12.3746128280407,0.422195206601898
2020-10-17,-0.203223920567371,14.3148890642253,0.449804782674518
2020-10-18,-0.247175151625123,13.3301776844074,0.472227159801685
2020-10-19,-0.246897485069432,10.4041820813718,0.502322417933972
2020-10-20,-0.266752658512575,9.34025013084556,0.535224117070843
2020-10-21,-0.260043685004517,9.10099933629846,0.566080757223863
2020-10-22,-0.257640518343623,4.93279614708457,0.604780471904133
2020-10-23,-0.223870320128291,2.16102694965485,0.665347467598441
2020-10-24,-0.282221278545534,-2.65165176845035,0.706744969625688
2020-10-25,-0.252554110760361,-2.12989658214135,0.739663215445816
2020-10-26,-0.251273379854235,5.4628855464826,0.801567524014504
2020-10-27,-0.306709459439323,3.97291244851166,0.831645325108902
2020-10-28,-0.314008614592641,5.10490193334997,0.858482188666502
2020-10-29,-0.319746476529035,6.51444697819863,0.888861986689227
2020-10-30,-0.324629564259996,6.94718258815892,0.918350779755284
2020-10-31,-0.336306846607626,7.15653599320207,0.951528865447704
2020-11-01,-0.336547417624762,8.58268518157041,0.98027155269362
2020-11-02,-0.339334310448289,9.74024660249473,1.01162306422261
2020-11-03,-0.377436466841986,8.51700453776643,1.04327840682586
2020-11-04,-0.362638176902754,6.55643214169219,1.08448146453859
2020-11-05,-0.377064639315847,8.43273331561512,1.11188537717397
2020-11-06,-0.378656164538501,0.303988749844408,1.14432294339827
2020-11-07,-0.389072883367219,-1.3441147008391,1.19956221560474
2020-11-08,-0.326266098032525,-1.98022130860649,1.24441421740567
2020-11-09,-0.385131769776421,-1.56616043144409,1.32045163297973
2020-11-10,-0.396081581410341,0.751157860029541,1.3609163400398
2020-11-11,-0.429992358735219,-0.525673679389875,1.38897208619863
2020-11-12,-0.417988813134515,0.626274066233544,1.42621386288711
2020-11-13,-0.359686922146088,-0.665941559802153,1.44908112364597
2020-11-14,0.0855010583338076,-1.48330145730047,1.47359861760477
2020-11-15,0.149153290218496,1.16948792317248,1.52167635363131
2020-11-16,-0.184754435552676,2.54130726825567,1.54683845854656
2020-11-17,-0.289637052573378,0.570978751554877,1.56733416562283
2020-11-18,0.131352120373603,-2.23190045529517,1.48138270784078
2020-11-19,0.241645700829883,-0.33462467742054,1.14279335631298
2020-11-20,-0.0575427560041492,-0.529317071157949,0.957692992234149
2020-11-21,-0.116441458865859,0.065924701371145,0.869984520782363
2020-11-22,-0.184384191712225,0.461049457110941,0.823158878786554
2020-11-23,-0.213783570913236,0.36830263590885,0.802215701031067
2020-11-24,-0.258751342871687,0.476684769584496,0.800458807289994
2020-11-25,-0.188243272914182,0.114743275824098,0.807694782661864
2020-11-26,-0.117276764302097,2.59763507651198,0.830897991698051
2020-11-27,-0.213022016493286,2.96241837346221,0.852486652214986
2020-11-28,-0.278654375692219,2.58736524786719,0.869914741612154
2020-11-29,-0.273131815972534,2.84450341646672,0.889529109214199
2020-11-30,-0.268114363433219,3.02861631079649,0.910125931675696
2020-12-01,-0.268384196753943,2.49743064589732,0.934135182841502
2020-12-02,-0.300500026876876,3.15159564489012,0.955772482125753
2020-12-03,-0.250753445504597,5.09187058584583,0.978016187591565
2020-12-04,-0.27643793748266,5.10829150407122,1.00065376300284
2020-12-05,-0.290572153522858,5.1220045496239,1.02475583156523
2020-12-06,-0.312267589200931,3.01884933322975,1.04932900343612
2020-12-07,-0.256850331599561,6.57179642713606,1.07747643126156
2020-12-08,-0.302083656200933,5.1814473541279,1.1013269144224
2020-12-09,-0.318739063581052,5.44395123129646,1.12580287975451
2020-12-10,-0.319812251018495,4.39429640184295,1.15171064739179
2020-12-11,-0.386867129650112,1.67587288823026,1.17917283967718
2020-12-12,-0.359001962387514,1.26620150002317,1.1552009377574
2020-12-13,-0.379274397328436,-0.137024570212974,1.05154921821896
2020-12-14,-0.192726271243973,0.95289350377681,0.793812570288531
2020-12-15,-0.053363378631015,-0.138298245822354,0.683670412392935
2020-12-16,-0.129936424278572,0.313359979686671,0.65949259295964
2020-12-17,-0.104536382939838,-0.236312538745272,0.568653486957716
2020-12-18,-0.0344677569376783,-0.266595500164937,0.45767446314131
2020-12-19,-0.0327833256372793,0.267528109680812,0.429609462081864
2020-12-20,-0.142193624344895,-0.236690632572241,0.435747206402283
2020-12-21,-0.0962005561156033,-0.10457924944067,0.454758471895667
2020-12-22,-0.164401898877643,0.117726798877759,0.477408345619069
2020-12-23,-0.308925541878147,-0.465111900701707,0.504286942943927
2020-12-24,-0.194573444426898,0.48025692764202,0.528323639093081
2020-12-25,-0.164738639305933,3.18375204779474,0.547342830222228
2020-12-26,0.188632599347935,0.674796001956474,0.520843208544329
2020-12-27,-0.18133337245549,-0.241580940937233,0.503921268654854
2020-12-28,-0.144225958316815,0.465654821814762,0.507122260619736
2020-12-29,-0.00191401376702616,0.424852492776135,0.516734235252375
2020-12-30,0.0551184922302105,1.22628080001537,0.532745032423412
2020-12-31,0.139543815027233,0.428752749457705,0.528507287602365
2021-01-01,-0.0642691751677168,0.250007726157841,0.52649739589628
2021-01-02,-0.202123427892129,-0.104384670486381,0.535539615976474
2021-01-03,0.16949332665909,-0.0146094794553497,0.544664615877509
2021-01-04,-0.233665950204401,-1.08932615561443,0.546686336820028
2021-01-05,0.110298094966695,-0.112130156743201,0.512915744178217
2021-01-06,-0.100810531648221,-0.335761550461167,0.503982105821218
2021-01-07,-0.14601931535912,-1.10685529097303,0.511622924358964
2021-01-08,-0.135161459839995,0.0327460016331567,0.520959064255683
2021-01-09,-0.253058789023242,-0.588820739856624,0.53514014312017
2021-01-10,-0.0755935093134905,-0.313689312353581,0.548900848185628
2021-01-11,-0.0536565619144588,-0.100743692411619,0.560311508644425
2021-01-12,-0.190513059833257,1.09565251374505,0.570586294762649
2021-01-13,-0.014513157664237,2.14538495407336,0.57947388394652
2021-01-14,0.0515120174655037,-0.0669117509288255,0.592781758891686
2021-01-15,0.00416940462948423,1.53591654527375,0.605594330987807
2021-01-16,0.0224047540185452,1.29648073784724,0.618216677055821
2021-01-17,0.0185631413364525,2.1021398629023,0.63069424653286
2021-01-18,0.449798615459558,9.0961674934794,0.644206315131264
2021-01-19,0.29042899687665,9.01273063981783,0.664230998238799
2021-01-20,0.0278896504995416,4.68251448784524,0.688002920409221
2021-01-21,0.00376326366910618,4.17815964314905,0.706917221339541
2021-01-22,-0.0884670039144211,-1.50007145232036,0.692933848846902
2021-01-23,0.169463488802754,-0.232273930243478,0.61601743715465
2021-01-24,-0.0888968759996763,-1.05844239873184,0.610629037128558
2021-01-25,-0.108847423278268,-0.736429504059044,0.402373001617783
2021-01-26,0.187339802626348,-0.301612817463353,0.344848890433574
2021-01-27,0.0497484245034669,-1.83918671318074,0.0920528562001195
2021-01-28,-0.432006346801096,-1.81157923721921,-0.478665030710547
2021-01-29,-0.227194542450375,-2.14357729973911,-0.443725089650987
2021-01-30,0.373611148458736,0.486756476074679,-0.327873861142586
2021-01-31,0.296765061923496,2.97450024907349,-0.283813073625331
2021-02-01,0.318563590734211,3.49281029953979,-0.252992988252447
2021-02-02,-0.372026621022245,-1.78939162004037,-0.363154103842893
2021-02-03,0.123119761634564,-1.06362675580946,-0.33756060102353
2021-02-04,0.218762081166467,-0.542151144650493,-0.2899282450252
2021-02-05,0.123231682993475,0.23096093938532,-0.25953114971382
2021-02-06,0.179393530803708,0.655108551271499,-0.235345111480254
2021-02-07,0.148689567303283,0.813351487394042,-0.214799389945784
2021-02-08,0.0876316357535367,1.13409771101226,-0.196354651369572
2021-02-09,0.0281482049511624,0.340478290974544,-0.181828480058788
2021-02-10,0.131295796611158,-0.152610979492728,-0.165101751444319
2021-02-11,-0.417570541811463,-1.32236378380235,-0.18832327314964
2021-02-12,-0.0770581830225109,-1.7049174694063,-0.377010906582296
2021-02-13,0.0221439961867572,-0.295269721520006,-0.304826378501842
2021-02-14,-0.137910788290577,-1.149341056477,-0.26815752954488
2021-02-15,-0.726181331454785,-1.99112063471833,-0.334364631562523
2021-02-16,0.0400744876000287,-0.593374560119227,-0.327193806183874
2021-02-17,0.402971173582537,1.08666666761315,-0.288252746755791
2021-02-18,-0.0441503212216905,1.09045404737206,-0.257118761157881
2021-02-19,-0.388542720759642,-1.16852568221583,-0.252819440905636
2021-02-20,0.208840769064899,-0.536124955117454,-0.26237111534175
2021-02-21,-0.0018625922612352,-0.75413944387123,-0.246086867927443
2021-02-22,0.135938603964389,2.08027538723008,-0.226536300870875
2021-02-23,0.421020846889812,4.51356274150104,-0.205178102953879
2021-02-24,0.59216317266183,4.79276462815727,-0.17989306459151
2021-02-25,-0.0113568319726969,2.91660534590061,-0.153514002377178
2021-02-26,0.130622935167337,2.03084581146059,-0.133390106309212
2021-02-27,0.138965207510599,2.1060753993977,-0.11124030838174
2021-02-28,0.100909429139423,2.8322954594474,-0.0877170909769629
2021-03-01,0.469914378738836,6.413482010993,-0.0648425105906614
2021-03-02,-0.0220657675639273,4.45773178089785,-0.0391732892931262
2021-03-03,-0.556100493500328,0.935970750904475,-0.0200881305889098
2021-03-04,-0.125974184429894,0.601871047453597,-0.00548227345542385
2021-03-05,0.00205220977590348,1.14499700675498,0.0114358122216487
2021-03-06,0.00544700740352644,-0.44721541874376,-0.0302961512987752
2021-03-07,0.152757350980633,-0.0385417463624584,-0.0304769701862408
2021-03-08,-0.339844057033802,-0.31969787555649,-0.0131218468230538
2021-03-09,-0.260286542180851,-1.31473566055215,-0.000829876217508296
2021-03-10,-0.987572261078501,-3.10718847716756,-0.187191047047349
2021-03-11,-0.152038313480649,-1.34330011775035,-0.210832954659307
2021-03-12,0.00711531741373261,0.688246318492427,-0.189400695703303
2021-03-13,-0.00357444496815251,-0.161129627513496,-0.161783066096986
2021-03-14,-0.63094784952732,-1.81790549102228,-0.140419151365774
2021-03-15,-0.599774109128465,-2.71453893038604,-0.335393732193915
2021-03-16,-0.00254642130360527,-1.50394660521742,-0.34477382662175
2021-03-17,-0.618826713298249,-1.14798305310628,-0.328706164063171
2021-03-18,-0.796186304471363,-1.63641956553545,-0.361368178196367
2021-03-19,-0.972429214422325,-1.7254230636413,-0.562861625838338
2021-03-20,0.226626878031631,-0.259514141130529,-0.495004413718745
2021-03-21,0.329006147365339,1.35347489167112,-0.459556571170547
2021-03-22,-0.432491793054345,-0.182703871333519,-0.433159065725304
2021-03-23,0.947546491208762,4.28239051976473,-0.410374747364503
2021-03-24,0.246217655957607,3.34986731963016,-0.378255703478193
2021-03-25,-0.315127432945312,-0.658391467215678,-0.357046555030008
2021-03-26,0.599867060435599,3.38931085445441,-0.334890908063874
2021-03-27,0.645422914977566,5.02996510657145,-0.304707864612569
2021-03-28,0.783304036896063,6.02298150166851,-0.275448875829311
2021-03-29,0.737835221440025,3.60198156744313,-0.245815494849551
2021-03-30,0.802249757487861,4.58286089809675,-0.218868535836749
2021-03-31,0.977713679416223,7.76791439858107,-0.191569521884297
2021-04-01,1.01260513770943,10.252315687899,-0.162745560361652
2021-04-02,0.835085582301321,8.47099232762728,-0.130036493986265
2021-04-03,0.0861163669197409,-0.601728124818914,-0.101563761455725
2021-04-04,-0.100896109221907,-1.18855540530325,-0.0830661301625346
2021-04-05,-0.269275368580703,-0.704757174903542,-0.0703848744962778
2021-04-06,0.17627663905617,1.03788283825687,-0.056755281339496
2021-04-07,0.485038409796169,0.870773353560656,-0.0361954947822234
2021-04-08,0.508164831586272,1.32989070846868,-0.0105116958016342
2021-04-09,0.438843944361166,0.915237351443397,0.0145523121468347
2021-04-10,0.488025917010693,1.20896699024736,0.0436305081543078
2021-04-11,0.545394094939434,3.95242639533481,0.0745830702375314
2021-04-12,0.694391196437813,5.28813469141581,0.110369370079005
2021-04-13,0.443151833411862,2.0476168036342,0.151886182477587
2021-04-14,-0.217672398139297,-0.128492275170462,0.194280864308725
2021-04-15,0.505468078826321,3.29107343704939,0.237334286712721
2021-04-16,0.39476440138577,2.92752348717449,0.287788852031789
2021-04-17,0.831364816713595,8.22992771654926,0.343425270455567
2021-04-18,0.846136461291644,12.7717371445402,0.413588040808302
2021-04-19,0.391661528229454,7.03261733930812,0.480033793872142
2021-04-20,-0.0743335126336291,0.715406775776233,0.538013086951254
2021-04-21,-0.234731316088304,0.579054347474771,0.582782570502348
2021-04-22,-0.247083412921886,-0.48388063436364,0.621432190887881
2021-04-23,-0.46995336090301,0.80693821228201,0.651777044289497
2021-04-24,-0.647034414567061,-1.18070901926804,0.670120101812203
2021-04-25,-1.51732261821466,-3.7100360629948,0.683944414290591
2021-04-26,-1.3863194637751,-0.950188031067007,0.69429155714239
2021-04-27,-0.613273376153489,2.68388352317334,0.694738970108906
2021-04-28,-0.785499651041761,8.43014969700694,0.694429548099828
2021-04-29,-0.74912070642974,10.9532541518223,0.698003418509347
2021-04-30,-0.681790620410446,8.72428384855679,0.70024322077687
2021-05-01,-1.22668383580278,1.49912310538548,0.704005201051722
2021-05-02,-1.05733906257413,4.57749514464115,0.700899516962117
2021-05-03,-0.837103925137237,8.96131612930482,0.694758293191045
2021-05-04,-0.734189118817991,10.7368616894297,0.682793929520599
2021-05-05,-0.617741777771379,13.2370376055483,0.669154114376414
2021-05-06,-1.03645325271307,3.92660881613435,0.659184872080342
2021-05-07,-1.13987243431229,1.7338450828759,0.653941043963195
2021-05-08,-0.948667901456405,7.98595831420102,0.642026865712655
2021-05-09,-0.983631788710653,7.73053988084878,0.62298626498665
2021-05-10,-0.848801289986008,10.8013520906257,0.601343758837135
2021-05-11,-0.81339978639663,14.8515779895037,0.580111053467212
2021-05-12,-0.9512845188985,14.2096128228937,0.559838700694817
2021-05-13,-1.11794600618249,7.09033465761015,0.545678752099027
2021-05-14,-1.27430818052551,0.594520831715389,0.535406851363308
2021-05-15,-1.37682641901329,-3.14836060055508,0.529491577551633
2021-05-16,-1.33648075056617,-2.68713026157964,0.514084518020647
2021-05-17,-1.31078879618244,-3.56302268030272,0.497151056873442
2021-05-18,-1.17593083869803,2.30854264119979,0.48330583500527
2021-05-19,-1.28711726175987,-1.24910150823653,0.474528719430976
2021-05-20,-1.21584387145837,-2.19055778698912,0.471998920952925
2021-05-21,-1.13282169522541,-4.50244787371636,0.471587881557471
2021-05-22,-0.246690926146846,-1.43157937481193,0.468320956610456
2021-05-23,-0.981650062128723,-0.352779399024428,0.444374451247005
2021-05-24,-1.00369971324123,3.57075103464168,0.411646987762271
2021-05-25,-1.04909648031004,0.617165922956401,0.379804184586424
2021-05-26,-0.943157463757434,4.77668237229812,0.366664762431791
2021-05-27,-0.991576199048427,1.63283036082276,0.351671339636788
2021-05-28,-0.965386766685639,0.568223336156828,0.327897760358788
2021-05-29,-0.994028360823808,-1.46902535087349,0.313049234373091
2021-05-30,-0.921184839974693,4.58365565735618,0.297701669296957
2021-05-31,-0.720427824803047,17.1353579992237,0.268161209192108
2021-06-01,-0.773402313396878,13.4816308719789,0.248747172066746
2021-06-02,-0.860011117956723,7.35785581448396,0.244454247577091
2021-06-03,-0.84977007327507,5.69524649501627,0.240255282352043
2021-06-04,-0.836944012872285,6.26116100455941,0.232034352574129
2021-06-05,-0.695855370525746,4.72795582265434,0.234023982302592
2021-06-06,-0.789115021819108,2.5370689561979,0.234219674852555
2021-06-07,-0.74112814245296,-2.57562608177812,0.241432549700751
2021-06-08,-0.740113338172092,-6.32354961966802,0.255128006698245
2021-06-09,-0.725204963196396,-6.99858266753624,0.266830470982113
2021-06-10,-0.657259726972034,-5.54669208307591,0.275554883595588
2021-06-11,-0.657636963498775,-2.47770156300329,0.268458480116401
2021-06-12,-0.682786720091791,-0.260145959633491,0.24683113827013
2021-06-13,-0.593637229609606,-4.22427142240627,0.228513016957658
2021-06-14,-0.535688143720507,-5.25651469748931,0.223559597929698
2021-06-15,-0.446806184768969,3.13549674805581,0.232768291312005
2021-06-16,-0.485606791425438,11.7121946110342,0.230806902564878
2021-06-17,-0.437231659740684,22.0048404792689,0.214236700287493
2021-06-18,-0.382003671663752,26.3945465679136,0.190755547543152
2021-06-19,-0.390796517111944,18.7059422983408,0.185951098900984
2021-06-20,-0.378968558445428,14.2337158863243,0.194901844039872
2021-06-21,-0.374842739412032,-0.389719060456411,0.209291888960708
2021-06-22,-0.366533398248956,-6.1869527689197,0.226740290387025
2021-06-23,-0.327112890983963,-5.99757935111773,0.234362534231768
2021-06-24,-0.286815917742681,-5.57369684551938,0.239811689515057
2021-06-25,-0.336085864775591,-2.27676141577992,0.241875462950665
2021-06-26,-0.282259673845735,1.95441262623824,0.231387058404974
2021-06-27,-0.252034110770289,1.54021530640555,0.222267814536513
2021-06-28,-0.147859218693979,-1.14677985025228,0.22319324152176
2021-06-29,-0.142359535130895,3.75722585051631,0.225176330067073
2021-06-30,-0.196481942086283,-0.132785382616188,0.221337396544129
2021-07-01,-0.181822568110522,-3.08318947311464,0.230292579131544
2021-07-02,-0.148394965453854,-0.282407948458548,0.233522105545344
2021-07-03,-0.103144324664241,-2.20609540425724,0.241255191355217
2021-07-04,-0.119489257450966,-1.36901446087405,0.246930902408241
2021-07-05,-0.0842072196886041,-2.47547321284882,0.253465438630184
2021-07-06,-0.0925628572026121,-3.99997100475868,0.257224016022221
2021-07-07,-0.0578131599081106,-1.54626086717294,0.263153094542255
2021-07-08,-0.0163567149265575,8.79902555362651,0.262856893037087
2021-07-09,-0.0130491819504422,23.1114614051412,0.242697860981287
2021-07-10,-0.0345634238331694,23.645616377003,0.226923480637811
2021-07-11,0.0323209925845942,16.2055359544633,0.225774924626775
2021-07-12,-0.0332257051846924,1.2395331766359,0.247533336611341
2021-07-13,-0.0333942382369155,-4.10489460090193,0.265277247763713
2021-07-14,0.0157296513235968,-4.56735727288824,0.281855058518174
2021-07-15,0.00505379776026438,-5.57444688094703,0.289737043442569
2021-07-16,0.047378162647316,-3.15382084036768,0.295662149674701
2021-07-17,0.032754216806634,4.50821483581867,0.289911508127268
2021-07-18,0.0473590496072321,9.73753898170753,0.277037403434923
2021-07-19,0.0646256044477579,11.2348612252412,0.269437133296434
2021-07-20,0.0667119202240485,2.86586793635379,0.273207971281949
2021-07-21,0.0649462227484869,2.53438900944745,0.287398537262656
2021-07-22,0.0377390709051275,3.94271047977663,0.29178341680458
2021-07-23,0.080242095059595,6.27909547331828,0.28730633036776
2021-07-24,0.0282080373241408,6.00607598971206,0.281493585321577
2021-07-25,0.0254199123386619,6.23149468452639,0.2818345190747
2021-07-26,0.0404187800434782,3.38506748377976,0.291899199574624
2021-07-27,0.0339192127748446,6.55425869698853,0.291998866916183
2021-07-28,0.0344984675015455,5.25140612835462,0.28914428764779
2021-07-29,0.0409260727117602,8.32572118571756,0.271171186922771
2021-07-30,0.0368997428844307,9.18295565357275,0.259455556984417
2021-07-31,0.0772333661283612,4.55983929647127,0.267902937833169
2021-08-01,0.0240468659146507,0.72774662579608,0.273565776286667
2021-08-02,0.0363120738229937,-1.31869883707562,0.279366472987197
2021-08-03,0.0191720381352125,7.29856303180161,0.282616251433779
2021-08-04,0.0272672162870446,2.72611238063498,0.273008424241867
2021-08-05,0.0438996535501106,-7.44080470090083,0.279485650873662
2021-08-06,0.0103997538193047,-2.963901102536,0.304919219622851
2021-08-07,0.0075608857613223,2.51440138073984,0.297949008287881
2021-08-08,0.0189754863478688,0.938222117622431,0.27963564622456
2021-08-09,0.00256112721762398,2.11980503737197,0.262501532022251
2021-08-10,-0.0182120744524412,6.74491452111544,0.253062384206225
2021-08-11,0.00233865721679968,9.72125212074865,0.233721535218548
2021-08-12,-0.033088133710429,1.58149827196951,0.23203820299512
2021-08-13,-0.0568724871506861,-0.997604332004371,0.232743506380324
2021-08-14,-0.0671217527823014,3.55868679387495,0.219626428876005
2021-08-15,-0.0793509944416002,0.506072287987177,0.220022226604894
2021-08-16,-0.0350027345822565,2.28031513068941,0.209667967268852
2021-08-17,-0.0528262548531658,-3.31373850658432,0.210128515819751
2021-08-18,-0.0432489288530106,-7.23295091843757,0.225156976544874
2021-08-19,-0.0851580198350388,-7.9382261954853,0.234319221387514
2021-08-20,-0.0975509596561758,-7.69890606047622,0.237073492834631
2021-08-21,-0.0596572762954553,-13.7670198771642,0.232728198723837
2021-08-22,-0.0680427859302933,-8.00061799850677,0.226995558388152
2021-08-23,-0.0857418894063288,-6.64241762074759,0.210405218083903
2021-08-24,-0.065036561355158,-6.17238614325053,0.201549899913299
2021-08-25,-0.097393265449133,-4.92790786726671,0.193390463109422
2021-08-26,-0.0697963354151381,3.29990346653907,0.184949747846041
2021-08-27,-0.08279219703124,8.538142135329,0.167630510040313
2021-08-28,-0.106272451891129,13.2642978863124,0.147951549274858
2021-08-29,-0.101913706588259,12.9438183841769,0.133438368052602
2021-08-30,-0.0231108443689712,13.7550883206457,0.123460965922689
2021-08-31,-0.0890775741091981,2.4031376864287,0.130078330460016
2021-09-01,-0.0748075879683111,-8.14781662748477,0.148665700962881
2021-09-02,-0.0950945149192584,-8.96510006555867,0.165026803233933
2021-09-03,-0.0953896432402783,-3.1474346468231,0.166110940001382
2021-09-04,-0.0322758622388434,6.64079012629266,0.151973575015774
2021-09-05,-0.0898782762325316,13.2099546897459,0.132228714521041
2021-09-06,-0.0954281607953554,17.8715218373019,0.114696457496803
2021-09-07,-0.0957455084182999,16.3633699712862,0.0964825700042136
2021-09-08,-0.107291926086483,15.9017721850362,0.0883427497150393
2021-09-09,-0.106957579644118,13.0510211774324,0.0795696447741738
2021-09-10,0.505695854340576,-3.7824458334396,0.0952668196808135
2021-09-11,-0.0131083286433573,1.2260778028954,0.120159907197857
2021-09-12,-0.0284812974206021,6.86458891573759,0.105897091928472
2021-09-13,-0.0813324281699548,8.85429109329902,0.101093742801273
2021-09-14,-0.0811208878462468,9.27388626350892,0.0989823610461187
2021-09-15,-0.0859369386610342,1.68105377594042,0.110034275375848
2021-09-16,-0.133965350238538,-8.27375801473965,0.135141023495298
2021-09-17,-0.125128117082882,-6.38026933006412,0.149388921981072
2021-09-18,-0.111066355206825,-10.7346190467379,0.15482317603954
2021-09-19,0.518144447459139,-4.04371893956263,0.154937396754799
2021-09-20,0.0636786027718801,-0.101732921259412,0.179669198488323
2021-09-21,-0.0685404573801701,9.5353812211926,0.159129562354264
2021-09-22,-0.118645973133862,10.6057259274078,0.140465846968222
2021-09-23,-0.118693055481243,8.76377630200114,0.141576510589172
2021-09-24,-0.0951484528738486,10.9427967242379,0.140994871697603
2021-09-25,-0.161893775580422,2.97034079593596,0.156722289135167
2021-09-26,-0.170069764101278,-7.26776953871443,0.184554736380228
2021-09-27,-0.12490747202127,-9.37090236776485,0.21314806982412
2021-09-28,0.0646533606057776,-1.39209501358546,0.222890924436394
2021-09-29,-0.119774967033496,-0.179304062118675,0.264776862924761
2021-09-30,-0.148875280283084,3.91153211429472,0.272103317897173
2021-10-01,-0.143304324797965,8.15588917410327,0.27265357063033
2021-10-02,-0.14237346616325,7.15344846398117,0.283658594050354
2021-10-03,-0.181662853992255,8.29115951672873,0.304553352331189
2021-10-04,-0.17798968517826,10.0215525564994,0.320384157057453
2021-10-05,-0.118894803417122,4.72259267819523,0.333654424323229
2021-10-06,-0.19469107282113,-2.72465346548255,0.365670377165633
2021-10-07,-0.155287525012671,-2.96155930252884,0.397430023005815
2021-10-08,0.580095775389704,-6.31010497223341,0.427863553844401
2021-10-09,0.271337575286939,-4.72633561446328,0.485842671104485
2021-10-10,-0.0116429864118621,-0.735465484232069,0.49863704646764
2021-10-11,-0.0916731395704325,-0.574336224850402,0.51849393170496
2021-10-12,-0.144092277067734,-0.181875132975136,0.548926596993198
2021-10-13,-0.142313039595099,0.915738251100489,0.561923207203255
2021-10-14,-0.166633548552735,0.65861389454925,0.578562179138287
2021-10-15,-0.127661310408558,5.15717219778091,0.586987274385788
2021-10-16,-0.105847544862358,7.05847742813283,0.59393267198785
2021-10-17,-0.131157362758335,0.599633661374018,0.614683456207526
2021-10-18,0.594630740631813,-7.43017343577468,0.648559052625012
2021-10-19,0.472667906742224,-2.39619731559257,0.69867607755618
2021-10-20,0.262832576155058,0.171702914705138,0.690669877036273
2021-10-21,0.757834686793548,-3.66562486915444,0.669225503934416
2021-10-22,0.382601917444462,-5.96220899703488,0.533976002557723
2021-10-23,0.439403105248214,-5.58870385291543,-0.0100975021485459
2021-10-24,0.115812433341097,-7.24620221701182,-1.4305014639866
2021-10-25,0.517089359005487,-5.52469343511702,-2.65447167360461
