"Time","expected_hours","ET_mm_day","coverage_ET_mm_day","seasonal_ET_mm_day","analysis_ET_mm_day","log10_psi_soil","coverage_log10_psi_soil","seasonal_log10_psi_soil","analysis_log10_psi_soil","VPD","coverage_VPD","seasonal_VPD","analysis_VPD","ET_total_mm"
2000-10-16,336,NA,0.0416666666666667,NA,NA,NA,0.592261904761905,NA,NA,NA,0.592261904761905,NA,NA,NA
2000-10-30,336,0.883633364772068,0.988095238095238,0.524145944633431,0.359487420138637,3.06964332639861,1,4.40613022784926,-1.33648690145065,3.74072619047619,1,6.99113825523518,-3.25041206475899,12.3708671068089
2000-11-13,336,0.548728434141189,0.889880952380952,0.481859308766409,0.0668691253747802,3.43375179589344,1,4.04793159280991,-0.614179796916463,2.43267113095238,1,4.91970455907617,-2.48703342812379,7.68219807797664
2000-11-27,336,0.553343047141846,0.985119047619048,0.425241683855299,0.128101363286547,3.45724750668297,1,3.67897430429333,-0.221726797610353,1.31140327380952,1,3.53770964069088,-2.22630636688136,7.74680265998584
2000-12-11,336,0.511543080448735,0.994047619047619,0.398587559710356,0.11295552073838,3.28536263608916,0.991071428571429,3.33384656174747,-0.0484839256583092,2.17338541666667,1,2.81314537024083,-0.639759953574165,7.16160312628229
2000-12-25,336,0.547892000386006,1,0.438508733721593,0.109383266664413,3.36844822825562,1,3.05946516169249,0.308983066563133,3.31869196428571,1,2.62229749801211,0.696394466273601,7.67048800540408
2001-01-08,336,0.753785263623006,0.982142857142857,0.575814339912923,0.177970923710083,2.7120246434176,1,2.85107310955052,-0.139048466132922,2.46452678571429,1,2.78182400382027,-0.317297218105987,10.5529936907221
2001-01-22,336,NA,0.151785714285714,NA,NA,2.6026656852865,1,2.74372210806567,-0.141056422779172,3.09722321428571,1,3.14903184771667,-0.0518086334309595,NA
2001-02-05,336,1.10420328698034,0.970238095238095,1.13914678018258,-0.0349434932022352,2.62503607538201,0.875,2.7428407206202,-0.117804645238197,3.44008035714286,1,3.60450793514513,-0.164427578002273,15.4588460177248
2001-02-19,336,1.23116735996501,1,1.50174936693351,-0.270582006968496,NA,0.738095238095238,NA,NA,3.30767410714286,1,4.10524460623238,-0.797570499089525,17.2363430395102
2001-03-05,336,1.65055713310801,0.99702380952381,1.84552651923226,-0.194969386124253,2.74233651924074,0.99702380952381,3.02198884961465,-0.279652330373914,8.8702380952381,1,4.6909261016353,4.17931199360279,23.1077998635122
2001-03-19,336,2.40705543788921,1,2.10895302220513,0.298102415684084,3.4373723924823,1,3.26037258837595,0.176999804106347,6.72509523809524,1,5.46603068365131,1.25906455444393,33.698776130449
2001-04-02,336,2.0960334125895,1,2.2403661750109,-0.144332762421393,3.72723225206586,1,3.53014834395759,0.197083908108268,4.51430059523809,1,6.56233297751843,-2.04803238228034,29.3444677762531
2001-04-16,336,2.64811753873469,1,2.2092438161907,0.438873722543991,3.31797180861209,1,3.80708742136193,-0.489115612749836,5.30433035714286,1,8.09113136351259,-2.78680100636973,37.0736455422857
2001-04-30,336,2.82290841466006,1,2.01318544528277,0.809722969377287,3.91411909258035,1,4.07251615049033,-0.158397057909978,16.9045386904762,1,10.0970979005519,6.80744078992429,39.5207178052408
2001-05-14,336,1.13279447949271,1,1.67900580421519,-0.546211324722478,4.38929419845481,1,4.31500551028306,0.0742886881717526,20.0498363095238,1,12.5254543435357,7.52438196598806,15.859122712898
2001-05-28,336,0.365495874097959,1,1.25766047762578,-0.892164603527817,4.48603587869524,0.985119047619048,4.53014522571253,-0.0441093470172911,20.1129270833333,1,15.2112513381679,4.90167574516543,5.11694223737143
2001-06-11,336,0.156894506055973,0.99702380952381,0.81409890564236,-0.657204399586387,NA,0.166666666666667,NA,NA,25.801255952381,1,17.8945286539934,7.90672729838755,2.19652308478362
2001-06-25,336,0.23883305732548,0.994047619047619,0.414270199904221,-0.175437142578741,NA,0.568452380952381,NA,NA,23.4070892857143,1,20.2591981810382,3.14789110467606,3.34366280255671
2001-07-09,336,0.13962452870862,0.99702380952381,0.112135581231802,0.0274889474768179,5.58220902445999,1,5.02537984328038,0.556829181179611,13.8432023809524,1,21.9879718560923,-8.14476947513996,1.95474340192068
2001-07-23,336,0.113028420392761,0.946428571428571,-0.0604737619467123,0.173502182339473,5.62375521338861,1,5.14300221686176,0.48075299652685,17.6163616071429,1,22.8218166993973,-5.20545509225449,1.58239788549865
2001-08-06,336,0.0908919408286342,0.967261904761905,-0.0989688638816512,0.189860804710285,5.6909087475346,1,5.22878035047373,0.462128397060868,23.0342038690476,1,22.6111434357473,0.423060433300336,1.27248717160088
2001-08-20,336,0.0914417222798834,1,-0.0250449354414807,0.116486657721364,5.74106310815204,1,5.27095233277654,0.470110775375502,18.6180773809524,1,21.3475282100678,-2.72945082911546,1.28018411191837
2001-09-03,336,0.0857963547355331,0.955357142857143,0.120013338136104,-0.0342169834005704,5.77562543188621,1,5.25548359771275,0.520141834173458,16.4381875,1,19.1688828106489,-2.73069531064889,1.20114896629746
2001-09-17,336,0.310698727079379,0.99702380952381,0.286138288532402,0.0245604385469768,5.70398067305664,1,5.1695167104867,0.534463962569935,14.8429464285714,1,16.3367091130576,-1.49376268448617,4.3497821791113
2001-10-01,336,0.164508732894991,0.982142857142857,0.426856990750004,-0.262348257855014,5.57162420035166,0.979166666666667,5.00524243776407,0.566381762587588,15.2548958333333,1,13.190115044496,2.06478078883732,2.30312226052987
2001-10-15,336,0.0849046190278013,0.946428571428571,0.510366799115018,-0.425462180087216,5.62782571372564,1,4.76325666334977,0.864569050375865,9.90204761904762,1,10.0862753966802,-0.184227777632596,1.18866466638922
2001-10-29,336,0.420392532327114,1,0.526759533043184,-0.10636700071607,4.98335957479478,1,4.45454807936274,0.528811495432041,6.8565193452381,1,7.33986842338521,-0.483349078147117,5.88549545257959
2001-11-12,336,0.529627001142857,0.994047619047619,0.489751154841043,0.0398758463018142,3.48776917664605,1,4.10054178923282,-0.612772612586767,2.79799404761905,1,5.17407403944331,-2.37607999182427,7.414778016
2001-11-26,336,0.575159974811331,0.99702380952381,0.432553647396626,0.142606327414705,2.93783993986778,1,3.73104205132929,-0.793202111461509,2.14875892857143,1,3.69297938786289,-1.54422045929146,8.05223964735863
2001-12-10,336,0.59621686058309,1,0.398886584390937,0.197330276192154,2.74609175296359,1,3.3803796345779,-0.63428788161431,2.20154464285714,1,2.88033236905613,-0.67878772619899,8.34703604816327
2001-12-24,336,0.358232901034828,0.994047619047619,0.431256332899635,-0.0730234318648066,2.69919415549745,1,3.08247137817763,-0.383277222680182,1.30159077380952,1,2.62363157221183,-1.32204079840231,5.0152606144876
2002-01-07,336,0.51223047042243,0.979166666666667,0.562513413064461,-0.0502829426420309,2.90196434703589,1,2.86275026296856,0.0392140840673281,1.51808928571429,1,2.761744774319,-1.24365548860472,7.17122658591402
2002-01-21,336,0.702271860874636,1,0.795778799472114,-0.0935069385974783,2.92641957305902,1,2.74785009279678,0.178569480262237,2.32386607142857,1,3.11885260105363,-0.794986529625058,9.8318060522449
2002-02-04,336,0.92570980077551,1,1.11413560962325,-0.188425808847742,2.91353755919631,1,2.73945577519785,0.174081783998459,3.14889880952381,1,3.57044969395791,-0.421550884434104,12.9599372108571
2002-02-18,336,1.54066948074052,1,1.47573333479791,0.0649361459426148,2.92039624204335,1,2.83139668033561,0.0889995617077375,4.56187648809524,1,4.0675693500989,0.494307137996341,21.5693727303673
2002-03-04,336,1.57430072534694,1,1.8229330459908,-0.248632320643862,2.8513866953036,1,3.00686311860987,-0.155476423306274,3.30147916666667,1,4.64430937338842,-1.34283020672176,22.0402101548571
2002-03-18,336,2.22551246419242,1,2.09400084035981,0.131511623832609,2.91694794135348,0.99702380952381,3.24199410143923,-0.325046160085749,5.67728422619048,1,5.40157536997996,0.275708856210514,31.1571744986939
2002-04-01,336,2.3008111463965,1,2.23615859051829,0.064652555878209,3.54659741578728,1,3.51037957875979,0.0362178370274888,4.6660505952381,1,6.47071971901607,-1.80466912377797,32.211356049551
2002-04-15,336,2.27730274026822,1,2.2170798067552,0.0602229335130202,4.42509947425897,1,3.78750618635061,0.63759328790836,6.17183779761905,1,7.96612372381357,-1.79428592619452,31.8822383637551
2002-04-29,336,1.71954908810029,1,2.0322443606183,-0.312695272518013,4.8280145350705,1,4.05422513225824,0.773789402812268,8.64406101190476,1,9.93852476663497,-1.2944637547302,24.0736872334041
2002-05-13,336,1.31158854367347,1,1.70647855355981,-0.394890009886338,4.50771975374781,1,4.29857489779316,0.209144855954642,10.4020595238095,1,12.3409006686753,-1.93884114486575,18.3622396114286
2002-05-27,336,1.19613563320933,1,1.28930055903502,-0.093164925825695,4.24806176791844,1,4.51569029582865,-0.267628527910208,16.4865014880952,1,15.0159771497358,1.47052433835947,16.7458988649306
2002-06-10,336,0.377179497467055,1,0.845072978995379,-0.467893481528323,4.54267301322356,1,4.70598093981718,-0.163307926593622,15.579525297619,1,17.7095398055558,-2.13001450793679,5.28051296453877
2002-06-24,336,0.210213700845481,1,0.440121333331495,-0.229907632486014,4.70171766997981,1,4.87216266169804,-0.17044499171823,19.6270625,1,20.1078187785736,-0.480756278573633,2.94299181183673
2002-07-08,336,0.17367407256095,0.99702380952381,0.129647865757004,0.0440262068039466,4.85128248638969,1,5.01598335838683,-0.164700871997136,25.6788214285714,1,21.8916202525486,3.78720117602284,2.43143701585331
2002-07-22,336,0.138102453236152,1,-0.0526973416391869,0.190799794875338,4.95966572577122,1,5.13554162685134,-0.17587590108012,16.0746443452381,1,22.7958837038103,-6.72123935857223,1.93343434530612
2002-08-05,336,0.129460926227405,1,-0.100337914393092,0.229798840620497,5.0434608142756,1,5.22394015396832,-0.180479339692721,24.050431547619,1,22.6618672553245,1.38856429229453,1.81245296718367
2002-08-19,336,0.122117234011662,1,-0.0332522190360998,0.155369453047762,5.10839308826878,1,5.26968298848183,-0.161289900213048,19.2223422619048,1,21.4705554710113,-2.24821320910656,1.70964127616327
2002-09-02,336,0.112231642460641,1,0.108351690155426,0.00387995230521539,5.16083380588229,1,5.25879395727361,-0.0979601513913115,23.0303913690476,1,19.3498442247867,3.68054714426089,1.57124299444898
2002-09-16,336,0.0947049553994169,1,0.274625245084291,-0.179920289684874,5.20716964304351,1,5.17820289153004,0.0289667515134742,21.6623824404762,1,16.5537027474049,5.10867969307125,1.32586937559184
2002-09-30,336,0.083018055374344,1,0.418439958390185,-0.335421903015841,5.24787651194318,1,5.01961723175769,0.228259280185484,18.1455327380952,1,13.417577516319,4.72795522177622,1.16225277524082
2002-10-14,336,0.0815909013760933,1,0.5066480225998,-0.425057121223707,5.27604616817857,1,4.78294621451864,0.493099953659931,7.43448363095238,1,10.2994243158187,-2.8649406848663,1.14227261926531
2002-10-28,336,0.261284770915452,1,0.527649570863887,-0.266364799948435,4.86948401027697,1,4.47840972851786,0.391074281759106,7.95573214285714,1,7.51878453327781,0.436947609579338,3.65798679281633
2002-11-11,336,0.528655727403499,1,0.493543239322275,0.035112488081224,3.54054164287843,1,4.12673143000321,-0.586189787124773,3.6573556547619,1,5.30658403490847,-1.64922838014657,7.40118018364898
2002-11-25,336,0.530299826291545,1,0.436398891123558,0.0939009351679874,3.77155426569003,1,3.75722679220668,0.0143274734833474,4.30746875,1,3.7757786481894,0.531690101810602,7.42419756808163
2002-12-09,336,0.568806719988805,1,0.399556886601669,0.169249833387136,3.10485860466224,1,3.40405932143541,-0.299200716773172,1.9869806547619,1,2.9181872114787,-0.931206556716795,7.96329407984326
2002-12-23,336,0.505821673432653,1,0.426014767425895,0.0798069060067578,2.82985598070685,1,3.10134789685248,-0.271491916145631,2.60503869047619,1,2.62693200721766,-0.0218933167414717,7.08150342805714
2003-01-06,336,0.502410135285656,1,0.549751239702193,-0.047341104416537,2.86619202580172,1,2.87494376316697,-0.00875173736524681,1.30680208333333,1,2.74276058586319,-1.43595850252986,7.03374189399918
2003-01-20,336,0.677029989568513,1,0.775931708456244,-0.0989017188877307,2.90950330965754,1,2.75252689282432,0.156976416833218,1.25977232142857,1,3.08912237877246,-1.82935005734389,9.47841985395918
2003-02-03,336,1.07230866513586,1,1.08935196483916,-0.0170432997032952,3.06535332470416,1,2.73658734453188,0.328765980172282,3.89124255952381,1,3.536587150853,0.354655408670807,15.012321311902
2003-02-17,336,1.38233769529658,0.988095238095238,1.44964565518557,-0.0673079598889905,2.96008871405144,1,2.82181011643785,0.138278597613589,3.25102827380952,1,4.03027088229616,-0.779242608486641,19.3527277341522
2003-03-03,336,1.76014220499708,1,1.79994726564698,-0.039805060649899,3.26072053788226,1,2.99204287314855,0.268677664733712,3.81788244047619,1,4.59860016820834,-0.78071772773215,24.6419908699592
2003-03-17,336,2.46313482202915,1,2.07838206128055,0.384752760748605,3.00347263737771,1,3.22378442051117,-0.220311783133462,4.87762946428571,1,5.33871849302091,-0.461089028735191,34.4838875084082
2003-03-31,336,1.98629452214787,0.991071428571429,2.23111626881043,-0.244821746662569,3.14287576567738,1,3.49065304551286,-0.347777279835483,4.07629761904762,1,6.3813089093186,-2.30501129027098,27.8081233100701
2003-04-14,336,2.23713360750437,1,2.22405732453957,0.0130762829648003,2.9059589116753,1,3.76786869875069,-0.861909787075393,3.64724553571429,1,7.84359235889441,-4.19634682318013,31.3198705050612
2003-04-28,336,2.53106993588381,0.99702380952381,2.05057349540313,0.480496440480684,2.94837358429079,1,4.03581688254253,-1.08744329825174,4.14854613095238,1,9.78219352801782,-5.63364739706544,35.4349791023734
2003-05-12,336,2.47932191336994,0.785714285714286,1.7334784577623,0.745843455607643,3.67703994530118,1,4.28200303616026,-0.604963090859082,10.4771919642857,1,12.157780737787,-1.68058877350126,34.7105067871792
2003-05-26,336,1.73578885292506,0.99702380952381,1.32080179020341,0.41498706272165,4.38909147737726,1,4.50109751167496,-0.112006034297695,13.8634151785714,1,14.820823451539,-0.957408272967564,24.3010439409508
2003-06-09,336,0.497887228915452,1,0.87625230037663,-0.378365071461178,4.59570199094128,1,4.69322242137213,-0.0975204304308441,12.1538273809524,1,17.5230470216262,-5.3692196406738,6.97042120481633
2003-06-23,336,0.190120294583563,0.991071428571429,0.466463901815416,-0.276343607231853,4.6824321271718,1,4.86103907787166,-0.178606950699858,25.4179404761905,1,19.9532809600564,5.46465951613412,2.66168412416988
2003-07-07,336,0.145117325755102,1,0.147825671243071,-0.002708345487969,4.7756562914027,1,5.00646530117393,-0.230809009771228,27.3169255952381,1,21.7907351422167,5.52619045302137,2.03164256057143
2003-07-21,336,0.323545748594169,1,-0.0442220807349795,0.367767829329149,4.83854844232776,1,5.12792410480977,-0.289375662482001,23.5211145833333,1,22.7645927271004,0.756521856232968,4.52964048031837
2003-08-04,336,0.365732205622741,1,-0.101112820473521,0.466845026096261,4.67822699746487,1,5.21888345003489,-0.540656452570023,18.5991889880952,1,22.7071329317043,-4.10794394360905,5.12025087871837
2003-08-18,336,0.370257122933528,1,-0.0410751263670052,0.411332249300533,4.69259198199912,1,5.26812435161849,-0.575532369619371,19.0033511904762,1,21.5887861823075,-2.5854349918313,5.18359972106939
2003-09-01,336,0.152062520008017,0.994047619047619,0.0968146925321216,0.055247827475895,4.74750951340685,1,5.26174664746606,-0.514237134059213,19.6576696428571,1,19.5273242632876,0.130345379569526,2.12887528011223
2003-09-15,336,0.117584579267055,1,0.262991485624442,-0.145406906357386,4.80843147415676,1,5.18648759499502,-0.378056120838259,19.1904375,1,16.7689521366885,2.42148536331152,1.64618410973878
2003-09-29,336,0.108489817716035,1,0.409729786821808,-0.301239969105773,4.86606898555521,1,5.03358915787165,-0.167520172316434,12.909431547619,1,13.6451485595793,-0.735717011960215,1.51885744802449
2003-10-13,336,0.0678378782204082,1,0.502575987243048,-0.43473810902264,4.90339804769497,1,4.80228494725862,0.101113100436343,17.6306145833333,1,10.5143339459904,7.11628063734292,0.949730295085714
2003-10-27,336,0.325006206774927,1,0.528249707133213,-0.203243500358286,4.63382547635298,1,4.50202711682881,0.131798359524172,7.37265327380952,1,7.70065227595504,-0.327999002145516,4.55008689484898
2003-11-10,336,0.566427691102041,1,0.497212844970578,0.0692148461314629,3.61919487018689,1,4.15282800213642,-0.533633131949526,3.6272619047619,1,5.44262327338208,-1.81536136862018,7.92998767542857
2003-11-24,336,0.522262428822157,1,0.440347853239107,0.0819145755830499,3.63751757259757,1,3.7834948929347,-0.145977320337133,2.78284226190476,1,3.86205554988033,-1.07921328797557,7.3116740035102
2003-12-08,336,0.584282677215044,1,0.400555429866393,0.18372724734865,2.98337152898593,1,3.42799865773339,-0.444627128747463,1.9222619047619,1,2.95895612401741,-1.03669421925551,8.17995748101061
2003-12-22,336,0.639559858145773,1,0.421262957461284,0.218296900684489,2.82975670566726,1,3.12063378520425,-0.290877079536983,1.33736011904762,1,2.63228858793281,-1.29492846888519,8.95383801404082
2004-01-05,336,0.418531504754519,1,0.537529376956131,-0.118997872201612,2.88979479316314,1,2.88764878080784,0.00214601235530276,1.18857291666667,1,2.72492900446881,-1.53635608780214,5.85944106656326
2004-01-19,336,0.571930691979359,1,0.756540159033565,-0.184609467054207,2.89967257084666,1,2.75775238603841,0.141920184808247,1.24636904761905,1,3.05987557709062,-1.81350652947157,8.00702968771102
2004-02-02,336,1.03157463440991,1,1.06481468879612,-0.0332400543862035,2.86962877495691,1,2.73423973504977,0.13538903990714,3.71945535714286,1,3.50292375011488,0.21653160702798,14.4420448817388
2004-02-16,336,0.949199836922213,0.925595238095238,1.4235092059434,-0.474309369021191,2.79689071668887,1,2.81266044244157,-0.0157697257527016,2.45864732142857,1,3.99332298553186,-1.53467566410329,13.288797716911
2004-03-01,336,2.03740435505958,0.931547619047619,1.77659133787488,0.260813017184697,2.97663102597028,1,2.97753766696612,-0.0009066409958427,5.78840029761905,1,4.55375255672809,1.23464774089095,28.5236609708341
2004-03-15,336,2.44036588000078,0.994047619047619,2.06211336964021,0.378252510360571,3.46188813438941,1,3.20575322786101,0.256134906528402,6.45556398809524,1,5.27741052599907,1.17815346209617,34.165122320011
2004-03-29,336,2.09383675419359,0.833333333333333,2.22524672489738,-0.131409970703791,3.86346640749938,1,3.47097702384085,0.392489383658533,7.35154613095238,1,6.29406571024065,1.05748042071174,29.3137145587102
2004-04-12,336,1.65749053639067,1,2.23017291724078,-0.572682380850112,4.40136170024489,1,3.74818080459424,0.653180895650644,7.79569791666667,1,7.72353301048124,0.0721649061854315,23.2048675094694
2004-04-26,336,1.16496150835277,1,2.06815894349854,-0.903197435145767,4.70493250149739,1,4.01729446842149,0.6876380330759,16.3590267857143,1,9.62813992718684,6.73088685852744,16.3094611169388
2004-05-10,336,0.500810013587975,0.994047619047619,1.75998388031625,-1.25917386672827,4.88201083379175,1,4.26529057546927,0.616720258322482,10.1029494047619,1,11.9761706128991,-1.87322120813723,7.01134019023165
2004-05-24,336,0.397853936157726,1,1.35213914343217,-0.954285207274446,5.82632068789275,1,4.48636603208287,1.33995465580988,14.9686547619048,1,14.6258972814579,0.342757480446894,5.56995510620816
2004-06-07,336,0.231911774092128,1,0.907613452110629,-0.675701678018501,5.07471613405088,1,4.68034022699614,0.394375907054743,14.8234955357143,1,17.3351709762423,-2.51167544052803,3.2467648372898
2004-06-21,336,0.192000532198251,1,0.493280662971407,-0.301280130773156,5.15809972027149,1,4.84980281121386,0.308296909057635,13.2387886904762,1,19.7956972406473,-6.55690855017108,2.68800745077551
2004-07-05,336,0.142493668478134,1,0.166661065145522,-0.0241673966673874,5.22323423168515,1,4.99682715859293,0.226407073092224,19.3503601190476,1,21.6853992635577,-2.33503914451006,1.99491135869388
2004-07-19,336,0.0962217597725948,1,-0.0350455658413929,0.131267325613988,5.64457459480675,0.99702380952381,5.12015305784603,0.52442153696072,15.7247589285714,1,22.7279799795792,-7.00322105100772,1.34710463681633
2004-08-02,336,0.110838785742213,0.904761904761905,-0.101282076528787,0.212120862271,5.54279931261874,1,5.21361510819196,0.329184204426779,19.5567485119048,1,22.7469219539905,-3.19017344208572,1.55174300039098
2004-08-16,336,0.106685897324825,0.961309523809524,-0.0484962772477292,0.155182174572554,5.56966761406773,1,5.26628170919522,0.303385904872504,18.3348452380952,1,21.7021493388435,-3.36730410074824,1.49360256254755
2004-08-30,336,0.0836272390120408,0.857142857142857,0.0854211853415359,-0.00179394632949505,5.60614154826854,1,5.26434597482767,0.341795573440865,25.4936264880952,1,19.7012116816933,5.7924148064019,1.17078134616857
2004-09-13,336,0.314885689341691,1,0.25125272943794,0.0636329599037514,5.60399909481919,1,5.19437272530421,0.40962636951498,16.604787202381,1,16.9823255164839,-0.377538314102946,4.40839965078367
2004-09-27,336,0.12016501291312,1,0.400735387176945,-0.280570374263826,5.608789532757,1,5.04715662208058,0.561632910676423,10.251806547619,1,13.8726989094982,-3.62089236187918,1.68231018078367
2004-10-11,336,0.553194993346476,0.99702380952381,0.498150847419876,0.0550441459265998,4.70668489835493,1,4.82126728581605,-0.114582387461127,8.53282291666667,1,10.730899005683,-2.19807608901634,7.74472990685066
2004-10-25,336,1.01683246566804,0.994047619047619,0.528551568466152,0.488280897201891,3.23442924882571,1,4.5253909753901,-1.2909617265644,3.6710818452381,1,7.88540586992228,-4.21432402468419,14.2356545193526
2004-11-08,336,0.670242975231093,0.949404761904762,0.500745409883899,0.169497565347194,3.14847130806405,0.788690476190476,4.17881959492056,-1.03034828685652,1.22444345238095,1,5.58217197957496,-4.357728527194,9.38340165323531
2004-11-22,336,0.780545912379009,1,0.444383675469149,0.33616223690986,3.14580002493375,1,3.80983343693128,-0.664033411997533,3.62532589285714,1,3.95183282744385,-0.326506934586703,10.9276427733061
2004-12-06,336,0.833483642073061,1,0.401867585522495,0.431616056550566,3.0261977411396,1,3.45218563129904,-0.425987890159437,2.06743601190476,1,3.00269210914996,-0.9352560972452,11.6687709890229
2004-12-20,336,1.20654716615097,0.988095238095238,0.416992594057802,0.789554572093169,3.08234679656926,0.982142857142857,3.14031974479324,-0.057972948223981,3.38070089285714,1,2.63976679122493,0.74093410163221,16.8916603261136
2005-01-03,336,NA,0.101190476190476,NA,NA,2.8988948445171,1,2.91457243078922,-0.0156775862721168,NA,0.205357142857143,NA,NA,NA
2005-01-17,336,NA,0,NA,NA,3.0125744221069,0.75297619047619,2.76984727835368,0.242727143753227,NA,0,NA,NA,NA
2005-01-31,336,NA,0.276785714285714,NA,NA,3.06604309371292,0.770833333333333,2.73112275024058,0.334920343472338,NA,0.288690476190476,NA,NA,NA
2005-02-14,336,1.20995684406997,1,1.37118079832991,-0.161223954259934,2.87761523545051,1,2.79570159159379,0.0819136438567147,2.6124806547619,1,3.92038349247566,-1.30790283771376,16.9393958169796
2005-02-28,336,1.72061896448047,1,1.72885873061524,-0.00823976613477395,2.99836440925849,1,2.94951020336118,0.0488542058973134,3.70153125,1,4.46646311174097,-0.764931861740971,24.0886655027265
2005-03-14,336,1.90123740185248,1,2.02769562634919,-0.12645822449671,3.12695962523664,1,3.17026525762475,-0.0433056323881078,4.24585416666667,1,5.15924156149346,-0.913387394826788,26.6173236259347
2005-03-28,336,2.41853471202332,1,2.21105972326665,0.207474988756672,3.01875326094728,1,3.43181033674416,-0.413057075796886,4.17184970238095,1,6.12593472467715,-1.9540850222962,33.8594859683265
2005-04-11,336,2.88766487455977,1,2.23980849197605,0.647856382583718,3.6470873910852,1,3.708678148373,-0.0615907572877976,5.84890773809524,1,7.49080041864937,-1.64189268055414,40.4273082438367
2005-04-25,336,2.3655904639242,1,2.10104656961889,0.264543894305307,4.06816253506794,1,3.97992038902832,0.0882421460396188,4.42246428571429,1,9.32699369374231,-4.90452940802803,33.1182664949388
2005-05-09,336,2.76086894274052,1,1.81142686951,0.949442073230523,3.59865331579164,1,4.23144719844514,-0.632793882653496,6.74046428571429,1,11.6177705835875,-4.87730629787326,38.6521651983673
2005-05-23,336,2.58000989547988,1,1.41422252121679,1.16578737426309,4.57491165267877,1,4.45648396697203,0.118427685706733,12.8572589285714,1,14.2371470110142,-1.37988808244273,36.1201385367184
2005-06-06,336,1.28634680177843,1,0.970786211140865,0.315560590637561,4.89758663697982,1,4.65420024572528,0.243386391254546,10.6187589285714,1,16.9557502899769,-6.33699136140545,18.008855224898
2005-06-20,336,0.673243139072886,1,0.548264976730562,0.124978162342325,5.01552540463504,1,4.82699087800451,0.188534526630527,15.4651264880952,1,19.4718486950891,-4.00672220699387,9.42540394702041
2005-07-04,336,0.33348500368688,1,0.20626926158362,0.12721574210326,5.19749362649764,1,4.97719588260301,0.220297743894633,22.506849702381,1,21.4617198887384,1.04512981364258,4.66879005161633
2005-07-18,336,0.199098134097376,1,-0.0145827455821277,0.213680879679504,5.29253767482171,1,5.10416336622399,0.188374308597715,26.2316547619048,1,22.6389525281465,3.59270223375822,2.78737387736326
2005-08-01,336,0.170657913043732,1,-0.0997604448175882,0.27041835786132,5.58187690995689,1,5.20246260496837,0.379414304988522,25.866212797619,1,22.8100158076932,3.05619698992584,2.38921078261224
2005-08-15,336,0.205040721306122,1,-0.0620652209521983,0.267105942258321,5.73227389010758,1,5.26176561897649,0.470508271131092,20.4639255952381,1,21.9140062874837,-1.45008069224565,2.87057009828571
2005-08-29,336,0.160991803070554,1,0.0631402382994032,0.0978515647711508,5.89929949709159,1,5.26850235445774,0.630797142633849,16.0002485119048,1,20.0377752194875,-4.03752670758276,2.25388524298776
2005-09-12,336,0.125220519813411,1,0.227524891211707,-0.102304371398296,5.96766147069697,1,5.20895294658976,0.758708524107211,13.1779449404762,1,17.4029208797594,-4.22497593928319,1.75308727738776
2005-09-26,336,0.334160798195335,1,0.381932413057438,-0.0477716148621032,5.92907449118304,1,5.07307315814175,0.856001333041296,13.5070863095238,1,14.3272158995838,-0.820129590059979,4.67825117473469
2005-10-10,336,0.327520316959767,1,0.488245094917322,-0.160724777957555,5.85600154309875,1,4.85814190028821,0.997859642810536,10.9516041666667,1,11.1685627709923,-0.216958604325622,4.58528443743674
2005-10-24,336,0.370051241956268,1,0.528229756360693,-0.158178514404424,5.8440103513739,1,4.57132221943508,1.27268813193882,5.30205208333333,1,8.26329174840604,-2.9612396650727,5.18071738738776
2005-11-07,336,0.257249219940525,1,0.507342823463829,-0.250093603523304,5.87484168156624,0.985119047619048,4.23044090713989,1.64440077442635,6.89494791666667,1,5.87170224565448,1.02324567101219,3.60148907916735
2005-11-21,336,0.536089121558659,1,0.452648567707743,0.0834405538509157,4.79148230679496,1,3.86267024659934,0.928812060195622,4.7486875,1,4.14196578875628,0.606721711243717,7.50524770182122
2005-12-05,336,0.378375287671617,0.99702380952381,0.405372710313349,-0.0269974226417317,3.74867329319443,1,3.50125381111657,0.247419482077867,1.8632931547619,1,3.09926914394832,-1.23597598918641,5.29725402740265
2005-12-19,336,0.739334679234402,1,0.409860177270306,0.329474501964096,2.9176438822514,1,3.18085346186602,-0.263209579614619,2.27158333333333,1,2.66134862832064,-0.389765294987306,10.3506855092816
2006-01-02,336,0.700564975462391,1,0.504110835733343,0.196454139729047,2.8890184671019,1,2.92877979400271,-0.0397613269008037,2.06040773809524,1,2.67894226480047,-0.618534526705234,9.80790965647347
2006-01-16,336,0.777199968247383,0.99702380952381,0.70120013747268,0.0759998307747034,2.95492354301794,1,2.7767147448564,0.178208798161543,2.51025,1,2.97540961186443,-0.465159611864432,10.8807995554634
2006-01-30,336,0.942016848293585,0.99702380952381,0.992862673238335,-0.0508458249447497,2.94683502500955,1,2.73036051755456,0.216474507454987,4.54950297619048,1,3.40319703836016,1.14630593783031,13.1882358761102
2006-02-13,336,1.2267505963207,1,1.34503381080295,-0.11828321448225,3.1561680634412,1,2.78790681177232,0.368261251668878,5.17190773809524,1,3.88434906199086,1.28755867610438,17.1745083484898
2006-02-27,336,1.44564630014401,0.99702380952381,1.7045273474184,-0.258881047274385,2.8118034314489,1,2.93600664257132,-0.124203211122421,2.57880952380952,1,4.42393437893036,-1.84512485512083,20.2390482020162
2006-03-13,336,1.7742009921691,1,2.00958252316886,-0.235381530999768,2.8377335943261,1,3.15282804137644,-0.315094447050336,3.50683928571429,1,5.10228014293058,-1.5954408572163,24.8388138903673
2006-03-27,336,1.63669242241417,1,2.202760957071,-0.566068534656829,2.67242071006971,1,3.41233691666795,-0.739916206598234,2.59628571428571,1,6.04496945036895,-3.44868373608324,22.9136939137984
2006-04-10,336,2.00373317488521,0.99702380952381,2.24332554769464,-0.239592372809422,2.8274494283143,1,3.68887603961505,-0.861426611300749,3.90545386904762,1,7.37810590670687,-3.47265203765925,28.052264448393
2006-04-24,336,2.92684096970029,1,2.11632438938349,0.8105165803168,3.58757048105075,1,3.96107583639901,-0.373505355348255,5.55305803571429,1,9.1799576510822,-3.62689961536792,40.9757735758041
2006-05-08,336,2.98575391771837,1,1.83632336402463,1.14943055369374,4.61550662629635,1,4.21431833731924,0.401188288977105,12.4456532738095,1,11.4411192261643,1.00453404764524,41.8005548480571
2006-05-22,336,1.87214942142682,1,1.44491898404041,0.427230437386417,4.19587402775726,1,4.44133206302979,-0.245458035272522,9.92644791666667,1,14.0435280601562,-4.11708014348951,26.2100918999755
2006-06-05,336,0.739402752584257,1,1.00254969083203,-0.263146938247775,4.49786157626824,1,4.6409401438169,-0.143078567548662,13.978505952381,1,16.7644451539396,-2.78593920155869,10.3516385361796
2006-06-19,336,0.243502042922449,1,0.576395279056294,-0.332893236133845,4.60945601395461,1,4.81541430933482,-0.205958295380213,23.7959970238095,1,19.3058150940591,4.49018192975039,3.40902860091429
2006-07-03,336,0.164359967760219,0.99702380952381,0.227022592073132,-0.0626626243129124,4.715597660636,1,4.96720504494414,-0.251607384308147,23.2626458333333,1,21.3435553318825,1.91909050145082,2.30103954864307
2006-07-17,336,0.153137324419242,1,-0.00329525480551301,0.156432579224755,4.80081363602645,1,5.0959508782866,-0.295137242260154,32.5662991071429,1,22.5866286173558,9.97967048978701,2.14392254186939
2006-07-31,336,0.164999318168638,0.982142857142857,-0.0980494222459041,0.263048740414542,4.90208945986585,1,5.19658778319208,-0.294498323326232,18.4661116071429,1,22.8333034511344,-4.3671918439915,2.30999045436094
2006-08-14,336,0.182810420550199,0.961309523809524,-0.0681797532315256,0.250990173781725,4.95600018226665,1,5.25910278696596,-0.303102604699314,17.7951324404762,1,22.0123755669152,-4.21724312643897,2.55934588770279
2006-08-28,336,0.152767505965015,1,0.0522906423593322,0.100476863605682,4.9925324419124,1,5.27006858463422,-0.277536142721823,18.8715104166667,1,20.2002406877193,-1.32873027105266,2.1387450835102
2006-09-11,336,0.130459369067055,1,0.215568975414613,-0.0851096063475578,5.03626553074709,1,5.21565289100122,-0.179387360254134,18.5022068452381,1,17.6098833811758,0.892323464062308,1.82643116693878
2006-09-25,336,0.29507181271137,1,0.372144492325634,-0.077072679614264,5.06250531923905,1,5.08542040274459,-0.0229150835055449,10.41384375,1,14.5539197796559,-4.1400760296559,4.13100537795918
2006-10-09,336,0.273448707638484,1,0.48276801430366,-0.209319306665176,4.97100767496295,1,4.87602445086014,0.0949832241028128,11.29134375,1,11.3894396498002,-0.0980958998001977,3.82828190693878
2006-10-23,336,0.253731379014577,1,0.527592153387242,-0.273860774372665,4.85298442472915,1,4.59387227417187,0.259112150557287,9.22855208333333,1,8.45627684806577,0.772275235267561,3.55223930620408
2006-11-06,336,0.557986692859767,1,0.510380260903707,0.0476064319560598,4.32111735212989,1,4.25604753745366,0.065069814676229,3.83962946428571,1,6.02162776605278,-2.18199830176706,7.81181370003673
2006-11-20,336,0.555548761773761,1,0.456844092133693,0.0987046696400682,4.13474506215711,1,3.88914276686784,0.24560229528927,3.4932931547619,1,4.24235310177166,-0.749059947009755,7.77768266483265
2006-12-04,336,0.527455089682216,1,0.407534978303236,0.119920111378979,3.81058468991531,1,3.52611039116019,0.284474298755122,3.57671130952381,1,3.15220776283766,0.424503546686149,7.38437125555102
2006-12-18,336,0.602815404752187,1,0.406978756621374,0.195836648130813,3.22007419851283,1,3.20168142230633,0.018392776206495,3.1391681547619,1,2.67558157354926,0.463586581212649,8.43941566653061
2007-01-01,336,0.688175138949271,1,0.494051961011644,0.194123177937627,2.984727490225,1,2.9434761436475,0.0412513465774982,4.22643154761905,1,2.66631846756457,1.56011308005448,9.6344519452898
2007-01-15,336,0.599210728955685,1,0.683728819419551,-0.0845180904638654,3.12674587299691,1,2.78412703797194,0.342618835024965,4.1717306547619,1,2.94848007370088,1.22325058106103,8.38895020537959
2007-01-29,336,0.687883294012828,1,0.969490068231817,-0.281606774218989,3.18441313211507,1,2.73013338185875,0.454279750256315,3.28382589285714,1,3.37041024832565,-0.0865843554685108,9.63036611617959
2007-02-12,336,1.09441897206192,1,1.31892794712834,-0.224508975066412,2.94429618170047,1,2.78057770055176,0.16371848114871,3.42552232142857,1,3.84857962307782,-0.423057301649253,15.3218656088669
2007-02-26,336,1.55514192844723,1,1.67991635907699,-0.124774430629759,2.96708107172613,1,2.92285549648049,0.0442255752456422,4.52577976190476,1,4.38209360035121,0.143686161553547,21.7719869982612
2007-03-12,336,2.17247666951545,1,1.99089136323713,0.18158530627832,3.53816814514096,1,3.13560841957002,0.402559725570943,6.25505505952381,1,5.04666698210647,1.20838807741734,30.4146733732163
2007-03-26,336,2.37982856543155,0.994047619047619,2.19367232902904,0.186156236402509,3.8535336460527,1,3.3929484870669,0.460585158985803,6.33902678571429,1,5.96601698456372,0.373009801150568,33.3175999160418
2007-04-09,336,2.13674768151429,1,2.24597482665383,-0.109227145139545,4.36646469108858,1,3.66904882602916,0.697415865059422,5.09452083333333,1,7.26784098720144,-2.17332015386811,29.9144675412
2007-04-23,336,2.87961577124956,1,2.13080983045731,0.748805940792256,4.10411406909084,1,3.94213134721676,0.161982721874079,8.59060565476191,1,9.03531244786397,-0.444706793102069,40.3146207974939
2007-05-07,336,1.95534486593003,1,1.8606432753889,0.0947015905411335,4.81487035421535,1,4.19705299636237,0.617817357852975,12.5056130952381,1,11.266254689289,1.2393584059491,27.3748281230204
2007-05-21,336,0.856991421241399,1,1.47535249704212,-0.618361075800719,5.02303101668169,1,4.4260388392186,0.596992177463094,14.7292053571429,1,13.8505467690615,0.878658588081366,11.9978798973796
2007-06-04,336,0.187331964402332,1,1.03439879474467,-0.847066830342336,5.11910848750828,1,4.62755174853088,0.491556738977403,19.3551979166667,1,16.5722355446792,2.78296237198744,2.62264750163265
2007-06-18,336,0.0971854950437318,1,0.604925309353077,-0.507739814309346,5.22250423531868,1,4.80372326292172,0.418780972396963,18.7350758928571,1,19.1371978137041,-0.402121920846987,1.36059693061224
2007-07-02,336,0.092594459755102,1,0.248394581823156,-0.155800122068053,5.31143859937575,1,4.95709871689639,0.354339882479362,21.3245014880952,1,21.2212976989101,0.103203789185123,1.29632243657143
2007-07-16,336,0.0982739496384839,1,0.00869585186166065,0.0895780977768233,5.39221294505208,1,5.08759717536029,0.304615769691797,17.2697142857143,1,22.5291644188484,-5.25945013313413,1.37583529493878
2007-07-30,336,0.0887622248046647,1,-0.0956925103608559,0.184454735165521,5.4521865952231,1,5.1905199928032,0.261666602419897,19.9612827380952,1,22.8510800678626,-2.8897973297674,1.24267114726531
2007-08-13,336,0.0794909998075802,1,-0.0738260524281937,0.153317052235774,5.50201828144751,1,5.25617716684112,0.24584111460639,20.3642633928571,1,22.1056283762556,-1.74136498339843,1.11287399730612
2007-08-27,336,0.10962132722449,1,0.0416601764888007,0.0679611507356891,5.52161689613833,1,5.27129979276149,0.250317103376835,22.9583199404762,1,20.3586924273217,2.59962751315446,1.53469858114286
2007-09-10,336,0.155364688600583,1,0.203574354617344,-0.0482096660167609,5.59615253963771,1,5.22196295683989,0.374189582797821,9.40732886904762,1,17.8144511455696,-8.40712227652194,2.17510564040816
2007-09-24,336,0.158035816805248,1,0.362113627031502,-0.204077810226254,5.63356468763168,1,5.09735952457005,0.536205163061635,11.8838125,1,14.7800776757596,-2.89626517575959,2.21250143527347
2007-10-08,336,0.502772740151195,1,0.476944891598735,0.0258278485524599,5.3039355352549,1,4.89353115803756,0.410404377217346,6.85113095238095,1,11.6115284794156,-4.76039752703463,7.03881836211673
2007-10-22,336,0.379707223245481,1,0.52662843712866,-0.146921213883179,5.11020918906766,1,4.61613414721899,0.494075041848665,10.1736116071429,1,8.65185351471041,1.52175809243245,5.31590112543673
2007-11-05,336,0.347761224272886,1,0.513225873399181,-0.165464649126295,4.63636821218227,1,4.28150302625592,0.354865185926347,5.85103273809524,1,6.17495065669872,-0.323917918603486,4.86865713982041
2007-11-19,336,0.39372204542274,1,0.461059432244687,-0.0673373868219461,4.3805537427668,1,3.91563425918355,0.464919483583253,4.9966755952381,1,4.34630393580519,0.650371659432905,5.51210863591837
2007-12-03,336,0.358760958832653,1,0.409949500589263,-0.0511885417566104,3.9517693693134,1,3.55116537530366,0.400603994009741,2.94914732142857,1,3.20830841458987,-0.259161093161295,5.02265342365714
2007-12-17,336,0.353398076309913,1,0.40454007915552,-0.0511420028456073,3.23139393432238,1,3.22286987498999,0.00852405933239098,1.76871577380952,1,2.69219456533077,-0.923478791521243,4.94757306833878
2007-12-31,336,0.512597528186589,1,0.484530848239257,0.0280666799473313,3.00028675470059,1,2.95865506165632,0.0416316930442657,2.17703869047619,1,2.65515065340493,-0.478111962928739,7.17636539461224
2008-01-14,336,0.825334070599417,1,0.66675873856938,0.158575332030037,2.93369027119254,1,2.79208234308392,0.141607928108619,2.90556845238095,1,2.92223523747096,-0.0166667850900106,11.5546769883918
2008-01-28,336,0.769357714218192,1,0.946450965048022,-0.177093250829829,2.70723025514359,1,2.73044415095086,-0.0232138958072658,3.00019642857143,1,3.33787401374497,-0.337677585173541,10.7710079990547
2008-02-11,336,0.947140019002915,1,1.29288515573939,-0.345745136736472,2.8919080120107,1,2.77372090547461,0.118187106536094,4.43684523809524,1,3.81305882547691,0.623786412618325,13.2599602660408
2008-02-25,336,1.39427881671778,1,1.65504875137309,-0.260769934655309,3.03895373286828,1,2.91006585447011,0.128887878398165,5.93133779761905,1,4.34090028327906,1.59043751433998,19.519903434049
2008-03-10,336,1.68315340255977,1,1.97164128700658,-0.288487884446813,3.3764927853058,1,3.11861622175689,0.257876563548914,5.80767410714286,1,4.99235175435031,0.815322352792544,23.5641476358367
2008-03-24,336,1.85827608572012,1,2.18380494762439,-0.325528861904276,3.82015512936699,1,3.37365397828688,0.44650115108011,5.86086160714286,1,5.88903519798092,-0.028173590838068,26.0158652000816
2008-04-07,336,1.90866836702624,1,2.24775685770492,-0.339088490678683,4.39559255940267,1,3.64920330023761,0.746389259165052,10.0366949404762,1,7.15998898865972,2.87670595181647,26.7213571383673
2008-04-21,336,1.44368383712536,1,2.14449251424894,-0.700808677123578,4.78209385779532,1,3.92309097474014,0.859002883055183,10.4586577380952,1,8.89307899674923,1.56557874134601,20.2115737197551
2008-05-05,336,0.899307431197084,1,1.88436729618086,-0.985059864983773,4.94055669140954,1,4.17965260712096,0.760904084288586,17.9135654761905,1,11.0932392196424,6.82032625654804,12.5903040367592
2008-05-19,336,0.579118786467638,1,1.50549868087604,-0.926379894408399,5.07071918075432,1,4.41060385551508,0.660115325239235,11.0017782738095,1,13.6583007474455,-2.65652247363594,8.10766301054694
2008-06-02,336,0.323445174769679,1,1.06630896013001,-0.742863785360334,5.12190982219585,1,4.61403389810802,0.507875924087831,20.2209226190476,1,16.3792396288729,3.8416829901747,4.52823244677551
2008-06-16,336,0.157846734209913,1,0.633835167249594,-0.475988433039682,5.22404782606141,1,4.79191708255747,0.432130743503936,23.5352261904762,1,18.9661148782255,4.56911131225068,2.20985427893878
2008-06-30,336,0.117511433370262,1,0.270373736125966,-0.152862302755704,5.30645579651998,1,4.94687771768988,0.359578078830101,22.9608645833333,1,21.0950426316835,1.86582195164984,1.64516006718367
2008-07-14,336,0.109018922326531,1,0.0213893196883357,0.0876296026381949,5.37964762226279,1,5.07910499653418,0.300542625728616,19.5866354166667,1,22.4666142061135,-2.87997878944685,1.52626491257143
2008-07-28,336,0.117121394413994,1,-0.0926811708802736,0.209802565294268,5.43054865962252,1,5.1842636741635,0.24628498545902,20.8028080357143,1,22.8633469907945,-2.0605389550802,1.63969952179592
2008-08-11,336,0.0861182324606414,1,-0.0789883714992084,0.16510660395985,5.45274954853161,1,5.25299404502261,0.199755503509001,21.3161904761905,1,22.1937115378707,-0.877521061680234,1.20565525444898
2008-08-25,336,0.0968509581690962,1,0.0312677000235787,0.0655832581455175,5.48355791843002,1,5.27220080512592,0.211357113304099,28.6194538690476,1,20.5130316127206,8.10642225632701,1.35591341436735
2008-09-08,336,0.117872452758017,1,0.19155835354975,-0.0736859007917327,5.54048207018139,1,5.22788605627322,0.31259601390817,13.2789985119048,1,18.0164971648206,-4.73749865291583,1.65021433861224
2008-09-22,336,0.251186532391837,1,0.351851487899472,-0.100664955507635,5.5391252411825,1,5.10889027128337,0.430234969899121,18.3629985119048,1,15.0055567810171,3.35744173088767,3.51661145348571
2008-10-06,336,0.518823306262391,1,0.470779099225672,0.0480442070367183,5.3420456169656,1,4.91065787665345,0.431387740312155,13.7873794642857,1,11.8347132390732,1.95266622521251,7.26352628767347
2008-10-20,336,0.38090217009621,1,0.525333113573204,-0.144430943476994,5.10755039759084,1,4.63809980538833,0.469450592202508,12.9646860119048,1,8.84994060112827,4.11474541077649,5.33263038134694
2008-11-03,336,0.708073418267055,1,0.515866926310715,0.192206491956341,3.69757757135371,1,4.30679624336259,-0.609218672008875,4.24428273809524,1,6.33163459795551,-2.08735185986027,9.91302785573878
2008-11-17,336,0.462917911670554,1,0.465278040882127,-0.00236012921157347,3.84393466472211,1,3.94213195345942,-0.0981972887373166,3.6860431547619,1,4.45382684560983,-0.767783690847929,6.48085076338776
2008-12-01,336,0.52955923905656,1,0.412600337218025,0.116958901838534,3.94622054199007,1,3.57640620723773,0.369814334752331,1.65146279761905,1,3.26761513164606,-1.61615233402702,7.41382934679184
2008-12-15,336,0.732027573009971,1,0.402533179971871,0.329494393038099,3.62000615867094,1,3.24440836657702,0.375597792093913,2.01194494047619,1,2.71125084184906,-0.699305901372874,10.2483860221396
2008-12-29,336,0.448144592489213,1,0.467091069142696,-0.0189464766534831,3.276568787892,1,2.99043340581298,0.28613538207902,1.09664732142857,1,2.63743638189789,-1.54078906046932,6.27402429484898
2009-01-12,336,0.760540129137026,1,0.634350059224716,0.12619006991231,3.25447077870406,1,2.80961303383865,0.444857744865407,4.32237053571429,1,2.87198445147918,1.4503860842351,10.6475618079184
2009-01-26,336,1.06752606608939,1,0.90143626802082,0.166089798068568,3.06732862654315,1,2.73268906583009,0.334639560713062,3.51607589285714,1,3.27362384140078,0.242452051456366,14.9453649252514
2009-02-09,336,1.5018664394519,1,1.24107527500969,0.260791164442205,2.84759527576089,1,2.76144967862476,0.0861455971361313,3.31037053571429,1,3.74270826648281,-0.432337730768519,21.0261301523265
2009-02-23,336,1.46116090551778,1,1.60463604275079,-0.14347513723301,2.82087569476802,1,2.88560683378893,-0.0647311390209095,3.12296726190476,1,4.2603007303762,-1.13733346847144,20.456252677249
2009-03-09,336,1.86811972630732,0.99702380952381,1.93154306407738,-0.063423337770059,3.22125448464312,1,3.08535342936252,0.135901055280602,4.24434077380952,1,4.88741451224821,-0.643073738438682,26.1536761683025
2009-03-23,336,2.95194722893295,1,2.16178175462773,0.790165474305214,3.7803722112728,1,3.33538299652943,0.444989214743372,7.59897470238095,1,5.74080926943398,1.85816543294697,41.3272612050612
2009-04-06,336,2.51340886761166,1,2.24872526190338,0.26468360570828,4.10039552846599,1,3.60948538446958,0.490910143996417,5.94244494047619,1,6.95144561621934,-1.00900067574315,35.1877241465633
2009-04-20,336,2.4127195202449,1,2.1694118026959,0.243307717549003,4.69809853144501,1,3.88473979423151,0.813358737213498,7.57091369047619,1,8.61591641992738,-1.04500272945119,33.7780732834286
2009-05-04,336,3.00732862465889,1,1.92995309626769,1.07737552839121,4.44257492141934,1,4.14445325791806,0.29812166350128,12.2733645833333,1,10.7529900923833,1.52037449095006,42.1026007452245
2009-05-18,336,0.967960170965598,1,1.56483260144301,-0.59687243047741,4.99392078331656,1,4.37930734711957,0.614613436196988,14.6885223214286,1,13.276394242127,1.41212807930158,13.5514423935184
2009-06-01,336,0.567414787266472,1,1.13021347728695,-0.562798690020474,5.07794214743093,1,4.58660524021196,0.491336907218964,8.60517410714286,1,15.9913572924676,-7.3861831853247,7.94380702173061
2009-06-15,336,0.215931697346939,1,0.692712405979446,-0.476780708632507,5.05691182268614,1,4.76795633486518,0.288955487820959,20.3501964285714,1,18.6170278081949,1.73316862037654,3.02304376285714
2009-06-29,336,0.151497423739942,1,0.316104134124647,-0.164606710384706,5.16208561353545,1,4.92609434777008,0.235991265765372,21.4700476190476,1,20.8309341281615,0.639113490886093,2.12096393235918
2009-07-13,336,0.131131459626822,1,0.0488745981941762,0.0822568614326459,5.26460161239965,1,5.0617154767238,0.202886135675845,28.0997083333333,1,22.3264899977494,5.77321833558397,1.83584043477551
2009-07-27,336,0.112404791492711,1,-0.0846642515708276,0.197069043063539,5.364195170802,1,5.1712027094293,0.192992461372701,16.7894241071429,1,22.8713768745432,-6.08195276740036,1.57366708089796
2009-08-10,336,0.112164783061225,1,-0.0878000622370255,0.19996484529825,5.41112376690459,1,5.24587633064271,0.165247436261873,22.8279375,1,22.3541748394032,0.473762660596851,1.57030696285714
2009-08-24,336,0.116913777271137,1,0.0112717857244517,0.105641991546685,5.46304458847219,1,5.27303194673537,0.19001264173682,23.9639032738095,1,20.8089909357826,3.15491233802695,1.63679288179592
2009-09-07,336,0.23611366574344,1,0.167532780084825,0.0685808856586154,5.50043745982362,1,5.23858391089784,0.261853548925782,19.0032083333333,1,18.4125225672508,0.590685766082572,3.30559132040816
2009-09-21,336,0.154852934326531,1,0.330682624001459,-0.175829689674929,5.51312096446011,1,5.13072691552062,0.382394048939489,21.7335848214286,1,15.4539457067499,6.27963911467866,2.16794108057143
2009-10-05,336,0.381296869787755,1,0.457436181762409,-0.0761393119746537,5.09813268895108,1,4.94375620372962,0.154376485221459,8.01118005952381,1,12.2838971792529,-4.27271711972908,5.33815617702857
2009-10-19,336,0.752339619183673,1,0.521728697742258,0.230610921441415,4.27795107186189,1,4.68111165069928,-0.403160578837388,7.63159375,1,9.25330683632971,-1.62171308632971,10.5327546685714
2009-11-02,336,0.495800783426281,0.99702380952381,0.520486537285904,-0.024685753859623,4.54649319722314,1,4.35685224681234,0.189640950410806,5.76973958333333,1,6.65492373943819,-0.885184156104859,6.94121096796793
2009-11-16,336,0.619098650806356,1,0.473659557032689,0.145439093773667,4.30578002468191,1,3.9950951692172,0.310684855464701,4.03393898809524,1,4.67960808883915,-0.645669100743912,8.66738111128898
2009-11-30,336,0.428215348951137,1,0.418546241310659,0.00966910764047813,3.92844033025031,1,3.62739480057583,0.301045529674483,2.199875,1,3.39601253214091,-1.19613753214091,5.99501488531592
2009-12-14,336,0.529107160618076,1,0.399768462699477,0.129338697918599,3.12882386729458,1,3.28849262312342,-0.159668755828839,2.02919345238095,1,2.75694237274207,-0.727748920361121,7.40750024865306
2009-12-28,336,0.462268692734694,1,0.459165332482146,0.00310336025254759,3.13698564928799,1,3.00701848531657,0.129967163971425,0.825175595238095,1,2.63101812277468,-1.80584252753658,6.47176169828571
2010-01-11,336,0.660228709926287,0.99702380952381,0.61892362364367,0.0413050862826165,2.88415448323711,1,2.81918309477007,0.0649713884670389,2.3281875,1,2.84807509958655,-0.519887599586549,9.24320193896802
2010-01-25,336,0.805757556069971,1,0.879490785708359,-0.0737332296383887,2.83878457330728,1,2.73462724723294,0.104157326074339,2.25112797619048,1,3.24195081829942,-0.990822842108941,11.2806057849796
2010-02-08,336,1.04090669870379,1,1.21535070546539,-0.174444006761597,2.9420448592894,1,2.75604734556637,0.185997513723027,2.93056547619048,1,3.70785641523734,-0.777290939046862,14.5726937818531
2010-02-22,336,1.2248480934719,1,1.57913725883825,-0.354289165366359,2.80706035207266,1,2.87395500113935,-0.0668946490666973,3.85481994047619,1,4.22082039159733,-0.36600045112114,17.1478733086065
2010-03-08,336,2.0195887135277,1,1.91073524786409,0.108853465663605,2.94524343891308,1,3.06910248106027,-0.123859042147187,6.48488392857143,1,4.83669284057675,1.64819108799468,28.2742419893878
2010-03-22,336,NA,0.461309523809524,NA,NA,3.35976160446356,1,3.31642491614833,0.0433366883152284,4.24832142857143,1,5.669475267111,-1.42115383853957,NA
2010-04-05,336,2.168631430156,0.8125,2.24791665455372,-0.0792852243977249,3.1023444940632,1,3.58962747132112,-0.487282977257911,4.4031369047619,1,6.85070964703439,-2.44757274227248,30.360840022184
2010-04-19,336,2.8042410579279,0.994047619047619,2.1806313848268,0.623609673101101,2.99734408001341,1,3.86543809487277,-0.868094014859357,7.2828556547619,1,8.4810146110219,-1.19815895626,39.2593748109906
2010-05-03,336,3.17284216493877,1,1.95177897845588,1.22106318648289,3.5578092106566,1,4.12665801996835,-0.568848809311755,9.58616666666667,1,10.5858664736222,-0.999699806955556,44.4197903091428
2010-05-17,336,2.45498422793878,1,1.59397271265206,0.861011515286715,4.08254921545992,1,4.36344545879135,-0.280896243331428,6.36426339285714,1,13.0869180496357,-6.72265465677853,34.3697791911429
2010-05-31,336,2.07839657115918,1,1.16215803288077,0.916238538278409,4.34669146245733,1,4.57269218395546,-0.226000721498129,12.9983303571429,1,15.796702636961,-2.79837227981814,29.0975519962286
2010-06-14,336,0.670499070271137,1,0.722637688303836,-0.0521386180326993,4.58507897144716,1,4.75580011062525,-0.170721139178089,17.0330357142857,1,18.4392630439626,-1.40622732967689,9.38698698379592
2010-06-28,336,0.244576843766764,1,0.339828994738667,-0.095252150971903,4.62146854965254,1,4.91553298845988,-0.294064438807338,19.8134553571429,1,20.6932830379322,-0.879827680789376,3.42407581273469
2010-07-12,336,0.138830454902099,1,0.0636601741014123,0.0751702808006868,4.67223849550926,1,5.05282292073346,-0.380584425224194,21.7815699404762,1,22.2490415212232,-0.467471580746977,1.94362636862939
2010-07-26,336,0.136753609959184,1,-0.0796448282516258,0.216398438210809,4.73811038976712,1,5.16440642743662,-0.4262960376695,16.7423928571429,1,22.8671622485073,-6.12476939136446,1.91455053942857
2010-08-09,336,0.147267595259475,1,-0.091419983255164,0.238687578514639,4.78844058428478,1,5.24195217968118,-0.453511595396407,15.8131041666667,1,22.4264673793068,-6.61336321264009,2.06174633363265
2010-08-23,336,0.107429590716035,1,0.00170562719870658,0.105723963517328,4.8828290718336,0.99702380952381,5.27297210485262,-0.390143033019018,23.3281235119048,1,20.9504276009127,2.37769591099207,1.50401427002449
2010-09-06,336,0.0909953247988338,1,0.155559061942971,-0.0645637371441375,4.84541173581056,1,5.24336537664283,-0.397953640832266,13.3855148809524,1,18.6062549104995,-5.22074002954714,1.27393454718367
2010-09-20,336,0.102895539058601,1,0.319801749708025,-0.216906210649424,4.8519935614703,1,5.14103358148813,-0.28904002001783,19.9861264880952,1,15.6765885835262,4.30953790456905,1.44053754682041
2010-10-04,336,0.107144009748105,1,0.450268975971411,-0.343124966223306,4.87562117077293,1,4.95972095689047,-0.0840997861175357,13.8313214285714,1,12.5096553231145,1.32166610545691,1.50001613647347
2010-10-18,336,0.454037139918367,1,0.519411668937129,-0.0653745290187615,4.07319701193055,1,4.70214308895738,-0.628946077026832,4.99297470238095,1,9.45840925104317,-4.46543454866222,6.35651995885714
2010-11-01,336,0.761371865097901,1,0.522441799838705,0.238930065259196,3.22876020391389,1,4.38159369965918,-1.15283349574529,5.21054464285714,1,6.82143970114781,-1.61089505829067,10.6592061113706
2010-11-15,336,0.599395298756326,1,0.477790120361703,0.121605178394623,2.96837797255878,1,4.02153548067923,-1.05315750812044,2.25684672619048,1,4.79786837465946,-2.54102164846899,8.39153418258857
2010-11-29,336,0.57033985968105,1,0.421808545495434,0.148531314185616,2.89331723096086,1,3.65311709030283,-0.759799859341968,2.01190922619048,1,3.46518067456418,-1.45327144837371,7.98475803553469
2010-12-13,336,0.600103052716618,1,0.398986374118189,0.201116678598429,2.78902720045036,0.967261904761905,3.31101647628869,-0.521989275838338,1.75324851190476,1,2.78369997737476,-1.03045146546999,8.40144273803265
2010-12-27,336,0.56131470057726,1,0.45176323366677,0.10955146691049,2.82046627871784,0.99702380952381,3.02405744999144,-0.203591171273596,1.2296130952381,1,2.62631205971196,-1.39669896447386,7.85840580808163
2011-01-10,336,0.465783539344732,0.991071428571429,0.60402274444833,-0.138239205103598,2.93429393597948,1,2.82928552001316,0.105008415966323,1.33878273809524,1,2.82504352004998,-1.48626078195474,6.52096955082625
2011-01-24,336,0.662650053946366,0.99702380952381,0.857938999496641,-0.195288945550275,2.92742641035923,1,2.73711139789824,0.190315012460994,2.45598660714286,1,3.21061014194617,-0.754623534803311,9.27710075524913
2011-02-07,336,0.983722190536443,1,1.18977420303776,-0.206052012501322,2.91669698280301,1,2.75114151247793,0.165555470325088,4.06359523809524,1,3.67320908292077,0.390386155174465,13.7721106675102
2011-02-21,336,1.15650041521749,1,1.5534744387058,-0.396974023488303,2.83157738955886,0.988095238095238,2.86269974721998,-0.0311223576611259,3.60436160714286,1,4.18183944629307,-0.577477839150215,16.1910058130449
2011-03-07,336,1.3906999809656,1,1.889449130698,-0.498749149732403,2.73988235684704,1,3.05311823189268,-0.31323587504564,2.8779568452381,1,4.7870699715177,-1.90911312627961,19.4697997335184
2011-03-21,336,1.73941435941691,1,2.1367936289631,-0.397379269546193,2.73138350418797,1,3.2975975279732,-0.566214023785239,4.02270684523809,1,5.59993240815512,-1.57722556291703,24.3518010318367
2011-04-04,336,2.22109938277609,1,2.24625083053642,-0.025151447760329,3.24306268308897,1,3.56978019211549,-0.326717509026512,4.94986160714286,1,6.75229754725908,-1.80243594011623,31.0953913588653
2011-04-18,336,2.37664832342274,1,2.19101418108367,0.185634142339071,3.68039046560945,1,3.84605872952205,-0.165668263912602,6.25822767857143,1,8.34857924448141,-2.09035156590998,33.2730765279184
2011-05-02,336,1.80920618354519,1,1.97293721300199,-0.163731029456797,4.28329151870077,1,4.10873518457915,0.174556334121626,10.1451383928571,1,10.42081195616,-0.27567356330287,25.3288865696327
2011-05-16,336,1.71803054991254,1,1.62273029332588,0.0953002565866605,4.14781204393629,1,4.34744109479762,-0.199629050861329,5.96422767857143,1,12.8985455701465,-6.93431789157504,24.0524276987755
2011-05-30,336,1.75195010923032,1,1.194064108883,0.557886000347323,3.89885545188316,1,4.55864518792917,-0.659789736046008,6.21985267857143,1,15.6017249980504,-9.38187231947902,24.5273015292245
2011-06-13,336,1.49622541198216,1,0.752858642873388,0.74336676910877,4.0663205183219,1,4.74352544945377,-0.677204931131879,18.596681547619,1,18.2595111333635,0.337170414255528,20.9471557677502
2011-06-27,336,0.707850350178773,0.979166666666667,0.364108276758765,0.343742073420008,4.06759708338299,1,4.9048589865799,-0.837261903196916,20.3050223214286,1,20.5520389987124,-0.247016677283874,9.90990490250282
2011-07-11,336,0.279057664862974,1,0.0791356412221645,0.199922023640809,4.15241753392998,1,5.04380145784231,-0.891383923912323,13.9752782738095,1,22.166757932048,-8.19147965823851,3.90680730808163
2011-07-25,336,0.202514959579592,1,-0.0739433136453989,0.276458273224991,4.23200557236641,1,5.15743833759661,-0.925432765230199,18.0771755952381,1,22.857482718997,-4.78030712375889,2.83520943411429
2011-08-08,336,0.161663691829181,0.99702380952381,-0.0944970633361452,0.256160755165326,4.30357305946636,1,5.23779139727032,-0.934218337803967,18.8934523809524,1,22.4934151448608,-3.59996276390839,2.26329168560853
2011-08-22,336,0.125590754676385,1,-0.00754803145652208,0.133138786132907,4.36605005157787,1,5.27260210982274,-0.906552058244867,21.5385922619048,1,21.087384934563,0.451207327341802,1.75827056546939
2011-09-05,336,0.110506882355685,1,0.143635627410335,-0.0331287450546498,4.43382335404868,1,5.24777328341486,-0.81394992936618,19.1972782738095,1,18.7969716555349,0.400306618274598,1.54709635297959
2011-09-19,336,0.112477856121866,1,0.308741271690367,-0.196263415568501,4.49104236836422,1,5.15093340044573,-0.659891032081509,17.8894523809524,1,15.898019019956,1.99143336099639,1.57468998570612
2011-10-03,336,0.843637920139942,1,0.442778929108364,0.400858991031578,3.77292708725452,1,4.97529200944092,-1.20236492218639,6.52973214285714,1,12.7360275229877,-6.20629538013052,11.8109308819592
2011-10-17,336,1.08991828207332,0.99702380952381,0.516747172780295,0.573171109293028,3.77048576214137,0.976190476190476,4.72284882132707,-0.952363059185709,7.73693005952381,1,9.66566873759165,-1.92873867806784,15.2588559490265
2011-10-31,336,0.819241169504956,1,0.52414594463343,0.295095224871527,4.11412340150499,1,4.4061302278491,-0.292006826344106,5.59448065476191,1,6.99113825523488,-1.39665760047298,11.4693763730694
2011-11-14,336,0.704160808567347,1,0.481859308766408,0.222301499800939,4.03538287180552,1,4.04793159280991,-0.0125487210043884,2.85855505952381,1,4.91970455907616,-2.06114949955235,9.85825131994286
2011-11-28,336,0.688771733772595,1,0.425241683855299,0.263530049917295,4.03170211933123,1,3.67897430429336,0.352727815037873,4.91041220238095,1,3.53770964069086,1.37270256169009,9.64280427281633
2011-12-12,336,0.478927854314869,1,0.39858755971036,0.080340294604509,4.25351597824927,1,3.33384656174747,0.919669416501801,3.10291964285714,1,2.81314537024087,0.289774272616274,6.70498996040816
2011-12-26,336,0.37356616046414,1,0.444879625530889,-0.0713134650667488,5.29159701893477,1,3.04154240153792,2.25005461739685,4.32336755952381,1,2.62338337119768,1.69998418832613,5.22992624649796
2012-01-09,336,0.361748117398251,1,0.589651767162573,-0.227903649764322,5.68328803378396,1,2.83991680468606,2.84337122909791,5.11726339285714,1,2.80294193271706,2.31432146014008,5.06447364357551
2012-01-23,336,0.620051837290845,1,0.836794511237179,-0.216742673946333,3.29912611178233,1,2.74014272538181,0.55898338640052,3.36402380952381,1,3.17962777761395,0.184396031909864,8.68072572207184
2012-02-06,336,0.927917679673469,1,1.16436620485566,-0.23644852518219,3.26128024181326,1,2.74673758974083,0.514542652072431,4.65147321428571,1,3.63876070182735,1.01271251245836,12.9908475154286
2012-02-20,336,1.12032013247213,1,1.52767076102875,-0.407350628556618,3.22083192145316,1,2.85184947651209,0.368982444941073,4.85790178571429,1,4.14332469765351,0.71457708806078,15.6844818546098
2012-03-05,336,1.26366502380311,0.99702380952381,1.86770576579119,-0.604040741988079,3.11135708172581,1,3.03741044635645,0.0739466353693543,4.56188244047619,1,4.73849712476513,-0.17661468428894,17.6913103332435
2012-03-19,336,1.51741072549546,0.99702380952381,2.12322247310919,-0.60581174761373,2.89358433586098,1,3.27891025284537,-0.385325916984387,4.01758333333333,1,5.532133515833,-1.51455018249966,21.2437501569365
2012-04-02,336,2.0286737764898,1,2.24373225721641,-0.215058480726616,2.99090815597213,1,3.54995120854173,-0.559043052569603,4.8447380952381,1,6.65618180994601,-1.81144371470792,28.4014328708571
2012-04-16,336,2.78659398991992,0.889880952380952,2.20055359688606,0.586040393033861,3.38562980406748,1,3.82660675345858,-0.4409769493911,6.91979017857143,1,8.21861689432729,-1.29882671575586,39.0123158588789
2012-04-30,336,3.44619048573761,1,1.99341132160961,1.452779164128,4.59959900148613,1,4.09068706266891,0.508911938817212,11.7220803571429,1,10.2578742012943,1.46420615584853,48.2466668003265
2012-05-14,336,1.67034965678501,1,1.65108224627116,0.0192674105138499,5.63656819009628,1,4.33129436600644,1.30527382408984,11.0178764880952,1,12.7113630685996,-1.69348658050437,23.3848951949902
2012-05-28,336,0.869098975731173,0.99702380952381,1.2259066256798,-0.35680764994863,5.81471046604382,1,4.5444632038916,1.27024726215222,14.5672901785714,1,15.4065373532469,-0.839247174675481,12.1673856602364
2012-06-11,336,0.311690089779009,1,0.78335319649352,-0.471663106714511,5.77396752441822,1,4.73113138316131,1.04283614125691,20.5432678571429,1,18.0778927271273,2.46537513001557,4.36366125690612
2012-06-25,336,0.202445682139942,1,0.388927160836985,-0.186481478697043,5.95004518256421,1,4.89407255164257,1.05597263092164,17.7711711309524,1,20.407308094336,-2.63613696338364,2.83423954995918
2012-07-09,336,0.168441277172012,1,0.0952960183119591,0.0731452588600526,6.16983063067833,1,5.03465313098831,1.13517749969002,22.3029151785714,1,22.0797100661132,0.22320511245826,2.35817788040816
2012-07-23,336,0.133765023085714,0.952380952380952,-0.0675544723819304,0.201319495467645,6.37779904982713,1,5.15030234025745,1.22749670956969,20.9123616071429,1,22.842359258371,-1.92999765122813,1.8727103232
2012-08-06,336,0.0885256124957945,0.931547619047619,-0.0970177202821862,0.185543332777981,6.51725057702972,1,5.23339909973875,1.28385147729097,30.0509181547619,1,22.5549839338169,7.49593422094498,1.23935857494112
2012-08-20,336,0.0770849837842566,1,-0.0164709146640021,0.0935558984482586,6.73995404733871,1,5.27192711886424,1.46802692847447,19.5382678571429,1,21.2197787929596,-1.68151093581671,1.07918977297959
2012-09-03,336,0.0906028522373178,1,0.131780872171779,-0.0411780199344615,6.84141812710488,1,5.25181138859299,1.58960673851189,22.559712797619,1,18.984553450668,3.57515934695104,1.26843993132245
2012-09-17,336,0.0536368687451895,1,0.297515277238905,-0.243878408493715,6.94988218957858,1,5.1604273668296,1.78945482274898,19.3591860119048,1,16.1181035926531,3.24108241925163,0.750916162432653
2012-10-01,336,0.0514414060268222,1,0.434972558053719,-0.383531152026897,7.07994381541846,1,4.99046664690318,2.08947716851528,12.5103244047619,1,12.962889360637,-0.452564955875067,0.72017968437551
2012-10-15,336,0.382092358565598,1,0.513732805750743,-0.131640447185146,6.48456042524639,1,4.74322215237743,1.74133827286896,8.48824851190476,1,9.87499006960691,-1.38674155770215,5.34929301991837
2012-10-29,336,0.54525235185656,1,0.52558850930104,0.01966384255552,5.09615388346853,1,4.43045167015018,0.66570221331835,6.02450446428571,1,7.16396653922085,-1.13946207493513,7.63353292599184
2012-11-12,336,0.479475216726794,0.830357142857143,0.485851459918525,-0.00637624319173091,4.54297332882216,1,4.07427112190222,0.468702206919935,5.13179411764706,0.860119047619048,5.04510979395435,0.0866843236927082,6.71265303417512
2012-11-26,336,NA,0,NA,NA,3.20605834827619,1,3.70495358664008,-0.498895238363892,NA,0,NA,NA,NA
2012-12-10,336,0.747660511693619,0.800595238095238,0.398558824467264,0.349101687226356,2.93470372654669,1,3.35697147196307,-0.422267745416379,3.73531296296296,0.803571428571429,2.8453370726052,0.889975890357761,10.4672471637107
2012-12-24,336,0.575428055678134,1,0.436995387174874,0.13843266850326,2.71207202611037,1,3.06401327476025,-0.351941248649883,2.0641755952381,1,2.62232165568291,-0.558146060444811,8.05599277949388
2013-01-07,336,0.695123800646064,1,0.562513413064461,0.132610387581603,2.53458744070057,1,2.86275026296856,-0.328162822267989,3.21184821428571,1,2.761744774319,0.450103439966711,9.7317332090449
2013-01-21,336,0.774978984,1,0.795778799472114,-0.0207998154721138,2.65563914341249,1,2.74785009279678,-0.0922109493842904,3.78251488095238,1,3.11885260105363,0.663662279898751,10.849705776
2013-02-04,336,1.10471046748688,1,1.11413560962325,-0.00942514213637202,2.87942396423582,1,2.73945577519785,0.139968189037972,4.03630952380952,1,3.57044969395791,0.465859829851611,15.4659465448163
2013-02-18,336,1.42862520877609,1,1.47573333479791,-0.0471081260218169,3.0873177425482,1,2.83139668033561,0.25592106221259,5.4917306547619,1,4.0675693500989,1.42416130466301,20.0007529228653
2013-03-04,336,1.84107930278484,1,1.8229330459908,0.0181462567940391,3.44837735473951,1,3.00686311860987,0.44151423612964,5.74262053571429,1,4.64430937338842,1.09831116232586,25.7751102389878
2013-03-18,336,2.12653940639038,1,2.09400084035981,0.0325385660305679,3.99729824024307,1,3.24199410143923,0.755304138803835,6.16312351190476,1,5.40157536997996,0.761548141924799,29.7715516894653
2013-04-01,336,2.63350653439067,1,2.23615859051829,0.397347943872378,3.98806831219319,1,3.51037957875979,0.477688733433394,6.58825595238095,1,6.47071971901607,0.117536233364885,36.8690914814694
2013-04-15,336,2.24226067139475,1,2.2170798067552,0.0251808646395508,4.62377068628011,1,3.78750618635061,0.836264499929501,12.0360907738095,1,7.96612372381357,4.06996704999596,31.3916493995265
2013-04-29,336,1.14077968012128,1,2.0322443606183,-0.891464680497022,4.85417556001939,1,4.05422513225824,0.799950427761158,15.2235535714286,1,9.93852476663497,5.2850288047936,15.970915521698
2013-05-13,336,0.549060393064723,1,1.70647855355981,-1.15741816049508,4.93499889038547,1,4.29857489779316,0.636423992592306,13.3288988095238,1,12.3409006686753,0.987998140848536,7.68684550290612
2013-05-27,336,0.327801428816327,1,1.28930055903502,-0.961499130218698,5.01791407815151,1,4.51569029582865,0.502223782322869,18.2029613095238,1,15.0159771497358,3.18698415978804,4.58922000342857
2013-06-10,336,0.20148281155102,1,0.845072978995379,-0.643590167444358,5.14149957592402,1,4.70598093981718,0.435518636106837,17.0295535714286,1,17.7095398055558,-0.67998623412727,2.82075936171429
2013-06-24,336,0.39463893181018,0.988095238095238,0.440121333331495,-0.0454824015213156,5.14766350556328,1,4.87216266169804,0.275500843865246,25.7313824404762,1,20.1078187785736,5.62356366190255,5.52494504534251
2013-07-08,336,0.223306327311953,1,0.129647865757004,0.0936584615549496,5.22154362995159,1,5.01598335838683,0.205560271564763,24.5683541666667,1,21.8916202525486,2.67673391411808,3.12628858236735
2013-07-22,336,0.18865896722449,1,-0.0526973416391868,0.241356308863677,5.32117153559733,1,5.13554162685134,0.18562990874599,20.6811860119048,1,22.7958837038103,-2.11469769190557,2.64122554114286
2013-08-05,336,0.159175063574344,1,-0.100337914393092,0.259512977967436,5.38959246663466,1,5.22394015396832,0.165652312666341,18.0336577380952,1,22.6618672553245,-4.62820951722928,2.22845089004082
2013-08-19,336,0.118255771364431,1,-0.0332522190360997,0.151507990400531,5.41742324431233,1,5.26968298848183,0.147740255830504,19.6130491071429,1,21.4705554710113,-1.85750636386846,1.65558079910204
2013-09-02,336,0.107963727848397,1,0.108351690155426,-0.000387962307029574,5.47143471928638,1,5.25879395727361,0.212640762012775,18.1827380952381,1,19.3498442247867,-1.16710612954864,1.51149218987755
2013-09-16,336,0.422290807698542,1,0.274625245084291,0.147665562614252,5.52302741179911,1,5.17820289153004,0.344824520269069,12.0483154761905,1,16.5537027474049,-4.50538727121446,5.91207130777959
2013-09-30,336,0.202285016943848,1,0.418439958390185,-0.216154941446337,5.33472777186555,1,5.01961723175769,0.31511054010786,13.16296875,1,13.417577516319,-0.254608766319018,2.83199023721388
2013-10-14,336,0.113886178269271,1,0.5066480225998,-0.392761844330529,5.31113422820739,1,4.78294621451864,0.528188013688749,14.8717217261905,1,10.2994243158187,4.57229741037179,1.5944064957698
2013-10-28,336,0.084315751651312,1,0.527649570863887,-0.443333819212575,5.40083161438771,1,4.47840972851786,0.922421885869844,9.80308482142857,1,7.5187845332778,2.28430028815077,1.18042052311837
2013-11-11,336,0.203114354289796,1,0.493543239322275,-0.290428885032479,5.04775982712146,1,4.12673143000321,0.921028397118254,6.77613839285714,1,5.30658403490847,1.46955435794867,2.84360096005714
2013-11-25,336,0.39245831128863,1,0.436398891123558,-0.043940579834928,4.08206988191955,1,3.75722679220668,0.324843089712866,4.8099880952381,1,3.7757786481894,1.0342094470487,5.49441635804082
2013-12-09,336,0.323403701137609,1,0.399556886601669,-0.0761531854640594,4.08885415018223,1,3.40405932143541,0.68479482874681,4.53262648809524,1,2.9181872114787,1.61443927661654,4.52765181592653
2013-12-23,336,0.274652541918367,1,0.426014767425895,-0.151362225507528,4.17895734571788,1,3.10134789685248,1.0776094488654,6.40745089285714,1,2.62693200721766,3.78051888563948,3.84513558685714
2014-01-06,336,0.25003296636035,1,0.549751239702193,-0.299718273341843,4.30119538366147,1,2.87494376316697,1.4262516204945,6.37904166666667,1,2.7427605858632,3.63628108080347,3.5004615290449
2014-01-20,336,0.345661780990671,1,0.775931708456244,-0.430269927465573,4.40622269347596,1,2.75252689282432,1.65369580065164,8.12451339285714,1,3.08912237877246,5.03539101408469,4.83926493386939
2014-02-03,336,0.621629737609329,1,1.08935196483916,-0.467722227229826,3.33432979140207,1,2.73658734453188,0.59774244687019,2.81534523809524,1,3.536587150853,-0.721241912757765,8.70281632653061
2014-02-17,336,1.26898489862974,1,1.44964565518557,-0.180660756555835,2.61691768006806,1,2.82181011643785,-0.204892436369785,5.67758928571429,1,4.03027088229616,1.64731840341812,17.7657885808163
2014-03-03,336,2.22242207746356,1,1.79994726564698,0.422474811816573,2.57366111891799,1,2.99204287314855,-0.418381754230554,7.75394642857143,1,4.59860016820834,3.15534626036309,31.1139090844898
2014-03-17,336,2.12184073091545,1,2.07838206128055,0.0434586696349024,3.05677010274498,1,3.22378442051117,-0.167014317766191,5.91857291666667,1,5.33871849302091,0.57985442364576,29.7057702328163
2014-03-31,336,2.57485343923207,1,2.23111626881043,0.343737170421635,2.75591170028844,1,3.49065304551286,-0.734741345224426,6.05813988095238,1,6.3813089093186,-0.323169028366223,36.047948149249
2014-04-14,336,2.78261877358601,1,2.22405732453957,0.558561449046433,3.6884991924278,1,3.76786869875069,-0.0793695063228856,7.66337351190476,1,7.84359235889441,-0.180218846989646,38.9566628302041
2014-04-28,336,2.73553698794169,1,2.05057349540313,0.684963492538562,4.11333407840873,1,4.03581688254253,0.0775171958662035,10.337849702381,1,9.78219352801783,0.555656174363126,38.2975178311837
2014-05-12,336,1.20468554242583,1,1.7334784577623,-0.528792915336471,4.68699418290675,1,4.28200303616026,0.404991146746488,16.3997366071429,1,12.157780737787,4.24195586935588,16.8655975939616
2014-05-26,336,0.50979705748688,1,1.32080179020341,-0.811004732716526,4.79101125817765,1,4.50109751167496,0.289913746502696,20.675306547619,1,14.820823451539,5.85448309608006,7.13715880481633
2014-06-09,336,0.249442777994169,1,0.87625230037663,-0.626809522382461,4.90909933575469,1,4.69322242137213,0.215876914382563,21.5883511904762,1,17.5230470216262,4.06530416885001,3.49219889191837
2014-06-23,336,0.10026546388688,1,0.466463901815416,-0.366198437928536,5.02569367745032,1,4.86103907787166,0.164654599578662,22.780400297619,1,19.9532809600564,2.82711933756268,1.40371649441633
2014-07-07,336,0.0693773265830904,1,0.147825671243071,-0.0784483446599807,5.16466787886263,1,5.00646530117393,0.158202577688708,19.1747083333333,1,21.7907351422167,-2.61602680888339,0.971282572163265
2014-07-21,336,0.0821373721399417,1,-0.0442220807349795,0.126359452874921,5.25679381903852,1,5.12792410480977,0.128869714228757,26.4760625,1,22.7645927271004,3.71146977289964,1.14992320995918
2014-08-04,336,0.0472900429154519,1,-0.101112820473521,0.148402863388973,5.33308511363049,1,5.21888345003489,0.114201663595597,19.2579196428571,1,22.7071329317043,-3.44921328884715,0.662060600816326
2014-08-18,336,0.0485694511390801,0.99702380952381,-0.041075126367005,0.0896445775060852,5.36114400989875,1,5.26812435161849,0.0930196582802569,21.3722232142857,1,21.5887861823075,-0.21656296802178,0.679972315947122
2014-09-01,336,0.0560061234997085,1,0.0968146925321215,-0.0408085690324131,5.4101423782114,1,5.26174664746606,0.14839573074534,26.0056428571429,1,19.5273242632876,6.47831859385524,0.784085728995918
2014-09-15,336,0.229752630372595,1,0.262991485624442,-0.0332388552518469,5.46373852593114,1,5.18648759499502,0.277250930936118,12.7110193452381,1,16.7689521366885,-4.05793279145039,3.21653682521633
2014-09-29,336,0.332975502593003,1,0.409729786821808,-0.0767542842288049,5.25108039736193,1,5.03358915787165,0.217491239490282,19.9179226190476,1,13.6451485595793,6.27277405946835,4.66165703630204
2014-10-13,336,0.30033684921516,1,0.502575987243048,-0.202239138027888,5.15321924031153,1,4.80228494725862,0.350934293052903,9.63076934523809,1,10.5143339459904,-0.883564600752322,4.20471588901225
2014-10-27,336,0.461096717772595,1,0.528249707133213,-0.0671529893606181,4.71288152331211,1,4.50202711682881,0.210854406483299,8.54665476190476,1,7.70065227595504,0.846002485949722,6.45535404881633
2014-11-10,336,0.569670250093294,1,0.497212844970578,0.0724574051227164,4.27679000227959,1,4.15282800213642,0.123962000143175,3.89005952380952,1,5.44262327338208,-1.55256374957256,7.97538350130612
2014-11-24,336,0.779089775405248,1,0.440347853239108,0.33874192216614,3.65048000019679,1,3.7834948929347,-0.133014892737911,3.90546130952381,1,3.86205554988033,0.0434057596434769,10.9072568556735
2014-12-08,336,0.649413385137026,1,0.400555429866393,0.248857955270633,2.56457301527855,1,3.42799865773339,-0.863425642454841,2.72802380952381,1,2.95895612401741,-0.230932314493601,9.09178739191837
2014-12-22,336,0.668985027745539,1,0.421262957461284,0.247722070284256,2.61213101593247,1,3.12063378520425,-0.508502769271779,3.21090773809524,1,2.63228858793281,0.578619150162428,9.36579038843755
2015-01-05,336,0.531113125696793,1,0.537529376956131,-0.00641625125933742,2.82417838912442,1,2.88764878080784,-0.0634703916834236,2.61102976190476,1,2.72492900446881,-0.113899242564046,7.4355837597551
2015-01-19,336,0.651752200288863,1,0.756540159033565,-0.104787958744702,2.99884916453452,1,2.75775238603841,0.24109677849611,2.751875,1,3.05987557709062,-0.308000577090622,9.12453080404408
2015-02-02,336,1.16924895660175,1,1.06481468879612,0.104434267805633,2.73608395135673,1,2.73423973504977,0.00184421630696008,4.5120505952381,1,3.50292375011488,1.00912684512322,16.3694853924245
2015-02-16,336,1.21420312349038,1,1.4235092059434,-0.209306082453025,2.81765416279482,1,2.81266044244157,0.00499372035324486,4.55048660714286,1,3.99332298553186,0.557163621610999,16.9988437288653
2015-03-02,336,2.14941132776676,1,1.77659133787488,0.372819989891879,3.29488967894137,1,2.97753766696612,0.317352011975252,7.46135119047619,1,4.55375255672809,2.9075986337481,30.0917585887347
2015-03-16,336,2.30869127162099,1,2.06211336964021,0.24657790198078,4.08958700572587,1,3.20575322786101,0.883833777864862,7.7040193452381,1,5.27741052599907,2.42660881923902,32.3216778026939
2015-03-30,336,2.20574911952361,1,2.22524672489738,-0.0194976053737617,4.23259651545379,1,3.47097702384085,0.761619491612946,7.36462351190476,1,6.29406571024065,1.07055780166412,30.8804876733306
2015-04-13,336,2.60186468825073,1,2.23017291724078,0.371691771009947,4.11181562425451,1,3.74818080459424,0.363634819660269,9.40231845238095,1,7.72353301048124,1.67878544189972,36.4261056355102
2015-04-27,336,2.14554419359242,1,2.06815894349854,0.0773852500938834,4.14570470232869,1,4.01729446842149,0.128410233907197,10.74590625,1,9.62813992718684,1.11776632281316,30.0376187102939
2015-05-11,336,1.46994934161516,1,1.75998388031625,-0.290034538701089,3.5946134849736,1,4.26529057546927,-0.670677090495669,7.30981101190476,1,11.9761706128991,-4.66635960099438,20.5792907826122
2015-05-25,336,1.20033572691673,1,1.35213914343217,-0.151803416515438,3.60121473900233,1,4.48636603208287,-0.885151293080538,12.9097455357143,1,14.6258972814579,-1.71615174574358,16.8047001768343
2015-06-08,336,0.391106042191069,0.99702380952381,0.907613452110629,-0.51650740991956,3.8050052261227,1,4.68034022699614,-0.875335000873435,21.5672455357143,1,17.3351709762423,4.23207455947197,5.47548459067497
2015-06-22,336,0.161109812944023,1,0.493280662971407,-0.332170850027383,3.91667245256175,1,4.84980281121386,-0.933130358652105,25.41503125,1,19.7956972406473,5.61933400935273,2.25553738121633
2015-07-06,336,0.121357410559767,1,0.166661065145522,-0.0453036545857548,4.00904530412548,1,4.99682715859293,-0.987781854467449,15.4516071428571,1,21.6853992635577,-6.23379212070053,1.69900374783673
2015-07-20,336,0.0950253907172012,1,-0.0350455658413929,0.130070956558594,4.08242906842597,1,5.12015305784603,-1.03772398942006,21.9468883928571,1,22.7279799795792,-0.78109158672201,1.33035547004082
2015-08-03,336,0.101921354501458,1,-0.101282076528787,0.203203431030245,4.17723397094753,1,5.21361510819196,-1.03638113724443,18.7727083333333,1,22.7469219539905,-3.97421362065715,1.42689896302041
2015-08-17,336,0.0837782541341108,1,-0.0484962772477291,0.13227453138184,4.2525596026553,1,5.26628170919522,-1.01372210653992,21.3412023809524,1,21.7021493388435,-0.360946957891091,1.17289555787755
2015-08-31,336,0.0902539015661808,1,0.0854211853415359,0.00483271622464483,4.3417286684004,1,5.26434597482767,-0.922617306427272,24.2346979166667,1,19.7012116816933,4.53348623497333,1.26355462192653
2015-09-14,336,0.16113243667172,1,0.25125272943794,-0.0901202927662195,4.41390641029164,1,5.19437272530421,-0.780466315012576,19.9974196428571,1,16.9823255164839,3.01509412637325,2.25585411340408
2015-09-28,336,0.446440278858717,1,0.400735387176945,0.0457048916817723,4.47826837959415,1,5.04715662208058,-0.568888242486427,13.5348898809524,1,13.8726989094982,-0.337809028545843,6.25016390402204
2015-10-12,336,0.426377330005539,1,0.498150847419876,-0.0717735174143365,4.2361401884657,1,4.82126728581605,-0.585127097350353,14.8668199404762,1,10.730899005683,4.13592093479318,5.96928262007755
2015-10-26,336,0.453573876496093,1,0.528551568466152,-0.0749776919700589,3.96892898749437,1,4.5253909753901,-0.556461987895732,8.2610744047619,1,7.88540586992228,0.375668534839621,6.35003427094531
2015-11-09,336,0.521301394705539,1,0.500745409883899,0.0205559848216401,3.48622455299293,1,4.17881959492056,-0.692595041927635,4.13098363095238,1,5.58217197957496,-1.45118834862258,7.29821952587755
2015-11-23,336,0.465148695643032,1,0.444383675469149,0.0207650201738831,3.45540409993442,1,3.80983343693128,-0.354429336996866,4.03195089285714,1,3.95183282744385,0.0801180654132971,6.51208173900245
2015-12-07,336,0.541330149243148,1,0.401867585522495,0.139462563720653,3.10394449025562,1,3.45218563129904,-0.34824114104342,3.1112068452381,1,3.00269210914996,0.108514736088133,7.57862208940408
2015-12-21,336,0.454652035714286,1,0.416992594057802,0.0376594416564839,2.63363236144267,1,3.14031974479324,-0.50668738335057,2.39336011904762,1,2.63976679122493,-0.246406672177314,6.3651285
2016-01-04,336,0.580146808827988,1,0.52584868816735,0.0542981206606387,2.56590624062656,1,2.90086016186294,-0.334953921236382,2.79255505952381,1,2.70830874199831,0.0842463175254955,8.12205532359184
2016-01-18,336,0.608194527328863,1,0.737614617849832,-0.129420090520969,2.47643247487216,1,2.76352611351281,-0.287093638640655,2.73635267857143,1,3.03114860681918,-0.294795928247749,8.51472338260408
2016-02-01,336,1.00330084812595,1,1.0405421765665,-0.0372413284405477,2.66829598726371,1,2.73241696318173,-0.0641209759180175,5.41814732142857,1,3.46946521448941,1.94868210693916,14.0462118737633
2016-02-15,336,1.42410087879114,1,1.39734672749091,0.0267541513002312,2.7566415738867,1,2.80395516610012,-0.0473135922134142,5.43398065476191,1,3.9567013240299,1.47727933073201,19.9374123030759
2016-02-29,336,1.29120507429271,1,1.7528876377079,-0.461682563415194,2.63450996985372,1,2.963356978783,-0.328847008929285,3.83304910714286,1,4.50972153599128,-0.676672428848418,18.076871040098
2016-03-14,336,2.30942524400068,0.994047619047619,2.04521198186267,0.264213262138011,2.59355773824121,1,3.18791025160415,-0.594352513362947,5.22037202380952,1,5.21760159245186,0.00277043135766419,32.3319534160096
2016-03-28,336,2.59790733988942,0.99702380952381,2.218558214375,0.379349125514421,3.1081482919745,1,3.45135993508667,-0.343211643112174,6.34038988095238,1,6.20895365338975,0.131436227562634,36.3707027584518
2016-04-11,336,3.20185666348688,1,2.2354239269566,0.966432736530275,3.28420129276733,1,3.72844854384806,-0.444247251080731,7.78080654761905,1,7.60593882757747,0.174867720041579,44.8259932888163
2016-04-25,336,2.63287156990671,1,2.08498747899464,0.547884090912068,3.58296393746869,1,3.99866115139138,-0.415697213922691,7.49576785714286,1,9.47639672251312,-1.98062886537026,36.8602019786939
2016-05-09,336,2.30227933730379,1,1.78597360730615,0.516305729997644,4.13124630333111,1,4.24843831310888,-0.117192009777765,11.3416279761905,1,11.7961436759022,-0.454515699711678,32.2319107222531
2016-05-23,336,1.03552337797085,1,1.38328766902329,-0.347764291052448,4.4902222084904,1,4.4714950836356,0.0187271248548022,19.6572529761905,1,14.4313039616533,5.22594901453718,14.4973272915918
2016-06-06,336,0.240222927342857,1,0.939132738748413,-0.698909811405555,4.60980253195575,1,4.66733321939886,-0.0575306874431121,14.7326086309524,1,17.1460320644492,-2.41342343349682,3.3631209828
2016-06-20,336,0.148437253521866,1,0.520553807617491,-0.372116554095625,4.71099950423328,1,4.83845354697434,-0.127454042741061,27.184193452381,1,19.6351814652137,7.54901198716721,2.07812154930612
2016-07-04,336,0.127429778046647,1,0.18614538838944,-0.0587156103427924,4.84858504356061,1,4.98707028081374,-0.13848523725313,19.8277782738095,1,21.5756981196814,-1.74791984587186,1.78401689265306
2016-07-18,336,0.125879934542274,1,-0.0251661074363741,0.151046041978648,4.93122672590793,1,5.11223176322171,-0.181005037313779,28.5364330357143,1,22.6860853837661,5.85034765194816,1.76231908359184
2016-08-01,336,0.0984682910204082,1,-0.100834739464622,0.19930303048503,5.02038407750407,1,5.20813992223083,-0.187755844726762,21.5154330357143,1,22.7812197727681,-1.26578673705378,1.37855607428571
2016-08-15,336,0.0828276164081632,1,-0.055498573360159,0.138326189768322,5.07440508767899,1,5.26416036231479,-0.189755274635798,19.0878616071429,1,21.8105773875184,-2.72271578037558,1.15958662971429
2016-08-29,336,0.089165410425656,1,0.0741900605989446,0.0149753498267113,5.11873832918796,1,5.26659636483739,-0.14785803564943,17.3557782738095,1,19.8713975233062,-2.51561924949668,1.24831574595918
2016-09-12,336,0.102089473047813,1,0.239425057183116,-0.137335584135303,5.15579246578264,1,5.2018604005481,-0.0460679347654649,18.3528258928571,1,17.1936918365049,1.15913405635225,1.42925262266939
2016-09-26,336,0.132887971206997,1,0.391466245738886,-0.258578274531889,5.20179344631282,1,5.060318304811,0.141475141501816,16.5445773809524,1,14.1000983645875,2.44447901636492,1.86043159689796
2016-10-10,336,0.571068028466409,0.991071428571429,0.493373402040341,0.0776946264260688,3.89041594451189,1,4.83988793878514,-0.949471994273249,8.46933333333333,1,10.9490118933971,-2.47967856006377,7.99495239852973
2016-10-24,336,0.975314341075119,1,0.528547335900793,0.446767005174327,2.65862347661188,1,4.54849227261908,-1.8898687960072,4.87889732142857,1,8.07297637875988,-3.19407905733131,13.6544007750517
2016-11-07,336,1.10722559983032,1,0.504126698908761,0.60309890092156,2.78871477134535,1,4.20469443749058,-1.41597966614523,5.97336160714286,1,5.72520709148752,0.248154515655334,15.5011583976245
2016-11-21,336,0.836619161457726,1,0.448489514944784,0.388129646512942,2.50224518541479,1,3.83622951727967,-1.33398433186488,2.69530803571429,1,4.04513049570617,-1.34982245999189,11.7126682604082
2016-12-05,336,0.554620565545189,1,0.403478418771083,0.151142146774106,2.48320471265863,1,3.47660810197644,-0.993403389317804,2.07922916666667,1,3.04944655499152,-0.970217388324849,7.76468791763265
2016-12-19,336,0.572752024845481,1,0.413194806569124,0.159557218276357,2.50109303566164,1,3.16039623132296,-0.659303195661316,2.17447321428571,1,2.6494318448483,-0.474958630562589,8.01852834783674
2017-01-02,336,0.790849888436151,1,0.504110835733343,0.286739052702808,2.30276842162015,1,2.92877979400271,-0.626011372382553,1.44227083333333,1,2.67894226480047,-1.23667143146714,11.0718984381061
2017-01-16,336,NA,0.69047619047619,NA,NA,2.35954272949236,1,2.7767147448564,-0.417172015364034,2.38389136904762,1,2.97540961186443,-0.591518242816812,NA
2017-01-30,336,0.90375560620593,0.946428571428571,0.992862673238335,-0.0891070670324049,2.33064881928073,1,2.73036051755456,-0.399711698273832,2.66923660714286,1,3.40319703836016,-0.733960431217306,12.652578486883
2017-02-13,336,1.13823537774927,1,1.34503381080295,-0.206798433053678,2.36256391468874,1,2.78790681177232,-0.425342897083583,3.38261755952381,1,3.88434906199086,-0.501731502467052,15.9352952884898
2017-02-27,336,1.13857243341691,1,1.7045273474184,-0.565954914001491,2.50362046733049,1,2.93600664257132,-0.432386175240838,4.42801934523809,1,4.42393437893036,0.00408496630773758,15.9400140678367
2017-03-13,336,1.42894767857143,1,2.00958252316886,-0.580634844597436,2.61555990835352,1,3.15282804137644,-0.53726813302292,4.88800744047619,1,5.10228014293058,-0.214272702454394,20.0052675
2017-03-27,336,2.22166620577259,1,2.202760957071,0.0189052487015973,2.60562391947236,1,3.41233691666795,-0.806712997195581,6.47216220238095,1,6.04496945036895,0.427192752011998,31.1033268808163
2017-04-10,336,2.25873084180175,1,2.24332554769464,0.0154052941071119,2.49101561601068,1,3.68887603961505,-1.19786042360436,4.90985714285714,1,7.37810590670687,-2.46824876384972,31.6222317852245
2017-04-24,336,3.05836302636735,1,2.11632438938349,0.942038636983856,3.13054061714446,1,3.96107583639901,-0.830535219254545,8.86669345238095,1,9.1799576510822,-0.313264198701251,42.8170823691429
2017-05-08,336,2.63130267804665,1,1.83632336402463,0.794979314022021,4.25961454468109,1,4.21431833731924,0.0452962073618517,11.0585148809524,1,11.4411192261643,-0.382604345211902,36.8382374926531
2017-05-22,336,1.43517106776437,1,1.44491898404041,-0.00974791627603189,4.75022198378974,1,4.44133206302979,0.308889920759951,13.0985178571429,1,14.0435280601562,-0.945010203013316,20.0923949487012
2017-06-05,336,0.65764107933481,1,1.00254969083203,-0.344908611497221,4.77883555900358,1,4.6409401438169,0.137895415186679,16.2411101190476,1,16.7644451539396,-0.523335034892025,9.20697511068735
2017-06-19,336,0.188757162010496,1,0.576395279056294,-0.387638117045798,4.75888256383415,1,4.81541430933482,-0.0565317455006706,21.8724449404762,1,19.3058150940591,2.56662984641706,2.64260026814694
2017-07-03,336,0.144120672157434,1,0.227022592073132,-0.0829019199156973,4.86709959146514,1,4.96720504494414,-0.100105453479008,29.2185863095238,1,21.3435553318825,7.8750309776413,2.01768941020408
2017-07-17,336,0.126536857766764,1,-0.00329525480551296,0.129832112572277,4.97068675420527,1,5.09595087828661,-0.125264124081339,25.7076175595238,1,22.5866286173558,3.12098894216798,1.77151600873469
2017-07-31,336,0.114488340890379,1,-0.0980494222459041,0.212537763136283,4.99995230258918,1,5.19658778319208,-0.196635480602898,23.0444880952381,1,22.8333034511344,0.211184644103742,1.60283677246531
2017-08-14,336,0.144281260075802,1,-0.0681797532315256,0.212461013307327,4.99023958525779,1,5.25910278696596,-0.268863201708172,18.9810401785714,1,22.0123755669152,-3.03133538834373,2.01993764106122
2017-08-28,336,0.135475034011662,1,0.0522906423593322,0.0831843916523296,4.92658104055514,1,5.27006858463422,-0.343487544079075,26.6339181547619,1,20.2002406877193,6.43367746704258,1.89665047616327
2017-09-11,336,0.14169667696793,1,0.215568975414613,-0.0738722984466833,4.57237036485923,1,5.21565289100122,-0.643282526141988,13.1068288690476,1,17.6098833811758,-4.50305451212817,1.98375347755102
2017-09-25,336,0.102750822734694,1,0.372144492325634,-0.269393669590941,4.58244178401327,1,5.08542040274459,-0.502978618731319,17.6582976190476,1,14.5539197796559,3.10437783939173,1.43851151828571
2017-10-09,336,0.173455963738426,1,0.48276801430366,-0.309312050565234,4.63614150952733,1,4.87602445086014,-0.239882941332814,12.74965625,1,11.3894396498002,1.3602166001998,2.42838349233796
2017-10-23,336,0.280466287601458,1,0.527592153387242,-0.247125865785784,4.70587913673888,1,4.59387227417187,0.112006862567018,9.60426041666667,1,8.45627684806577,1.14798356860089,3.92652802642041
2017-11-06,336,0.490293071947522,1,0.510380260903707,-0.0200871889561849,4.36993212561655,1,4.25604753745366,0.113884588162891,4.52285416666667,1,6.02162776605278,-1.49877359938611,6.86410300726531
2017-11-20,336,0.558820554654227,1,0.456844092133693,0.101976462520535,2.61948629314231,1,3.88914276686784,-1.26965647372553,3.66903273809524,1,4.24235310177166,-0.573320363676421,7.82348776515918
2017-12-04,336,0.575036704805248,1,0.407534978303236,0.167501726502011,2.69917181736783,1,3.52611039116019,-0.826938573792361,4.86602232142857,1,3.15220776283766,1.71381455859091,8.05051386727347
2017-12-18,336,0.516241262713119,1,0.406978756621374,0.109262506091746,2.75239103942288,1,3.20168142230633,-0.449290382883457,3.60965773809524,1,2.67558157354925,0.934076164545984,7.22737767798367
2018-01-01,336,0.453291477795918,1,0.494051961011644,-0.0407604832157258,2.63715156953708,1,2.9434761436475,-0.306324574110428,2.28424404761905,1,2.66631846756457,-0.382074419945521,6.34608068914286
2018-01-15,336,0.731179791645481,1,0.68372881941955,0.0474509722259306,2.52337567955909,1,2.78412703797194,-0.260751358412852,2.22696130952381,1,2.94848007370088,-0.721518764177067,10.2365170830367
2018-01-29,336,1.20422164570846,1,0.969490068231817,0.234731577476638,2.72302757663615,1,2.73013338185875,-0.00710580522260607,5.37153273809524,1,3.37041024832565,2.00112248976959,16.8591030399184
2018-02-12,336,1.32355723402915,1,1.31892794712834,0.00462928690081799,3.09517271223359,1,2.78057770055176,0.314595011681827,4.88372172619048,1,3.84857962307782,1.03514210311265,18.5298012764082
2018-02-26,336,1.48261898502682,1,1.67991635907699,-0.197297374050167,2.72136927539339,1,2.92285549648049,-0.2014862210871,4.19400595238095,1,4.38209360035121,-0.188087647970262,20.7566657903755
2018-03-12,336,1.54108742901609,0.99702380952381,1.99089136323713,-0.449803934221037,2.42744536151878,1,3.13560841957002,-0.708163058051237,3.37707589285714,1,5.04666698210647,-1.66959108924933,21.5752240062253
2018-03-26,336,2.52632464688047,1,2.19367232902904,0.332652317851422,2.75568690491326,1,3.3929484870669,-0.637261582153641,7.32104315476191,1,5.96601698456372,1.35502617019819,35.3685450563265
2018-04-09,336,2.6649097162898,1,2.24597482665383,0.418934889635965,2.7990260831012,1,3.66904882602916,-0.870022742927958,5.83696577380952,1,7.26784098720144,-1.43087521339192,37.3087360280571
2018-04-23,336,3.01486349739359,1,2.13080983045731,0.884053666936279,3.5439026957143,1,3.94213134721676,-0.398228651502466,7.26357291666667,1,9.03531244786397,-1.77173953119731,42.2080889635102
2018-05-07,336,2.30819901007434,1,1.8606432753889,0.447555734685449,4.4182641976682,1,4.19705299636237,0.221211201305828,8.87688690476191,1,11.266254689289,-2.38936778452709,32.3147861410408
2018-05-21,336,1.4103418232435,1,1.47535249704212,-0.0650106737986196,4.67161120051225,1,4.4260388392186,0.245572361293653,12.8429375,1,13.8505467690615,-1.00760926906149,19.744785525409
2018-06-04,336,0.504856964309038,1,1.03439879474467,-0.529541830435631,4.68242121957996,1,4.62755174853088,0.0548694710490878,15.993181547619,1,16.5722355446792,-0.579053997060184,7.06799750032653
2018-06-18,336,0.197617833708455,1,0.604925309353077,-0.407307475644623,4.73401375804702,1,4.80372326292172,-0.069709504874699,21.1792961309524,1,19.1371978137041,2.04209831724825,2.76664967191837
2018-07-02,336,0.153893608897959,1,0.248394581823155,-0.0945009729251963,4.84245399716287,1,4.95709871689639,-0.11464471973352,23.6103764880952,1,21.2212976989101,2.38907878918512,2.15451052457143
2018-07-16,336,0.142430061411079,1,0.00869585186166058,0.133734209549418,4.92908599374142,1,5.08759717536029,-0.158511181618869,25.5533139880952,1,22.5291644188484,3.02414956924682,1.9940208597551
2018-07-30,336,0.138042032116618,1,-0.0956925103608559,0.233734542477474,5.01067029529719,1,5.1905199928032,-0.179849697506014,24.6090669642857,1,22.8510800678626,1.75798689642307,1.93258844963265
2018-08-13,336,0.129747273166181,1,-0.0738260524281938,0.203573325594375,5.06779036365661,1,5.25617716684112,-0.188386803184515,18.1547351190476,1,22.1056283762556,-3.95089325720795,1.81646182432653
2018-08-27,336,0.110767762758017,1,0.0416601764888006,0.0691075862692169,5.10424323937636,1,5.27129979276149,-0.167056553385127,16.6307663690476,1,20.3586924273217,-3.72792605827411,1.55074867861224
2018-09-10,336,0.106949387230321,1,0.203574354617344,-0.0966249673870233,5.14786058599662,1,5.22196295683989,-0.0741023708432698,16.9941443452381,1,17.8144511455696,-0.820306800331469,1.49729142122449
2018-09-24,336,0.0735155495177682,0.973214285714286,0.362113627031502,-0.288598077513734,5.17215643043408,1,5.09735952457005,0.0747969058640354,14.8277068452381,1,14.7800776757596,0.04762916947851,1.02921769324875
2018-10-08,336,0.155999925516551,0.791666666666667,0.476944891598735,-0.320944966082185,5.11890491434949,1,4.89353115803756,0.225373756311927,14.956287202381,1,11.6115284794156,3.34475872296538,2.18399895723171
2018-10-22,336,0.123825003675219,1,0.52662843712866,-0.402803433453441,5.06328300554455,1,4.61613414721899,0.447148858325556,11.6159136904762,1,8.65185351471041,2.96406017576578,1.73355005145306
2018-11-05,336,0.0730800820758018,1,0.513225873399181,-0.440145791323379,5.12100685887431,1,4.28150302625592,0.839503832618385,10.1169255952381,1,6.17495065669872,3.94197493853937,1.02312114906122
2018-11-19,336,0.466854953788338,1,0.461059432244687,0.00579552154365154,3.62759437240707,1,3.91563425918355,-0.288039886776481,4.26997767857143,1,4.34630393580519,-0.0763262572337622,6.53596935303673
2018-12-03,336,0.545604937205248,1,0.409949500589263,0.135655436615984,2.79556962743606,1,3.55116537530366,-0.755595747867605,3.3902068452381,1,3.20830841458987,0.18189843064823,7.63846912087347
2018-12-17,336,0.596771685083965,1,0.40454007915552,0.192231605928445,2.60562993279907,1,3.22286987498999,-0.617239942190911,2.87411755952381,1,2.69219456533077,0.181922994193044,8.35480359117551
2018-12-31,336,0.681010155918367,1,0.484530848239257,0.19647930767911,2.59480022786801,1,2.95865506165632,-0.363854833788317,3.46622172619048,1,2.65515065340493,0.811071072785546,9.53414218285714
2019-01-14,336,0.801592651000758,1,0.66675873856938,0.134833912431378,2.52850962619784,1,2.79208234308392,-0.263572716886081,3.09975,1,2.92223523747096,0.177514762529037,11.2222971140106
2019-01-28,336,0.796759324635569,1,0.946450965048022,-0.149691640412453,2.51497733292444,1,2.73044415095086,-0.21546681802642,2.61675297619048,1,3.33787401374497,-0.721121037554493,11.154630544898
2019-02-11,336,1.16292572359672,0.994047619047619,1.29288515573939,-0.129959432142662,2.38666639709616,1,2.77372090547461,-0.387054508378448,3.4310431547619,1,3.81305882547691,-0.382015670715008,16.2809601303541
2019-02-25,336,1.08943322609913,1,1.65504875137309,-0.565615525273968,2.35781001697377,1,2.91006585447011,-0.552255837496347,3.03470089285714,1,4.34090028327906,-1.30619939042192,15.2520651653878
2019-03-11,336,2.02373929978426,1,1.97164128700658,0.0520980127776767,2.65168410063016,1,3.11861622175689,-0.466932121126721,6.06938095238095,1,4.99235175435031,1.07702919803064,28.3323501969796
2019-03-25,336,1.88937800926531,1,2.18380494762439,-0.294426938359087,2.50533536317549,1,3.37365397828688,-0.868318615111386,4.35961458333333,1,5.88903519798093,-1.52942061464759,26.4512921297143
2019-04-08,336,2.88346205634402,1,2.24775685770492,0.635705198639101,2.82567398260627,1,3.64920330023761,-0.823529317631341,6.70208630952381,1,7.15998898865973,-0.457902679135916,40.3684687888163
2019-04-22,336,3.33221020404665,1,2.14449251424894,1.18771768979771,3.71339538622122,1,3.92309097474014,-0.209695588518918,10.3079523809524,1,8.89307899674923,1.41487338420315,46.6509428566531
2019-05-06,336,1.84902119443207,1,1.88436729618086,-0.0353461017487877,4.19308005336074,1,4.17965260712096,0.0134274462397812,6.35423958333333,1,11.0932392196424,-4.73899963630911,25.886296722049
2019-05-20,336,2.32240678850729,1,1.50549868087604,0.816908107631251,2.82981396641401,1,4.41060385551508,-1.58078988910107,7.65005952380952,1,13.6583007474455,-6.00824122363595,32.513695039102
2019-06-03,336,2.38506776244315,1,1.06630896013001,1.31875880231314,3.2715928035929,1,4.61403389810802,-1.34244109451513,19.1301607142857,1,16.3792396288729,2.75092108541279,33.3909486742041
2019-06-17,336,0.842020592893295,1,0.633835167249594,0.2081854256437,3.58949606638903,1,4.79191708255747,-1.20242101616844,18.3438779761905,1,18.9661148782255,-0.622236902035031,11.7882883005061
2019-07-01,336,0.419780512285714,1,0.270373736125966,0.149406776159748,3.76320483893855,1,4.94687771768988,-1.18367287875133,18.5497708333333,1,21.0950426316835,-2.54527179835016,5.876927172
2019-07-15,336,0.227804221574344,1,0.0213893196883355,0.206414901886009,3.86203733209201,1,5.07910499653418,-1.21706766444217,25.0948645833333,1,22.4666142061135,2.62825037721981,3.18925910204082
2019-07-29,336,0.151015821900875,1,-0.0926811708802736,0.243696992781148,3.94520040369157,1,5.1842636741635,-1.23906327047193,19.6908482142857,1,22.8633469907945,-3.17249877650877,2.11422150661224
2019-08-12,336,0.136369959271137,1,-0.0789883714992084,0.215358330770345,4.01045600783684,1,5.25299404502261,-1.24253803718577,23.4698675595238,1,22.1937115378707,1.2761560216531,1.90917942979592
2019-08-26,336,0.159773790474052,1,0.0312677000235787,0.128506090450474,4.07350521790542,1,5.27220080512592,-1.1986955872205,21.389650297619,1,20.5130316127206,0.876618684898446,2.23683306663673
2019-09-09,336,0.450195133591837,1,0.19155835354975,0.258636780042087,4.07735907435814,1,5.22788605627322,-1.15052698191509,16.0689955357143,1,18.0164971648206,-1.94750162910631,6.30273187028572
2019-09-23,336,0.40247979412828,1,0.351851487899472,0.0506283062288081,3.97745429171354,1,5.10889027128337,-1.13143597956983,13.1494806547619,1,15.0055567810171,-1.85607612625519,5.63471711779592
2019-10-07,336,0.192508571124315,1,0.470779099225672,-0.278270528101358,4.06478592187069,1,4.91065787665345,-0.845871954782757,13.673662202381,1,11.8347132390732,1.83894896330775,2.69511999574041
2019-10-21,336,0.134186990613061,1,0.525333113573204,-0.391146122960143,4.14680160377827,1,4.63809980538833,-0.491298201610062,14.2652648809524,1,8.84994060112827,5.41532427982411,1.87861786858286
2019-11-04,336,0.0768495219774927,1,0.515866926310715,-0.439017404333222,4.2075572007819,1,4.30679624336259,-0.0992390425806819,10.9504955357143,1,6.33163459795551,4.61886093775878,1.0758933076849
2019-11-18,336,0.267593052500292,1,0.465278040882128,-0.197684988381836,4.18340405209459,1,3.94213195345942,0.241272098635162,4.93431547619048,1,4.45382684560983,0.480488630580642,3.74630273500408
2019-12-02,336,0.682528595142857,1,0.412600337218025,0.269928257924832,2.58412409678341,1,3.57640620723773,-0.992282110454322,2.89061904761905,1,3.26761513164606,-0.376996084027016,9.555400332
2019-12-16,336,0.64126100587172,1,0.402533179971871,0.238727825899849,2.59535174869776,1,3.24440836657702,-0.649056617879263,3.68277083333333,1,2.71125084184906,0.971519991484269,8.97765408220408
2019-12-30,336,0.594125072989977,1,0.475544953419158,0.118580119570818,2.64231699166491,1,2.97430982409875,-0.331992832433837,2.12269345238095,1,2.64550201566887,-0.522808563287914,8.31775102185967
2020-01-13,336,0.617049792882682,1,0.650297009480537,-0.0332472165978553,2.56614218212444,1,2.8005785060972,-0.234436323972758,2.11440178571429,1,2.89672087145751,-0.78231908574322,8.63869710035755
2020-01-27,336,1.09794863260359,1,0.923761252220918,0.174187380382674,2.66139905732351,1,2.73129531961665,-0.0698962622931418,4.58319047619048,1,3.30560543055705,1.27758504563343,15.3712808564503
2020-02-10,336,1.44553822058309,1,1.2669271279552,0.178611092627894,2.95631485829153,1,2.76734284044177,0.18897201784976,6.61033333333333,1,3.77777241488448,2.83256091844885,20.2375350881633
2020-02-24,336,1.6351517774519,1,1.62994759952372,0.00520417792817507,3.30532328637407,1,2.8976466863944,0.407676599979672,7.56327232142857,1,4.30031525403616,3.26295706739241,22.8921248843265
2020-03-09,336,1.63603928875802,1,1.95185186269518,-0.315812573937163,2.94949153661597,1,3.10186128181729,-0.152369745201323,4.85129166666667,1,4.93928425891023,-0.0879925922435607,22.9045500426122
2020-03-23,336,1.86586039311953,1,2.1731706033315,-0.307310210211971,2.6632729472473,1,3.35446243238896,-0.691189485141655,4.01748660714286,1,5.8139807679432,-1.79649416080035,26.1220455036735
2020-04-06,336,2.34091155124104,0.991071428571429,2.24867296429872,0.0922385869423161,2.73801545510325,1,3.62934643592464,-0.891330980821394,5.57441666666667,1,7.05453093596792,-1.48011426930125,32.7727617173745
2020-04-20,336,3.32707702339942,1,2.15736280168842,1.169714221711,3.63655070342636,1,3.90395897241125,-0.267408268984887,10.1594211309524,1,8.7532752894503,1.40614584150208,46.5790783275918
2020-05-04,336,2.14179111162682,1,1.90747664706513,0.234314464561697,4.60250863521539,1,4.16211876998569,0.4403898652297,12.1300952380952,1,10.9221321940805,1.20796304401475,29.9850755627755
2020-05-18,336,1.88188726802799,1,1.53533336271246,0.34655390531553,4.62572976451368,1,4.39502677047004,0.230702994043637,15.9912886904762,1,13.4668854779334,2.52440321254276,26.3464217523918
2020-06-01,336,0.71254895697551,1,1.09825546975338,-0.385706512777871,4.73296158489976,1,4.60038544058076,0.132576144318993,18.4889404761905,1,16.1855747440262,2.30336573216426,9.97568539765714
2020-06-15,336,0.338613005020408,1,0.663104476694934,-0.324491471674526,4.79220380751891,1,4.77999503893566,0.0122087685832488,21.2630520833333,1,18.7926850688863,2.47036701444707,4.74058207028571
2020-06-29,336,0.236601051061224,1,0.292947873121957,-0.0563468220607326,4.91461719780498,1,4.93654273905327,-0.0219255412482902,24.8243258928571,1,20.9648880654489,3.85943782740825,3.31241471485714
2020-07-13,336,0.219195632099125,1,0.0347831499008144,0.184412482198311,5.01840438514193,1,5.07047694290915,-0.052072557767219,19.4446026785714,1,22.3990356985042,-2.95443301993273,3.06873884938775
2020-07-27,336,0.212042823271137,1,-0.0890075020863422,0.301050325357479,5.09719568948916,1,5.17782316765093,-0.0806274781617669,22.0861919642857,1,22.8701095127935,-0.78391754850777,2.96859952579592
2020-08-10,336,0.149563286344023,1,-0.0836513554486081,0.233214641792631,5.14017587275829,1,5.24955868699726,-0.109382814238971,30.1686324404762,1,22.2765755920643,7.89205684841188,2.09388600881633
2020-08-24,336,0.0986317831259475,1,0.0211320037460934,0.0774997793798541,5.21558654607901,1,5.27277652933387,-0.057189983254859,21.2062083333333,1,20.6631621841633,0.543046149170074,1.38084496376327
2020-09-07,336,0.0755748946548105,1,0.179538555415198,-0.103963660760387,5.28501287799372,1,5.23342528406013,0.0515875939335917,19.3805148809524,1,18.2158957341332,1.16461914681921,1.05804852516735
2020-09-21,336,0.0741073306339942,1,0.341370259136826,-0.267262928502832,5.31634496449423,1,5.12001264845637,0.196332316037859,22.6304583333333,1,15.2302239279944,7.40023440533893,1.03750262887592
2020-10-05,336,0.0572078782233236,1,0.464274647681352,-0.407066769458028,5.37701707722047,1,4.92740074883835,0.44961632838212,19.09721875,1,12.0588760315156,7.03834271848445,0.800910295126531
2020-10-19,336,0.0536601040005831,1,0.523701293015052,-0.470041189014469,5.45195450531913,1,4.6597614760021,0.792193029317029,14.7637946428571,1,9.05045402748271,5.71334061537443,0.751241456008163
2020-11-02,336,0.137690714802857,1,0.518291106032611,-0.380600391229754,5.53434052687512,1,4.33191623813293,1.20242428874219,8.56034226190476,1,6.49163994656808,2.06870231533668,1.92767000724
2020-11-16,336,0.403417000018076,1,0.469483502711795,-0.0660665026937195,4.8445050615871,1,3.96862313803792,0.875881923549183,5.11812351190476,1,4.56492739057431,0.553196121330456,5.64783800025306
2020-11-30,336,0.298139536443149,1,0.415471353171579,-0.11733181672843,4.5057385804761,1,3.60182025094928,0.903918329526823,6.44022470238095,1,3.33016989116387,3.11005481121708,4.17395351020408
2020-12-14,336,0.492486717364373,1,0.400946611812105,0.0915401055522683,3.72866634727997,1,3.26628623608604,0.462380111193933,2.51487797619048,1,2.73281289529634,-0.217934919105861,6.89481404310122
2020-12-28,336,0.522899161614577,1,0.459165332482146,0.0637338291324309,3.55359548712284,1,3.00701848531657,0.546577001806271,2.31435416666667,1,2.63101812277468,-0.31666395610801,7.32058826260408
2021-01-11,336,0.643306759095044,1,0.61892362364367,0.0243831354513734,3.56256421850288,1,2.81918309477007,0.743381123732805,5.27895089285714,1,2.84807509958655,2.43087579327059,9.00629462733061
2021-01-25,336,0.78600783391137,1,0.879490785708359,-0.0934829517969893,2.69712933105937,1,2.73462724723294,-0.0374979161735678,3.5844375,1,3.24195081829942,0.342486681700582,11.0041096747592
2021-02-08,336,0.935931949205248,1,1.21535070546539,-0.27941875626014,2.60623688620232,1,2.75604734556637,-0.14981045936405,3.83048511904762,1,3.70785641523734,0.122628703810281,13.1030472888735
2021-02-22,336,1.51092722529446,1,1.57913725883825,-0.0682100335437936,2.79687765558789,1,2.87395500113935,-0.0770773455514684,7.05311160714286,1,4.22082039159733,2.83229121554553,21.1529811541225
2021-03-08,336,1.52786831923732,1,1.91073524786409,-0.382866928626774,2.70775161733062,1,3.06910248106027,-0.36135086372965,3.78862202380952,1,4.83669284057675,-1.04807081676722,21.3901564693225
2021-03-22,336,2.74719745485131,1,2.14965151328565,0.597545941565666,2.90648082626631,1,3.31642491614833,-0.409944089882026,9.19834077380952,1,5.669475267111,3.52886550669853,38.4607643679184
2021-04-05,336,2.87164093672128,1,2.24791665455372,0.623724282167558,3.57431884421242,1,3.58962747132112,-0.0153086271086931,9.39924553571429,1,6.85070964703439,2.5485358886799,40.202973114098
2021-04-19,336,1.71237981771985,0.991071428571429,2.1806313848268,-0.468251567106952,4.46188795967057,1,3.86543809487277,0.596449864797804,10.8633214285714,1,8.4810146110219,2.38230681754953,23.9733174480778
2021-05-03,336,1.04023665362204,1,1.95177897845588,-0.91154232483384,4.78770317895359,1,4.12665801996835,0.661045158985234,17.2886741071429,1,10.5858664736222,6.70280763352063,14.5633131507086
2021-05-17,336,0.516026188374927,1,1.59397271265206,-1.07794652427713,4.91180807676651,1,4.36344545879135,0.548362617975163,13.5335729166667,1,13.0869180496357,0.446654867030993,7.22436663724898
2021-05-31,336,0.240927413930029,1,1.16215803288077,-0.921230618950745,4.97362707126228,1,4.57269218395546,0.400934887306824,18.3178630952381,1,15.796702636961,2.5211604582771,3.37298379502041
2021-06-14,336,0.130818022897959,1,0.722637688303836,-0.591819665405877,5.06850251712762,1,4.75580011062525,0.312702406502374,24.2041681547619,1,18.4392630439626,5.76490511079931,1.83145232057143
2021-06-28,336,0.107507793358601,1,0.339828994738667,-0.232321201380066,5.14428757371246,1,4.91553298845988,0.22875458525258,25.1768139880952,1,20.6932830379322,4.483530950163,1.50510910702041
2021-07-12,336,0.100453590419825,1,0.0636601741014122,0.0367934163184128,5.2258874940598,1,5.05282292073346,0.17306457332634,24.7984613095238,1,22.2490415212232,2.54941978830064,1.40635026587755
2021-07-26,336,0.0976144889387755,1,-0.0796448282516258,0.177259317190401,5.29831858538678,1,5.16440642743662,0.133912157950153,25.2989270833333,1,22.8671622485073,2.43176483482601,1.36660284514286
2021-08-09,336,0.0710967236700477,0.994047619047619,-0.0914199832551641,0.162516706925212,5.35945287653645,1,5.24195217968118,0.11750069685527,20.3239464285714,1,22.4264673793068,-2.10252095073533,0.995354131380667
2021-08-23,336,0.0953153832920117,1,0.0017056271987065,0.0936097560933052,5.41281401088465,1,5.27297210485262,0.139841906032024,23.1871205357143,1,20.9504276009127,2.23669293480159,1.33441536608816
2021-09-06,336,0.199849652404898,1,0.155559061942971,0.0442905904619267,5.43921414743231,1,5.24336537664283,0.195848770789481,22.7350029761905,1,18.6062549104995,4.12874806569095,2.79789513366857
2021-09-20,336,0.113824011463557,1,0.319801749708025,-0.205977738244468,5.49340518130659,1,5.14103358148813,0.352371599818467,19.7219568452381,1,15.6765885835262,4.04536826171191,1.5935361604898
2021-10-04,336,0.197081890892592,0.994047619047619,0.450268975971411,-0.253187085078819,5.57933406177332,1,4.95972095689047,0.619613104882849,13.7827470238095,1,12.5096553231145,1.27309170069501,2.75914647249629
2021-10-18,336,NA,0.589285714285714,NA,NA,NA,0.589285714285714,NA,NA,NA,0.589285714285714,NA,NA,NA
