"Site_ID","scale","variable","start","end","n_rows","n_valid_level","n_valid_analysis","fraction_valid_level","fraction_valid_analysis"
"US-A32","hourly","ET","2015-06-16 17:00:00","2017-06-15",17504,13700,13593,0.782678244972578,0.776565356489945
"US-A32","hourly","soil_water_potential","2015-06-16 17:00:00","2017-06-15",17504,15467,15442,0.883626599634369,0.882198354661792
"US-A32","hourly","VPD","2015-06-16 17:00:00","2017-06-15",17504,15467,15442,0.883626599634369,0.882198354661792
"US-A32","hourly","air_temperature","2015-06-16 17:00:00","2017-06-15",17504,15467,15442,0.883626599634369,0.882198354661792
"US-A32","hourly","net_radiation","2015-06-16 17:00:00","2017-06-15",17504,15324,15306,0.875457038391225,0.874428702010969
"US-A32","6_hourly","ET","2015-06-16 12:00:00","2017-06-15",2919,2254,2208,0.772182254196643,0.756423432682426
"US-A32","6_hourly","soil_water_potential","2015-06-16 12:00:00","2017-06-15",2919,2570,2554,0.880438506337787,0.874957177115451
"US-A32","6_hourly","VPD","2015-06-16 12:00:00","2017-06-15",2919,2570,2554,0.880438506337787,0.874957177115451
"US-A32","6_hourly","air_temperature","2015-06-16 12:00:00","2017-06-15",2919,2570,2554,0.880438506337787,0.874957177115451
"US-A32","6_hourly","net_radiation","2015-06-16 12:00:00","2017-06-15",2919,2549,2537,0.87324426173347,0.869133264816718
"US-A32","daily","ET","2015-06-16","2017-06-15",731,560,560,0.766073871409029,0.766073871409029
"US-A32","daily","soil_water_potential","2015-06-16","2017-06-15",731,640,640,0.875512995896033,0.875512995896033
"US-A32","daily","VPD","2015-06-16","2017-06-15",731,640,640,0.875512995896033,0.875512995896033
"US-A32","daily","air_temperature","2015-06-16","2017-06-15",731,640,640,0.875512995896033,0.875512995896033
"US-A32","daily","net_radiation","2015-06-16","2017-06-15",731,633,633,0.86593707250342,0.86593707250342
"US-A32","weekly","ET","2015-06-15","2017-06-12",105,78,78,0.742857142857143,0.742857142857143
"US-A32","weekly","soil_water_potential","2015-06-15","2017-06-12",105,91,91,0.866666666666667,0.866666666666667
"US-A32","weekly","VPD","2015-06-15","2017-06-12",105,91,91,0.866666666666667,0.866666666666667
"US-A32","weekly","air_temperature","2015-06-15","2017-06-12",105,91,91,0.866666666666667,0.866666666666667
"US-A32","weekly","net_radiation","2015-06-15","2017-06-12",105,90,90,0.857142857142857,0.857142857142857
"US-A32","monthly","ET","2015-06-01","2017-06-01",25,15,0,0.6,0
"US-A32","monthly","soil_water_potential","2015-06-01","2017-06-01",25,20,20,0.8,0.8
"US-A32","monthly","VPD","2015-06-01","2017-06-01",25,20,20,0.8,0.8
"US-A32","monthly","air_temperature","2015-06-01","2017-06-01",25,20,20,0.8,0.8
"US-A32","monthly","net_radiation","2015-06-01","2017-06-01",25,20,20,0.8,0.8
"US-A74","hourly","ET","2016-01-22 14:00:00","2017-10-23 06:00:00",15353,11456,11406,0.746173386308865,0.742916693805771
"US-A74","hourly","soil_water_potential","2016-01-22 14:00:00","2017-10-23 06:00:00",15353,13627,13619,0.8875789747932,0.887057903992705
"US-A74","hourly","VPD","2016-01-22 14:00:00","2017-10-23 06:00:00",15353,13868,13862,0.903276232658112,0.902885429557741
"US-A74","hourly","air_temperature","2016-01-22 14:00:00","2017-10-23 06:00:00",15353,13868,13862,0.903276232658112,0.902885429557741
"US-A74","hourly","net_radiation","2016-01-22 14:00:00","2017-10-23 06:00:00",15353,10881,10874,0.708721422523285,0.708265485572852
"US-A74","6_hourly","ET","2016-01-22 12:00:00","2017-10-23 06:00:00",2560,1899,1880,0.741796875,0.734375
"US-A74","6_hourly","soil_water_potential","2016-01-22 12:00:00","2017-10-23 06:00:00",2560,2269,2263,0.886328125,0.883984375
"US-A74","6_hourly","VPD","2016-01-22 12:00:00","2017-10-23 06:00:00",2560,2309,2305,0.901953125,0.900390625
"US-A74","6_hourly","air_temperature","2016-01-22 12:00:00","2017-10-23 06:00:00",2560,2309,2305,0.901953125,0.900390625
"US-A74","6_hourly","net_radiation","2016-01-22 12:00:00","2017-10-23 06:00:00",2560,1813,1806,0.708203125,0.70546875
"US-A74","daily","ET","2016-01-22","2017-10-23",641,475,475,0.741029641185647,0.741029641185647
"US-A74","daily","soil_water_potential","2016-01-22","2017-10-23",641,564,564,0.8798751950078,0.8798751950078
"US-A74","daily","VPD","2016-01-22","2017-10-23",641,575,575,0.897035881435257,0.897035881435257
"US-A74","daily","air_temperature","2016-01-22","2017-10-23",641,575,575,0.897035881435257,0.897035881435257
"US-A74","daily","net_radiation","2016-01-22","2017-10-23",641,450,450,0.702028081123245,0.702028081123245
"US-A74","weekly","ET","2016-01-18","2017-10-23",93,67,67,0.720430107526882,0.720430107526882
"US-A74","weekly","soil_water_potential","2016-01-18","2017-10-23",93,79,79,0.849462365591398,0.849462365591398
"US-A74","weekly","VPD","2016-01-18","2017-10-23",93,81,81,0.870967741935484,0.870967741935484
"US-A74","weekly","air_temperature","2016-01-18","2017-10-23",93,81,81,0.870967741935484,0.870967741935484
"US-A74","weekly","net_radiation","2016-01-18","2017-10-23",93,62,62,0.666666666666667,0.666666666666667
"US-A74","monthly","ET","2016-01-01","2017-10-01",22,13,0,0.590909090909091,0
"US-A74","monthly","soil_water_potential","2016-01-01","2017-10-01",22,16,0,0.727272727272727,0
"US-A74","monthly","VPD","2016-01-01","2017-10-01",22,17,0,0.772727272727273,0
"US-A74","monthly","air_temperature","2016-01-01","2017-10-01",22,17,0,0.772727272727273,0
"US-A74","monthly","net_radiation","2016-01-01","2017-10-01",22,11,0,0.5,0
"US-AR1","hourly","ET","2009-04-28 23:00:00","2012-12-31 05:00:00",32215,29427,29366,0.913456464379947,0.911562936520255
"US-AR1","hourly","soil_water_potential","2009-04-28 23:00:00","2012-12-31 05:00:00",32215,32060,32043,0.995188576749961,0.994660872264473
"US-AR1","hourly","VPD","2009-04-28 23:00:00","2012-12-31 05:00:00",32215,32056,32036,0.99506441098867,0.994443582182213
"US-AR1","hourly","air_temperature","2009-04-28 23:00:00","2012-12-31 05:00:00",32215,32060,32043,0.995188576749961,0.994660872264473
"US-AR1","hourly","net_radiation","2009-04-28 23:00:00","2012-12-31 05:00:00",32215,31024,31006,0.963029644575508,0.962470898649697
"US-AR1","6_hourly","ET","2009-04-28 18:00:00","2012-12-31",5370,4893,4871,0.911173184357542,0.90707635009311
"US-AR1","6_hourly","soil_water_potential","2009-04-28 18:00:00","2012-12-31",5370,5338,5328,0.994040968342644,0.992178770949721
"US-AR1","6_hourly","VPD","2009-04-28 18:00:00","2012-12-31",5370,5338,5328,0.994040968342644,0.992178770949721
"US-AR1","6_hourly","air_temperature","2009-04-28 18:00:00","2012-12-31",5370,5338,5328,0.994040968342644,0.992178770949721
"US-AR1","6_hourly","net_radiation","2009-04-28 18:00:00","2012-12-31",5370,5164,5151,0.961638733705773,0.959217877094972
"US-AR1","daily","ET","2009-04-28","2012-12-31",1344,1221,1221,0.908482142857143,0.908482142857143
"US-AR1","daily","soil_water_potential","2009-04-28","2012-12-31",1344,1334,1334,0.992559523809524,0.992559523809524
"US-AR1","daily","VPD","2009-04-28","2012-12-31",1344,1334,1334,0.992559523809524,0.992559523809524
"US-AR1","daily","air_temperature","2009-04-28","2012-12-31",1344,1334,1334,0.992559523809524,0.992559523809524
"US-AR1","daily","net_radiation","2009-04-28","2012-12-31",1344,1287,1287,0.957589285714286,0.957589285714286
"US-AR1","weekly","ET","2009-04-27","2012-12-31",193,174,174,0.901554404145078,0.901554404145078
"US-AR1","weekly","soil_water_potential","2009-04-27","2012-12-31",193,190,190,0.984455958549223,0.984455958549223
"US-AR1","weekly","VPD","2009-04-27","2012-12-31",193,190,190,0.984455958549223,0.984455958549223
"US-AR1","weekly","air_temperature","2009-04-27","2012-12-31",193,190,190,0.984455958549223,0.984455958549223
"US-AR1","weekly","net_radiation","2009-04-27","2012-12-31",193,183,183,0.948186528497409,0.948186528497409
"US-AR1","monthly","ET","2009-04-01","2012-12-01",45,40,40,0.888888888888889,0.888888888888889
"US-AR1","monthly","soil_water_potential","2009-04-01","2012-12-01",45,44,44,0.977777777777778,0.977777777777778
"US-AR1","monthly","VPD","2009-04-01","2012-12-01",45,44,44,0.977777777777778,0.977777777777778
"US-AR1","monthly","air_temperature","2009-04-01","2012-12-01",45,44,44,0.977777777777778,0.977777777777778
"US-AR1","monthly","net_radiation","2009-04-01","2012-12-01",45,42,42,0.933333333333333,0.933333333333333
"US-AR2","hourly","ET","2009-04-29 02:00:00","2012-08-03 05:00:00",28612,26975,26873,0.942786243534182,0.939221305745841
"US-AR2","hourly","soil_water_potential","2009-04-29 02:00:00","2012-08-03 05:00:00",28612,25599,25593,0.894694533762058,0.894484831539214
"US-AR2","hourly","VPD","2009-04-29 02:00:00","2012-08-03 05:00:00",28612,27291,27283,0.953830560603942,0.953550957640151
"US-AR2","hourly","air_temperature","2009-04-29 02:00:00","2012-08-03 05:00:00",28612,27291,27283,0.953830560603942,0.953550957640151
"US-AR2","hourly","net_radiation","2009-04-29 02:00:00","2012-08-03 05:00:00",28612,27231,27225,0.951733538375507,0.951523836152663
"US-AR2","6_hourly","ET","2009-04-29","2012-08-03",4769,4481,4454,0.939609981128119,0.93394841685888
"US-AR2","6_hourly","soil_water_potential","2009-04-29","2012-08-03",4769,4265,4261,0.894317466974208,0.893478716712099
"US-AR2","6_hourly","VPD","2009-04-29","2012-08-03",4769,4547,4542,0.953449360452925,0.952400922625288
"US-AR2","6_hourly","air_temperature","2009-04-29","2012-08-03",4769,4547,4542,0.953449360452925,0.952400922625288
"US-AR2","6_hourly","net_radiation","2009-04-29","2012-08-03",4769,4538,4534,0.951562172363179,0.950723422101069
"US-AR2","daily","ET","2009-04-29","2012-08-03",1193,1122,1122,0.940486169321039,0.940486169321039
"US-AR2","daily","soil_water_potential","2009-04-29","2012-08-03",1193,1065,1065,0.892707460184409,0.892707460184409
"US-AR2","daily","VPD","2009-04-29","2012-08-03",1193,1135,1135,0.95138306789606,0.95138306789606
"US-AR2","daily","air_temperature","2009-04-29","2012-08-03",1193,1135,1135,0.95138306789606,0.95138306789606
"US-AR2","daily","net_radiation","2009-04-29","2012-08-03",1193,1134,1134,0.950544844928751,0.950544844928751
"US-AR2","weekly","ET","2009-04-27","2012-07-30",171,158,158,0.923976608187134,0.923976608187134
"US-AR2","weekly","soil_water_potential","2009-04-27","2012-07-30",171,150,150,0.87719298245614,0.87719298245614
"US-AR2","weekly","VPD","2009-04-27","2012-07-30",171,159,159,0.929824561403509,0.929824561403509
"US-AR2","weekly","air_temperature","2009-04-27","2012-07-30",171,159,159,0.929824561403509,0.929824561403509
"US-AR2","weekly","net_radiation","2009-04-27","2012-07-30",171,159,159,0.929824561403509,0.929824561403509
"US-AR2","monthly","ET","2009-04-01","2012-08-01",41,36,36,0.878048780487805,0.878048780487805
"US-AR2","monthly","soil_water_potential","2009-04-01","2012-08-01",41,34,34,0.829268292682927,0.829268292682927
"US-AR2","monthly","VPD","2009-04-01","2012-08-01",41,36,36,0.878048780487805,0.878048780487805
"US-AR2","monthly","air_temperature","2009-04-01","2012-08-01",41,36,36,0.878048780487805,0.878048780487805
"US-AR2","monthly","net_radiation","2009-04-01","2012-08-01",41,36,36,0.878048780487805,0.878048780487805
"US-ARM","hourly","ET","2003-01-01 17:00:00","2023-12-31 23:00:00",184063,173128,172642,0.940590993301207,0.937950593003482
"US-ARM","hourly","soil_water_potential","2003-01-01 17:00:00","2023-12-31 23:00:00",184063,156647,156211,0.851050998842788,0.848682244666228
"US-ARM","hourly","VPD","2003-01-01 17:00:00","2023-12-31 23:00:00",184063,169185,168979,0.919168980186132,0.918049798166932
"US-ARM","hourly","air_temperature","2003-01-01 17:00:00","2023-12-31 23:00:00",184063,169277,169087,0.919668809049076,0.918636553788649
"US-ARM","hourly","net_radiation","2003-01-01 17:00:00","2023-12-31 23:00:00",184063,128309,128186,0.697092843211292,0.696424593753226
"US-ARM","6_hourly","ET","2003-01-01 12:00:00","2023-12-31 18:00:00",30678,28737,28460,0.936729904165852,0.927700632374992
"US-ARM","6_hourly","soil_water_potential","2003-01-01 12:00:00","2023-12-31 18:00:00",30678,26009,25784,0.847806245517961,0.840471999478454
"US-ARM","6_hourly","VPD","2003-01-01 12:00:00","2023-12-31 18:00:00",30678,28149,28004,0.91756307451594,0.912836560401591
"US-ARM","6_hourly","air_temperature","2003-01-01 12:00:00","2023-12-31 18:00:00",30678,28170,28035,0.918247604146294,0.913847056522589
"US-ARM","6_hourly","net_radiation","2003-01-01 12:00:00","2023-12-31 18:00:00",30678,21365,21256,0.696427407262533,0.692874372514505
"US-ARM","daily","ET","2003-01-01","2023-12-31",7670,7160,7160,0.933507170795306,0.933507170795306
"US-ARM","daily","soil_water_potential","2003-01-01","2023-12-31",7670,6461,6461,0.842372881355932,0.842372881355932
"US-ARM","daily","VPD","2003-01-01","2023-12-31",7670,6992,6992,0.911603650586701,0.911603650586701
"US-ARM","daily","air_temperature","2003-01-01","2023-12-31",7670,6998,6998,0.91238591916558,0.91238591916558
"US-ARM","daily","net_radiation","2003-01-01","2023-12-31",7670,5332,5332,0.695176010430248,0.695176010430248
"US-ARM","weekly","ET","2002-12-30","2023-12-25",1096,1025,1025,0.93521897810219,0.93521897810219
"US-ARM","weekly","soil_water_potential","2002-12-30","2023-12-25",1096,919,919,0.838503649635037,0.838503649635037
"US-ARM","weekly","VPD","2002-12-30","2023-12-25",1096,1001,1001,0.913321167883212,0.913321167883212
"US-ARM","weekly","air_temperature","2002-12-30","2023-12-25",1096,1001,1001,0.913321167883212,0.913321167883212
"US-ARM","weekly","net_radiation","2002-12-30","2023-12-25",1096,756,756,0.68978102189781,0.68978102189781
"US-ARM","monthly","ET","2003-01-01","2023-12-01",252,239,239,0.948412698412698,0.948412698412698
"US-ARM","monthly","soil_water_potential","2003-01-01","2023-12-01",252,208,208,0.825396825396825,0.825396825396825
"US-ARM","monthly","VPD","2003-01-01","2023-12-01",252,233,233,0.924603174603175,0.924603174603175
"US-ARM","monthly","air_temperature","2003-01-01","2023-12-01",252,233,233,0.924603174603175,0.924603174603175
"US-ARM","monthly","net_radiation","2003-01-01","2023-12-01",252,175,175,0.694444444444444,0.694444444444444
"US-ARb","hourly","ET","2005-03-08 18:00:00","2006-11-01 05:00:00",14460,14280,14236,0.987551867219917,0.984508990318119
"US-ARb","hourly","soil_water_potential","2005-03-08 18:00:00","2006-11-01 05:00:00",14460,0,0,0,0
"US-ARb","hourly","VPD","2005-03-08 18:00:00","2006-11-01 05:00:00",14460,14445,14442,0.99896265560166,0.998755186721992
"US-ARb","hourly","air_temperature","2005-03-08 18:00:00","2006-11-01 05:00:00",14460,14445,14442,0.99896265560166,0.998755186721992
"US-ARb","hourly","net_radiation","2005-03-08 18:00:00","2006-11-01 05:00:00",14460,14413,14409,0.996749654218534,0.996473029045643
"US-ARb","6_hourly","ET","2005-03-08 18:00:00","2006-11-01",2410,2375,2360,0.985477178423237,0.979253112033195
"US-ARb","6_hourly","soil_water_potential","2005-03-08 18:00:00","2006-11-01",2410,0,0,0,0
"US-ARb","6_hourly","VPD","2005-03-08 18:00:00","2006-11-01",2410,2408,2406,0.999170124481328,0.998340248962656
"US-ARb","6_hourly","air_temperature","2005-03-08 18:00:00","2006-11-01",2410,2408,2406,0.999170124481328,0.998340248962656
"US-ARb","6_hourly","net_radiation","2005-03-08 18:00:00","2006-11-01",2410,2401,2397,0.996265560165975,0.994605809128631
"US-ARb","daily","ET","2005-03-08","2006-11-01",604,593,593,0.981788079470199,0.981788079470199
"US-ARb","daily","soil_water_potential","2005-03-08","2006-11-01",604,0,0,0,0
"US-ARb","daily","VPD","2005-03-08","2006-11-01",604,601,601,0.995033112582781,0.995033112582781
"US-ARb","daily","air_temperature","2005-03-08","2006-11-01",604,601,601,0.995033112582781,0.995033112582781
"US-ARb","daily","net_radiation","2005-03-08","2006-11-01",604,601,601,0.995033112582781,0.995033112582781
"US-ARb","weekly","ET","2005-03-07","2006-10-30",87,84,84,0.96551724137931,0.96551724137931
"US-ARb","weekly","soil_water_potential","2005-03-07","2006-10-30",87,0,0,0,0
"US-ARb","weekly","VPD","2005-03-07","2006-10-30",87,85,85,0.977011494252874,0.977011494252874
"US-ARb","weekly","air_temperature","2005-03-07","2006-10-30",87,85,85,0.977011494252874,0.977011494252874
"US-ARb","weekly","net_radiation","2005-03-07","2006-10-30",87,85,85,0.977011494252874,0.977011494252874
"US-ARb","monthly","ET","2005-03-01","2006-11-01",21,19,19,0.904761904761905,0.904761904761905
"US-ARb","monthly","soil_water_potential","2005-03-01","2006-11-01",21,0,0,0,0
"US-ARb","monthly","VPD","2005-03-01","2006-11-01",21,19,19,0.904761904761905,0.904761904761905
"US-ARb","monthly","air_temperature","2005-03-01","2006-11-01",21,19,19,0.904761904761905,0.904761904761905
"US-ARb","monthly","net_radiation","2005-03-01","2006-11-01",21,19,19,0.904761904761905,0.904761904761905
"US-ARc","hourly","ET","2005-03-07 22:00:00","2006-11-01 05:00:00",14480,14475,14470,0.999654696132597,0.999309392265193
"US-ARc","hourly","soil_water_potential","2005-03-07 22:00:00","2006-11-01 05:00:00",14480,0,0,0,0
"US-ARc","hourly","VPD","2005-03-07 22:00:00","2006-11-01 05:00:00",14480,14478,14476,0.999861878453039,0.999723756906077
"US-ARc","hourly","air_temperature","2005-03-07 22:00:00","2006-11-01 05:00:00",14480,14478,14476,0.999861878453039,0.999723756906077
"US-ARc","hourly","net_radiation","2005-03-07 22:00:00","2006-11-01 05:00:00",14480,14455,14452,0.998273480662983,0.998066298342541
"US-ARc","6_hourly","ET","2005-03-07 18:00:00","2006-11-01",2414,2412,2410,0.99917149958575,0.9983429991715
"US-ARc","6_hourly","soil_water_potential","2005-03-07 18:00:00","2006-11-01",2414,0,0,0,0
"US-ARc","6_hourly","VPD","2005-03-07 18:00:00","2006-11-01",2414,2412,2410,0.99917149958575,0.9983429991715
"US-ARc","6_hourly","air_temperature","2005-03-07 18:00:00","2006-11-01",2414,2412,2410,0.99917149958575,0.9983429991715
"US-ARc","6_hourly","net_radiation","2005-03-07 18:00:00","2006-11-01",2414,2409,2408,0.997928748964374,0.997514498757249
"US-ARc","daily","ET","2005-03-07","2006-11-01",605,603,603,0.996694214876033,0.996694214876033
"US-ARc","daily","soil_water_potential","2005-03-07","2006-11-01",605,0,0,0,0
"US-ARc","daily","VPD","2005-03-07","2006-11-01",605,603,603,0.996694214876033,0.996694214876033
"US-ARc","daily","air_temperature","2005-03-07","2006-11-01",605,603,603,0.996694214876033,0.996694214876033
"US-ARc","daily","net_radiation","2005-03-07","2006-11-01",605,602,602,0.99504132231405,0.99504132231405
"US-ARc","weekly","ET","2005-03-07","2006-10-30",87,86,86,0.988505747126437,0.988505747126437
"US-ARc","weekly","soil_water_potential","2005-03-07","2006-10-30",87,0,0,0,0
"US-ARc","weekly","VPD","2005-03-07","2006-10-30",87,86,86,0.988505747126437,0.988505747126437
"US-ARc","weekly","air_temperature","2005-03-07","2006-10-30",87,86,86,0.988505747126437,0.988505747126437
"US-ARc","weekly","net_radiation","2005-03-07","2006-10-30",87,86,86,0.988505747126437,0.988505747126437
"US-ARc","monthly","ET","2005-03-01","2006-11-01",21,20,20,0.952380952380952,0.952380952380952
"US-ARc","monthly","soil_water_potential","2005-03-01","2006-11-01",21,0,0,0,0
"US-ARc","monthly","VPD","2005-03-01","2006-11-01",21,20,20,0.952380952380952,0.952380952380952
"US-ARc","monthly","air_temperature","2005-03-01","2006-11-01",21,20,20,0.952380952380952,0.952380952380952
"US-ARc","monthly","net_radiation","2005-03-01","2006-11-01",21,20,20,0.952380952380952,0.952380952380952
"US-ASH","hourly","ET","2016-09-30 23:00:00","2016-12-31 23:00:00",2209,1953,1951,0.884110457220462,0.883205070167497
"US-ASH","hourly","soil_water_potential","2016-09-30 23:00:00","2016-12-31 23:00:00",2209,0,0,0,0
"US-ASH","hourly","VPD","2016-09-30 23:00:00","2016-12-31 23:00:00",2209,2201,2199,0.996378451788139,0.995473064735174
"US-ASH","hourly","air_temperature","2016-09-30 23:00:00","2016-12-31 23:00:00",2209,2201,2199,0.996378451788139,0.995473064735174
"US-ASH","hourly","net_radiation","2016-09-30 23:00:00","2016-12-31 23:00:00",2209,1934,1932,0.875509280217293,0.874603893164328
"US-ASH","6_hourly","ET","2016-09-30 18:00:00","2016-12-31 18:00:00",369,325,324,0.880758807588076,0.878048780487805
"US-ASH","6_hourly","soil_water_potential","2016-09-30 18:00:00","2016-12-31 18:00:00",369,0,0,0,0
"US-ASH","6_hourly","VPD","2016-09-30 18:00:00","2016-12-31 18:00:00",369,366,364,0.991869918699187,0.986449864498645
"US-ASH","6_hourly","air_temperature","2016-09-30 18:00:00","2016-12-31 18:00:00",369,366,364,0.991869918699187,0.986449864498645
"US-ASH","6_hourly","net_radiation","2016-09-30 18:00:00","2016-12-31 18:00:00",369,322,320,0.872628726287263,0.867208672086721
"US-ASH","daily","ET","2016-09-30","2016-12-31",93,81,81,0.870967741935484,0.870967741935484
"US-ASH","daily","soil_water_potential","2016-09-30","2016-12-31",93,0,0,0,0
"US-ASH","daily","VPD","2016-09-30","2016-12-31",93,91,91,0.978494623655914,0.978494623655914
"US-ASH","daily","air_temperature","2016-09-30","2016-12-31",93,91,91,0.978494623655914,0.978494623655914
"US-ASH","daily","net_radiation","2016-09-30","2016-12-31",93,80,80,0.860215053763441,0.860215053763441
"US-ASH","weekly","ET","2016-09-26","2016-12-26",14,12,0,0.857142857142857,0
"US-ASH","weekly","soil_water_potential","2016-09-26","2016-12-26",14,0,0,0,0
"US-ASH","weekly","VPD","2016-09-26","2016-12-26",14,13,0,0.928571428571429,0
"US-ASH","weekly","air_temperature","2016-09-26","2016-12-26",14,13,0,0.928571428571429,0
"US-ASH","weekly","net_radiation","2016-09-26","2016-12-26",14,12,0,0.857142857142857,0
"US-ASH","monthly","ET","2016-09-01","2016-12-01",4,2,0,0.5,0
"US-ASH","monthly","soil_water_potential","2016-09-01","2016-12-01",4,0,0,0,0
"US-ASH","monthly","VPD","2016-09-01","2016-12-01",4,3,0,0.75,0
"US-ASH","monthly","air_temperature","2016-09-01","2016-12-01",4,3,0,0.75,0
"US-ASH","monthly","net_radiation","2016-09-01","2016-12-01",4,2,0,0.5,0
"US-ASM","hourly","ET","2016-09-30 19:00:00","2016-12-31 23:00:00",2213,2213,2212,1,0.999548124717578
"US-ASM","hourly","soil_water_potential","2016-09-30 19:00:00","2016-12-31 23:00:00",2213,0,0,0,0
"US-ASM","hourly","VPD","2016-09-30 19:00:00","2016-12-31 23:00:00",2213,2213,2212,1,0.999548124717578
"US-ASM","hourly","air_temperature","2016-09-30 19:00:00","2016-12-31 23:00:00",2213,2213,2212,1,0.999548124717578
"US-ASM","hourly","net_radiation","2016-09-30 19:00:00","2016-12-31 23:00:00",2213,2181,2178,0.985539990962494,0.984184365115228
"US-ASM","6_hourly","ET","2016-09-30 18:00:00","2016-12-31 18:00:00",369,369,368,1,0.997289972899729
"US-ASM","6_hourly","soil_water_potential","2016-09-30 18:00:00","2016-12-31 18:00:00",369,0,0,0,0
"US-ASM","6_hourly","VPD","2016-09-30 18:00:00","2016-12-31 18:00:00",369,369,368,1,0.997289972899729
"US-ASM","6_hourly","air_temperature","2016-09-30 18:00:00","2016-12-31 18:00:00",369,369,368,1,0.997289972899729
"US-ASM","6_hourly","net_radiation","2016-09-30 18:00:00","2016-12-31 18:00:00",369,363,360,0.983739837398374,0.975609756097561
"US-ASM","daily","ET","2016-09-30","2016-12-31",93,92,92,0.989247311827957,0.989247311827957
"US-ASM","daily","soil_water_potential","2016-09-30","2016-12-31",93,0,0,0,0
"US-ASM","daily","VPD","2016-09-30","2016-12-31",93,92,92,0.989247311827957,0.989247311827957
"US-ASM","daily","air_temperature","2016-09-30","2016-12-31",93,92,92,0.989247311827957,0.989247311827957
"US-ASM","daily","net_radiation","2016-09-30","2016-12-31",93,90,90,0.967741935483871,0.967741935483871
"US-ASM","weekly","ET","2016-09-26","2016-12-26",14,13,0,0.928571428571429,0
"US-ASM","weekly","soil_water_potential","2016-09-26","2016-12-26",14,0,0,0,0
"US-ASM","weekly","VPD","2016-09-26","2016-12-26",14,13,0,0.928571428571429,0
"US-ASM","weekly","air_temperature","2016-09-26","2016-12-26",14,13,0,0.928571428571429,0
"US-ASM","weekly","net_radiation","2016-09-26","2016-12-26",14,13,0,0.928571428571429,0
"US-ASM","monthly","ET","2016-09-01","2016-12-01",4,3,0,0.75,0
"US-ASM","monthly","soil_water_potential","2016-09-01","2016-12-01",4,0,0,0,0
"US-ASM","monthly","VPD","2016-09-01","2016-12-01",4,3,0,0.75,0
"US-ASM","monthly","air_temperature","2016-09-01","2016-12-01",4,3,0,0.75,0
"US-ASM","monthly","net_radiation","2016-09-01","2016-12-01",4,3,0,0.75,0
"US-Akn","hourly","ET","2011-02-15 15:00:00","2022-04-27 05:00:00",98127,63582,62963,0.647956220000611,0.641648068319627
"US-Akn","hourly","soil_water_potential","2011-02-15 15:00:00","2022-04-27 05:00:00",98127,0,0,0,0
"US-Akn","hourly","VPD","2011-02-15 15:00:00","2022-04-27 05:00:00",98127,47218,47039,0.481192740020586,0.479368573379396
"US-Akn","hourly","air_temperature","2011-02-15 15:00:00","2022-04-27 05:00:00",98127,47611,47546,0.48519775393113,0.484535347050251
"US-Akn","hourly","net_radiation","2011-02-15 15:00:00","2022-04-27 05:00:00",98127,0,0,0,0
"US-Akn","6_hourly","ET","2011-02-15 12:00:00","2022-04-27",16355,10405,10077,0.636196881687557,0.616141852644451
"US-Akn","6_hourly","soil_water_potential","2011-02-15 12:00:00","2022-04-27",16355,0,0,0,0
"US-Akn","6_hourly","VPD","2011-02-15 12:00:00","2022-04-27",16355,7813,7733,0.477713237542036,0.472821767043718
"US-Akn","6_hourly","air_temperature","2011-02-15 12:00:00","2022-04-27",16355,7917,7893,0.48407214918985,0.482604708040355
"US-Akn","6_hourly","net_radiation","2011-02-15 12:00:00","2022-04-27",16355,0,0,0,0
"US-Akn","daily","ET","2011-02-15","2022-04-27",4090,2596,2596,0.634718826405868,0.634718826405868
"US-Akn","daily","soil_water_potential","2011-02-15","2022-04-27",4090,0,0,0,0
"US-Akn","daily","VPD","2011-02-15","2022-04-27",4090,1962,1962,0.479706601466993,0.479706601466993
"US-Akn","daily","air_temperature","2011-02-15","2022-04-27",4090,1976,1976,0.483129584352078,0.483129584352078
"US-Akn","daily","net_radiation","2011-02-15","2022-04-27",4090,0,0,0,0
"US-Akn","weekly","ET","2011-02-14","2022-04-25",585,373,373,0.637606837606838,0.637606837606838
"US-Akn","weekly","soil_water_potential","2011-02-14","2022-04-25",585,0,0,0,0
"US-Akn","weekly","VPD","2011-02-14","2022-04-25",585,276,276,0.471794871794872,0.471794871794872
"US-Akn","weekly","air_temperature","2011-02-14","2022-04-25",585,277,277,0.473504273504273,0.473504273504273
"US-Akn","weekly","net_radiation","2011-02-14","2022-04-25",585,0,0,0,0
"US-Akn","monthly","ET","2011-02-01","2022-04-01",135,83,83,0.614814814814815,0.614814814814815
"US-Akn","monthly","soil_water_potential","2011-02-01","2022-04-01",135,0,0,0,0
"US-Akn","monthly","VPD","2011-02-01","2022-04-01",135,61,61,0.451851851851852,0.451851851851852
"US-Akn","monthly","air_temperature","2011-02-01","2022-04-01",135,61,61,0.451851851851852,0.451851851851852
"US-Akn","monthly","net_radiation","2011-02-01","2022-04-01",135,0,0,0,0
"US-BRG","hourly","ET","2016-01-04 15:00:00","2020-11-12 04:00:00",42566,25259,25089,0.593407884226848,0.589414086360006
"US-BRG","hourly","soil_water_potential","2016-01-04 15:00:00","2020-11-12 04:00:00",42566,33816,33723,0.794436874500775,0.792252032138326
"US-BRG","hourly","VPD","2016-01-04 15:00:00","2020-11-12 04:00:00",42566,30902,30828,0.725978480477376,0.724240003758869
"US-BRG","hourly","air_temperature","2016-01-04 15:00:00","2020-11-12 04:00:00",42566,30902,30828,0.725978480477376,0.724240003758869
"US-BRG","hourly","net_radiation","2016-01-04 15:00:00","2020-11-12 04:00:00",42566,0,0,0,0
"US-BRG","6_hourly","ET","2016-01-04 12:00:00","2020-11-12",7095,4150,4071,0.58491895701198,0.573784355179704
"US-BRG","6_hourly","soil_water_potential","2016-01-04 12:00:00","2020-11-12",7095,5602,5549,0.789570119802678,0.782100070472163
"US-BRG","6_hourly","VPD","2016-01-04 12:00:00","2020-11-12",7095,5121,5075,0.721775898520085,0.715292459478506
"US-BRG","6_hourly","air_temperature","2016-01-04 12:00:00","2020-11-12",7095,5121,5075,0.721775898520085,0.715292459478506
"US-BRG","6_hourly","net_radiation","2016-01-04 12:00:00","2020-11-12",7095,0,0,0,0
"US-BRG","daily","ET","2016-01-04","2020-11-12",1775,1037,1037,0.584225352112676,0.584225352112676
"US-BRG","daily","soil_water_potential","2016-01-04","2020-11-12",1775,1398,1398,0.787605633802817,0.787605633802817
"US-BRG","daily","VPD","2016-01-04","2020-11-12",1775,1279,1279,0.72056338028169,0.72056338028169
"US-BRG","daily","air_temperature","2016-01-04","2020-11-12",1775,1279,1279,0.72056338028169,0.72056338028169
"US-BRG","daily","net_radiation","2016-01-04","2020-11-12",1775,0,0,0,0
"US-BRG","weekly","ET","2016-01-04","2020-11-09",254,141,141,0.55511811023622,0.55511811023622
"US-BRG","weekly","soil_water_potential","2016-01-04","2020-11-09",254,192,192,0.755905511811024,0.755905511811024
"US-BRG","weekly","VPD","2016-01-04","2020-11-09",254,176,176,0.692913385826772,0.692913385826772
"US-BRG","weekly","air_temperature","2016-01-04","2020-11-09",254,176,176,0.692913385826772,0.692913385826772
"US-BRG","weekly","net_radiation","2016-01-04","2020-11-09",254,0,0,0,0
"US-BRG","monthly","ET","2016-01-01","2020-11-01",59,29,29,0.491525423728814,0.491525423728814
"US-BRG","monthly","soil_water_potential","2016-01-01","2020-11-01",59,41,41,0.694915254237288,0.694915254237288
"US-BRG","monthly","VPD","2016-01-01","2020-11-01",59,36,36,0.610169491525424,0.610169491525424
"US-BRG","monthly","air_temperature","2016-01-01","2020-11-01",59,36,36,0.610169491525424,0.610169491525424
"US-BRG","monthly","net_radiation","2016-01-01","2020-11-01",59,0,0,0,0
"US-Bar","hourly","ET","2004-01-29 12:00:00","2022-12-31 23:00:00",165876,146201,144606,0.881387301357641,0.871771684873038
"US-Bar","hourly","soil_water_potential","2004-01-29 12:00:00","2022-12-31 23:00:00",165876,161772,161684,0.975258626926138,0.974728110154573
"US-Bar","hourly","VPD","2004-01-29 12:00:00","2022-12-31 23:00:00",165876,165501,165476,0.997739275121175,0.997588560129253
"US-Bar","hourly","air_temperature","2004-01-29 12:00:00","2022-12-31 23:00:00",165876,165597,165586,0.998318020690154,0.998251706093709
"US-Bar","hourly","net_radiation","2004-01-29 12:00:00","2022-12-31 23:00:00",165876,164984,164743,0.994622489088235,0.99316959656611
"US-Bar","6_hourly","ET","2004-01-29 12:00:00","2022-12-31 18:00:00",27646,24047,23517,0.869818418577733,0.850647471605296
"US-Bar","6_hourly","soil_water_potential","2004-01-29 12:00:00","2022-12-31 18:00:00",27646,26950,26920,0.974824567749403,0.973739419807567
"US-Bar","6_hourly","VPD","2004-01-29 12:00:00","2022-12-31 18:00:00",27646,27576,27561,0.997467988135716,0.996925414164798
"US-Bar","6_hourly","air_temperature","2004-01-29 12:00:00","2022-12-31 18:00:00",27646,27596,27590,0.99819142009694,0.997974390508573
"US-Bar","6_hourly","net_radiation","2004-01-29 12:00:00","2022-12-31 18:00:00",27646,27514,27479,0.995225349055921,0.993959343123779
"US-Bar","daily","ET","2004-01-29","2022-12-31",6912,6030,6030,0.872395833333333,0.872395833333333
"US-Bar","daily","soil_water_potential","2004-01-29","2022-12-31",6912,6736,6736,0.974537037037037,0.974537037037037
"US-Bar","daily","VPD","2004-01-29","2022-12-31",6912,6895,6895,0.997540509259259,0.997540509259259
"US-Bar","daily","air_temperature","2004-01-29","2022-12-31",6912,6900,6900,0.998263888888889,0.998263888888889
"US-Bar","daily","net_radiation","2004-01-29","2022-12-31",6912,6883,6883,0.995804398148148,0.995804398148148
"US-Bar","weekly","ET","2004-01-26","2022-12-26",988,860,860,0.870445344129555,0.870445344129555
"US-Bar","weekly","soil_water_potential","2004-01-26","2022-12-26",988,961,961,0.972672064777328,0.972672064777328
"US-Bar","weekly","VPD","2004-01-26","2022-12-26",988,985,985,0.996963562753036,0.996963562753036
"US-Bar","weekly","air_temperature","2004-01-26","2022-12-26",988,986,986,0.997975708502024,0.997975708502024
"US-Bar","weekly","net_radiation","2004-01-26","2022-12-26",988,984,984,0.995951417004049,0.995951417004049
"US-Bar","monthly","ET","2004-01-01","2022-12-01",228,195,195,0.855263157894737,0.855263157894737
"US-Bar","monthly","soil_water_potential","2004-01-01","2022-12-01",228,221,221,0.969298245614035,0.969298245614035
"US-Bar","monthly","VPD","2004-01-01","2022-12-01",228,226,226,0.991228070175439,0.991228070175439
"US-Bar","monthly","air_temperature","2004-01-01","2022-12-01",228,226,226,0.991228070175439,0.991228070175439
"US-Bar","monthly","net_radiation","2004-01-01","2022-12-01",228,226,226,0.991228070175439,0.991228070175439
"US-Bi1","hourly","ET","2016-08-12 19:00:00","2021-12-31 23:00:00",47213,46950,46863,0.99442950034948,0.992586787537331
"US-Bi1","hourly","soil_water_potential","2016-08-12 19:00:00","2021-12-31 23:00:00",47213,46788,46736,0.990998242009616,0.989896850443734
"US-Bi1","hourly","VPD","2016-08-12 19:00:00","2021-12-31 23:00:00",47213,46692,46677,0.988964903734141,0.988647194628598
"US-Bi1","hourly","air_temperature","2016-08-12 19:00:00","2021-12-31 23:00:00",47213,46692,46677,0.988964903734141,0.988647194628598
"US-Bi1","hourly","net_radiation","2016-08-12 19:00:00","2021-12-31 23:00:00",47213,47058,47048,0.996717005909389,0.996505199839027
"US-Bi1","6_hourly","ET","2016-08-12 18:00:00","2021-12-31 18:00:00",7869,7819,7792,0.993645952471724,0.990214766806456
"US-Bi1","6_hourly","soil_water_potential","2016-08-12 18:00:00","2021-12-31 18:00:00",7869,7776,7732,0.988181471597408,0.982589909772525
"US-Bi1","6_hourly","VPD","2016-08-12 18:00:00","2021-12-31 18:00:00",7869,7778,7765,0.988435633498539,0.986783581141187
"US-Bi1","6_hourly","air_temperature","2016-08-12 18:00:00","2021-12-31 18:00:00",7869,7778,7765,0.988435633498539,0.986783581141187
"US-Bi1","6_hourly","net_radiation","2016-08-12 18:00:00","2021-12-31 18:00:00",7869,7840,7834,0.9963146524336,0.995552166730207
"US-Bi1","daily","ET","2016-08-12","2021-12-31",1968,1958,1958,0.994918699186992,0.994918699186992
"US-Bi1","daily","soil_water_potential","2016-08-12","2021-12-31",1968,1927,1927,0.979166666666667,0.979166666666667
"US-Bi1","daily","VPD","2016-08-12","2021-12-31",1968,1945,1945,0.988313008130081,0.988313008130081
"US-Bi1","daily","air_temperature","2016-08-12","2021-12-31",1968,1945,1945,0.988313008130081,0.988313008130081
"US-Bi1","daily","net_radiation","2016-08-12","2021-12-31",1968,1959,1959,0.995426829268293,0.995426829268293
"US-Bi1","weekly","ET","2016-08-08","2021-12-27",282,279,279,0.98936170212766,0.98936170212766
"US-Bi1","weekly","soil_water_potential","2016-08-08","2021-12-27",282,274,274,0.971631205673759,0.971631205673759
"US-Bi1","weekly","VPD","2016-08-08","2021-12-27",282,275,275,0.975177304964539,0.975177304964539
"US-Bi1","weekly","air_temperature","2016-08-08","2021-12-27",282,275,275,0.975177304964539,0.975177304964539
"US-Bi1","weekly","net_radiation","2016-08-08","2021-12-27",282,279,279,0.98936170212766,0.98936170212766
"US-Bi1","monthly","ET","2016-08-01","2021-12-01",65,64,64,0.984615384615385,0.984615384615385
"US-Bi1","monthly","soil_water_potential","2016-08-01","2021-12-01",65,64,64,0.984615384615385,0.984615384615385
"US-Bi1","monthly","VPD","2016-08-01","2021-12-01",65,63,63,0.969230769230769,0.969230769230769
"US-Bi1","monthly","air_temperature","2016-08-01","2021-12-01",65,63,63,0.969230769230769,0.969230769230769
"US-Bi1","monthly","net_radiation","2016-08-01","2021-12-01",65,64,64,0.984615384615385,0.984615384615385
"US-Bi2","hourly","ET","2017-04-26 19:00:00","2021-12-31 23:00:00",41045,40041,39911,0.975539042514314,0.97237178706298
"US-Bi2","hourly","soil_water_potential","2017-04-26 19:00:00","2021-12-31 23:00:00",41045,40171,40073,0.978706297965647,0.976318674625411
"US-Bi2","hourly","VPD","2017-04-26 19:00:00","2021-12-31 23:00:00",41045,39595,39499,0.964672919965891,0.962334023632598
"US-Bi2","hourly","air_temperature","2017-04-26 19:00:00","2021-12-31 23:00:00",41045,39669,39588,0.966475819222804,0.964502375441588
"US-Bi2","hourly","net_radiation","2017-04-26 19:00:00","2021-12-31 23:00:00",41045,41025,41020,0.999512729930564,0.999390912413205
"US-Bi2","6_hourly","ET","2017-04-26 18:00:00","2021-12-31 18:00:00",6841,6649,6584,0.971933927788335,0.962432392925011
"US-Bi2","6_hourly","soil_water_potential","2017-04-26 18:00:00","2021-12-31 18:00:00",6841,6675,6629,0.975734541733665,0.96901037859962
"US-Bi2","6_hourly","VPD","2017-04-26 18:00:00","2021-12-31 18:00:00",6841,6573,6506,0.960824440871218,0.951030551089022
"US-Bi2","6_hourly","air_temperature","2017-04-26 18:00:00","2021-12-31 18:00:00",6841,6588,6530,0.963017102762754,0.95453881011548
"US-Bi2","6_hourly","net_radiation","2017-04-26 18:00:00","2021-12-31 18:00:00",6841,6837,6834,0.999415290162257,0.99897675778395
"US-Bi2","daily","ET","2017-04-26","2021-12-31",1711,1667,1667,0.974284044418469,0.974284044418469
"US-Bi2","daily","soil_water_potential","2017-04-26","2021-12-31",1711,1670,1670,0.9760374050263,0.9760374050263
"US-Bi2","daily","VPD","2017-04-26","2021-12-31",1711,1641,1641,0.959088252483927,0.959088252483927
"US-Bi2","daily","air_temperature","2017-04-26","2021-12-31",1711,1645,1645,0.961426066627703,0.961426066627703
"US-Bi2","daily","net_radiation","2017-04-26","2021-12-31",1711,1709,1709,0.998831092928112,0.998831092928112
"US-Bi2","weekly","ET","2017-04-24","2021-12-27",245,236,236,0.963265306122449,0.963265306122449
"US-Bi2","weekly","soil_water_potential","2017-04-24","2021-12-27",245,237,237,0.96734693877551,0.96734693877551
"US-Bi2","weekly","VPD","2017-04-24","2021-12-27",245,232,232,0.946938775510204,0.946938775510204
"US-Bi2","weekly","air_temperature","2017-04-24","2021-12-27",245,233,233,0.951020408163265,0.951020408163265
"US-Bi2","weekly","net_radiation","2017-04-24","2021-12-27",245,243,243,0.991836734693878,0.991836734693878
"US-Bi2","monthly","ET","2017-04-01","2021-12-01",57,54,54,0.947368421052632,0.947368421052632
"US-Bi2","monthly","soil_water_potential","2017-04-01","2021-12-01",57,54,54,0.947368421052632,0.947368421052632
"US-Bi2","monthly","VPD","2017-04-01","2021-12-01",57,53,53,0.929824561403509,0.929824561403509
"US-Bi2","monthly","air_temperature","2017-04-01","2021-12-01",57,53,53,0.929824561403509,0.929824561403509
"US-Bi2","monthly","net_radiation","2017-04-01","2021-12-01",57,56,56,0.982456140350877,0.982456140350877
"US-CF1","hourly","ET","2017-05-12","2021-12-31 23:00:00",40680,36283,36095,0.891912487708948,0.887291052114061
"US-CF1","hourly","soil_water_potential","2017-05-12","2021-12-31 23:00:00",40680,17645,17549,0.433751229105211,0.431391347099312
"US-CF1","hourly","VPD","2017-05-12","2021-12-31 23:00:00",40680,36406,36287,0.894936086529007,0.89201081612586
"US-CF1","hourly","air_temperature","2017-05-12","2021-12-31 23:00:00",40680,36498,36432,0.897197640117994,0.895575221238938
"US-CF1","hourly","net_radiation","2017-05-12","2021-12-31 23:00:00",40680,34110,33512,0.838495575221239,0.823795476892822
"US-CF1","6_hourly","ET","2017-05-12","2021-12-31 18:00:00",6780,6021,5955,0.888053097345133,0.878318584070796
"US-CF1","6_hourly","soil_water_potential","2017-05-12","2021-12-31 18:00:00",6780,2907,2862,0.428761061946903,0.42212389380531
"US-CF1","6_hourly","VPD","2017-05-12","2021-12-31 18:00:00",6780,6042,5993,0.891150442477876,0.883923303834808
"US-CF1","6_hourly","air_temperature","2017-05-12","2021-12-31 18:00:00",6780,6065,6034,0.894542772861357,0.889970501474926
"US-CF1","6_hourly","net_radiation","2017-05-12","2021-12-31 18:00:00",6780,5494,5229,0.810324483775811,0.771238938053097
"US-CF1","daily","ET","2017-05-12","2021-12-31",1695,1513,1513,0.892625368731563,0.892625368731563
"US-CF1","daily","soil_water_potential","2017-05-12","2021-12-31",1695,723,723,0.426548672566372,0.426548672566372
"US-CF1","daily","VPD","2017-05-12","2021-12-31",1695,1516,1516,0.894395280235988,0.894395280235988
"US-CF1","daily","air_temperature","2017-05-12","2021-12-31",1695,1516,1516,0.894395280235988,0.894395280235988
"US-CF1","daily","net_radiation","2017-05-12","2021-12-31",1695,1343,1343,0.792330383480826,0.792330383480826
"US-CF1","weekly","ET","2017-05-08","2021-12-27",243,209,209,0.860082304526749,0.860082304526749
"US-CF1","weekly","soil_water_potential","2017-05-08","2021-12-27",243,101,101,0.415637860082305,0.415637860082305
"US-CF1","weekly","VPD","2017-05-08","2021-12-27",243,209,209,0.860082304526749,0.860082304526749
"US-CF1","weekly","air_temperature","2017-05-08","2021-12-27",243,209,209,0.860082304526749,0.860082304526749
"US-CF1","weekly","net_radiation","2017-05-08","2021-12-27",243,187,187,0.769547325102881,0.769547325102881
"US-CF1","monthly","ET","2017-05-01","2021-12-01",56,48,48,0.857142857142857,0.857142857142857
"US-CF1","monthly","soil_water_potential","2017-05-01","2021-12-01",56,24,24,0.428571428571429,0.428571428571429
"US-CF1","monthly","VPD","2017-05-01","2021-12-01",56,48,48,0.857142857142857,0.857142857142857
"US-CF1","monthly","air_temperature","2017-05-01","2021-12-01",56,48,48,0.857142857142857,0.857142857142857
"US-CF1","monthly","net_radiation","2017-05-01","2021-12-01",56,42,42,0.75,0.75
"US-CF2","hourly","ET","2017-05-09 19:00:00","2020-12-31 23:00:00",31973,27718,27545,0.866918962874926,0.861508147499453
"US-CF2","hourly","soil_water_potential","2017-05-09 19:00:00","2020-12-31 23:00:00",31973,20878,20820,0.652988459012292,0.651174428423983
"US-CF2","hourly","VPD","2017-05-09 19:00:00","2020-12-31 23:00:00",31973,28039,27974,0.876958683889532,0.874925718575048
"US-CF2","hourly","air_temperature","2017-05-09 19:00:00","2020-12-31 23:00:00",31973,28871,28820,0.902980639914928,0.901385544052795
"US-CF2","hourly","net_radiation","2017-05-09 19:00:00","2020-12-31 23:00:00",31973,28719,28643,0.898226628717981,0.895849623119507
"US-CF2","6_hourly","ET","2017-05-09 18:00:00","2020-12-31 18:00:00",5329,4578,4499,0.859072996809908,0.844248451867142
"US-CF2","6_hourly","soil_water_potential","2017-05-09 18:00:00","2020-12-31 18:00:00",5329,3458,3423,0.648902233064365,0.642334396697317
"US-CF2","6_hourly","VPD","2017-05-09 18:00:00","2020-12-31 18:00:00",5329,4653,4615,0.873146931882154,0.866016138112216
"US-CF2","6_hourly","air_temperature","2017-05-09 18:00:00","2020-12-31 18:00:00",5329,4795,4764,0.899793582285607,0.893976355789079
"US-CF2","6_hourly","net_radiation","2017-05-09 18:00:00","2020-12-31 18:00:00",5329,4763,4722,0.893788703321449,0.886094952148621
"US-CF2","daily","ET","2017-05-09","2020-12-31",1333,1154,1154,0.865716429107277,0.865716429107277
"US-CF2","daily","soil_water_potential","2017-05-09","2020-12-31",1333,863,863,0.647411852963241,0.647411852963241
"US-CF2","daily","VPD","2017-05-09","2020-12-31",1333,1166,1166,0.874718679669917,0.874718679669917
"US-CF2","daily","air_temperature","2017-05-09","2020-12-31",1333,1201,1201,0.900975243810953,0.900975243810953
"US-CF2","daily","net_radiation","2017-05-09","2020-12-31",1333,1186,1186,0.889722430607652,0.889722430607652
"US-CF2","weekly","ET","2017-05-08","2020-12-28",191,157,157,0.821989528795812,0.821989528795812
"US-CF2","weekly","soil_water_potential","2017-05-08","2020-12-28",191,116,116,0.607329842931937,0.607329842931937
"US-CF2","weekly","VPD","2017-05-08","2020-12-28",191,157,157,0.821989528795812,0.821989528795812
"US-CF2","weekly","air_temperature","2017-05-08","2020-12-28",191,164,164,0.858638743455497,0.858638743455497
"US-CF2","weekly","net_radiation","2017-05-08","2020-12-28",191,166,166,0.869109947643979,0.869109947643979
"US-CF2","monthly","ET","2017-05-01","2020-12-01",44,34,34,0.772727272727273,0.772727272727273
"US-CF2","monthly","soil_water_potential","2017-05-01","2020-12-01",44,25,25,0.568181818181818,0.568181818181818
"US-CF2","monthly","VPD","2017-05-01","2020-12-01",44,34,34,0.772727272727273,0.772727272727273
"US-CF2","monthly","air_temperature","2017-05-01","2020-12-01",44,36,36,0.818181818181818,0.818181818181818
"US-CF2","monthly","net_radiation","2017-05-01","2020-12-01",44,36,36,0.818181818181818,0.818181818181818
"US-CF3","hourly","ET","2017-06-02 01:00:00","2021-12-31 23:00:00",40175,26456,26340,0.658518979464841,0.655631611698818
"US-CF3","hourly","soil_water_potential","2017-06-02 01:00:00","2021-12-31 23:00:00",40175,14845,14812,0.369508400746733,0.368686994399502
"US-CF3","hourly","VPD","2017-06-02 01:00:00","2021-12-31 23:00:00",40175,26792,26747,0.666882389545737,0.665762289981332
"US-CF3","hourly","air_temperature","2017-06-02 01:00:00","2021-12-31 23:00:00",40175,26997,26958,0.671985065339141,0.671014312383323
"US-CF3","hourly","net_radiation","2017-06-02 01:00:00","2021-12-31 23:00:00",40175,28995,28795,0.721717485998755,0.716739265712508
"US-CF3","6_hourly","ET","2017-06-02","2021-12-31 18:00:00",6696,4387,4340,0.655167264038232,0.648148148148148
"US-CF3","6_hourly","soil_water_potential","2017-06-02","2021-12-31 18:00:00",6696,2464,2444,0.367980884109916,0.364994026284349
"US-CF3","6_hourly","VPD","2017-06-02","2021-12-31 18:00:00",6696,4449,4423,0.664426523297491,0.660543608124253
"US-CF3","6_hourly","air_temperature","2017-06-02","2021-12-31 18:00:00",6696,4486,4464,0.669952210274791,0.666666666666667
"US-CF3","6_hourly","net_radiation","2017-06-02","2021-12-31 18:00:00",6696,4778,4732,0.713560334528076,0.706690561529271
"US-CF3","daily","ET","2017-06-02","2021-12-31",1674,1103,1103,0.658900836320191,0.658900836320191
"US-CF3","daily","soil_water_potential","2017-06-02","2021-12-31",1674,614,614,0.366786140979689,0.366786140979689
"US-CF3","daily","VPD","2017-06-02","2021-12-31",1674,1112,1112,0.664277180406213,0.664277180406213
"US-CF3","daily","air_temperature","2017-06-02","2021-12-31",1674,1119,1119,0.668458781362007,0.668458781362007
"US-CF3","daily","net_radiation","2017-06-02","2021-12-31",1674,1185,1185,0.707885304659498,0.707885304659498
"US-CF3","weekly","ET","2017-05-29","2021-12-27",240,150,150,0.625,0.625
"US-CF3","weekly","soil_water_potential","2017-05-29","2021-12-27",240,85,85,0.354166666666667,0.354166666666667
"US-CF3","weekly","VPD","2017-05-29","2021-12-27",240,151,151,0.629166666666667,0.629166666666667
"US-CF3","weekly","air_temperature","2017-05-29","2021-12-27",240,152,152,0.633333333333333,0.633333333333333
"US-CF3","weekly","net_radiation","2017-05-29","2021-12-27",240,165,165,0.6875,0.6875
"US-CF3","monthly","ET","2017-06-01","2021-12-01",55,34,34,0.618181818181818,0.618181818181818
"US-CF3","monthly","soil_water_potential","2017-06-01","2021-12-01",55,19,19,0.345454545454545,0.345454545454545
"US-CF3","monthly","VPD","2017-06-01","2021-12-01",55,35,35,0.636363636363636,0.636363636363636
"US-CF3","monthly","air_temperature","2017-06-01","2021-12-01",55,35,35,0.636363636363636,0.636363636363636
"US-CF3","monthly","net_radiation","2017-06-01","2021-12-01",55,37,37,0.672727272727273,0.672727272727273
"US-CF4","hourly","ET","2017-06-02 15:00:00","2021-12-31 23:00:00",40161,28972,28829,0.721396379572222,0.71783571126217
"US-CF4","hourly","soil_water_potential","2017-06-02 15:00:00","2021-12-31 23:00:00",40161,15140,15081,0.376982644854461,0.375513557929334
"US-CF4","hourly","VPD","2017-06-02 15:00:00","2021-12-31 23:00:00",40161,29365,29297,0.731181992480267,0.729488807549613
"US-CF4","hourly","air_temperature","2017-06-02 15:00:00","2021-12-31 23:00:00",40161,29433,29386,0.732875177410921,0.731704887826498
"US-CF4","hourly","net_radiation","2017-06-02 15:00:00","2021-12-31 23:00:00",40161,30939,30733,0.770374243669231,0.765244889320485
"US-CF4","6_hourly","ET","2017-06-02 12:00:00","2021-12-31 18:00:00",6694,4809,4760,0.718404541380341,0.711084553331341
"US-CF4","6_hourly","soil_water_potential","2017-06-02 12:00:00","2021-12-31 18:00:00",6694,2510,2479,0.374962653122199,0.370331640274873
"US-CF4","6_hourly","VPD","2017-06-02 12:00:00","2021-12-31 18:00:00",6694,4880,4852,0.729011054675829,0.724828204362115
"US-CF4","6_hourly","air_temperature","2017-06-02 12:00:00","2021-12-31 18:00:00",6694,4890,4866,0.73050492978787,0.726919629518972
"US-CF4","6_hourly","net_radiation","2017-06-02 12:00:00","2021-12-31 18:00:00",6694,5089,4997,0.760233044517478,0.746489393486705
"US-CF4","daily","ET","2017-06-02","2021-12-31",1674,1206,1206,0.720430107526882,0.720430107526882
"US-CF4","daily","soil_water_potential","2017-06-02","2021-12-31",1674,624,624,0.372759856630824,0.372759856630824
"US-CF4","daily","VPD","2017-06-02","2021-12-31",1674,1218,1218,0.727598566308244,0.727598566308244
"US-CF4","daily","air_temperature","2017-06-02","2021-12-31",1674,1219,1219,0.728195937873357,0.728195937873357
"US-CF4","daily","net_radiation","2017-06-02","2021-12-31",1674,1262,1262,0.753882915173238,0.753882915173238
"US-CF4","weekly","ET","2017-05-29","2021-12-27",240,165,165,0.6875,0.6875
"US-CF4","weekly","soil_water_potential","2017-05-29","2021-12-27",240,85,85,0.354166666666667,0.354166666666667
"US-CF4","weekly","VPD","2017-05-29","2021-12-27",240,167,167,0.695833333333333,0.695833333333333
"US-CF4","weekly","air_temperature","2017-05-29","2021-12-27",240,167,167,0.695833333333333,0.695833333333333
"US-CF4","weekly","net_radiation","2017-05-29","2021-12-27",240,174,174,0.725,0.725
"US-CF4","monthly","ET","2017-06-01","2021-12-01",55,34,34,0.618181818181818,0.618181818181818
"US-CF4","monthly","soil_water_potential","2017-06-01","2021-12-01",55,19,19,0.345454545454545,0.345454545454545
"US-CF4","monthly","VPD","2017-06-01","2021-12-01",55,35,35,0.636363636363636,0.636363636363636
"US-CF4","monthly","air_temperature","2017-06-01","2021-12-01",55,35,35,0.636363636363636,0.636363636363636
"US-CF4","monthly","net_radiation","2017-06-01","2021-12-01",55,38,38,0.690909090909091,0.690909090909091
"US-CGG","hourly","ET","2019-06-30 22:00:00","2021-12-31 23:00:00",21962,20966,20789,0.954648939076587,0.946589563792004
"US-CGG","hourly","soil_water_potential","2019-06-30 22:00:00","2021-12-31 23:00:00",21962,14911,14894,0.67894545123395,0.67817138694108
"US-CGG","hourly","VPD","2019-06-30 22:00:00","2021-12-31 23:00:00",21962,20001,19938,0.910709407157818,0.907840815954831
"US-CGG","hourly","air_temperature","2019-06-30 22:00:00","2021-12-31 23:00:00",21962,20001,19938,0.910709407157818,0.907840815954831
"US-CGG","hourly","net_radiation","2019-06-30 22:00:00","2021-12-31 23:00:00",21962,19979,19878,0.909707676896457,0.905108824332939
"US-CGG","6_hourly","ET","2019-06-30 18:00:00","2021-12-31 18:00:00",3661,3468,3406,0.947282163343349,0.930346899754166
"US-CGG","6_hourly","soil_water_potential","2019-06-30 18:00:00","2021-12-31 18:00:00",3661,2476,2468,0.676317945916416,0.674132750614586
"US-CGG","6_hourly","VPD","2019-06-30 18:00:00","2021-12-31 18:00:00",3661,3303,3265,0.902212510243103,0.89183283255941
"US-CGG","6_hourly","air_temperature","2019-06-30 18:00:00","2021-12-31 18:00:00",3661,3303,3265,0.902212510243103,0.89183283255941
"US-CGG","6_hourly","net_radiation","2019-06-30 18:00:00","2021-12-31 18:00:00",3661,3297,3257,0.90057361376673,0.88964763725758
"US-CGG","daily","ET","2019-06-30","2021-12-31",916,869,869,0.948689956331878,0.948689956331878
"US-CGG","daily","soil_water_potential","2019-06-30","2021-12-31",916,616,616,0.672489082969432,0.672489082969432
"US-CGG","daily","VPD","2019-06-30","2021-12-31",916,816,816,0.890829694323144,0.890829694323144
"US-CGG","daily","air_temperature","2019-06-30","2021-12-31",916,816,816,0.890829694323144,0.890829694323144
"US-CGG","daily","net_radiation","2019-06-30","2021-12-31",916,816,816,0.890829694323144,0.890829694323144
"US-CGG","weekly","ET","2019-06-24","2021-12-27",132,123,123,0.931818181818182,0.931818181818182
"US-CGG","weekly","soil_water_potential","2019-06-24","2021-12-27",132,86,86,0.651515151515151,0.651515151515151
"US-CGG","weekly","VPD","2019-06-24","2021-12-27",132,114,114,0.863636363636364,0.863636363636364
"US-CGG","weekly","air_temperature","2019-06-24","2021-12-27",132,114,114,0.863636363636364,0.863636363636364
"US-CGG","weekly","net_radiation","2019-06-24","2021-12-27",132,113,113,0.856060606060606,0.856060606060606
"US-CGG","monthly","ET","2019-06-01","2021-12-01",31,28,28,0.903225806451613,0.903225806451613
"US-CGG","monthly","soil_water_potential","2019-06-01","2021-12-01",31,19,19,0.612903225806452,0.612903225806452
"US-CGG","monthly","VPD","2019-06-01","2021-12-01",31,26,26,0.838709677419355,0.838709677419355
"US-CGG","monthly","air_temperature","2019-06-01","2021-12-01",31,26,26,0.838709677419355,0.838709677419355
"US-CGG","monthly","net_radiation","2019-06-01","2021-12-01",31,26,26,0.838709677419355,0.838709677419355
"US-CRT","hourly","ET","2011-01-01","2013-12-31 23:00:00",26304,26204,26155,0.996198296836983,0.994335462287105
"US-CRT","hourly","soil_water_potential","2011-01-01","2013-12-31 23:00:00",26304,26299,26295,0.999809914841849,0.999657846715328
"US-CRT","hourly","VPD","2011-01-01","2013-12-31 23:00:00",26304,26299,26295,0.999809914841849,0.999657846715328
"US-CRT","hourly","air_temperature","2011-01-01","2013-12-31 23:00:00",26304,26304,26303,1,0.99996198296837
"US-CRT","hourly","net_radiation","2011-01-01","2013-12-31 23:00:00",26304,26121,26113,0.993042883211679,0.992738746958638
"US-CRT","6_hourly","ET","2011-01-01","2013-12-31 18:00:00",4384,4360,4345,0.994525547445255,0.99110401459854
"US-CRT","6_hourly","soil_water_potential","2011-01-01","2013-12-31 18:00:00",4384,4384,4383,1,0.999771897810219
"US-CRT","6_hourly","VPD","2011-01-01","2013-12-31 18:00:00",4384,4384,4383,1,0.999771897810219
"US-CRT","6_hourly","air_temperature","2011-01-01","2013-12-31 18:00:00",4384,4384,4383,1,0.999771897810219
"US-CRT","6_hourly","net_radiation","2011-01-01","2013-12-31 18:00:00",4384,4350,4342,0.992244525547445,0.990419708029197
"US-CRT","daily","ET","2011-01-01","2013-12-31",1096,1093,1093,0.997262773722628,0.997262773722628
"US-CRT","daily","soil_water_potential","2011-01-01","2013-12-31",1096,1096,1096,1,1
"US-CRT","daily","VPD","2011-01-01","2013-12-31",1096,1096,1096,1,1
"US-CRT","daily","air_temperature","2011-01-01","2013-12-31",1096,1096,1096,1,1
"US-CRT","daily","net_radiation","2011-01-01","2013-12-31",1096,1086,1086,0.990875912408759,0.990875912408759
"US-CRT","weekly","ET","2010-12-27","2013-12-30",158,156,156,0.987341772151899,0.987341772151899
"US-CRT","weekly","soil_water_potential","2010-12-27","2013-12-30",158,156,156,0.987341772151899,0.987341772151899
"US-CRT","weekly","VPD","2010-12-27","2013-12-30",158,156,156,0.987341772151899,0.987341772151899
"US-CRT","weekly","air_temperature","2010-12-27","2013-12-30",158,156,156,0.987341772151899,0.987341772151899
"US-CRT","weekly","net_radiation","2010-12-27","2013-12-30",158,154,154,0.974683544303797,0.974683544303797
"US-CRT","monthly","ET","2011-01-01","2013-12-01",36,36,36,1,1
"US-CRT","monthly","soil_water_potential","2011-01-01","2013-12-01",36,36,36,1,1
"US-CRT","monthly","VPD","2011-01-01","2013-12-01",36,36,36,1,1
"US-CRT","monthly","air_temperature","2011-01-01","2013-12-01",36,36,36,1,1
"US-CRT","monthly","net_radiation","2011-01-01","2013-12-01",36,36,36,1,1
"US-CS1","hourly","ET","2018-06-27 20:00:00","2019-04-26 04:00:00",7257,7109,7065,0.979605897753893,0.97354278627532
"US-CS1","hourly","soil_water_potential","2018-06-27 20:00:00","2019-04-26 04:00:00",7257,0,0,0,0
"US-CS1","hourly","VPD","2018-06-27 20:00:00","2019-04-26 04:00:00",7257,7236,7232,0.997106242248863,0.996555050296266
"US-CS1","hourly","air_temperature","2018-06-27 20:00:00","2019-04-26 04:00:00",7257,7236,7232,0.997106242248863,0.996555050296266
"US-CS1","hourly","net_radiation","2018-06-27 20:00:00","2019-04-26 04:00:00",7257,7206,7203,0.992972302604382,0.992558908639934
"US-CS1","6_hourly","ET","2018-06-27 18:00:00","2019-04-26",1210,1177,1164,0.972727272727273,0.96198347107438
"US-CS1","6_hourly","soil_water_potential","2018-06-27 18:00:00","2019-04-26",1210,0,0,0,0
"US-CS1","6_hourly","VPD","2018-06-27 18:00:00","2019-04-26",1210,1205,1202,0.995867768595041,0.993388429752066
"US-CS1","6_hourly","air_temperature","2018-06-27 18:00:00","2019-04-26",1210,1205,1202,0.995867768595041,0.993388429752066
"US-CS1","6_hourly","net_radiation","2018-06-27 18:00:00","2019-04-26",1210,1200,1198,0.991735537190083,0.990082644628099
"US-CS1","daily","ET","2018-06-27","2019-04-26",304,295,295,0.970394736842105,0.970394736842105
"US-CS1","daily","soil_water_potential","2018-06-27","2019-04-26",304,0,0,0,0
"US-CS1","daily","VPD","2018-06-27","2019-04-26",304,301,301,0.990131578947368,0.990131578947368
"US-CS1","daily","air_temperature","2018-06-27","2019-04-26",304,301,301,0.990131578947368,0.990131578947368
"US-CS1","daily","net_radiation","2018-06-27","2019-04-26",304,300,300,0.986842105263158,0.986842105263158
"US-CS1","weekly","ET","2018-06-25","2019-04-22",44,41,41,0.931818181818182,0.931818181818182
"US-CS1","weekly","soil_water_potential","2018-06-25","2019-04-22",44,0,0,0,0
"US-CS1","weekly","VPD","2018-06-25","2019-04-22",44,42,42,0.954545454545455,0.954545454545455
"US-CS1","weekly","air_temperature","2018-06-25","2019-04-22",44,42,42,0.954545454545455,0.954545454545455
"US-CS1","weekly","net_radiation","2018-06-25","2019-04-22",44,42,42,0.954545454545455,0.954545454545455
"US-CS1","monthly","ET","2018-06-01","2019-04-01",11,10,0,0.909090909090909,0
"US-CS1","monthly","soil_water_potential","2018-06-01","2019-04-01",11,0,0,0,0
"US-CS1","monthly","VPD","2018-06-01","2019-04-01",11,10,0,0.909090909090909,0
"US-CS1","monthly","air_temperature","2018-06-01","2019-04-01",11,10,0,0.909090909090909,0
"US-CS1","monthly","net_radiation","2018-06-01","2019-04-01",11,10,0,0.909090909090909,0
"US-CS2","hourly","ET","2018-10-11 17:00:00","2022-08-27 04:00:00",33972,19646,19146,0.578299776286353,0.563581773225009
"US-CS2","hourly","soil_water_potential","2018-10-11 17:00:00","2022-08-27 04:00:00",33972,1822,1750,0.0536324031555399,0.0515130107147062
"US-CS2","hourly","VPD","2018-10-11 17:00:00","2022-08-27 04:00:00",33972,20262,19819,0.59643235605793,0.583392205345579
"US-CS2","hourly","air_temperature","2018-10-11 17:00:00","2022-08-27 04:00:00",33972,20262,19819,0.59643235605793,0.583392205345579
"US-CS2","hourly","net_radiation","2018-10-11 17:00:00","2022-08-27 04:00:00",33972,16262,15904,0.478688331567173,0.46815024137525
"US-CS2","6_hourly","ET","2018-10-11 12:00:00","2022-08-27",5663,3148,2770,0.555889104714815,0.489140031785273
"US-CS2","6_hourly","soil_water_potential","2018-10-11 12:00:00","2022-08-27",5663,293,238,0.0517393607628465,0.0420271940667491
"US-CS2","6_hourly","VPD","2018-10-11 12:00:00","2022-08-27",5663,3246,2874,0.573194419918771,0.507504856083348
"US-CS2","6_hourly","air_temperature","2018-10-11 12:00:00","2022-08-27",5663,3246,2874,0.573194419918771,0.507504856083348
"US-CS2","6_hourly","net_radiation","2018-10-11 12:00:00","2022-08-27",5663,2551,2351,0.450467949849903,0.415150980045912
"US-CS2","daily","ET","2018-10-11","2022-08-27",1417,741,741,0.522935779816514,0.522935779816514
"US-CS2","daily","soil_water_potential","2018-10-11","2022-08-27",1417,70,70,0.0494001411432604,0.0494001411432604
"US-CS2","daily","VPD","2018-10-11","2022-08-27",1417,762,762,0.537755822159492,0.537755822159492
"US-CS2","daily","air_temperature","2018-10-11","2022-08-27",1417,762,762,0.537755822159492,0.537755822159492
"US-CS2","daily","net_radiation","2018-10-11","2022-08-27",1417,581,581,0.410021171489061,0.410021171489061
"US-CS2","weekly","ET","2018-10-08","2022-08-22",203,104,104,0.512315270935961,0.512315270935961
"US-CS2","weekly","soil_water_potential","2018-10-08","2022-08-22",203,7,0,0.0344827586206897,0
"US-CS2","weekly","VPD","2018-10-08","2022-08-22",203,105,105,0.517241379310345,0.517241379310345
"US-CS2","weekly","air_temperature","2018-10-08","2022-08-22",203,105,105,0.517241379310345,0.517241379310345
"US-CS2","weekly","net_radiation","2018-10-08","2022-08-22",203,81,81,0.399014778325123,0.399014778325123
"US-CS2","monthly","ET","2018-10-01","2022-08-01",47,22,22,0.468085106382979,0.468085106382979
"US-CS2","monthly","soil_water_potential","2018-10-01","2022-08-01",47,1,0,0.0212765957446809,0
"US-CS2","monthly","VPD","2018-10-01","2022-08-01",47,22,22,0.468085106382979,0.468085106382979
"US-CS2","monthly","air_temperature","2018-10-01","2022-08-01",47,22,22,0.468085106382979,0.468085106382979
"US-CS2","monthly","net_radiation","2018-10-01","2022-08-01",47,18,18,0.382978723404255,0.382978723404255
"US-CS3","hourly","ET","2019-04-25 19:00:00","2020-04-11 04:00:00",8434,8408,8392,0.996917239743894,0.995020156509367
"US-CS3","hourly","soil_water_potential","2019-04-25 19:00:00","2020-04-11 04:00:00",8434,0,0,0,0
"US-CS3","hourly","VPD","2019-04-25 19:00:00","2020-04-11 04:00:00",8434,8428,8425,0.999288593787052,0.998932890680579
"US-CS3","hourly","air_temperature","2019-04-25 19:00:00","2020-04-11 04:00:00",8434,8428,8425,0.999288593787052,0.998932890680579
"US-CS3","hourly","net_radiation","2019-04-25 19:00:00","2020-04-11 04:00:00",8434,8408,8403,0.996917239743894,0.996324401233104
"US-CS3","6_hourly","ET","2019-04-25 18:00:00","2020-04-11",1406,1403,1399,0.997866287339972,0.9950213371266
"US-CS3","6_hourly","soil_water_potential","2019-04-25 18:00:00","2020-04-11",1406,0,0,0,0
"US-CS3","6_hourly","VPD","2019-04-25 18:00:00","2020-04-11",1406,1405,1403,0.999288762446657,0.997866287339972
"US-CS3","6_hourly","air_temperature","2019-04-25 18:00:00","2020-04-11",1406,1405,1403,0.999288762446657,0.997866287339972
"US-CS3","6_hourly","net_radiation","2019-04-25 18:00:00","2020-04-11",1406,1401,1398,0.996443812233286,0.994310099573257
"US-CS3","daily","ET","2019-04-25","2020-04-11",353,350,350,0.991501416430595,0.991501416430595
"US-CS3","daily","soil_water_potential","2019-04-25","2020-04-11",353,0,0,0,0
"US-CS3","daily","VPD","2019-04-25","2020-04-11",353,351,351,0.994334277620397,0.994334277620397
"US-CS3","daily","air_temperature","2019-04-25","2020-04-11",353,351,351,0.994334277620397,0.994334277620397
"US-CS3","daily","net_radiation","2019-04-25","2020-04-11",353,350,350,0.991501416430595,0.991501416430595
"US-CS3","weekly","ET","2019-04-22","2020-04-06",51,49,49,0.96078431372549,0.96078431372549
"US-CS3","weekly","soil_water_potential","2019-04-22","2020-04-06",51,0,0,0,0
"US-CS3","weekly","VPD","2019-04-22","2020-04-06",51,49,49,0.96078431372549,0.96078431372549
"US-CS3","weekly","air_temperature","2019-04-22","2020-04-06",51,49,49,0.96078431372549,0.96078431372549
"US-CS3","weekly","net_radiation","2019-04-22","2020-04-06",51,49,49,0.96078431372549,0.96078431372549
"US-CS3","monthly","ET","2019-04-01","2020-04-01",13,11,0,0.846153846153846,0
"US-CS3","monthly","soil_water_potential","2019-04-01","2020-04-01",13,0,0,0,0
"US-CS3","monthly","VPD","2019-04-01","2020-04-01",13,11,0,0.846153846153846,0
"US-CS3","monthly","air_temperature","2019-04-01","2020-04-01",13,11,0,0.846153846153846,0
"US-CS3","monthly","net_radiation","2019-04-01","2020-04-01",13,11,0,0.846153846153846,0
"US-CS4","hourly","ET","2020-04-10 19:00:00","2021-04-27",9150,7395,7367,0.808196721311475,0.805136612021858
"US-CS4","hourly","soil_water_potential","2020-04-10 19:00:00","2021-04-27",9150,0,0,0,0
"US-CS4","hourly","VPD","2020-04-10 19:00:00","2021-04-27",9150,9102,9093,0.994754098360656,0.993770491803279
"US-CS4","hourly","air_temperature","2020-04-10 19:00:00","2021-04-27",9150,9102,9093,0.994754098360656,0.993770491803279
"US-CS4","hourly","net_radiation","2020-04-10 19:00:00","2021-04-27",9150,6673,6669,0.729289617486339,0.728852459016393
"US-CS4","6_hourly","ET","2020-04-10 18:00:00","2021-04-27",1526,1229,1219,0.805373525557012,0.798820445609436
"US-CS4","6_hourly","soil_water_potential","2020-04-10 18:00:00","2021-04-27",1526,0,0,0,0
"US-CS4","6_hourly","VPD","2020-04-10 18:00:00","2021-04-27",1526,1515,1509,0.992791612057667,0.988859764089122
"US-CS4","6_hourly","air_temperature","2020-04-10 18:00:00","2021-04-27",1526,1515,1509,0.992791612057667,0.988859764089122
"US-CS4","6_hourly","net_radiation","2020-04-10 18:00:00","2021-04-27",1526,1111,1107,0.728047182175623,0.725425950196592
"US-CS4","daily","ET","2020-04-10","2021-04-27",383,307,307,0.801566579634465,0.801566579634465
"US-CS4","daily","soil_water_potential","2020-04-10","2021-04-27",383,0,0,0,0
"US-CS4","daily","VPD","2020-04-10","2021-04-27",383,378,378,0.986945169712794,0.986945169712794
"US-CS4","daily","air_temperature","2020-04-10","2021-04-27",383,378,378,0.986945169712794,0.986945169712794
"US-CS4","daily","net_radiation","2020-04-10","2021-04-27",383,277,277,0.723237597911227,0.723237597911227
"US-CS4","weekly","ET","2020-04-06","2021-04-26",56,44,44,0.785714285714286,0.785714285714286
"US-CS4","weekly","soil_water_potential","2020-04-06","2021-04-26",56,0,0,0,0
"US-CS4","weekly","VPD","2020-04-06","2021-04-26",56,54,54,0.964285714285714,0.964285714285714
"US-CS4","weekly","air_temperature","2020-04-06","2021-04-26",56,54,54,0.964285714285714,0.964285714285714
"US-CS4","weekly","net_radiation","2020-04-06","2021-04-26",56,40,40,0.714285714285714,0.714285714285714
"US-CS4","monthly","ET","2020-04-01","2021-04-01",13,9,0,0.692307692307692,0
"US-CS4","monthly","soil_water_potential","2020-04-01","2021-04-01",13,0,0,0,0
"US-CS4","monthly","VPD","2020-04-01","2021-04-01",13,12,0,0.923076923076923,0
"US-CS4","monthly","air_temperature","2020-04-01","2021-04-01",13,12,0,0.923076923076923,0
"US-CS4","monthly","net_radiation","2020-04-01","2021-04-01",13,8,0,0.615384615384615,0
"US-CS5","hourly","ET","2021-04-26 23:00:00","2021-12-31 23:00:00",5977,5396,5375,0.9027940438347,0.899280575539568
"US-CS5","hourly","soil_water_potential","2021-04-26 23:00:00","2021-12-31 23:00:00",5977,2297,2283,0.384306508281747,0.381964196084992
"US-CS5","hourly","VPD","2021-04-26 23:00:00","2021-12-31 23:00:00",5977,5972,5970,0.999163459929731,0.998828843901623
"US-CS5","hourly","air_temperature","2021-04-26 23:00:00","2021-12-31 23:00:00",5977,5972,5970,0.999163459929731,0.998828843901623
"US-CS5","hourly","net_radiation","2021-04-26 23:00:00","2021-12-31 23:00:00",5977,4720,4718,0.789693826334281,0.789359210306174
"US-CS5","6_hourly","ET","2021-04-26 18:00:00","2021-12-31 18:00:00",997,896,887,0.898696088264794,0.889669007021063
"US-CS5","6_hourly","soil_water_potential","2021-04-26 18:00:00","2021-12-31 18:00:00",997,378,370,0.37913741223671,0.37111334002006
"US-CS5","6_hourly","VPD","2021-04-26 18:00:00","2021-12-31 18:00:00",997,995,993,0.997993981945838,0.995987963891675
"US-CS5","6_hourly","air_temperature","2021-04-26 18:00:00","2021-12-31 18:00:00",997,995,993,0.997993981945838,0.995987963891675
"US-CS5","6_hourly","net_radiation","2021-04-26 18:00:00","2021-12-31 18:00:00",997,786,784,0.788365095285858,0.786359077231695
"US-CS5","daily","ET","2021-04-26","2021-12-31",250,226,226,0.904,0.904
"US-CS5","daily","soil_water_potential","2021-04-26","2021-12-31",250,95,95,0.38,0.38
"US-CS5","daily","VPD","2021-04-26","2021-12-31",250,249,249,0.996,0.996
"US-CS5","daily","air_temperature","2021-04-26","2021-12-31",250,249,249,0.996,0.996
"US-CS5","daily","net_radiation","2021-04-26","2021-12-31",250,196,196,0.784,0.784
"US-CS5","weekly","ET","2021-04-26","2021-12-27",36,31,31,0.861111111111111,0.861111111111111
"US-CS5","weekly","soil_water_potential","2021-04-26","2021-12-27",36,13,0,0.361111111111111,0
"US-CS5","weekly","VPD","2021-04-26","2021-12-27",36,35,35,0.972222222222222,0.972222222222222
"US-CS5","weekly","air_temperature","2021-04-26","2021-12-27",36,35,35,0.972222222222222,0.972222222222222
"US-CS5","weekly","net_radiation","2021-04-26","2021-12-27",36,27,27,0.75,0.75
"US-CS5","monthly","ET","2021-04-01","2021-12-01",9,7,0,0.777777777777778,0
"US-CS5","monthly","soil_water_potential","2021-04-01","2021-12-01",9,2,0,0.222222222222222,0
"US-CS5","monthly","VPD","2021-04-01","2021-12-01",9,8,0,0.888888888888889,0
"US-CS5","monthly","air_temperature","2021-04-01","2021-12-01",9,8,0,0.888888888888889,0
"US-CS5","monthly","net_radiation","2021-04-01","2021-12-01",9,6,0,0.666666666666667,0
"US-CS6","hourly","ET","2022-05-09 19:00:00","2023-06-19 03:00:00",9729,6575,6509,0.675814574982013,0.66903073286052
"US-CS6","hourly","soil_water_potential","2022-05-09 19:00:00","2023-06-19 03:00:00",9729,8165,8105,0.839243498817967,0.83307636961661
"US-CS6","hourly","VPD","2022-05-09 19:00:00","2023-06-19 03:00:00",9729,9202,9154,0.94583204851475,0.940898345153664
"US-CS6","hourly","air_temperature","2022-05-09 19:00:00","2023-06-19 03:00:00",9729,9202,9154,0.94583204851475,0.940898345153664
"US-CS6","hourly","net_radiation","2022-05-09 19:00:00","2023-06-19 03:00:00",9729,8546,8519,0.878404769246582,0.875629561105972
"US-CS6","6_hourly","ET","2022-05-09 18:00:00","2023-06-19",1622,1083,1049,0.667694204685573,0.646732429099877
"US-CS6","6_hourly","soil_water_potential","2022-05-09 18:00:00","2023-06-19",1622,1349,1310,0.831689272503083,0.807644882860666
"US-CS6","6_hourly","VPD","2022-05-09 18:00:00","2023-06-19",1622,1524,1489,0.939580764488286,0.918002466091245
"US-CS6","6_hourly","air_temperature","2022-05-09 18:00:00","2023-06-19",1622,1524,1489,0.939580764488286,0.918002466091245
"US-CS6","6_hourly","net_radiation","2022-05-09 18:00:00","2023-06-19",1622,1411,1392,0.869913686806412,0.858199753390876
"US-CS6","daily","ET","2022-05-09","2023-06-19",407,260,260,0.638820638820639,0.638820638820639
"US-CS6","daily","soil_water_potential","2022-05-09","2023-06-19",407,326,326,0.800982800982801,0.800982800982801
"US-CS6","daily","VPD","2022-05-09","2023-06-19",407,369,369,0.906633906633907,0.906633906633907
"US-CS6","daily","air_temperature","2022-05-09","2023-06-19",407,369,369,0.906633906633907,0.906633906633907
"US-CS6","daily","net_radiation","2022-05-09","2023-06-19",407,347,347,0.852579852579853,0.852579852579853
"US-CS6","weekly","ET","2022-05-09","2023-06-19",59,37,37,0.627118644067797,0.627118644067797
"US-CS6","weekly","soil_water_potential","2022-05-09","2023-06-19",59,47,47,0.796610169491525,0.796610169491525
"US-CS6","weekly","VPD","2022-05-09","2023-06-19",59,54,54,0.915254237288136,0.915254237288136
"US-CS6","weekly","air_temperature","2022-05-09","2023-06-19",59,54,54,0.915254237288136,0.915254237288136
"US-CS6","weekly","net_radiation","2022-05-09","2023-06-19",59,48,48,0.813559322033898,0.813559322033898
"US-CS6","monthly","ET","2022-05-01","2023-06-01",14,7,0,0.5,0
"US-CS6","monthly","soil_water_potential","2022-05-01","2023-06-01",14,10,0,0.714285714285714,0
"US-CS6","monthly","VPD","2022-05-01","2023-06-01",14,11,0,0.785714285714286,0
"US-CS6","monthly","air_temperature","2022-05-01","2023-06-01",14,11,0,0.785714285714286,0
"US-CS6","monthly","net_radiation","2022-05-01","2023-06-01",14,9,0,0.642857142857143,0
"US-CS8","hourly","ET","2023-06-18 20:00:00","2023-11-07 06:00:00",3395,3357,3347,0.98880706921944,0.985861561119293
"US-CS8","hourly","soil_water_potential","2023-06-18 20:00:00","2023-11-07 06:00:00",3395,0,0,0,0
"US-CS8","hourly","VPD","2023-06-18 20:00:00","2023-11-07 06:00:00",3395,3363,3358,0.990574374079529,0.989101620029455
"US-CS8","hourly","air_temperature","2023-06-18 20:00:00","2023-11-07 06:00:00",3395,3363,3358,0.990574374079529,0.989101620029455
"US-CS8","hourly","net_radiation","2023-06-18 20:00:00","2023-11-07 06:00:00",3395,3312,3309,0.975552282768778,0.974668630338733
"US-CS8","6_hourly","ET","2023-06-18 18:00:00","2023-11-07 06:00:00",567,559,554,0.985890652557319,0.977072310405644
"US-CS8","6_hourly","soil_water_potential","2023-06-18 18:00:00","2023-11-07 06:00:00",567,0,0,0,0
"US-CS8","6_hourly","VPD","2023-06-18 18:00:00","2023-11-07 06:00:00",567,560,556,0.987654320987654,0.980599647266314
"US-CS8","6_hourly","air_temperature","2023-06-18 18:00:00","2023-11-07 06:00:00",567,560,556,0.987654320987654,0.980599647266314
"US-CS8","6_hourly","net_radiation","2023-06-18 18:00:00","2023-11-07 06:00:00",567,551,548,0.971781305114638,0.966490299823633
"US-CS8","daily","ET","2023-06-18","2023-11-07",143,138,138,0.965034965034965,0.965034965034965
"US-CS8","daily","soil_water_potential","2023-06-18","2023-11-07",143,0,0,0,0
"US-CS8","daily","VPD","2023-06-18","2023-11-07",143,138,138,0.965034965034965,0.965034965034965
"US-CS8","daily","air_temperature","2023-06-18","2023-11-07",143,138,138,0.965034965034965,0.965034965034965
"US-CS8","daily","net_radiation","2023-06-18","2023-11-07",143,137,137,0.958041958041958,0.958041958041958
"US-CS8","weekly","ET","2023-06-12","2023-11-06",22,20,20,0.909090909090909,0.909090909090909
"US-CS8","weekly","soil_water_potential","2023-06-12","2023-11-06",22,0,0,0,0
"US-CS8","weekly","VPD","2023-06-12","2023-11-06",22,20,20,0.909090909090909,0.909090909090909
"US-CS8","weekly","air_temperature","2023-06-12","2023-11-06",22,20,20,0.909090909090909,0.909090909090909
"US-CS8","weekly","net_radiation","2023-06-12","2023-11-06",22,19,0,0.863636363636364,0
"US-CS8","monthly","ET","2023-06-01","2023-11-01",6,4,0,0.666666666666667,0
"US-CS8","monthly","soil_water_potential","2023-06-01","2023-11-01",6,0,0,0,0
"US-CS8","monthly","VPD","2023-06-01","2023-11-01",6,4,0,0.666666666666667,0
"US-CS8","monthly","air_temperature","2023-06-01","2023-11-01",6,4,0,0.666666666666667,0
"US-CS8","monthly","net_radiation","2023-06-01","2023-11-01",6,4,0,0.666666666666667,0
"US-CdM","hourly","ET","2019-06-14 21:00:00","2023-10-21 07:00:00",38147,36005,35666,0.943848795449183,0.934962120219152
"US-CdM","hourly","soil_water_potential","2019-06-14 21:00:00","2023-10-21 07:00:00",38147,36145,36141,0.947518808818518,0.94741395129368
"US-CdM","hourly","VPD","2019-06-14 21:00:00","2023-10-21 07:00:00",38147,36091,35782,0.946103232233203,0.938002988439458
"US-CdM","hourly","air_temperature","2019-06-14 21:00:00","2023-10-21 07:00:00",38147,36093,35785,0.946155660995622,0.938081631583086
"US-CdM","hourly","net_radiation","2019-06-14 21:00:00","2023-10-21 07:00:00",38147,0,0,0,0
"US-CdM","6_hourly","ET","2019-06-14 18:00:00","2023-10-21 06:00:00",6359,5922,5773,0.931278502909263,0.907847145777638
"US-CdM","6_hourly","soil_water_potential","2019-06-14 18:00:00","2023-10-21 06:00:00",6359,6022,6018,0.947004245950621,0.946375216228967
"US-CdM","6_hourly","VPD","2019-06-14 18:00:00","2023-10-21 06:00:00",6359,5939,5804,0.933951879226293,0.912722126120459
"US-CdM","6_hourly","air_temperature","2019-06-14 18:00:00","2023-10-21 06:00:00",6359,5940,5805,0.934109136656707,0.912879383550873
"US-CdM","6_hourly","net_radiation","2019-06-14 18:00:00","2023-10-21 06:00:00",6359,0,0,0,0
"US-CdM","daily","ET","2019-06-14","2023-10-21",1591,1492,1492,0.937774984286612,0.937774984286612
"US-CdM","daily","soil_water_potential","2019-06-14","2023-10-21",1591,1505,1505,0.945945945945946,0.945945945945946
"US-CdM","daily","VPD","2019-06-14","2023-10-21",1591,1493,1493,0.938403519798869,0.938403519798869
"US-CdM","daily","air_temperature","2019-06-14","2023-10-21",1591,1494,1494,0.939032055311125,0.939032055311125
"US-CdM","daily","net_radiation","2019-06-14","2023-10-21",1591,0,0,0,0
"US-CdM","weekly","ET","2019-06-10","2023-10-16",228,211,211,0.925438596491228,0.925438596491228
"US-CdM","weekly","soil_water_potential","2019-06-10","2023-10-16",228,214,214,0.93859649122807,0.93859649122807
"US-CdM","weekly","VPD","2019-06-10","2023-10-16",228,211,211,0.925438596491228,0.925438596491228
"US-CdM","weekly","air_temperature","2019-06-10","2023-10-16",228,211,211,0.925438596491228,0.925438596491228
"US-CdM","weekly","net_radiation","2019-06-10","2023-10-16",228,0,0,0,0
"US-CdM","monthly","ET","2019-06-01","2023-10-01",53,48,48,0.905660377358491,0.905660377358491
"US-CdM","monthly","soil_water_potential","2019-06-01","2023-10-01",53,48,48,0.905660377358491,0.905660377358491
"US-CdM","monthly","VPD","2019-06-01","2023-10-01",53,48,48,0.905660377358491,0.905660377358491
"US-CdM","monthly","air_temperature","2019-06-01","2023-10-01",53,48,48,0.905660377358491,0.905660377358491
"US-CdM","monthly","net_radiation","2019-06-01","2023-10-01",53,0,0,0,0
"US-Cop","hourly","ET","2001-01-01","2007-12-31 23:00:00",61344,34087,33524,0.555669666145018,0.546491914449661
"US-Cop","hourly","soil_water_potential","2001-01-01","2007-12-31 23:00:00",61344,43794,43791,0.713908450704225,0.713859546165884
"US-Cop","hourly","VPD","2001-01-01","2007-12-31 23:00:00",61344,39354,39338,0.641529733959311,0.641268909754825
"US-Cop","hourly","air_temperature","2001-01-01","2007-12-31 23:00:00",61344,39354,39338,0.641529733959311,0.641268909754825
"US-Cop","hourly","net_radiation","2001-01-01","2007-12-31 23:00:00",61344,35785,35735,0.583349634846114,0.582534559207094
"US-Cop","6_hourly","ET","2001-01-01","2007-12-31 18:00:00",10224,5564,5351,0.544209702660407,0.523376369327074
"US-Cop","6_hourly","soil_water_potential","2001-01-01","2007-12-31 18:00:00",10224,7298,7295,0.713810641627543,0.713517214397496
"US-Cop","6_hourly","VPD","2001-01-01","2007-12-31 18:00:00",10224,6551,6538,0.640747261345853,0.639475743348983
"US-Cop","6_hourly","air_temperature","2001-01-01","2007-12-31 18:00:00",10224,6551,6538,0.640747261345853,0.639475743348983
"US-Cop","6_hourly","net_radiation","2001-01-01","2007-12-31 18:00:00",10224,5947,5912,0.581670579029734,0.578247261345853
"US-Cop","daily","ET","2001-01-01","2007-12-31",2556,1379,1379,0.539514866979656,0.539514866979656
"US-Cop","daily","soil_water_potential","2001-01-01","2007-12-31",2556,1825,1825,0.714006259780908,0.714006259780908
"US-Cop","daily","VPD","2001-01-01","2007-12-31",2556,1637,1637,0.640453834115806,0.640453834115806
"US-Cop","daily","air_temperature","2001-01-01","2007-12-31",2556,1637,1637,0.640453834115806,0.640453834115806
"US-Cop","daily","net_radiation","2001-01-01","2007-12-31",2556,1477,1477,0.577856025039124,0.577856025039124
"US-Cop","weekly","ET","2001-01-01","2007-12-31",366,193,193,0.527322404371585,0.527322404371585
"US-Cop","weekly","soil_water_potential","2001-01-01","2007-12-31",366,260,260,0.710382513661202,0.710382513661202
"US-Cop","weekly","VPD","2001-01-01","2007-12-31",366,230,230,0.628415300546448,0.628415300546448
"US-Cop","weekly","air_temperature","2001-01-01","2007-12-31",366,230,230,0.628415300546448,0.628415300546448
"US-Cop","weekly","net_radiation","2001-01-01","2007-12-31",366,207,207,0.565573770491803,0.565573770491803
"US-Cop","monthly","ET","2001-01-01","2007-12-01",84,41,41,0.488095238095238,0.488095238095238
"US-Cop","monthly","soil_water_potential","2001-01-01","2007-12-01",84,60,60,0.714285714285714,0.714285714285714
"US-Cop","monthly","VPD","2001-01-01","2007-12-01",84,53,53,0.630952380952381,0.630952380952381
"US-Cop","monthly","air_temperature","2001-01-01","2007-12-01",84,53,53,0.630952380952381,0.630952380952381
"US-Cop","monthly","net_radiation","2001-01-01","2007-12-01",84,45,45,0.535714285714286,0.535714285714286
"US-Cst","hourly","ET","2013-04-30 20:00:00","2017-12-31 23:00:00",40948,35201,35048,0.859651265019049,0.855914818794569
"US-Cst","hourly","soil_water_potential","2013-04-30 20:00:00","2017-12-31 23:00:00",40948,39788,39714,0.971671388101983,0.969864218032627
"US-Cst","hourly","VPD","2013-04-30 20:00:00","2017-12-31 23:00:00",40948,40240,40210,0.982709778255348,0.981977141740744
"US-Cst","hourly","air_temperature","2013-04-30 20:00:00","2017-12-31 23:00:00",40948,40242,40212,0.982758620689655,0.982025984175051
"US-Cst","hourly","net_radiation","2013-04-30 20:00:00","2017-12-31 23:00:00",40948,30615,30574,0.747655563153268,0.746654293249976
"US-Cst","6_hourly","ET","2013-04-30 18:00:00","2017-12-31 18:00:00",6825,5826,5759,0.853626373626374,0.843809523809524
"US-Cst","6_hourly","soil_water_potential","2013-04-30 18:00:00","2017-12-31 18:00:00",6825,6610,6567,0.968498168498168,0.962197802197802
"US-Cst","6_hourly","VPD","2013-04-30 18:00:00","2017-12-31 18:00:00",6825,6698,6675,0.981391941391941,0.978021978021978
"US-Cst","6_hourly","air_temperature","2013-04-30 18:00:00","2017-12-31 18:00:00",6825,6698,6675,0.981391941391941,0.978021978021978
"US-Cst","6_hourly","net_radiation","2013-04-30 18:00:00","2017-12-31 18:00:00",6825,5089,5053,0.745641025641026,0.7403663003663
"US-Cst","daily","ET","2013-04-30","2017-12-31",1707,1449,1449,0.848857644991213,0.848857644991213
"US-Cst","daily","soil_water_potential","2013-04-30","2017-12-31",1707,1646,1646,0.964264792032806,0.964264792032806
"US-Cst","daily","VPD","2013-04-30","2017-12-31",1707,1668,1668,0.977152899824253,0.977152899824253
"US-Cst","daily","air_temperature","2013-04-30","2017-12-31",1707,1668,1668,0.977152899824253,0.977152899824253
"US-Cst","daily","net_radiation","2013-04-30","2017-12-31",1707,1262,1262,0.739308728763913,0.739308728763913
"US-Cst","weekly","ET","2013-04-29","2017-12-25",244,207,207,0.848360655737705,0.848360655737705
"US-Cst","weekly","soil_water_potential","2013-04-29","2017-12-25",244,236,236,0.967213114754098,0.967213114754098
"US-Cst","weekly","VPD","2013-04-29","2017-12-25",244,239,239,0.979508196721312,0.979508196721312
"US-Cst","weekly","air_temperature","2013-04-29","2017-12-25",244,239,239,0.979508196721312,0.979508196721312
"US-Cst","weekly","net_radiation","2013-04-29","2017-12-25",244,178,178,0.729508196721312,0.729508196721312
"US-Cst","monthly","ET","2013-04-01","2017-12-01",57,47,47,0.824561403508772,0.824561403508772
"US-Cst","monthly","soil_water_potential","2013-04-01","2017-12-01",57,54,54,0.947368421052632,0.947368421052632
"US-Cst","monthly","VPD","2013-04-01","2017-12-01",57,55,55,0.964912280701754,0.964912280701754
"US-Cst","monthly","air_temperature","2013-04-01","2017-12-01",57,55,55,0.964912280701754,0.964912280701754
"US-Cst","monthly","net_radiation","2013-04-01","2017-12-01",57,38,38,0.666666666666667,0.666666666666667
"US-DFC","hourly","ET","2018-10-15 05:00:00","2022-12-31 23:00:00",36931,34564,34406,0.935907503181609,0.931629254555793
"US-DFC","hourly","soil_water_potential","2018-10-15 05:00:00","2022-12-31 23:00:00",36931,23579,23330,0.638460913595624,0.631718610381522
"US-DFC","hourly","VPD","2018-10-15 05:00:00","2022-12-31 23:00:00",36931,34662,34541,0.938561100430533,0.9352847201538
"US-DFC","hourly","air_temperature","2018-10-15 05:00:00","2022-12-31 23:00:00",36931,34715,34603,0.939996209146787,0.936963526576589
"US-DFC","hourly","net_radiation","2018-10-15 05:00:00","2022-12-31 23:00:00",36931,24423,24309,0.661314342963906,0.658227505347811
"US-DFC","6_hourly","ET","2018-10-15","2022-12-31 18:00:00",6156,5693,5578,0.924788823911631,0.906107862248213
"US-DFC","6_hourly","soil_water_potential","2018-10-15","2022-12-31 18:00:00",6156,3844,3718,0.624431448992853,0.603963612735543
"US-DFC","6_hourly","VPD","2018-10-15","2022-12-31 18:00:00",6156,5718,5620,0.928849902534113,0.912930474333983
"US-DFC","6_hourly","air_temperature","2018-10-15","2022-12-31 18:00:00",6156,5730,5638,0.930799220272905,0.91585445094217
"US-DFC","6_hourly","net_radiation","2018-10-15","2022-12-31 18:00:00",6156,4012,3920,0.651721897335932,0.636777128005198
"US-DFC","daily","ET","2018-10-15","2022-12-31",1539,1438,1438,0.934372969460689,0.934372969460689
"US-DFC","daily","soil_water_potential","2018-10-15","2022-12-31",1539,959,959,0.623131903833658,0.623131903833658
"US-DFC","daily","VPD","2018-10-15","2022-12-31",1539,1444,1444,0.938271604938272,0.938271604938272
"US-DFC","daily","air_temperature","2018-10-15","2022-12-31",1539,1446,1446,0.939571150097466,0.939571150097466
"US-DFC","daily","net_radiation","2018-10-15","2022-12-31",1539,1001,1001,0.650422352176738,0.650422352176738
"US-DFC","weekly","ET","2018-10-15","2022-12-26",220,204,204,0.927272727272727,0.927272727272727
"US-DFC","weekly","soil_water_potential","2018-10-15","2022-12-26",220,133,133,0.604545454545454,0.604545454545454
"US-DFC","weekly","VPD","2018-10-15","2022-12-26",220,204,204,0.927272727272727,0.927272727272727
"US-DFC","weekly","air_temperature","2018-10-15","2022-12-26",220,204,204,0.927272727272727,0.927272727272727
"US-DFC","weekly","net_radiation","2018-10-15","2022-12-26",220,141,141,0.640909090909091,0.640909090909091
"US-DFC","monthly","ET","2018-10-01","2022-12-01",51,47,47,0.92156862745098,0.92156862745098
"US-DFC","monthly","soil_water_potential","2018-10-01","2022-12-01",51,28,28,0.549019607843137,0.549019607843137
"US-DFC","monthly","VPD","2018-10-01","2022-12-01",51,47,47,0.92156862745098,0.92156862745098
"US-DFC","monthly","air_temperature","2018-10-01","2022-12-01",51,47,47,0.92156862745098,0.92156862745098
"US-DFC","monthly","net_radiation","2018-10-01","2022-12-01",51,32,32,0.627450980392157,0.627450980392157
"US-DS3","hourly","ET","2021-08-03 22:00:00","2023-09-14 05:00:00",18512,16813,16733,0.908221694036301,0.903900172860847
"US-DS3","hourly","soil_water_potential","2021-08-03 22:00:00","2023-09-14 05:00:00",18512,17080,17058,0.922644770959378,0.921456352636128
"US-DS3","hourly","VPD","2021-08-03 22:00:00","2023-09-14 05:00:00",18512,17080,17058,0.922644770959378,0.921456352636128
"US-DS3","hourly","air_temperature","2021-08-03 22:00:00","2023-09-14 05:00:00",18512,17080,17058,0.922644770959378,0.921456352636128
"US-DS3","hourly","net_radiation","2021-08-03 22:00:00","2023-09-14 05:00:00",18512,15370,15192,0.830272255834054,0.820656871218669
"US-DS3","6_hourly","ET","2021-08-03 18:00:00","2023-09-14",3086,2789,2747,0.903758911211925,0.890149060272197
"US-DS3","6_hourly","soil_water_potential","2021-08-03 18:00:00","2023-09-14",3086,2842,2820,0.920933246921581,0.913804277381724
"US-DS3","6_hourly","VPD","2021-08-03 18:00:00","2023-09-14",3086,2842,2820,0.920933246921581,0.913804277381724
"US-DS3","6_hourly","air_temperature","2021-08-03 18:00:00","2023-09-14",3086,2842,2820,0.920933246921581,0.913804277381724
"US-DS3","6_hourly","net_radiation","2021-08-03 18:00:00","2023-09-14",3086,2521,2450,0.816915100453662,0.793907971484122
"US-DS3","daily","ET","2021-08-03","2023-09-14",773,691,691,0.89391979301423,0.89391979301423
"US-DS3","daily","soil_water_potential","2021-08-03","2023-09-14",773,705,705,0.912031047865459,0.912031047865459
"US-DS3","daily","VPD","2021-08-03","2023-09-14",773,705,705,0.912031047865459,0.912031047865459
"US-DS3","daily","air_temperature","2021-08-03","2023-09-14",773,705,705,0.912031047865459,0.912031047865459
"US-DS3","daily","net_radiation","2021-08-03","2023-09-14",773,625,625,0.808538163001294,0.808538163001294
"US-DS3","weekly","ET","2021-08-02","2023-09-11",111,97,97,0.873873873873874,0.873873873873874
"US-DS3","weekly","soil_water_potential","2021-08-02","2023-09-11",111,99,99,0.891891891891892,0.891891891891892
"US-DS3","weekly","VPD","2021-08-02","2023-09-11",111,99,99,0.891891891891892,0.891891891891892
"US-DS3","weekly","air_temperature","2021-08-02","2023-09-11",111,99,99,0.891891891891892,0.891891891891892
"US-DS3","weekly","net_radiation","2021-08-02","2023-09-11",111,84,84,0.756756756756757,0.756756756756757
"US-DS3","monthly","ET","2021-08-01","2023-09-01",26,23,23,0.884615384615385,0.884615384615385
"US-DS3","monthly","soil_water_potential","2021-08-01","2023-09-01",26,23,23,0.884615384615385,0.884615384615385
"US-DS3","monthly","VPD","2021-08-01","2023-09-01",26,23,23,0.884615384615385,0.884615384615385
"US-DS3","monthly","air_temperature","2021-08-01","2023-09-01",26,23,23,0.884615384615385,0.884615384615385
"US-DS3","monthly","net_radiation","2021-08-01","2023-09-01",26,20,20,0.769230769230769,0.769230769230769
"US-Fmf","hourly","ET","2005-07-29 05:00:00","2010-12-31 23:00:00",47563,44802,44630,0.941950675945588,0.938334419611883
"US-Fmf","hourly","soil_water_potential","2005-07-29 05:00:00","2010-12-31 23:00:00",47563,44576,44521,0.937199083321069,0.936042722284128
"US-Fmf","hourly","VPD","2005-07-29 05:00:00","2010-12-31 23:00:00",47563,44893,44843,0.943863927843071,0.942812690536762
"US-Fmf","hourly","air_temperature","2005-07-29 05:00:00","2010-12-31 23:00:00",47563,44896,44848,0.94392700208145,0.942917814267393
"US-Fmf","hourly","net_radiation","2005-07-29 05:00:00","2010-12-31 23:00:00",47563,46041,45995,0.968000336395938,0.967033198074133
"US-Fmf","6_hourly","ET","2005-07-29","2010-12-31 18:00:00",7928,7433,7367,0.937563067608476,0.929238143289606
"US-Fmf","6_hourly","soil_water_potential","2005-07-29","2010-12-31 18:00:00",7928,7416,7391,0.935418768920283,0.932265388496468
"US-Fmf","6_hourly","VPD","2005-07-29","2010-12-31 18:00:00",7928,7470,7438,0.942230070635722,0.938193743693239
"US-Fmf","6_hourly","air_temperature","2005-07-29","2010-12-31 18:00:00",7928,7471,7440,0.942356205852674,0.938446014127144
"US-Fmf","6_hourly","net_radiation","2005-07-29","2010-12-31 18:00:00",7928,7665,7638,0.966826437941473,0.963420787083754
"US-Fmf","daily","ET","2005-07-29","2010-12-31",1982,1854,1854,0.935418768920283,0.935418768920283
"US-Fmf","daily","soil_water_potential","2005-07-29","2010-12-31",1982,1853,1853,0.934914228052472,0.934914228052472
"US-Fmf","daily","VPD","2005-07-29","2010-12-31",1982,1868,1868,0.942482341069627,0.942482341069627
"US-Fmf","daily","air_temperature","2005-07-29","2010-12-31",1982,1868,1868,0.942482341069627,0.942482341069627
"US-Fmf","daily","net_radiation","2005-07-29","2010-12-31",1982,1908,1908,0.962663975782038,0.962663975782038
"US-Fmf","weekly","ET","2005-07-25","2010-12-27",284,259,259,0.911971830985915,0.911971830985915
"US-Fmf","weekly","soil_water_potential","2005-07-25","2010-12-27",284,264,264,0.929577464788732,0.929577464788732
"US-Fmf","weekly","VPD","2005-07-25","2010-12-27",284,263,263,0.926056338028169,0.926056338028169
"US-Fmf","weekly","air_temperature","2005-07-25","2010-12-27",284,263,263,0.926056338028169,0.926056338028169
"US-Fmf","weekly","net_radiation","2005-07-25","2010-12-27",284,271,271,0.954225352112676,0.954225352112676
"US-Fmf","monthly","ET","2005-07-01","2010-12-01",66,58,58,0.878787878787879,0.878787878787879
"US-Fmf","monthly","soil_water_potential","2005-07-01","2010-12-01",66,60,60,0.909090909090909,0.909090909090909
"US-Fmf","monthly","VPD","2005-07-01","2010-12-01",66,59,59,0.893939393939394,0.893939393939394
"US-Fmf","monthly","air_temperature","2005-07-01","2010-12-01",66,59,59,0.893939393939394,0.893939393939394
"US-Fmf","monthly","net_radiation","2005-07-01","2010-12-01",66,62,62,0.939393939393939,0.939393939393939
"US-Fuf","hourly","ET","2005-09-06 05:00:00","2010-12-31 23:00:00",46627,42370,42234,0.908700967250735,0.905784202286229
"US-Fuf","hourly","soil_water_potential","2005-09-06 05:00:00","2010-12-31 23:00:00",46627,43633,43582,0.935788277178459,0.934694490316769
"US-Fuf","hourly","VPD","2005-09-06 05:00:00","2010-12-31 23:00:00",46627,41276,41225,0.885238166727433,0.884144379865743
"US-Fuf","hourly","air_temperature","2005-09-06 05:00:00","2010-12-31 23:00:00",46627,43991,43946,0.943466232011495,0.942501125957063
"US-Fuf","hourly","net_radiation","2005-09-06 05:00:00","2010-12-31 23:00:00",46627,42350,42302,0.908272031226543,0.907242584768482
"US-Fuf","6_hourly","ET","2005-09-06","2010-12-31 18:00:00",7772,7020,6956,0.903242408646423,0.895007720020587
"US-Fuf","6_hourly","soil_water_potential","2005-09-06","2010-12-31 18:00:00",7772,7258,7231,0.933865156973752,0.930391147709727
"US-Fuf","6_hourly","VPD","2005-09-06","2010-12-31 18:00:00",7772,6859,6831,0.882527020072054,0.87892434379825
"US-Fuf","6_hourly","air_temperature","2005-09-06","2010-12-31 18:00:00",7772,7316,7284,0.941327843540916,0.937210499227998
"US-Fuf","6_hourly","net_radiation","2005-09-06","2010-12-31 18:00:00",7772,7041,7011,0.905944415851776,0.902084405558415
"US-Fuf","daily","ET","2005-09-06","2010-12-31",1943,1754,1754,0.902727740607308,0.902727740607308
"US-Fuf","daily","soil_water_potential","2005-09-06","2010-12-31",1943,1811,1811,0.93206381883685,0.93206381883685
"US-Fuf","daily","VPD","2005-09-06","2010-12-31",1943,1718,1718,0.884199691199177,0.884199691199177
"US-Fuf","daily","air_temperature","2005-09-06","2010-12-31",1943,1829,1829,0.941327843540916,0.941327843540916
"US-Fuf","daily","net_radiation","2005-09-06","2010-12-31",1943,1754,1754,0.902727740607308,0.902727740607308
"US-Fuf","weekly","ET","2005-09-05","2010-12-27",278,249,249,0.89568345323741,0.89568345323741
"US-Fuf","weekly","soil_water_potential","2005-09-05","2010-12-27",278,256,256,0.920863309352518,0.920863309352518
"US-Fuf","weekly","VPD","2005-09-05","2010-12-27",278,241,241,0.866906474820144,0.866906474820144
"US-Fuf","weekly","air_temperature","2005-09-05","2010-12-27",278,257,257,0.924460431654676,0.924460431654676
"US-Fuf","weekly","net_radiation","2005-09-05","2010-12-27",278,248,248,0.892086330935252,0.892086330935252
"US-Fuf","monthly","ET","2005-09-01","2010-12-01",64,57,57,0.890625,0.890625
"US-Fuf","monthly","soil_water_potential","2005-09-01","2010-12-01",64,57,57,0.890625,0.890625
"US-Fuf","monthly","VPD","2005-09-01","2010-12-01",64,54,54,0.84375,0.84375
"US-Fuf","monthly","air_temperature","2005-09-01","2010-12-01",64,60,60,0.9375,0.9375
"US-Fuf","monthly","net_radiation","2005-09-01","2010-12-01",64,57,57,0.890625,0.890625
"US-Fwf","hourly","ET","2005-06-15 16:00:00","2010-12-31 23:00:00",48608,45451,45312,0.935051843317972,0.932192231731402
"US-Fwf","hourly","soil_water_potential","2005-06-15 16:00:00","2010-12-31 23:00:00",48608,45704,45548,0.940256747860434,0.937047399605003
"US-Fwf","hourly","VPD","2005-06-15 16:00:00","2010-12-31 23:00:00",48608,47582,47550,0.978892363396972,0.978234035549704
"US-Fwf","hourly","air_temperature","2005-06-15 16:00:00","2010-12-31 23:00:00",48608,47582,47550,0.978892363396972,0.978234035549704
"US-Fwf","hourly","net_radiation","2005-06-15 16:00:00","2010-12-31 23:00:00",48608,47244,47218,0.971938775510204,0.971403884134299
"US-Fwf","6_hourly","ET","2005-06-15 12:00:00","2010-12-31 18:00:00",8102,7540,7490,0.93063441125648,0.924463095531967
"US-Fwf","6_hourly","soil_water_potential","2005-06-15 12:00:00","2010-12-31 18:00:00",8102,7566,7494,0.933843495433226,0.924956800789928
"US-Fwf","6_hourly","VPD","2005-06-15 12:00:00","2010-12-31 18:00:00",8102,7922,7901,0.977783263391755,0.97519131078746
"US-Fwf","6_hourly","air_temperature","2005-06-15 12:00:00","2010-12-31 18:00:00",8102,7922,7901,0.977783263391755,0.97519131078746
"US-Fwf","6_hourly","net_radiation","2005-06-15 12:00:00","2010-12-31 18:00:00",8102,7866,7848,0.970871389780301,0.968649716119477
"US-Fwf","daily","ET","2005-06-15","2010-12-31",2026,1883,1883,0.929417571569595,0.929417571569595
"US-Fwf","daily","soil_water_potential","2005-06-15","2010-12-31",2026,1884,1884,0.929911154985193,0.929911154985193
"US-Fwf","daily","VPD","2005-06-15","2010-12-31",2026,1982,1982,0.978282329713722,0.978282329713722
"US-Fwf","daily","air_temperature","2005-06-15","2010-12-31",2026,1982,1982,0.978282329713722,0.978282329713722
"US-Fwf","daily","net_radiation","2005-06-15","2010-12-31",2026,1962,1962,0.968410661401777,0.968410661401777
"US-Fwf","weekly","ET","2005-06-13","2010-12-27",290,263,263,0.906896551724138,0.906896551724138
"US-Fwf","weekly","soil_water_potential","2005-06-13","2010-12-27",290,266,266,0.917241379310345,0.917241379310345
"US-Fwf","weekly","VPD","2005-06-13","2010-12-27",290,279,279,0.962068965517241,0.962068965517241
"US-Fwf","weekly","air_temperature","2005-06-13","2010-12-27",290,279,279,0.962068965517241,0.962068965517241
"US-Fwf","weekly","net_radiation","2005-06-13","2010-12-27",290,277,277,0.955172413793103,0.955172413793103
"US-Fwf","monthly","ET","2005-06-01","2010-12-01",67,59,59,0.880597014925373,0.880597014925373
"US-Fwf","monthly","soil_water_potential","2005-06-01","2010-12-01",67,61,61,0.91044776119403,0.91044776119403
"US-Fwf","monthly","VPD","2005-06-01","2010-12-01",67,65,65,0.970149253731343,0.970149253731343
"US-Fwf","monthly","air_temperature","2005-06-01","2010-12-01",67,65,65,0.970149253731343,0.970149253731343
"US-Fwf","monthly","net_radiation","2005-06-01","2010-12-01",67,63,63,0.940298507462687,0.940298507462687
"US-GLE","hourly","ET","2005-01-01","2020-10-01 05:00:00",138054,135987,135489,0.985027597896475,0.981420313790256
"US-GLE","hourly","soil_water_potential","2005-01-01","2020-10-01 05:00:00",138054,117401,117128,0.850399119185246,0.848421632114969
"US-GLE","hourly","VPD","2005-01-01","2020-10-01 05:00:00",138054,124046,124036,0.898532458313414,0.898460022889594
"US-GLE","hourly","air_temperature","2005-01-01","2020-10-01 05:00:00",138054,137914,137907,0.998985904066525,0.998935199269851
"US-GLE","hourly","net_radiation","2005-01-01","2020-10-01 05:00:00",138054,135267,135259,0.979812247381459,0.979754299042404
"US-GLE","6_hourly","ET","2005-01-01","2020-10-01",23009,22540,22319,0.979616671737146,0.970011734538659
"US-GLE","6_hourly","soil_water_potential","2005-01-01","2020-10-01",23009,19498,19407,0.847407536181494,0.843452562040941
"US-GLE","6_hourly","VPD","2005-01-01","2020-10-01",23009,20672,20668,0.898431048720066,0.898257203702899
"US-GLE","6_hourly","air_temperature","2005-01-01","2020-10-01",23009,22984,22981,0.998913468642705,0.99878308487983
"US-GLE","6_hourly","net_radiation","2005-01-01","2020-10-01",23009,22543,22537,0.979747055500022,0.979486287974271
"US-GLE","daily","ET","2005-01-01","2020-10-01",5753,5659,5659,0.983660698765861,0.983660698765861
"US-GLE","daily","soil_water_potential","2005-01-01","2020-10-01",5753,4874,4874,0.847210151225448,0.847210151225448
"US-GLE","daily","VPD","2005-01-01","2020-10-01",5753,5167,5167,0.898140100816965,0.898140100816965
"US-GLE","daily","air_temperature","2005-01-01","2020-10-01",5753,5745,5745,0.998609421171563,0.998609421171563
"US-GLE","daily","net_radiation","2005-01-01","2020-10-01",5753,5635,5635,0.979488962280549,0.979488962280549
"US-GLE","weekly","ET","2004-12-27","2020-09-28",823,808,808,0.981773997569866,0.981773997569866
"US-GLE","weekly","soil_water_potential","2004-12-27","2020-09-28",823,689,689,0.837181044957473,0.837181044957473
"US-GLE","weekly","VPD","2004-12-27","2020-09-28",823,736,736,0.894289185905225,0.894289185905225
"US-GLE","weekly","air_temperature","2004-12-27","2020-09-28",823,819,819,0.995139732685298,0.995139732685298
"US-GLE","weekly","net_radiation","2004-12-27","2020-09-28",823,804,804,0.976913730255164,0.976913730255164
"US-GLE","monthly","ET","2005-01-01","2020-10-01",190,188,188,0.989473684210526,0.989473684210526
"US-GLE","monthly","soil_water_potential","2005-01-01","2020-10-01",190,155,155,0.815789473684211,0.815789473684211
"US-GLE","monthly","VPD","2005-01-01","2020-10-01",190,170,170,0.894736842105263,0.894736842105263
"US-GLE","monthly","air_temperature","2005-01-01","2020-10-01",190,189,189,0.994736842105263,0.994736842105263
"US-GLE","monthly","net_radiation","2005-01-01","2020-10-01",190,185,185,0.973684210526316,0.973684210526316
"US-HB2","hourly","ET","2019-01-01","2019-12-31 23:00:00",8760,8444,8426,0.963926940639269,0.961872146118722
"US-HB2","hourly","soil_water_potential","2019-01-01","2019-12-31 23:00:00",8760,8436,8423,0.963013698630137,0.961529680365297
"US-HB2","hourly","VPD","2019-01-01","2019-12-31 23:00:00",8760,8436,8423,0.963013698630137,0.961529680365297
"US-HB2","hourly","air_temperature","2019-01-01","2019-12-31 23:00:00",8760,8436,8423,0.963013698630137,0.961529680365297
"US-HB2","hourly","net_radiation","2019-01-01","2019-12-31 23:00:00",8760,8358,8348,0.954109589041096,0.95296803652968
"US-HB2","6_hourly","ET","2019-01-01","2019-12-31 18:00:00",1460,1404,1393,0.961643835616438,0.954109589041096
"US-HB2","6_hourly","soil_water_potential","2019-01-01","2019-12-31 18:00:00",1460,1403,1395,0.960958904109589,0.955479452054795
"US-HB2","6_hourly","VPD","2019-01-01","2019-12-31 18:00:00",1460,1403,1395,0.960958904109589,0.955479452054795
"US-HB2","6_hourly","air_temperature","2019-01-01","2019-12-31 18:00:00",1460,1403,1395,0.960958904109589,0.955479452054795
"US-HB2","6_hourly","net_radiation","2019-01-01","2019-12-31 18:00:00",1460,1392,1386,0.953424657534247,0.949315068493151
"US-HB2","daily","ET","2019-01-01","2019-12-31",365,350,350,0.958904109589041,0.958904109589041
"US-HB2","daily","soil_water_potential","2019-01-01","2019-12-31",365,350,350,0.958904109589041,0.958904109589041
"US-HB2","daily","VPD","2019-01-01","2019-12-31",365,350,350,0.958904109589041,0.958904109589041
"US-HB2","daily","air_temperature","2019-01-01","2019-12-31",365,350,350,0.958904109589041,0.958904109589041
"US-HB2","daily","net_radiation","2019-01-01","2019-12-31",365,344,344,0.942465753424658,0.942465753424658
"US-HB2","weekly","ET","2018-12-31","2019-12-30",53,49,49,0.924528301886792,0.924528301886792
"US-HB2","weekly","soil_water_potential","2018-12-31","2019-12-30",53,49,49,0.924528301886792,0.924528301886792
"US-HB2","weekly","VPD","2018-12-31","2019-12-30",53,49,49,0.924528301886792,0.924528301886792
"US-HB2","weekly","air_temperature","2018-12-31","2019-12-30",53,49,49,0.924528301886792,0.924528301886792
"US-HB2","weekly","net_radiation","2018-12-31","2019-12-30",53,49,49,0.924528301886792,0.924528301886792
"US-HB2","monthly","ET","2019-01-01","2019-12-01",12,11,0,0.916666666666667,0
"US-HB2","monthly","soil_water_potential","2019-01-01","2019-12-01",12,11,0,0.916666666666667,0
"US-HB2","monthly","VPD","2019-01-01","2019-12-01",12,11,0,0.916666666666667,0
"US-HB2","monthly","air_temperature","2019-01-01","2019-12-01",12,11,0,0.916666666666667,0
"US-HB2","monthly","net_radiation","2019-01-01","2019-12-01",12,11,0,0.916666666666667,0
"US-HB3","hourly","ET","2019-01-02 06:00:00","2022-12-31 23:00:00",35034,34982,34967,0.998515727578923,0.998087572072843
"US-HB3","hourly","soil_water_potential","2019-01-02 06:00:00","2022-12-31 23:00:00",35034,34588,34530,0.987269509619227,0.985613974995718
"US-HB3","hourly","VPD","2019-01-02 06:00:00","2022-12-31 23:00:00",35034,33803,33778,0.96486270480105,0.964149112290917
"US-HB3","hourly","air_temperature","2019-01-02 06:00:00","2022-12-31 23:00:00",35034,33803,33778,0.96486270480105,0.964149112290917
"US-HB3","hourly","net_radiation","2019-01-02 06:00:00","2022-12-31 23:00:00",35034,34684,34641,0.990009704858138,0.988782325740709
"US-HB3","6_hourly","ET","2019-01-02 06:00:00","2022-12-31 18:00:00",5839,5830,5823,0.998458640178113,0.997259804761089
"US-HB3","6_hourly","soil_water_potential","2019-01-02 06:00:00","2022-12-31 18:00:00",5839,5753,5725,0.985271450590855,0.980476108922761
"US-HB3","6_hourly","VPD","2019-01-02 06:00:00","2022-12-31 18:00:00",5839,5630,5617,0.964206199691728,0.961979791060113
"US-HB3","6_hourly","air_temperature","2019-01-02 06:00:00","2022-12-31 18:00:00",5839,5630,5617,0.964206199691728,0.961979791060113
"US-HB3","6_hourly","net_radiation","2019-01-02 06:00:00","2022-12-31 18:00:00",5839,5768,5752,0.987840383627333,0.985100188388423
"US-HB3","daily","ET","2019-01-02","2022-12-31",1460,1457,1457,0.997945205479452,0.997945205479452
"US-HB3","daily","soil_water_potential","2019-01-02","2022-12-31",1460,1432,1432,0.980821917808219,0.980821917808219
"US-HB3","daily","VPD","2019-01-02","2022-12-31",1460,1407,1407,0.963698630136986,0.963698630136986
"US-HB3","daily","air_temperature","2019-01-02","2022-12-31",1460,1407,1407,0.963698630136986,0.963698630136986
"US-HB3","daily","net_radiation","2019-01-02","2022-12-31",1460,1436,1436,0.983561643835616,0.983561643835616
"US-HB3","weekly","ET","2018-12-31","2022-12-26",209,208,208,0.995215311004785,0.995215311004785
"US-HB3","weekly","soil_water_potential","2018-12-31","2022-12-26",209,205,205,0.980861244019139,0.980861244019139
"US-HB3","weekly","VPD","2018-12-31","2022-12-26",209,202,202,0.966507177033493,0.966507177033493
"US-HB3","weekly","air_temperature","2018-12-31","2022-12-26",209,202,202,0.966507177033493,0.966507177033493
"US-HB3","weekly","net_radiation","2018-12-31","2022-12-26",209,207,207,0.990430622009569,0.990430622009569
"US-HB3","monthly","ET","2019-01-01","2022-12-01",48,48,48,1,1
"US-HB3","monthly","soil_water_potential","2019-01-01","2022-12-01",48,47,47,0.979166666666667,0.979166666666667
"US-HB3","monthly","VPD","2019-01-01","2022-12-01",48,46,46,0.958333333333333,0.958333333333333
"US-HB3","monthly","air_temperature","2019-01-01","2022-12-01",48,46,46,0.958333333333333,0.958333333333333
"US-HB3","monthly","net_radiation","2019-01-01","2022-12-01",48,48,48,1,1
"US-HWB","hourly","ET","2015-07-16 03:00:00","2018-08-24 20:00:00",27258,26429,26392,0.969586910264876,0.968229510602392
"US-HWB","hourly","soil_water_potential","2015-07-16 03:00:00","2018-08-24 20:00:00",27258,27066,27051,0.992956196346027,0.99240589918556
"US-HWB","hourly","VPD","2015-07-16 03:00:00","2018-08-24 20:00:00",27258,26470,26450,0.971091055836819,0.97035732628953
"US-HWB","hourly","air_temperature","2015-07-16 03:00:00","2018-08-24 20:00:00",27258,26470,26450,0.971091055836819,0.97035732628953
"US-HWB","hourly","net_radiation","2015-07-16 03:00:00","2018-08-24 20:00:00",27258,26971,26954,0.989470980996405,0.988847310881209
"US-HWB","6_hourly","ET","2015-07-16","2018-08-24 18:00:00",4544,4392,4371,0.966549295774648,0.961927816901408
"US-HWB","6_hourly","soil_water_potential","2015-07-16","2018-08-24 18:00:00",4544,4506,4496,0.991637323943662,0.98943661971831
"US-HWB","6_hourly","VPD","2015-07-16","2018-08-24 18:00:00",4544,4404,4392,0.96919014084507,0.966549295774648
"US-HWB","6_hourly","air_temperature","2015-07-16","2018-08-24 18:00:00",4544,4404,4392,0.96919014084507,0.966549295774648
"US-HWB","6_hourly","net_radiation","2015-07-16","2018-08-24 18:00:00",4544,4490,4479,0.988116197183099,0.985695422535211
"US-HWB","daily","ET","2015-07-16","2018-08-24",1136,1100,1100,0.96830985915493,0.96830985915493
"US-HWB","daily","soil_water_potential","2015-07-16","2018-08-24",1136,1125,1125,0.990316901408451,0.990316901408451
"US-HWB","daily","VPD","2015-07-16","2018-08-24",1136,1100,1100,0.96830985915493,0.96830985915493
"US-HWB","daily","air_temperature","2015-07-16","2018-08-24",1136,1100,1100,0.96830985915493,0.96830985915493
"US-HWB","daily","net_radiation","2015-07-16","2018-08-24",1136,1122,1122,0.987676056338028,0.987676056338028
"US-HWB","weekly","ET","2015-07-13","2018-08-20",163,156,156,0.957055214723926,0.957055214723926
"US-HWB","weekly","soil_water_potential","2015-07-13","2018-08-20",163,160,160,0.98159509202454,0.98159509202454
"US-HWB","weekly","VPD","2015-07-13","2018-08-20",163,156,156,0.957055214723926,0.957055214723926
"US-HWB","weekly","air_temperature","2015-07-13","2018-08-20",163,156,156,0.957055214723926,0.957055214723926
"US-HWB","weekly","net_radiation","2015-07-13","2018-08-20",163,159,159,0.975460122699387,0.975460122699387
"US-HWB","monthly","ET","2015-07-01","2018-08-01",38,36,36,0.947368421052632,0.947368421052632
"US-HWB","monthly","soil_water_potential","2015-07-01","2018-08-01",38,37,37,0.973684210526316,0.973684210526316
"US-HWB","monthly","VPD","2015-07-01","2018-08-01",38,36,36,0.947368421052632,0.947368421052632
"US-HWB","monthly","air_temperature","2015-07-01","2018-08-01",38,36,36,0.947368421052632,0.947368421052632
"US-HWB","monthly","net_radiation","2015-07-01","2018-08-01",38,37,37,0.973684210526316,0.973684210526316
"US-Ha1","hourly","ET","1991-10-27 17:00:00","2020-12-31 23:00:00",255799,255799,255798,1,0.999996090680573
"US-Ha1","hourly","soil_water_potential","1991-10-27 17:00:00","2020-12-31 23:00:00",255799,0,0,0,0
"US-Ha1","hourly","VPD","1991-10-27 17:00:00","2020-12-31 23:00:00",255799,242404,242137,0.947634666280947,0.94659087799405
"US-Ha1","hourly","air_temperature","1991-10-27 17:00:00","2020-12-31 23:00:00",255799,255799,255798,1,0.999996090680573
"US-Ha1","hourly","net_radiation","1991-10-27 17:00:00","2020-12-31 23:00:00",255799,192764,191361,0.753576049945465,0.748091274789972
"US-Ha1","6_hourly","ET","1991-10-27 12:00:00","2020-12-31 18:00:00",42634,42633,42632,0.999976544541915,0.99995308908383
"US-Ha1","6_hourly","soil_water_potential","1991-10-27 12:00:00","2020-12-31 18:00:00",42634,0,0,0,0
"US-Ha1","6_hourly","VPD","1991-10-27 12:00:00","2020-12-31 18:00:00",42634,40326,40216,0.945864802739597,0.943284702350237
"US-Ha1","6_hourly","air_temperature","1991-10-27 12:00:00","2020-12-31 18:00:00",42634,42633,42632,0.999976544541915,0.99995308908383
"US-Ha1","6_hourly","net_radiation","1991-10-27 12:00:00","2020-12-31 18:00:00",42634,31651,30740,0.742388703851386,0.721020781535863
"US-Ha1","daily","ET","1991-10-27","2020-12-31",10659,10658,10658,0.999906182568721,0.999906182568721
"US-Ha1","daily","soil_water_potential","1991-10-27","2020-12-31",10659,0,0,0,0
"US-Ha1","daily","VPD","1991-10-27","2020-12-31",10659,10096,10096,0.947180786190074,0.947180786190074
"US-Ha1","daily","air_temperature","1991-10-27","2020-12-31",10659,10658,10658,0.999906182568721,0.999906182568721
"US-Ha1","daily","net_radiation","1991-10-27","2020-12-31",10659,7712,7712,0.723520030021578,0.723520030021578
"US-Ha1","weekly","ET","1991-10-21","2020-12-28",1524,1522,1522,0.998687664041995,0.998687664041995
"US-Ha1","weekly","soil_water_potential","1991-10-21","2020-12-28",1524,0,0,0,0
"US-Ha1","weekly","VPD","1991-10-21","2020-12-28",1524,1436,1436,0.942257217847769,0.942257217847769
"US-Ha1","weekly","air_temperature","1991-10-21","2020-12-28",1524,1522,1522,0.998687664041995,0.998687664041995
"US-Ha1","weekly","net_radiation","1991-10-21","2020-12-28",1524,1051,1051,0.689632545931758,0.689632545931758
"US-Ha1","monthly","ET","1991-10-01","2020-12-01",351,350,350,0.997150997150997,0.997150997150997
"US-Ha1","monthly","soil_water_potential","1991-10-01","2020-12-01",351,0,0,0,0
"US-Ha1","monthly","VPD","1991-10-01","2020-12-01",351,326,326,0.928774928774929,0.928774928774929
"US-Ha1","monthly","air_temperature","1991-10-01","2020-12-01",351,350,350,0.997150997150997,0.997150997150997
"US-Ha1","monthly","net_radiation","1991-10-01","2020-12-01",351,235,235,0.66951566951567,0.66951566951567
"US-Hn2","hourly","ET","2015-12-04 15:00:00","2018-12-31 23:00:00",26961,19198,18920,0.712065576202663,0.701754385964912
"US-Hn2","hourly","soil_water_potential","2015-12-04 15:00:00","2018-12-31 23:00:00",26961,15934,15905,0.591001817440006,0.589926189681392
"US-Hn2","hourly","VPD","2015-12-04 15:00:00","2018-12-31 23:00:00",26961,18759,18739,0.695782797373985,0.695040985126664
"US-Hn2","hourly","air_temperature","2015-12-04 15:00:00","2018-12-31 23:00:00",26961,18759,18739,0.695782797373985,0.695040985126664
"US-Hn2","hourly","net_radiation","2015-12-04 15:00:00","2018-12-31 23:00:00",26961,22109,22080,0.820036348800119,0.818960721041504
"US-Hn2","6_hourly","ET","2015-12-04 12:00:00","2018-12-31 18:00:00",4494,3123,2976,0.694926568758344,0.662216288384513
"US-Hn2","6_hourly","soil_water_potential","2015-12-04 12:00:00","2018-12-31 18:00:00",4494,2650,2632,0.589675122385403,0.585669781931464
"US-Hn2","6_hourly","VPD","2015-12-04 12:00:00","2018-12-31 18:00:00",4494,3121,3104,0.694481530930129,0.690698709390298
"US-Hn2","6_hourly","air_temperature","2015-12-04 12:00:00","2018-12-31 18:00:00",4494,3121,3104,0.694481530930129,0.690698709390298
"US-Hn2","6_hourly","net_radiation","2015-12-04 12:00:00","2018-12-31 18:00:00",4494,3675,3652,0.817757009345794,0.812639074321317
"US-Hn2","daily","ET","2015-12-04","2018-12-31",1124,779,779,0.693060498220641,0.693060498220641
"US-Hn2","daily","soil_water_potential","2015-12-04","2018-12-31",1124,660,660,0.587188612099644,0.587188612099644
"US-Hn2","daily","VPD","2015-12-04","2018-12-31",1124,778,778,0.692170818505338,0.692170818505338
"US-Hn2","daily","air_temperature","2015-12-04","2018-12-31",1124,778,778,0.692170818505338,0.692170818505338
"US-Hn2","daily","net_radiation","2015-12-04","2018-12-31",1124,909,909,0.808718861209964,0.808718861209964
"US-Hn2","weekly","ET","2015-11-30","2018-12-31",162,108,108,0.666666666666667,0.666666666666667
"US-Hn2","weekly","soil_water_potential","2015-11-30","2018-12-31",162,90,90,0.555555555555556,0.555555555555556
"US-Hn2","weekly","VPD","2015-11-30","2018-12-31",162,106,106,0.654320987654321,0.654320987654321
"US-Hn2","weekly","air_temperature","2015-11-30","2018-12-31",162,106,106,0.654320987654321,0.654320987654321
"US-Hn2","weekly","net_radiation","2015-11-30","2018-12-31",162,126,126,0.777777777777778,0.777777777777778
"US-Hn2","monthly","ET","2015-12-01","2018-12-01",37,23,23,0.621621621621622,0.621621621621622
"US-Hn2","monthly","soil_water_potential","2015-12-01","2018-12-01",37,19,19,0.513513513513513,0.513513513513513
"US-Hn2","monthly","VPD","2015-12-01","2018-12-01",37,23,23,0.621621621621622,0.621621621621622
"US-Hn2","monthly","air_temperature","2015-12-01","2018-12-01",37,23,23,0.621621621621622,0.621621621621622
"US-Hn2","monthly","net_radiation","2015-12-01","2018-12-01",37,28,28,0.756756756756757,0.756756756756757
"US-Hn3","hourly","ET","2017-11-16 05:00:00","2018-12-31 23:00:00",9859,7216,7183,0.731920073029719,0.72857287757379
"US-Hn3","hourly","soil_water_potential","2017-11-16 05:00:00","2018-12-31 23:00:00",9859,490,476,0.0497007810122731,0.0482807586976367
"US-Hn3","hourly","VPD","2017-11-16 05:00:00","2018-12-31 23:00:00",9859,6761,6749,0.685769347804037,0.684552185820063
"US-Hn3","hourly","air_temperature","2017-11-16 05:00:00","2018-12-31 23:00:00",9859,6761,6749,0.685769347804037,0.684552185820063
"US-Hn3","hourly","net_radiation","2017-11-16 05:00:00","2018-12-31 23:00:00",9859,7427,7420,0.753321837914596,0.752611826757278
"US-Hn3","6_hourly","ET","2017-11-16","2018-12-31 18:00:00",1644,1193,1178,0.725669099756691,0.71654501216545
"US-Hn3","6_hourly","soil_water_potential","2017-11-16","2018-12-31 18:00:00",1644,76,70,0.0462287104622871,0.0425790754257908
"US-Hn3","6_hourly","VPD","2017-11-16","2018-12-31 18:00:00",1644,1123,1115,0.6830900243309,0.678223844282238
"US-Hn3","6_hourly","air_temperature","2017-11-16","2018-12-31 18:00:00",1644,1123,1115,0.6830900243309,0.678223844282238
"US-Hn3","6_hourly","net_radiation","2017-11-16","2018-12-31 18:00:00",1644,1236,1231,0.751824817518248,0.748783454987834
"US-Hn3","daily","ET","2017-11-16","2018-12-31",411,301,301,0.732360097323601,0.732360097323601
"US-Hn3","daily","soil_water_potential","2017-11-16","2018-12-31",411,17,0,0.0413625304136253,0
"US-Hn3","daily","VPD","2017-11-16","2018-12-31",411,280,280,0.681265206812652,0.681265206812652
"US-Hn3","daily","air_temperature","2017-11-16","2018-12-31",411,280,280,0.681265206812652,0.681265206812652
"US-Hn3","daily","net_radiation","2017-11-16","2018-12-31",411,307,307,0.746958637469586,0.746958637469586
"US-Hn3","weekly","ET","2017-11-13","2018-12-31",60,41,41,0.683333333333333,0.683333333333333
"US-Hn3","weekly","soil_water_potential","2017-11-13","2018-12-31",60,2,0,0.0333333333333333,0
"US-Hn3","weekly","VPD","2017-11-13","2018-12-31",60,38,38,0.633333333333333,0.633333333333333
"US-Hn3","weekly","air_temperature","2017-11-13","2018-12-31",60,38,38,0.633333333333333,0.633333333333333
"US-Hn3","weekly","net_radiation","2017-11-13","2018-12-31",60,42,42,0.7,0.7
"US-Hn3","monthly","ET","2017-11-01","2018-12-01",14,9,0,0.642857142857143,0
"US-Hn3","monthly","soil_water_potential","2017-11-01","2018-12-01",14,0,0,0,0
"US-Hn3","monthly","VPD","2017-11-01","2018-12-01",14,8,0,0.571428571428571,0
"US-Hn3","monthly","air_temperature","2017-11-01","2018-12-01",14,8,0,0.571428571428571,0
"US-Hn3","monthly","net_radiation","2017-11-01","2018-12-01",14,9,0,0.642857142857143,0
"US-Ho1","hourly","ET","1996-01-01","2023-12-31 23:00:00",245448,191430,185099,0.779920797887944,0.754127147094293
"US-Ho1","hourly","soil_water_potential","1996-01-01","2023-12-31 23:00:00",245448,201649,201620,0.821554871092859,0.821436719794009
"US-Ho1","hourly","VPD","1996-01-01","2023-12-31 23:00:00",245448,36001,35995,0.146674652064796,0.146650206968482
"US-Ho1","hourly","air_temperature","1996-01-01","2023-12-31 23:00:00",245448,137837,137769,0.56157312343144,0.561296079006551
"US-Ho1","hourly","net_radiation","1996-01-01","2023-12-31 23:00:00",245448,63228,63211,0.257602424953554,0.257533163847332
"US-Ho1","6_hourly","ET","1996-01-01","2023-12-31 18:00:00",40908,30209,27317,0.738461914539943,0.667766696000782
"US-Ho1","6_hourly","soil_water_potential","1996-01-01","2023-12-31 18:00:00",40908,33597,33572,0.821281900850689,0.820670773442847
"US-Ho1","6_hourly","VPD","1996-01-01","2023-12-31 18:00:00",40908,6000,5995,0.146670577882077,0.146548352400508
"US-Ho1","6_hourly","air_temperature","1996-01-01","2023-12-31 18:00:00",40908,22943,22901,0.560843844724748,0.559817150679574
"US-Ho1","6_hourly","net_radiation","1996-01-01","2023-12-31 18:00:00",40908,10531,10518,0.257431309279359,0.257113523027281
"US-Ho1","daily","ET","1996-01-01","2023-12-31",10227,7499,7499,0.73325510902513,0.73325510902513
"US-Ho1","daily","soil_water_potential","1996-01-01","2023-12-31",10227,8388,8388,0.820181871516574,0.820181871516574
"US-Ho1","daily","VPD","1996-01-01","2023-12-31",10227,1499,1499,0.146572797496822,0.146572797496822
"US-Ho1","daily","air_temperature","1996-01-01","2023-12-31",10227,5731,5731,0.560379387894788,0.560379387894788
"US-Ho1","daily","net_radiation","1996-01-01","2023-12-31",10227,2625,2625,0.256673511293634,0.256673511293634
"US-Ho1","weekly","ET","1996-01-01","2023-12-25",1461,1018,1018,0.69678302532512,0.69678302532512
"US-Ho1","weekly","soil_water_potential","1996-01-01","2023-12-25",1461,1197,1197,0.819301848049281,0.819301848049281
"US-Ho1","weekly","VPD","1996-01-01","2023-12-25",1461,213,213,0.145790554414784,0.145790554414784
"US-Ho1","weekly","air_temperature","1996-01-01","2023-12-25",1461,818,818,0.559890485968515,0.559890485968515
"US-Ho1","weekly","net_radiation","1996-01-01","2023-12-25",1461,374,374,0.255989048596851,0.255989048596851
"US-Ho1","monthly","ET","1996-01-01","2023-12-01",336,230,230,0.68452380952381,0.68452380952381
"US-Ho1","monthly","soil_water_potential","1996-01-01","2023-12-01",336,274,274,0.81547619047619,0.81547619047619
"US-Ho1","monthly","VPD","1996-01-01","2023-12-01",336,49,49,0.145833333333333,0.145833333333333
"US-Ho1","monthly","air_temperature","1996-01-01","2023-12-01",336,188,188,0.55952380952381,0.55952380952381
"US-Ho1","monthly","net_radiation","1996-01-01","2023-12-01",336,87,87,0.258928571428571,0.258928571428571
"US-Ho2","hourly","ET","1999-01-01 03:00:00","2023-12-31 23:00:00",219141,190215,187160,0.868002792722494,0.854061996614052
"US-Ho2","hourly","soil_water_potential","1999-01-01 03:00:00","2023-12-31 23:00:00",219141,0,0,0,0
"US-Ho2","hourly","VPD","1999-01-01 03:00:00","2023-12-31 23:00:00",219141,51893,51869,0.236801876417466,0.2366923578883
"US-Ho2","hourly","air_temperature","1999-01-01 03:00:00","2023-12-31 23:00:00",219141,164365,164281,0.750042210266449,0.749658895414368
"US-Ho2","hourly","net_radiation","1999-01-01 03:00:00","2023-12-31 23:00:00",219141,177666,177601,0.810738291784741,0.810441679101583
"US-Ho2","6_hourly","ET","1999-01-01","2023-12-31 18:00:00",36524,30866,29519,0.845088161209068,0.808208301390866
"US-Ho2","6_hourly","soil_water_potential","1999-01-01","2023-12-31 18:00:00",36524,0,0,0,0
"US-Ho2","6_hourly","VPD","1999-01-01","2023-12-31 18:00:00",36524,8643,8630,0.236638922352426,0.236282992005257
"US-Ho2","6_hourly","air_temperature","1999-01-01","2023-12-31 18:00:00",36524,27363,27308,0.749178622275764,0.747672763114664
"US-Ho2","6_hourly","net_radiation","1999-01-01","2023-12-31 18:00:00",36524,29591,29538,0.810179607929033,0.808728507282882
"US-Ho2","daily","ET","1999-01-01","2023-12-31",9131,7723,7723,0.845800021903406,0.845800021903406
"US-Ho2","daily","soil_water_potential","1999-01-01","2023-12-31",9131,0,0,0,0
"US-Ho2","daily","VPD","1999-01-01","2023-12-31",9131,2158,2158,0.236337750520206,0.236337750520206
"US-Ho2","daily","air_temperature","1999-01-01","2023-12-31",9131,6826,6826,0.747563246084766,0.747563246084766
"US-Ho2","daily","net_radiation","1999-01-01","2023-12-31",9131,7373,7373,0.807469061439054,0.807469061439054
"US-Ho2","weekly","ET","1998-12-28","2023-12-25",1305,1075,1075,0.823754789272031,0.823754789272031
"US-Ho2","weekly","soil_water_potential","1998-12-28","2023-12-25",1305,0,0,0,0
"US-Ho2","weekly","VPD","1998-12-28","2023-12-25",1305,304,304,0.232950191570881,0.232950191570881
"US-Ho2","weekly","air_temperature","1998-12-28","2023-12-25",1305,967,967,0.740996168582375,0.740996168582375
"US-Ho2","weekly","net_radiation","1998-12-28","2023-12-25",1305,1048,1048,0.803065134099617,0.803065134099617
"US-Ho2","monthly","ET","1999-01-01","2023-12-01",300,243,243,0.81,0.81
"US-Ho2","monthly","soil_water_potential","1999-01-01","2023-12-01",300,0,0,0,0
"US-Ho2","monthly","VPD","1999-01-01","2023-12-01",300,70,70,0.233333333333333,0.233333333333333
"US-Ho2","monthly","air_temperature","1999-01-01","2023-12-01",300,217,217,0.723333333333333,0.723333333333333
"US-Ho2","monthly","net_radiation","1999-01-01","2023-12-01",300,231,231,0.77,0.77
"US-Jo1","hourly","ET","2010-01-07 17:00:00","2022-10-01 05:00:00",111589,99434,98683,0.891073492907007,0.884343438869423
"US-Jo1","hourly","soil_water_potential","2010-01-07 17:00:00","2022-10-01 05:00:00",111589,91271,91051,0.817921121257472,0.815949600767101
"US-Jo1","hourly","VPD","2010-01-07 17:00:00","2022-10-01 05:00:00",111589,97851,97805,0.876887506833111,0.876475279821488
"US-Jo1","hourly","air_temperature","2010-01-07 17:00:00","2022-10-01 05:00:00",111589,97851,97805,0.876887506833111,0.876475279821488
"US-Jo1","hourly","net_radiation","2010-01-07 17:00:00","2022-10-01 05:00:00",111589,85523,85487,0.766410667718144,0.766088055274265
"US-Jo1","6_hourly","ET","2010-01-07 12:00:00","2022-10-01",18599,16448,16166,0.884348620893596,0.869186515404054
"US-Jo1","6_hourly","soil_water_potential","2010-01-07 12:00:00","2022-10-01",18599,15117,14960,0.812785633636217,0.804344319587075
"US-Jo1","6_hourly","VPD","2010-01-07 12:00:00","2022-10-01",18599,16289,16258,0.875799774181408,0.874133017904188
"US-Jo1","6_hourly","air_temperature","2010-01-07 12:00:00","2022-10-01",18599,16289,16258,0.875799774181408,0.874133017904188
"US-Jo1","6_hourly","net_radiation","2010-01-07 12:00:00","2022-10-01",18599,14241,14213,0.765686327221894,0.764180869939244
"US-Jo1","daily","ET","2010-01-07","2022-10-01",4651,4117,4117,0.885185981509353,0.885185981509353
"US-Jo1","daily","soil_water_potential","2010-01-07","2022-10-01",4651,3770,3770,0.810578370242959,0.810578370242959
"US-Jo1","daily","VPD","2010-01-07","2022-10-01",4651,4065,4065,0.874005590195657,0.874005590195657
"US-Jo1","daily","air_temperature","2010-01-07","2022-10-01",4651,4065,4065,0.874005590195657,0.874005590195657
"US-Jo1","daily","net_radiation","2010-01-07","2022-10-01",4651,3549,3549,0.763061707159751,0.763061707159751
"US-Jo1","weekly","ET","2010-01-04","2022-09-26",665,577,577,0.867669172932331,0.867669172932331
"US-Jo1","weekly","soil_water_potential","2010-01-04","2022-09-26",665,533,533,0.801503759398496,0.801503759398496
"US-Jo1","weekly","VPD","2010-01-04","2022-09-26",665,574,574,0.863157894736842,0.863157894736842
"US-Jo1","weekly","air_temperature","2010-01-04","2022-09-26",665,574,574,0.863157894736842,0.863157894736842
"US-Jo1","weekly","net_radiation","2010-01-04","2022-09-26",665,497,497,0.747368421052632,0.747368421052632
"US-Jo1","monthly","ET","2010-01-01","2022-10-01",154,129,129,0.837662337662338,0.837662337662338
"US-Jo1","monthly","soil_water_potential","2010-01-01","2022-10-01",154,120,120,0.779220779220779,0.779220779220779
"US-Jo1","monthly","VPD","2010-01-01","2022-10-01",154,132,132,0.857142857142857,0.857142857142857
"US-Jo1","monthly","air_temperature","2010-01-01","2022-10-01",154,132,132,0.857142857142857,0.857142857142857
"US-Jo1","monthly","net_radiation","2010-01-01","2022-10-01",154,113,113,0.733766233766234,0.733766233766234
"US-Jo2","hourly","ET","2010-08-01 23:00:00","2020-12-31 23:00:00",91321,83973,83751,0.91953657975712,0.917105594551089
"US-Jo2","hourly","soil_water_potential","2010-08-01 23:00:00","2020-12-31 23:00:00",91321,80418,80352,0.880607965309184,0.879885239977661
"US-Jo2","hourly","VPD","2010-08-01 23:00:00","2020-12-31 23:00:00",91321,79729,79654,0.873063150863438,0.872241872077616
"US-Jo2","hourly","air_temperature","2010-08-01 23:00:00","2020-12-31 23:00:00",91321,79764,79693,0.873446414296821,0.872668937046243
"US-Jo2","hourly","net_radiation","2010-08-01 23:00:00","2020-12-31 23:00:00",91321,79593,79530,0.871573898665148,0.870884024485058
"US-Jo2","6_hourly","ET","2010-08-01 18:00:00","2020-12-31 18:00:00",15221,13950,13853,0.916496945010183,0.91012417055384
"US-Jo2","6_hourly","soil_water_potential","2010-08-01 18:00:00","2020-12-31 18:00:00",15221,13378,13331,0.878917285329479,0.875829446159911
"US-Jo2","6_hourly","VPD","2010-08-01 18:00:00","2020-12-31 18:00:00",15221,13259,13204,0.871099139346955,0.867485710531502
"US-Jo2","6_hourly","air_temperature","2010-08-01 18:00:00","2020-12-31 18:00:00",15221,13266,13214,0.871559030287103,0.868142697588858
"US-Jo2","6_hourly","net_radiation","2010-08-01 18:00:00","2020-12-31 18:00:00",15221,13243,13196,0.870047960055187,0.866960120885619
"US-Jo2","daily","ET","2010-08-01","2020-12-31",3806,3496,3496,0.918549658434051,0.918549658434051
"US-Jo2","daily","soil_water_potential","2010-08-01","2020-12-31",3806,3336,3336,0.87651077246453,0.87651077246453
"US-Jo2","daily","VPD","2010-08-01","2020-12-31",3806,3307,3307,0.868891224382554,0.868891224382554
"US-Jo2","daily","air_temperature","2010-08-01","2020-12-31",3806,3309,3309,0.869416710457173,0.869416710457173
"US-Jo2","daily","net_radiation","2010-08-01","2020-12-31",3806,3288,3288,0.863899106673673,0.863899106673673
"US-Jo2","weekly","ET","2010-07-26","2020-12-28",545,493,493,0.904587155963303,0.904587155963303
"US-Jo2","weekly","soil_water_potential","2010-07-26","2020-12-28",545,466,466,0.855045871559633,0.855045871559633
"US-Jo2","weekly","VPD","2010-07-26","2020-12-28",545,461,461,0.845871559633028,0.845871559633028
"US-Jo2","weekly","air_temperature","2010-07-26","2020-12-28",545,461,461,0.845871559633028,0.845871559633028
"US-Jo2","weekly","net_radiation","2010-07-26","2020-12-28",545,461,461,0.845871559633028,0.845871559633028
"US-Jo2","monthly","ET","2010-08-01","2020-12-01",125,111,111,0.888,0.888
"US-Jo2","monthly","soil_water_potential","2010-08-01","2020-12-01",125,105,105,0.84,0.84
"US-Jo2","monthly","VPD","2010-08-01","2020-12-01",125,103,103,0.824,0.824
"US-Jo2","monthly","air_temperature","2010-08-01","2020-12-01",125,103,103,0.824,0.824
"US-Jo2","monthly","net_radiation","2010-08-01","2020-12-01",125,103,103,0.824,0.824
"US-KFS","hourly","ET","2007-06-15 23:00:00","2019-12-31 23:00:00",109969,98188,97394,0.892869808764288,0.88564959215779
"US-KFS","hourly","soil_water_potential","2007-06-15 23:00:00","2019-12-31 23:00:00",109969,79406,79259,0.722076221480599,0.720739481126499
"US-KFS","hourly","VPD","2007-06-15 23:00:00","2019-12-31 23:00:00",109969,91903,91130,0.835717338522675,0.828688084823905
"US-KFS","hourly","air_temperature","2007-06-15 23:00:00","2019-12-31 23:00:00",109969,100565,100247,0.9144849912248,0.911593267193482
"US-KFS","hourly","net_radiation","2007-06-15 23:00:00","2019-12-31 23:00:00",109969,79565,79180,0.723522083496258,0.720021096854568
"US-KFS","6_hourly","ET","2007-06-15 18:00:00","2019-12-31 18:00:00",18329,16132,15704,0.880135304708386,0.856784330841835
"US-KFS","6_hourly","soil_water_potential","2007-06-15 18:00:00","2019-12-31 18:00:00",18329,13184,13095,0.719297288449997,0.714441595286159
"US-KFS","6_hourly","VPD","2007-06-15 18:00:00","2019-12-31 18:00:00",18329,15032,14527,0.820121119537345,0.792569152708822
"US-KFS","6_hourly","air_temperature","2007-06-15 18:00:00","2019-12-31 18:00:00",18329,16662,16447,0.909051230290796,0.897321185007365
"US-KFS","6_hourly","net_radiation","2007-06-15 18:00:00","2019-12-31 18:00:00",18329,13063,12798,0.712695728081183,0.698237765289978
"US-KFS","daily","ET","2007-06-15","2019-12-31",4583,4080,4080,0.890246563386428,0.890246563386428
"US-KFS","daily","soil_water_potential","2007-06-15","2019-12-31",4583,3289,3289,0.717652192886755,0.717652192886755
"US-KFS","daily","VPD","2007-06-15","2019-12-31",4583,3763,3763,0.821077896574296,0.821077896574296
"US-KFS","daily","air_temperature","2007-06-15","2019-12-31",4583,4183,4183,0.912720925158193,0.912720925158193
"US-KFS","daily","net_radiation","2007-06-15","2019-12-31",4583,3314,3314,0.723107135064368,0.723107135064368
"US-KFS","weekly","ET","2007-06-11","2019-12-30",656,574,574,0.875,0.875
"US-KFS","weekly","soil_water_potential","2007-06-11","2019-12-30",656,455,455,0.69359756097561,0.69359756097561
"US-KFS","weekly","VPD","2007-06-11","2019-12-30",656,528,528,0.804878048780488,0.804878048780488
"US-KFS","weekly","air_temperature","2007-06-11","2019-12-30",656,588,588,0.896341463414634,0.896341463414634
"US-KFS","weekly","net_radiation","2007-06-11","2019-12-30",656,458,458,0.698170731707317,0.698170731707317
"US-KFS","monthly","ET","2007-06-01","2019-12-01",151,131,131,0.867549668874172,0.867549668874172
"US-KFS","monthly","soil_water_potential","2007-06-01","2019-12-01",151,99,99,0.655629139072848,0.655629139072848
"US-KFS","monthly","VPD","2007-06-01","2019-12-01",151,119,119,0.788079470198676,0.788079470198676
"US-KFS","monthly","air_temperature","2007-06-01","2019-12-01",151,134,134,0.887417218543046,0.887417218543046
"US-KFS","monthly","net_radiation","2007-06-01","2019-12-01",151,96,96,0.635761589403974,0.635761589403974
"US-KLS","hourly","ET","2012-04-27 21:00:00","2019-12-31 23:00:00",67299,54648,54122,0.8120180091829,0.804202142676711
"US-KLS","hourly","soil_water_potential","2012-04-27 21:00:00","2019-12-31 23:00:00",67299,49726,49500,0.738881707009019,0.735523559042482
"US-KLS","hourly","VPD","2012-04-27 21:00:00","2019-12-31 23:00:00",67299,53644,53212,0.797099511136867,0.790680396439769
"US-KLS","hourly","air_temperature","2012-04-27 21:00:00","2019-12-31 23:00:00",67299,56393,56229,0.837947072021873,0.835510185886863
"US-KLS","hourly","net_radiation","2012-04-27 21:00:00","2019-12-31 23:00:00",67299,44897,44227,0.667127297582431,0.657171726177209
"US-KLS","6_hourly","ET","2012-04-27 18:00:00","2019-12-31 18:00:00",11217,8978,8749,0.800392261745565,0.779976820896853
"US-KLS","6_hourly","soil_water_potential","2012-04-27 18:00:00","2019-12-31 18:00:00",11217,8229,8114,0.733618614602835,0.723366318980119
"US-KLS","6_hourly","VPD","2012-04-27 18:00:00","2019-12-31 18:00:00",11217,8821,8556,0.78639564946064,0.762770794330035
"US-KLS","6_hourly","air_temperature","2012-04-27 18:00:00","2019-12-31 18:00:00",11217,9355,9257,0.834001961308728,0.82526522243024
"US-KLS","6_hourly","net_radiation","2012-04-27 18:00:00","2019-12-31 18:00:00",11217,7309,6977,0.651600249621111,0.622002317910315
"US-KLS","daily","ET","2012-04-27","2019-12-31",2805,2271,2271,0.809625668449198,0.809625668449198
"US-KLS","daily","soil_water_potential","2012-04-27","2019-12-31",2805,2043,2043,0.728342245989305,0.728342245989305
"US-KLS","daily","VPD","2012-04-27","2019-12-31",2805,2178,2178,0.776470588235294,0.776470588235294
"US-KLS","daily","air_temperature","2012-04-27","2019-12-31",2805,2334,2334,0.832085561497326,0.832085561497326
"US-KLS","daily","net_radiation","2012-04-27","2019-12-31",2805,1838,1838,0.655258467023173,0.655258467023173
"US-KLS","weekly","ET","2012-04-23","2019-12-30",402,316,316,0.786069651741294,0.786069651741294
"US-KLS","weekly","soil_water_potential","2012-04-23","2019-12-30",402,281,281,0.699004975124378,0.699004975124378
"US-KLS","weekly","VPD","2012-04-23","2019-12-30",402,296,296,0.736318407960199,0.736318407960199
"US-KLS","weekly","air_temperature","2012-04-23","2019-12-30",402,322,322,0.800995024875622,0.800995024875622
"US-KLS","weekly","net_radiation","2012-04-23","2019-12-30",402,257,257,0.639303482587065,0.639303482587065
"US-KLS","monthly","ET","2012-04-01","2019-12-01",93,66,66,0.709677419354839,0.709677419354839
"US-KLS","monthly","soil_water_potential","2012-04-01","2019-12-01",93,61,61,0.655913978494624,0.655913978494624
"US-KLS","monthly","VPD","2012-04-01","2019-12-01",93,62,62,0.666666666666667,0.666666666666667
"US-KLS","monthly","air_temperature","2012-04-01","2019-12-01",93,68,68,0.731182795698925,0.731182795698925
"US-KLS","monthly","net_radiation","2012-04-01","2019-12-01",93,49,49,0.526881720430108,0.526881720430108
"US-KS1","hourly","ET","2002-02-28 18:00:00","2003-02-22 22:00:00",8621,7808,7696,0.905695394965781,0.892703862660944
"US-KS1","hourly","soil_water_potential","2002-02-28 18:00:00","2003-02-22 22:00:00",8621,0,0,0,0
"US-KS1","hourly","VPD","2002-02-28 18:00:00","2003-02-22 22:00:00",8621,8001,7997,0.928082589026795,0.927618605730194
"US-KS1","hourly","air_temperature","2002-02-28 18:00:00","2003-02-22 22:00:00",8621,8001,7997,0.928082589026795,0.927618605730194
"US-KS1","hourly","net_radiation","2002-02-28 18:00:00","2003-02-22 22:00:00",8621,7694,7692,0.892471871012644,0.892239879364343
"US-KS1","6_hourly","ET","2002-02-28 18:00:00","2003-02-22 18:00:00",1437,1271,1221,0.884481558803062,0.849686847599165
"US-KS1","6_hourly","soil_water_potential","2002-02-28 18:00:00","2003-02-22 18:00:00",1437,0,0,0,0
"US-KS1","6_hourly","VPD","2002-02-28 18:00:00","2003-02-22 18:00:00",1437,1333,1330,0.927627000695894,0.92553931802366
"US-KS1","6_hourly","air_temperature","2002-02-28 18:00:00","2003-02-22 18:00:00",1437,1333,1330,0.927627000695894,0.92553931802366
"US-KS1","6_hourly","net_radiation","2002-02-28 18:00:00","2003-02-22 18:00:00",1437,1281,1279,0.891440501043841,0.890048712595685
"US-KS1","daily","ET","2002-02-28","2003-02-22",360,317,317,0.880555555555556,0.880555555555556
"US-KS1","daily","soil_water_potential","2002-02-28","2003-02-22",360,0,0,0,0
"US-KS1","daily","VPD","2002-02-28","2003-02-22",360,332,332,0.922222222222222,0.922222222222222
"US-KS1","daily","air_temperature","2002-02-28","2003-02-22",360,332,332,0.922222222222222,0.922222222222222
"US-KS1","daily","net_radiation","2002-02-28","2003-02-22",360,319,319,0.886111111111111,0.886111111111111
"US-KS1","weekly","ET","2002-02-25","2003-02-17",52,45,45,0.865384615384615,0.865384615384615
"US-KS1","weekly","soil_water_potential","2002-02-25","2003-02-17",52,0,0,0,0
"US-KS1","weekly","VPD","2002-02-25","2003-02-17",52,46,46,0.884615384615385,0.884615384615385
"US-KS1","weekly","air_temperature","2002-02-25","2003-02-17",52,46,46,0.884615384615385,0.884615384615385
"US-KS1","weekly","net_radiation","2002-02-25","2003-02-17",52,44,44,0.846153846153846,0.846153846153846
"US-KS1","monthly","ET","2002-02-01","2003-02-01",13,11,0,0.846153846153846,0
"US-KS1","monthly","soil_water_potential","2002-02-01","2003-02-01",13,0,0,0,0
"US-KS1","monthly","VPD","2002-02-01","2003-02-01",13,10,0,0.769230769230769,0
"US-KS1","monthly","air_temperature","2002-02-01","2003-02-01",13,10,0,0.769230769230769,0
"US-KS1","monthly","net_radiation","2002-02-01","2003-02-01",13,9,0,0.692307692307692,0
"US-KS2","hourly","ET","2000-03-31 17:00:00","2006-12-31 23:00:00",59191,50643,50036,0.855586153300333,0.845331215894308
"US-KS2","hourly","soil_water_potential","2000-03-31 17:00:00","2006-12-31 23:00:00",59191,0,0,0,0
"US-KS2","hourly","VPD","2000-03-31 17:00:00","2006-12-31 23:00:00",59191,40894,40875,0.690882059772601,0.690561065026778
"US-KS2","hourly","air_temperature","2000-03-31 17:00:00","2006-12-31 23:00:00",59191,57104,57064,0.964741261340406,0.964065482928148
"US-KS2","hourly","net_radiation","2000-03-31 17:00:00","2006-12-31 23:00:00",59191,56047,55997,0.946883816796472,0.946039093781149
"US-KS2","6_hourly","ET","2000-03-31 12:00:00","2006-12-31 18:00:00",9866,8253,7918,0.836509223596189,0.802554226636935
"US-KS2","6_hourly","soil_water_potential","2000-03-31 12:00:00","2006-12-31 18:00:00",9866,0,0,0,0
"US-KS2","6_hourly","VPD","2000-03-31 12:00:00","2006-12-31 18:00:00",9866,6809,6797,0.690147982971822,0.688931684573282
"US-KS2","6_hourly","air_temperature","2000-03-31 12:00:00","2006-12-31 18:00:00",9866,9501,9471,0.963004257044395,0.959963511048044
"US-KS2","6_hourly","net_radiation","2000-03-31 12:00:00","2006-12-31 18:00:00",9866,9322,9290,0.944861139266167,0.941617676870059
"US-KS2","daily","ET","2000-03-31","2006-12-31",2467,2022,2022,0.819618970409404,0.819618970409404
"US-KS2","daily","soil_water_potential","2000-03-31","2006-12-31",2467,0,0,0,0
"US-KS2","daily","VPD","2000-03-31","2006-12-31",2467,1700,1700,0.689096068098906,0.689096068098906
"US-KS2","daily","air_temperature","2000-03-31","2006-12-31",2467,2377,2377,0.963518443453587,0.963518443453587
"US-KS2","daily","net_radiation","2000-03-31","2006-12-31",2467,2325,2325,0.942440210782327,0.942440210782327
"US-KS2","weekly","ET","2000-03-27","2006-12-25",353,287,287,0.813031161473088,0.813031161473088
"US-KS2","weekly","soil_water_potential","2000-03-27","2006-12-25",353,0,0,0,0
"US-KS2","weekly","VPD","2000-03-27","2006-12-25",353,242,242,0.685552407932011,0.685552407932011
"US-KS2","weekly","air_temperature","2000-03-27","2006-12-25",353,339,339,0.960339943342776,0.960339943342776
"US-KS2","weekly","net_radiation","2000-03-27","2006-12-25",353,328,328,0.929178470254957,0.929178470254957
"US-KS2","monthly","ET","2000-03-01","2006-12-01",82,62,62,0.75609756097561,0.75609756097561
"US-KS2","monthly","soil_water_potential","2000-03-01","2006-12-01",82,0,0,0,0
"US-KS2","monthly","VPD","2000-03-01","2006-12-01",82,55,55,0.670731707317073,0.670731707317073
"US-KS2","monthly","air_temperature","2000-03-01","2006-12-01",82,77,77,0.939024390243902,0.939024390243902
"US-KS2","monthly","net_radiation","2000-03-01","2006-12-01",82,75,75,0.914634146341463,0.914634146341463
"US-Kon","hourly","ET","2004-01-01","2019-12-31 08:00:00",140241,121951,121332,0.869581648733252,0.865167818255717
"US-Kon","hourly","soil_water_potential","2004-01-01","2019-12-31 08:00:00",140241,95394,95193,0.680214773140522,0.678781526087236
"US-Kon","hourly","VPD","2004-01-01","2019-12-31 08:00:00",140241,111764,111244,0.796942406286321,0.793234503461898
"US-Kon","hourly","air_temperature","2004-01-01","2019-12-31 08:00:00",140241,122284,121881,0.871956132657354,0.869082507968426
"US-Kon","hourly","net_radiation","2004-01-01","2019-12-31 08:00:00",140241,108546,108387,0.773996192269023,0.772862429674631
"US-Kon","6_hourly","ET","2004-01-01","2019-12-31 06:00:00",23374,20154,19823,0.862240095832977,0.84807906220587
"US-Kon","6_hourly","soil_water_potential","2004-01-01","2019-12-31 06:00:00",23374,15838,15723,0.677590485154445,0.672670488577051
"US-Kon","6_hourly","VPD","2004-01-01","2019-12-31 06:00:00",23374,18443,18108,0.789039103277146,0.774706939334303
"US-Kon","6_hourly","air_temperature","2004-01-01","2019-12-31 06:00:00",23374,20240,19980,0.865919397621289,0.854795927098486
"US-Kon","6_hourly","net_radiation","2004-01-01","2019-12-31 06:00:00",23374,18031,17934,0.771412680756396,0.767262770599812
"US-Kon","daily","ET","2004-01-01","2019-12-31",5844,5050,5050,0.864134154688569,0.864134154688569
"US-Kon","daily","soil_water_potential","2004-01-01","2019-12-31",5844,3944,3944,0.674880219028063,0.674880219028063
"US-Kon","daily","VPD","2004-01-01","2019-12-31",5844,4621,4621,0.79072553045859,0.79072553045859
"US-Kon","daily","air_temperature","2004-01-01","2019-12-31",5844,5064,5064,0.86652977412731,0.86652977412731
"US-Kon","daily","net_radiation","2004-01-01","2019-12-31",5844,4500,4500,0.770020533880904,0.770020533880904
"US-Kon","weekly","ET","2003-12-29","2019-12-30",836,714,714,0.854066985645933,0.854066985645933
"US-Kon","weekly","soil_water_potential","2003-12-29","2019-12-30",836,553,553,0.661483253588517,0.661483253588517
"US-Kon","weekly","VPD","2003-12-29","2019-12-30",836,647,647,0.773923444976077,0.773923444976077
"US-Kon","weekly","air_temperature","2003-12-29","2019-12-30",836,713,713,0.852870813397129,0.852870813397129
"US-Kon","weekly","net_radiation","2003-12-29","2019-12-30",836,632,632,0.755980861244019,0.755980861244019
"US-Kon","monthly","ET","2004-01-01","2019-12-01",192,160,160,0.833333333333333,0.833333333333333
"US-Kon","monthly","soil_water_potential","2004-01-01","2019-12-01",192,123,123,0.640625,0.640625
"US-Kon","monthly","VPD","2004-01-01","2019-12-01",192,143,143,0.744791666666667,0.744791666666667
"US-Kon","monthly","air_temperature","2004-01-01","2019-12-01",192,160,160,0.833333333333333,0.833333333333333
"US-Kon","monthly","net_radiation","2004-01-01","2019-12-01",192,144,144,0.75,0.75
"US-LS2","hourly","ET","2003-01-01 09:00:00","2007-12-31 23:00:00",43815,40703,40522,0.928974095629351,0.924843090265891
"US-LS2","hourly","soil_water_potential","2003-01-01 09:00:00","2007-12-31 23:00:00",43815,39537,39533,0.902362204724409,0.9022709117882
"US-LS2","hourly","VPD","2003-01-01 09:00:00","2007-12-31 23:00:00",43815,41848,41805,0.955106698619194,0.954125299554947
"US-LS2","hourly","air_temperature","2003-01-01 09:00:00","2007-12-31 23:00:00",43815,41848,41805,0.955106698619194,0.954125299554947
"US-LS2","hourly","net_radiation","2003-01-01 09:00:00","2007-12-31 23:00:00",43815,41460,41405,0.946251283806915,0.944996005934041
"US-LS2","6_hourly","ET","2003-01-01 06:00:00","2007-12-31 18:00:00",7303,6733,6630,0.921949883609476,0.907846090647679
"US-LS2","6_hourly","soil_water_potential","2003-01-01 06:00:00","2007-12-31 18:00:00",7303,6589,6586,0.902231959468711,0.901821169382446
"US-LS2","6_hourly","VPD","2003-01-01 06:00:00","2007-12-31 18:00:00",7303,6950,6911,0.951663699849377,0.94632342872792
"US-LS2","6_hourly","air_temperature","2003-01-01 06:00:00","2007-12-31 18:00:00",7303,6950,6911,0.951663699849377,0.94632342872792
"US-LS2","6_hourly","net_radiation","2003-01-01 06:00:00","2007-12-31 18:00:00",7303,6890,6849,0.943447898124059,0.937833766945091
"US-LS2","daily","ET","2003-01-01","2007-12-31",1826,1684,1684,0.92223439211391,0.92223439211391
"US-LS2","daily","soil_water_potential","2003-01-01","2007-12-31",1826,1646,1646,0.901423877327492,0.901423877327492
"US-LS2","daily","VPD","2003-01-01","2007-12-31",1826,1730,1730,0.947426067907996,0.947426067907996
"US-LS2","daily","air_temperature","2003-01-01","2007-12-31",1826,1730,1730,0.947426067907996,0.947426067907996
"US-LS2","daily","net_radiation","2003-01-01","2007-12-31",1826,1711,1711,0.937020810514786,0.937020810514786
"US-LS2","weekly","ET","2002-12-30","2007-12-31",262,242,242,0.923664122137405,0.923664122137405
"US-LS2","weekly","soil_water_potential","2002-12-30","2007-12-31",262,235,235,0.896946564885496,0.896946564885496
"US-LS2","weekly","VPD","2002-12-30","2007-12-31",262,245,245,0.935114503816794,0.935114503816794
"US-LS2","weekly","air_temperature","2002-12-30","2007-12-31",262,245,245,0.935114503816794,0.935114503816794
"US-LS2","weekly","net_radiation","2002-12-30","2007-12-31",262,243,243,0.927480916030534,0.927480916030534
"US-LS2","monthly","ET","2003-01-01","2007-12-01",60,56,56,0.933333333333333,0.933333333333333
"US-LS2","monthly","soil_water_potential","2003-01-01","2007-12-01",60,54,54,0.9,0.9
"US-LS2","monthly","VPD","2003-01-01","2007-12-01",60,57,57,0.95,0.95
"US-LS2","monthly","air_temperature","2003-01-01","2007-12-01",60,57,57,0.95,0.95
"US-LS2","monthly","net_radiation","2003-01-01","2007-12-01",60,56,56,0.933333333333333,0.933333333333333
"US-Lin","hourly","ET","2009-11-08 17:00:00","2010-11-16 06:00:00",8942,8922,8915,0.997763363900693,0.996980541265936
"US-Lin","hourly","soil_water_potential","2009-11-08 17:00:00","2010-11-16 06:00:00",8942,8923,8916,0.997875195705659,0.997092373070901
"US-Lin","hourly","VPD","2009-11-08 17:00:00","2010-11-16 06:00:00",8942,8923,8917,0.997875195705659,0.997204204875867
"US-Lin","hourly","air_temperature","2009-11-08 17:00:00","2010-11-16 06:00:00",8942,8923,8917,0.997875195705659,0.997204204875867
"US-Lin","hourly","net_radiation","2009-11-08 17:00:00","2010-11-16 06:00:00",8942,8889,8878,0.994072914336837,0.992842764482219
"US-Lin","6_hourly","ET","2009-11-08 12:00:00","2010-11-16 06:00:00",1492,1486,1482,0.99597855227882,0.993297587131367
"US-Lin","6_hourly","soil_water_potential","2009-11-08 12:00:00","2010-11-16 06:00:00",1492,1487,1484,0.996648793565684,0.994638069705094
"US-Lin","6_hourly","VPD","2009-11-08 12:00:00","2010-11-16 06:00:00",1492,1486,1482,0.99597855227882,0.993297587131367
"US-Lin","6_hourly","air_temperature","2009-11-08 12:00:00","2010-11-16 06:00:00",1492,1486,1482,0.99597855227882,0.993297587131367
"US-Lin","6_hourly","net_radiation","2009-11-08 12:00:00","2010-11-16 06:00:00",1492,1480,1474,0.991957104557641,0.987935656836461
"US-Lin","daily","ET","2009-11-08","2010-11-16",374,371,371,0.991978609625668,0.991978609625668
"US-Lin","daily","soil_water_potential","2009-11-08","2010-11-16",374,371,371,0.991978609625668,0.991978609625668
"US-Lin","daily","VPD","2009-11-08","2010-11-16",374,371,371,0.991978609625668,0.991978609625668
"US-Lin","daily","air_temperature","2009-11-08","2010-11-16",374,371,371,0.991978609625668,0.991978609625668
"US-Lin","daily","net_radiation","2009-11-08","2010-11-16",374,371,371,0.991978609625668,0.991978609625668
"US-Lin","weekly","ET","2009-11-02","2010-11-15",55,53,53,0.963636363636364,0.963636363636364
"US-Lin","weekly","soil_water_potential","2009-11-02","2010-11-15",55,53,53,0.963636363636364,0.963636363636364
"US-Lin","weekly","VPD","2009-11-02","2010-11-15",55,53,53,0.963636363636364,0.963636363636364
"US-Lin","weekly","air_temperature","2009-11-02","2010-11-15",55,53,53,0.963636363636364,0.963636363636364
"US-Lin","weekly","net_radiation","2009-11-02","2010-11-15",55,53,53,0.963636363636364,0.963636363636364
"US-Lin","monthly","ET","2009-11-01","2010-11-01",13,11,0,0.846153846153846,0
"US-Lin","monthly","soil_water_potential","2009-11-01","2010-11-01",13,11,0,0.846153846153846,0
"US-Lin","monthly","VPD","2009-11-01","2010-11-01",13,11,0,0.846153846153846,0
"US-Lin","monthly","air_temperature","2009-11-01","2010-11-01",13,11,0,0.846153846153846,0
"US-Lin","monthly","net_radiation","2009-11-01","2010-11-01",13,11,0,0.846153846153846,0
"US-MMS","hourly","ET","1999-01-01","2020-12-31 23:00:00",192864,189571,188752,0.982925792268127,0.978679276588684
"US-MMS","hourly","soil_water_potential","1999-01-01","2020-12-31 23:00:00",192864,182712,182620,0.947361871577899,0.946884851501576
"US-MMS","hourly","VPD","1999-01-01","2020-12-31 23:00:00",192864,185000,184791,0.959225153476025,0.958141488302638
"US-MMS","hourly","air_temperature","1999-01-01","2020-12-31 23:00:00",192864,189016,188822,0.980048116807699,0.979042226646756
"US-MMS","hourly","net_radiation","1999-01-01","2020-12-31 23:00:00",192864,131447,131044,0.681552804048449,0.67946324871412
"US-MMS","6_hourly","ET","1999-01-01","2020-12-31 18:00:00",32144,31435,31057,0.977943006470881,0.966183424589348
"US-MMS","6_hourly","soil_water_potential","1999-01-01","2020-12-31 18:00:00",32144,30428,30389,0.946615231458437,0.945401941264311
"US-MMS","6_hourly","VPD","1999-01-01","2020-12-31 18:00:00",32144,30762,30614,0.957005973120956,0.952401692384271
"US-MMS","6_hourly","air_temperature","1999-01-01","2020-12-31 18:00:00",32144,31437,31295,0.978005226480836,0.973587605774017
"US-MMS","6_hourly","net_radiation","1999-01-01","2020-12-31 18:00:00",32144,21788,21539,0.677824788451966,0.670078397212544
"US-MMS","daily","ET","1999-01-01","2020-12-31",8036,7867,7867,0.978969636635142,0.978969636635142
"US-MMS","daily","soil_water_potential","1999-01-01","2020-12-31",8036,7607,7607,0.946615231458437,0.946615231458437
"US-MMS","daily","VPD","1999-01-01","2020-12-31",8036,7682,7682,0.955948232951717,0.955948232951717
"US-MMS","daily","air_temperature","1999-01-01","2020-12-31",8036,7849,7849,0.976729716276755,0.976729716276755
"US-MMS","daily","net_radiation","1999-01-01","2020-12-31",8036,5394,5394,0.671229467396715,0.671229467396715
"US-MMS","weekly","ET","1998-12-28","2020-12-28",1149,1130,1130,0.983463881636205,0.983463881636205
"US-MMS","weekly","soil_water_potential","1998-12-28","2020-12-28",1149,1084,1084,0.94342906875544,0.94342906875544
"US-MMS","weekly","VPD","1998-12-28","2020-12-28",1149,1098,1098,0.955613577023499,0.955613577023499
"US-MMS","weekly","air_temperature","1998-12-28","2020-12-28",1149,1122,1122,0.976501305483029,0.976501305483029
"US-MMS","weekly","net_radiation","1998-12-28","2020-12-28",1149,760,760,0.661444734551784,0.661444734551784
"US-MMS","monthly","ET","1999-01-01","2020-12-01",264,262,262,0.992424242424242,0.992424242424242
"US-MMS","monthly","soil_water_potential","1999-01-01","2020-12-01",264,250,250,0.946969696969697,0.946969696969697
"US-MMS","monthly","VPD","1999-01-01","2020-12-01",264,254,254,0.962121212121212,0.962121212121212
"US-MMS","monthly","air_temperature","1999-01-01","2020-12-01",264,260,260,0.984848484848485,0.984848484848485
"US-MMS","monthly","net_radiation","1999-01-01","2020-12-01",264,176,176,0.666666666666667,0.666666666666667
"US-MOz","hourly","ET","2004-06-09 23:00:00","2021-12-31 23:00:00",153937,148558,148168,0.965057133762513,0.962523629796605
"US-MOz","hourly","soil_water_potential","2004-06-09 23:00:00","2021-12-31 23:00:00",153937,145992,145959,0.948387976899641,0.948173603487141
"US-MOz","hourly","VPD","2004-06-09 23:00:00","2021-12-31 23:00:00",153937,150149,150117,0.975392530710615,0.975184653462131
"US-MOz","hourly","air_temperature","2004-06-09 23:00:00","2021-12-31 23:00:00",153937,150149,150117,0.975392530710615,0.975184653462131
"US-MOz","hourly","net_radiation","2004-06-09 23:00:00","2021-12-31 23:00:00",153937,144741,144685,0.940261275716689,0.939897490531841
"US-MOz","6_hourly","ET","2004-06-09 18:00:00","2021-12-31 18:00:00",25657,24663,24480,0.961258136181159,0.954125579763807
"US-MOz","6_hourly","soil_water_potential","2004-06-09 18:00:00","2021-12-31 18:00:00",25657,24323,24296,0.948006392017773,0.946954047628328
"US-MOz","6_hourly","VPD","2004-06-09 18:00:00","2021-12-31 18:00:00",25657,25017,24995,0.975055540398332,0.974198074599524
"US-MOz","6_hourly","air_temperature","2004-06-09 18:00:00","2021-12-31 18:00:00",25657,25017,24995,0.975055540398332,0.974198074599524
"US-MOz","6_hourly","net_radiation","2004-06-09 18:00:00","2021-12-31 18:00:00",25657,24106,24062,0.939548661184082,0.937833729586468
"US-MOz","daily","ET","2004-06-09","2021-12-31",6415,6168,6168,0.961496492595479,0.961496492595479
"US-MOz","daily","soil_water_potential","2004-06-09","2021-12-31",6415,6074,6074,0.946843335931411,0.946843335931411
"US-MOz","daily","VPD","2004-06-09","2021-12-31",6415,6249,6249,0.974123148869836,0.974123148869836
"US-MOz","daily","air_temperature","2004-06-09","2021-12-31",6415,6249,6249,0.974123148869836,0.974123148869836
"US-MOz","daily","net_radiation","2004-06-09","2021-12-31",6415,6023,6023,0.938893219017927,0.938893219017927
"US-MOz","weekly","ET","2004-06-07","2021-12-27",917,881,881,0.960741548527808,0.960741548527808
"US-MOz","weekly","soil_water_potential","2004-06-07","2021-12-27",917,867,867,0.945474372955289,0.945474372955289
"US-MOz","weekly","VPD","2004-06-07","2021-12-27",917,892,892,0.972737186477645,0.972737186477645
"US-MOz","weekly","air_temperature","2004-06-07","2021-12-27",917,892,892,0.972737186477645,0.972737186477645
"US-MOz","weekly","net_radiation","2004-06-07","2021-12-27",917,857,857,0.934569247546347,0.934569247546347
"US-MOz","monthly","ET","2004-06-01","2021-12-01",211,203,203,0.962085308056872,0.962085308056872
"US-MOz","monthly","soil_water_potential","2004-06-01","2021-12-01",211,199,199,0.943127962085308,0.943127962085308
"US-MOz","monthly","VPD","2004-06-01","2021-12-01",211,204,204,0.966824644549763,0.966824644549763
"US-MOz","monthly","air_temperature","2004-06-01","2021-12-01",211,204,204,0.966824644549763,0.966824644549763
"US-MOz","monthly","net_radiation","2004-06-01","2021-12-01",211,195,195,0.924170616113744,0.924170616113744
"US-Me1","hourly","ET","2004-05-15 23:00:00","2005-05-16 04:00:00",8766,7928,7899,0.904403376682637,0.901095140314853
"US-Me1","hourly","soil_water_potential","2004-05-15 23:00:00","2005-05-16 04:00:00",8766,8381,8366,0.956080310289756,0.954369153547798
"US-Me1","hourly","VPD","2004-05-15 23:00:00","2005-05-16 04:00:00",8766,6826,6816,0.778690394706822,0.777549623545517
"US-Me1","hourly","air_temperature","2004-05-15 23:00:00","2005-05-16 04:00:00",8766,6826,6816,0.778690394706822,0.777549623545517
"US-Me1","hourly","net_radiation","2004-05-15 23:00:00","2005-05-16 04:00:00",8766,7919,7886,0.903376682637463,0.899612137805156
"US-Me1","6_hourly","ET","2004-05-15 18:00:00","2005-05-16",1462,1316,1305,0.900136798905609,0.892612859097127
"US-Me1","6_hourly","soil_water_potential","2004-05-15 18:00:00","2005-05-16",1462,1395,1390,0.954172366621067,0.950752393980848
"US-Me1","6_hourly","VPD","2004-05-15 18:00:00","2005-05-16",1462,1137,1134,0.777701778385773,0.775649794801642
"US-Me1","6_hourly","air_temperature","2004-05-15 18:00:00","2005-05-16",1462,1137,1134,0.777701778385773,0.775649794801642
"US-Me1","6_hourly","net_radiation","2004-05-15 18:00:00","2005-05-16",1462,1320,1311,0.902872777017784,0.89671682626539
"US-Me1","daily","ET","2004-05-15","2005-05-16",367,328,328,0.893732970027248,0.893732970027248
"US-Me1","daily","soil_water_potential","2004-05-15","2005-05-16",367,348,348,0.948228882833787,0.948228882833787
"US-Me1","daily","VPD","2004-05-15","2005-05-16",367,283,283,0.771117166212534,0.771117166212534
"US-Me1","daily","air_temperature","2004-05-15","2005-05-16",367,283,283,0.771117166212534,0.771117166212534
"US-Me1","daily","net_radiation","2004-05-15","2005-05-16",367,330,330,0.899182561307902,0.899182561307902
"US-Me1","weekly","ET","2004-05-10","2005-05-16",54,46,46,0.851851851851852,0.851851851851852
"US-Me1","weekly","soil_water_potential","2004-05-10","2005-05-16",54,49,49,0.907407407407407,0.907407407407407
"US-Me1","weekly","VPD","2004-05-10","2005-05-16",54,40,40,0.740740740740741,0.740740740740741
"US-Me1","weekly","air_temperature","2004-05-10","2005-05-16",54,40,40,0.740740740740741,0.740740740740741
"US-Me1","weekly","net_radiation","2004-05-10","2005-05-16",54,47,47,0.87037037037037,0.87037037037037
"US-Me1","monthly","ET","2004-05-01","2005-05-01",13,9,0,0.692307692307692,0
"US-Me1","monthly","soil_water_potential","2004-05-01","2005-05-01",13,10,0,0.769230769230769,0
"US-Me1","monthly","VPD","2004-05-01","2005-05-01",13,8,0,0.615384615384615,0
"US-Me1","monthly","air_temperature","2004-05-01","2005-05-01",13,8,0,0.615384615384615,0
"US-Me1","monthly","net_radiation","2004-05-01","2005-05-01",13,10,0,0.769230769230769,0
"US-Me2","hourly","ET","2002-01-01","2022-12-27 08:00:00",183969,172160,171761,0.935809837526975,0.933640993863097
"US-Me2","hourly","soil_water_potential","2002-01-01","2022-12-27 08:00:00",183969,171883,171769,0.934304149068593,0.933684479450342
"US-Me2","hourly","VPD","2002-01-01","2022-12-27 08:00:00",183969,175464,175397,0.953769385059439,0.953405193266257
"US-Me2","hourly","air_temperature","2002-01-01","2022-12-27 08:00:00",183969,176839,176793,0.96124347036729,0.960993428240628
"US-Me2","hourly","net_radiation","2002-01-01","2022-12-27 08:00:00",183969,169619,169551,0.921997727878066,0.921628100386478
"US-Me2","6_hourly","ET","2002-01-01","2022-12-27 06:00:00",30662,28607,28436,0.932978931576544,0.927401995955906
"US-Me2","6_hourly","soil_water_potential","2002-01-01","2022-12-27 06:00:00",30662,28619,28576,0.933370295479747,0.931967908159937
"US-Me2","6_hourly","VPD","2002-01-01","2022-12-27 06:00:00",30662,29226,29185,0.953166786250082,0.951829626247472
"US-Me2","6_hourly","air_temperature","2002-01-01","2022-12-27 06:00:00",30662,29458,29427,0.960733155045333,0.959722131628726
"US-Me2","6_hourly","net_radiation","2002-01-01","2022-12-27 06:00:00",30662,28243,28191,0.921107559846064,0.919411649598852
"US-Me2","daily","ET","2002-01-01","2022-12-27",7666,7146,7146,0.932168014609966,0.932168014609966
"US-Me2","daily","soil_water_potential","2002-01-01","2022-12-27",7666,7149,7149,0.932559352987216,0.932559352987216
"US-Me2","daily","VPD","2002-01-01","2022-12-27",7666,7304,7304,0.952778502478476,0.952778502478476
"US-Me2","daily","air_temperature","2002-01-01","2022-12-27",7666,7363,7363,0.96047482389773,0.96047482389773
"US-Me2","daily","net_radiation","2002-01-01","2022-12-27",7666,7035,7035,0.917688494651709,0.917688494651709
"US-Me2","weekly","ET","2001-12-31","2022-12-26",1096,1013,1013,0.924270072992701,0.924270072992701
"US-Me2","weekly","soil_water_potential","2001-12-31","2022-12-26",1096,1022,1022,0.932481751824818,0.932481751824818
"US-Me2","weekly","VPD","2001-12-31","2022-12-26",1096,1036,1036,0.945255474452555,0.945255474452555
"US-Me2","weekly","air_temperature","2001-12-31","2022-12-26",1096,1046,1046,0.954379562043796,0.954379562043796
"US-Me2","weekly","net_radiation","2001-12-31","2022-12-26",1096,991,991,0.904197080291971,0.904197080291971
"US-Me2","monthly","ET","2002-01-01","2022-12-01",252,229,229,0.908730158730159,0.908730158730159
"US-Me2","monthly","soil_water_potential","2002-01-01","2022-12-01",252,232,232,0.920634920634921,0.920634920634921
"US-Me2","monthly","VPD","2002-01-01","2022-12-01",252,237,237,0.94047619047619,0.94047619047619
"US-Me2","monthly","air_temperature","2002-01-01","2022-12-01",252,240,240,0.952380952380952,0.952380952380952
"US-Me2","monthly","net_radiation","2002-01-01","2022-12-01",252,225,225,0.892857142857143,0.892857142857143
"US-Me3","hourly","ET","2004-01-01","2009-10-01 21:00:00",50422,42199,41517,0.836916425369878,0.823390583475467
"US-Me3","hourly","soil_water_potential","2004-01-01","2009-10-01 21:00:00",50422,45107,45067,0.894589663242236,0.893796358732299
"US-Me3","hourly","VPD","2004-01-01","2009-10-01 21:00:00",50422,42816,42657,0.849153147435643,0.845999762008647
"US-Me3","hourly","air_temperature","2004-01-01","2009-10-01 21:00:00",50422,43509,43475,0.862897148070287,0.862222839236841
"US-Me3","hourly","net_radiation","2004-01-01","2009-10-01 21:00:00",50422,41656,41614,0.826147316647495,0.825314346912062
"US-Me3","6_hourly","ET","2004-01-01","2009-10-01 18:00:00",8404,6870,6574,0.817467872441694,0.782246549262256
"US-Me3","6_hourly","soil_water_potential","2004-01-01","2009-10-01 18:00:00",8404,7508,7483,0.893384102808187,0.890409328891004
"US-Me3","6_hourly","VPD","2004-01-01","2009-10-01 18:00:00",8404,7072,6953,0.841504045692527,0.82734412184674
"US-Me3","6_hourly","air_temperature","2004-01-01","2009-10-01 18:00:00",8404,7239,7217,0.861375535459305,0.858757734412185
"US-Me3","6_hourly","net_radiation","2004-01-01","2009-10-01 18:00:00",8404,6933,6903,0.824964302712994,0.821394574012375
"US-Me3","daily","ET","2004-01-01","2009-10-01",2101,1732,1732,0.824369347929557,0.824369347929557
"US-Me3","daily","soil_water_potential","2004-01-01","2009-10-01",2101,1871,1871,0.890528319847692,0.890528319847692
"US-Me3","daily","VPD","2004-01-01","2009-10-01",2101,1760,1760,0.837696335078534,0.837696335078534
"US-Me3","daily","air_temperature","2004-01-01","2009-10-01",2101,1805,1805,0.859114707282247,0.859114707282247
"US-Me3","daily","net_radiation","2004-01-01","2009-10-01",2101,1720,1720,0.818657782008567,0.818657782008567
"US-Me3","weekly","ET","2003-12-29","2009-09-28",301,243,243,0.807308970099668,0.807308970099668
"US-Me3","weekly","soil_water_potential","2003-12-29","2009-09-28",301,263,263,0.87375415282392,0.87375415282392
"US-Me3","weekly","VPD","2003-12-29","2009-09-28",301,249,249,0.827242524916944,0.827242524916944
"US-Me3","weekly","air_temperature","2003-12-29","2009-09-28",301,251,251,0.833887043189369,0.833887043189369
"US-Me3","weekly","net_radiation","2003-12-29","2009-09-28",301,240,240,0.79734219269103,0.79734219269103
"US-Me3","monthly","ET","2004-01-01","2009-10-01",70,54,54,0.771428571428571,0.771428571428571
"US-Me3","monthly","soil_water_potential","2004-01-01","2009-10-01",70,59,59,0.842857142857143,0.842857142857143
"US-Me3","monthly","VPD","2004-01-01","2009-10-01",70,56,56,0.8,0.8
"US-Me3","monthly","air_temperature","2004-01-01","2009-10-01",70,56,56,0.8,0.8
"US-Me3","monthly","net_radiation","2004-01-01","2009-10-01",70,53,53,0.757142857142857,0.757142857142857
"US-Me6","hourly","ET","2010-02-03 04:00:00","2022-12-31 07:00:00",113140,103775,103175,0.91722644511225,0.911923280890932
"US-Me6","hourly","soil_water_potential","2010-02-03 04:00:00","2022-12-31 07:00:00",113140,99301,98865,0.877682517235284,0.873828884567792
"US-Me6","hourly","VPD","2010-02-03 04:00:00","2022-12-31 07:00:00",113140,103279,103069,0.912842496022627,0.910986388545165
"US-Me6","hourly","air_temperature","2010-02-03 04:00:00","2022-12-31 07:00:00",113140,106186,105993,0.938536326674916,0.936830475517059
"US-Me6","hourly","net_radiation","2010-02-03 04:00:00","2022-12-31 07:00:00",113140,96450,96093,0.852483648576984,0.8493282658653
"US-Me6","6_hourly","ET","2010-02-03","2022-12-31 06:00:00",18858,17130,16857,0.90836780146357,0.893891186764238
"US-Me6","6_hourly","soil_water_potential","2010-02-03","2022-12-31 06:00:00",18858,16439,16233,0.871725527627532,0.860801781737194
"US-Me6","6_hourly","VPD","2010-02-03","2022-12-31 06:00:00",18858,17167,17055,0.910329833492417,0.904390709513204
"US-Me6","6_hourly","air_temperature","2010-02-03","2022-12-31 06:00:00",18858,17649,17544,0.935889277760102,0.93032134902959
"US-Me6","6_hourly","net_radiation","2010-02-03","2022-12-31 06:00:00",18858,15905,15635,0.843408632940927,0.82909110191961
"US-Me6","daily","ET","2010-02-03","2022-12-31",4715,4275,4275,0.906680805938494,0.906680805938494
"US-Me6","daily","soil_water_potential","2010-02-03","2022-12-31",4715,4121,4121,0.874019088016967,0.874019088016967
"US-Me6","daily","VPD","2010-02-03","2022-12-31",4715,4297,4297,0.911346765641569,0.911346765641569
"US-Me6","daily","air_temperature","2010-02-03","2022-12-31",4715,4417,4417,0.936797454931071,0.936797454931071
"US-Me6","daily","net_radiation","2010-02-03","2022-12-31",4715,3915,3915,0.830328738069989,0.830328738069989
"US-Me6","weekly","ET","2010-02-01","2022-12-26",674,603,603,0.894658753709199,0.894658753709199
"US-Me6","weekly","soil_water_potential","2010-02-01","2022-12-26",674,582,582,0.863501483679525,0.863501483679525
"US-Me6","weekly","VPD","2010-02-01","2022-12-26",674,603,603,0.894658753709199,0.894658753709199
"US-Me6","weekly","air_temperature","2010-02-01","2022-12-26",674,623,623,0.92433234421365,0.92433234421365
"US-Me6","weekly","net_radiation","2010-02-01","2022-12-26",674,548,548,0.813056379821958,0.813056379821958
"US-Me6","monthly","ET","2010-02-01","2022-12-01",155,136,136,0.87741935483871,0.87741935483871
"US-Me6","monthly","soil_water_potential","2010-02-01","2022-12-01",155,132,132,0.851612903225806,0.851612903225806
"US-Me6","monthly","VPD","2010-02-01","2022-12-01",155,135,135,0.870967741935484,0.870967741935484
"US-Me6","monthly","air_temperature","2010-02-01","2022-12-01",155,139,139,0.896774193548387,0.896774193548387
"US-Me6","monthly","net_radiation","2010-02-01","2022-12-01",155,123,123,0.793548387096774,0.793548387096774
"US-Mo1","hourly","ET","2015-09-30 18:00:00","2023-12-31 23:00:00",72342,68930,68751,0.952835144176274,0.95036078626524
"US-Mo1","hourly","soil_water_potential","2015-09-30 18:00:00","2023-12-31 23:00:00",72342,69878,69769,0.965939564844765,0.96443283293246
"US-Mo1","hourly","VPD","2015-09-30 18:00:00","2023-12-31 23:00:00",72342,69991,69896,0.967501589671284,0.966188382958724
"US-Mo1","hourly","air_temperature","2015-09-30 18:00:00","2023-12-31 23:00:00",72342,70000,69911,0.967625998728263,0.966395731387023
"US-Mo1","hourly","net_radiation","2015-09-30 18:00:00","2023-12-31 23:00:00",72342,69276,69106,0.957617981255702,0.955268032401648
"US-Mo1","6_hourly","ET","2015-09-30 18:00:00","2023-12-31 18:00:00",12057,11447,11354,0.949406983495065,0.941693621962346
"US-Mo1","6_hourly","soil_water_potential","2015-09-30 18:00:00","2023-12-31 18:00:00",12057,11619,11560,0.96367255536203,0.958779132454176
"US-Mo1","6_hourly","VPD","2015-09-30 18:00:00","2023-12-31 18:00:00",12057,11641,11590,0.965497221531061,0.961267313593763
"US-Mo1","6_hourly","air_temperature","2015-09-30 18:00:00","2023-12-31 18:00:00",12057,11643,11594,0.9656631002737,0.961599071079041
"US-Mo1","6_hourly","net_radiation","2015-09-30 18:00:00","2023-12-31 18:00:00",12057,11501,11412,0.953885709546322,0.94650410549888
"US-Mo1","daily","ET","2015-09-30","2023-12-31",3015,2861,2861,0.948922056384743,0.948922056384743
"US-Mo1","daily","soil_water_potential","2015-09-30","2023-12-31",3015,2898,2898,0.961194029850746,0.961194029850746
"US-Mo1","daily","VPD","2015-09-30","2023-12-31",3015,2905,2905,0.963515754560531,0.963515754560531
"US-Mo1","daily","air_temperature","2015-09-30","2023-12-31",3015,2905,2905,0.963515754560531,0.963515754560531
"US-Mo1","daily","net_radiation","2015-09-30","2023-12-31",3015,2865,2865,0.950248756218905,0.950248756218905
"US-Mo1","weekly","ET","2015-09-28","2023-12-25",431,405,405,0.939675174013921,0.939675174013921
"US-Mo1","weekly","soil_water_potential","2015-09-28","2023-12-25",431,411,411,0.953596287703016,0.953596287703016
"US-Mo1","weekly","VPD","2015-09-28","2023-12-25",431,412,412,0.955916473317865,0.955916473317865
"US-Mo1","weekly","air_temperature","2015-09-28","2023-12-25",431,412,412,0.955916473317865,0.955916473317865
"US-Mo1","weekly","net_radiation","2015-09-28","2023-12-25",431,409,409,0.948955916473318,0.948955916473318
"US-Mo1","monthly","ET","2015-09-01","2023-12-01",100,94,94,0.94,0.94
"US-Mo1","monthly","soil_water_potential","2015-09-01","2023-12-01",100,96,96,0.96,0.96
"US-Mo1","monthly","VPD","2015-09-01","2023-12-01",100,96,96,0.96,0.96
"US-Mo1","monthly","air_temperature","2015-09-01","2023-12-01",100,96,96,0.96,0.96
"US-Mo1","monthly","net_radiation","2015-09-01","2023-12-01",100,95,95,0.95,0.95
"US-Mo2","hourly","ET","2018-01-01","2023-12-31 23:00:00",52584,49412,49074,0.939677468431462,0.933249657690552
"US-Mo2","hourly","soil_water_potential","2018-01-01","2023-12-31 23:00:00",52584,43255,43189,0.822588620112582,0.821333485470866
"US-Mo2","hourly","VPD","2018-01-01","2023-12-31 23:00:00",52584,48814,48742,0.928305187889852,0.926935950098889
"US-Mo2","hourly","air_temperature","2018-01-01","2023-12-31 23:00:00",52584,48814,48742,0.928305187889852,0.926935950098889
"US-Mo2","hourly","net_radiation","2018-01-01","2023-12-31 23:00:00",52584,49750,49670,0.946105279172372,0.94458390384908
"US-Mo2","6_hourly","ET","2018-01-01","2023-12-31 18:00:00",8764,8160,7999,0.931081697854861,0.912711090826107
"US-Mo2","6_hourly","soil_water_potential","2018-01-01","2023-12-31 18:00:00",8764,7187,7140,0.820059333637608,0.814696485623003
"US-Mo2","6_hourly","VPD","2018-01-01","2023-12-31 18:00:00",8764,8114,8063,0.925832952989503,0.92001369237791
"US-Mo2","6_hourly","air_temperature","2018-01-01","2023-12-31 18:00:00",8764,8114,8063,0.925832952989503,0.92001369237791
"US-Mo2","6_hourly","net_radiation","2018-01-01","2023-12-31 18:00:00",8764,8270,8221,0.943633044272022,0.938041989958923
"US-Mo2","daily","ET","2018-01-01","2023-12-31",2191,2053,2053,0.937015061615701,0.937015061615701
"US-Mo2","daily","soil_water_potential","2018-01-01","2023-12-31",2191,1799,1799,0.821086261980831,0.821086261980831
"US-Mo2","daily","VPD","2018-01-01","2023-12-31",2191,2030,2030,0.926517571884984,0.926517571884984
"US-Mo2","daily","air_temperature","2018-01-01","2023-12-31",2191,2030,2030,0.926517571884984,0.926517571884984
"US-Mo2","daily","net_radiation","2018-01-01","2023-12-31",2191,2053,2053,0.937015061615701,0.937015061615701
"US-Mo2","weekly","ET","2018-01-01","2023-12-25",313,291,291,0.929712460063898,0.929712460063898
"US-Mo2","weekly","soil_water_potential","2018-01-01","2023-12-25",313,257,257,0.821086261980831,0.821086261980831
"US-Mo2","weekly","VPD","2018-01-01","2023-12-25",313,288,288,0.920127795527157,0.920127795527157
"US-Mo2","weekly","air_temperature","2018-01-01","2023-12-25",313,288,288,0.920127795527157,0.920127795527157
"US-Mo2","weekly","net_radiation","2018-01-01","2023-12-25",313,294,294,0.939297124600639,0.939297124600639
"US-Mo2","monthly","ET","2018-01-01","2023-12-01",72,67,67,0.930555555555556,0.930555555555556
"US-Mo2","monthly","soil_water_potential","2018-01-01","2023-12-01",72,59,59,0.819444444444444,0.819444444444444
"US-Mo2","monthly","VPD","2018-01-01","2023-12-01",72,65,65,0.902777777777778,0.902777777777778
"US-Mo2","monthly","air_temperature","2018-01-01","2023-12-01",72,65,65,0.902777777777778,0.902777777777778
"US-Mo2","monthly","net_radiation","2018-01-01","2023-12-01",72,68,68,0.944444444444444,0.944444444444444
"US-Mo3","hourly","ET","2016-05-31 19:00:00","2021-12-31 23:00:00",48965,48078,47997,0.981885019912182,0.980230777085673
"US-Mo3","hourly","soil_water_potential","2016-05-31 19:00:00","2021-12-31 23:00:00",48965,48335,48275,0.987133666904932,0.985908301848259
"US-Mo3","hourly","VPD","2016-05-31 19:00:00","2021-12-31 23:00:00",48965,48546,48496,0.991442867354233,0.990421729807005
"US-Mo3","hourly","air_temperature","2016-05-31 19:00:00","2021-12-31 23:00:00",48965,48546,48496,0.991442867354233,0.990421729807005
"US-Mo3","hourly","net_radiation","2016-05-31 19:00:00","2021-12-31 23:00:00",48965,48065,47980,0.981619524149903,0.979883590319616
"US-Mo3","6_hourly","ET","2016-05-31 18:00:00","2021-12-31 18:00:00",8161,7992,7948,0.979291753461586,0.973900257321407
"US-Mo3","6_hourly","soil_water_potential","2016-05-31 18:00:00","2021-12-31 18:00:00",8161,8037,8001,0.98480578360495,0.980394559490259
"US-Mo3","6_hourly","VPD","2016-05-31 18:00:00","2021-12-31 18:00:00",8161,8076,8044,0.9895846097292,0.985663521627252
"US-Mo3","6_hourly","air_temperature","2016-05-31 18:00:00","2021-12-31 18:00:00",8161,8076,8044,0.9895846097292,0.985663521627252
"US-Mo3","6_hourly","net_radiation","2016-05-31 18:00:00","2021-12-31 18:00:00",8161,7982,7930,0.978066413429727,0.971694645264061
"US-Mo3","daily","ET","2016-05-31","2021-12-31",2041,1996,1996,0.977951984321411,0.977951984321411
"US-Mo3","daily","soil_water_potential","2016-05-31","2021-12-31",2041,2006,2006,0.982851543361097,0.982851543361097
"US-Mo3","daily","VPD","2016-05-31","2021-12-31",2041,2016,2016,0.987751102400784,0.987751102400784
"US-Mo3","daily","air_temperature","2016-05-31","2021-12-31",2041,2016,2016,0.987751102400784,0.987751102400784
"US-Mo3","daily","net_radiation","2016-05-31","2021-12-31",2041,1991,1991,0.975502204801568,0.975502204801568
"US-Mo3","weekly","ET","2016-05-30","2021-12-27",292,283,283,0.969178082191781,0.969178082191781
"US-Mo3","weekly","soil_water_potential","2016-05-30","2021-12-27",292,286,286,0.979452054794521,0.979452054794521
"US-Mo3","weekly","VPD","2016-05-30","2021-12-27",292,287,287,0.982876712328767,0.982876712328767
"US-Mo3","weekly","air_temperature","2016-05-30","2021-12-27",292,287,287,0.982876712328767,0.982876712328767
"US-Mo3","weekly","net_radiation","2016-05-30","2021-12-27",292,283,283,0.969178082191781,0.969178082191781
"US-Mo3","monthly","ET","2016-05-01","2021-12-01",68,66,66,0.970588235294118,0.970588235294118
"US-Mo3","monthly","soil_water_potential","2016-05-01","2021-12-01",68,67,67,0.985294117647059,0.985294117647059
"US-Mo3","monthly","VPD","2016-05-01","2021-12-01",68,67,67,0.985294117647059,0.985294117647059
"US-Mo3","monthly","air_temperature","2016-05-01","2021-12-01",68,67,67,0.985294117647059,0.985294117647059
"US-Mo3","monthly","net_radiation","2016-05-01","2021-12-01",68,67,67,0.985294117647059,0.985294117647059
"US-Mpj","hourly","ET","2008-01-01","2020-12-31 23:00:00",113976,112115,111803,0.983672001123043,0.980934582719169
"US-Mpj","hourly","soil_water_potential","2008-01-01","2020-12-31 23:00:00",113976,0,0,0,0
"US-Mpj","hourly","VPD","2008-01-01","2020-12-31 23:00:00",113976,112445,112386,0.986567347511757,0.986049694672563
"US-Mpj","hourly","air_temperature","2008-01-01","2020-12-31 23:00:00",113976,112530,112470,0.987313118551274,0.986786691935144
"US-Mpj","hourly","net_radiation","2008-01-01","2020-12-31 23:00:00",113976,106693,106242,0.936100582578788,0.93214360918088
"US-Mpj","6_hourly","ET","2008-01-01","2020-12-31 18:00:00",18996,18639,18520,0.981206569804169,0.974942093072226
"US-Mpj","6_hourly","soil_water_potential","2008-01-01","2020-12-31 18:00:00",18996,0,0,0,0
"US-Mpj","6_hourly","VPD","2008-01-01","2020-12-31 18:00:00",18996,18720,18680,0.98547062539482,0.983364918930301
"US-Mpj","6_hourly","air_temperature","2008-01-01","2020-12-31 18:00:00",18996,18735,18695,0.986260265319015,0.984154558854496
"US-Mpj","6_hourly","net_radiation","2008-01-01","2020-12-31 18:00:00",18996,17755,17624,0.934670456938303,0.927774268267004
"US-Mpj","daily","ET","2008-01-01","2020-12-31",4749,4683,4683,0.986102337334176,0.986102337334176
"US-Mpj","daily","soil_water_potential","2008-01-01","2020-12-31",4749,0,0,0,0
"US-Mpj","daily","VPD","2008-01-01","2020-12-31",4749,4686,4686,0.986734049273531,0.986734049273531
"US-Mpj","daily","air_temperature","2008-01-01","2020-12-31",4749,4688,4688,0.987155190566435,0.987155190566435
"US-Mpj","daily","net_radiation","2008-01-01","2020-12-31",4749,4440,4440,0.934933670246368,0.934933670246368
"US-Mpj","weekly","ET","2007-12-31","2020-12-28",679,665,665,0.979381443298969,0.979381443298969
"US-Mpj","weekly","soil_water_potential","2007-12-31","2020-12-28",679,0,0,0,0
"US-Mpj","weekly","VPD","2007-12-31","2020-12-28",679,665,665,0.979381443298969,0.979381443298969
"US-Mpj","weekly","air_temperature","2007-12-31","2020-12-28",679,665,665,0.979381443298969,0.979381443298969
"US-Mpj","weekly","net_radiation","2007-12-31","2020-12-28",679,633,633,0.932253313696613,0.932253313696613
"US-Mpj","monthly","ET","2008-01-01","2020-12-01",156,153,153,0.980769230769231,0.980769230769231
"US-Mpj","monthly","soil_water_potential","2008-01-01","2020-12-01",156,0,0,0,0
"US-Mpj","monthly","VPD","2008-01-01","2020-12-01",156,152,152,0.974358974358974,0.974358974358974
"US-Mpj","monthly","air_temperature","2008-01-01","2020-12-01",156,153,153,0.980769230769231,0.980769230769231
"US-Mpj","monthly","net_radiation","2008-01-01","2020-12-01",156,144,144,0.923076923076923,0.923076923076923
"US-NC1","hourly","ET","2005-01-01","2012-12-31 23:00:00",70128,62661,61284,0.893523271731691,0.873887748117728
"US-NC1","hourly","soil_water_potential","2005-01-01","2012-12-31 23:00:00",70128,68930,68852,0.982916951859457,0.981804699977185
"US-NC1","hourly","VPD","2005-01-01","2012-12-31 23:00:00",70128,69095,69050,0.985269792379649,0.984628108601415
"US-NC1","hourly","air_temperature","2005-01-01","2012-12-31 23:00:00",70128,69491,69453,0.990916609628109,0.990374743326489
"US-NC1","hourly","net_radiation","2005-01-01","2012-12-31 23:00:00",70128,67312,67265,0.959844855122063,0.959174652064796
"US-NC1","6_hourly","ET","2005-01-01","2012-12-31 18:00:00",11688,10230,9701,0.875256673511294,0.829996577686516
"US-NC1","6_hourly","soil_water_potential","2005-01-01","2012-12-31 18:00:00",11688,11467,11430,0.981091718001369,0.977926078028747
"US-NC1","6_hourly","VPD","2005-01-01","2012-12-31 18:00:00",11688,11509,11492,0.98468514715948,0.983230663928816
"US-NC1","6_hourly","air_temperature","2005-01-01","2012-12-31 18:00:00",11688,11577,11562,0.990503080082136,0.989219712525667
"US-NC1","6_hourly","net_radiation","2005-01-01","2012-12-31 18:00:00",11688,11206,11173,0.958761122518823,0.955937713894593
"US-NC1","daily","ET","2005-01-01","2012-12-31",2922,2588,2588,0.885694729637235,0.885694729637235
"US-NC1","daily","soil_water_potential","2005-01-01","2012-12-31",2922,2871,2871,0.982546201232033,0.982546201232033
"US-NC1","daily","VPD","2005-01-01","2012-12-31",2922,2879,2879,0.985284052019165,0.985284052019165
"US-NC1","daily","air_temperature","2005-01-01","2012-12-31",2922,2895,2895,0.990759753593429,0.990759753593429
"US-NC1","daily","net_radiation","2005-01-01","2012-12-31",2922,2793,2793,0.955852156057495,0.955852156057495
"US-NC1","weekly","ET","2004-12-27","2012-12-31",419,379,379,0.904534606205251,0.904534606205251
"US-NC1","weekly","soil_water_potential","2004-12-27","2012-12-31",419,407,407,0.971360381861575,0.971360381861575
"US-NC1","weekly","VPD","2004-12-27","2012-12-31",419,408,408,0.973747016706444,0.973747016706444
"US-NC1","weekly","air_temperature","2004-12-27","2012-12-31",419,411,411,0.98090692124105,0.98090692124105
"US-NC1","weekly","net_radiation","2004-12-27","2012-12-31",419,392,392,0.935560859188544,0.935560859188544
"US-NC1","monthly","ET","2005-01-01","2012-12-01",96,89,89,0.927083333333333,0.927083333333333
"US-NC1","monthly","soil_water_potential","2005-01-01","2012-12-01",96,94,94,0.979166666666667,0.979166666666667
"US-NC1","monthly","VPD","2005-01-01","2012-12-01",96,94,94,0.979166666666667,0.979166666666667
"US-NC1","monthly","air_temperature","2005-01-01","2012-12-01",96,95,95,0.989583333333333,0.989583333333333
"US-NC1","monthly","net_radiation","2005-01-01","2012-12-01",96,89,89,0.927083333333333,0.927083333333333
"US-NC3","hourly","ET","2013-02-20 06:00:00","2021-10-27 14:00:00",76113,57901,57479,0.760724186407053,0.755179798457557
"US-NC3","hourly","soil_water_potential","2013-02-20 06:00:00","2021-10-27 14:00:00",76113,72360,72221,0.95069173465768,0.948865502607964
"US-NC3","hourly","VPD","2013-02-20 06:00:00","2021-10-27 14:00:00",76113,71971,71914,0.94558091259049,0.944832026066506
"US-NC3","hourly","air_temperature","2013-02-20 06:00:00","2021-10-27 14:00:00",76113,71971,71914,0.94558091259049,0.944832026066506
"US-NC3","hourly","net_radiation","2013-02-20 06:00:00","2021-10-27 14:00:00",76113,56518,56432,0.742553834430386,0.741423935464375
"US-NC3","6_hourly","ET","2013-02-20 06:00:00","2021-10-27 12:00:00",12686,9531,9353,0.751300646381838,0.737269430868674
"US-NC3","6_hourly","soil_water_potential","2013-02-20 06:00:00","2021-10-27 12:00:00",12686,12033,11970,0.948525934100583,0.943559829733565
"US-NC3","6_hourly","VPD","2013-02-20 06:00:00","2021-10-27 12:00:00",12686,11981,11940,0.944426927321457,0.941195018130222
"US-NC3","6_hourly","air_temperature","2013-02-20 06:00:00","2021-10-27 12:00:00",12686,11981,11940,0.944426927321457,0.941195018130222
"US-NC3","6_hourly","net_radiation","2013-02-20 06:00:00","2021-10-27 12:00:00",12686,9389,9338,0.740107204792685,0.736087025067003
"US-NC3","daily","ET","2013-02-20","2021-10-27",3172,2387,2387,0.752522068095839,0.752522068095839
"US-NC3","daily","soil_water_potential","2013-02-20","2021-10-27",3172,3004,3004,0.94703656998739,0.94703656998739
"US-NC3","daily","VPD","2013-02-20","2021-10-27",3172,2990,2990,0.942622950819672,0.942622950819672
"US-NC3","daily","air_temperature","2013-02-20","2021-10-27",3172,2990,2990,0.942622950819672,0.942622950819672
"US-NC3","daily","net_radiation","2013-02-20","2021-10-27",3172,2341,2341,0.738020176544767,0.738020176544767
"US-NC3","weekly","ET","2013-02-18","2021-10-25",454,340,340,0.748898678414097,0.748898678414097
"US-NC3","weekly","soil_water_potential","2013-02-18","2021-10-25",454,424,424,0.933920704845815,0.933920704845815
"US-NC3","weekly","VPD","2013-02-18","2021-10-25",454,422,422,0.929515418502203,0.929515418502203
"US-NC3","weekly","air_temperature","2013-02-18","2021-10-25",454,422,422,0.929515418502203,0.929515418502203
"US-NC3","weekly","net_radiation","2013-02-18","2021-10-25",454,328,328,0.722466960352423,0.722466960352423
"US-NC3","monthly","ET","2013-02-01","2021-10-01",105,77,77,0.733333333333333,0.733333333333333
"US-NC3","monthly","soil_water_potential","2013-02-01","2021-10-01",105,98,98,0.933333333333333,0.933333333333333
"US-NC3","monthly","VPD","2013-02-01","2021-10-01",105,96,96,0.914285714285714,0.914285714285714
"US-NC3","monthly","air_temperature","2013-02-01","2021-10-01",105,96,96,0.914285714285714,0.914285714285714
"US-NC3","monthly","net_radiation","2013-02-01","2021-10-01",105,76,76,0.723809523809524,0.723809523809524
"US-NR1","hourly","ET","1998-11-04 10:00:00","2016-12-31 23:00:00",159182,144034,143146,0.904838486763579,0.899259966579136
"US-NR1","hourly","soil_water_potential","1998-11-04 10:00:00","2016-12-31 23:00:00",159182,129319,129269,0.812397130328806,0.812083024462565
"US-NR1","hourly","VPD","1998-11-04 10:00:00","2016-12-31 23:00:00",159182,158301,158220,0.994465454636831,0.99395660313352
"US-NR1","hourly","air_temperature","1998-11-04 10:00:00","2016-12-31 23:00:00",159182,158322,158252,0.994597379100652,0.994157630887914
"US-NR1","hourly","net_radiation","1998-11-04 10:00:00","2016-12-31 23:00:00",159182,155881,155579,0.979262730710759,0.977365531278662
"US-NR1","6_hourly","ET","1998-11-04 06:00:00","2016-12-31 18:00:00",26531,23778,23373,0.896234593494403,0.880969431985225
"US-NR1","6_hourly","soil_water_potential","1998-11-04 06:00:00","2016-12-31 18:00:00",26531,21542,21521,0.811955825261015,0.811164298367947
"US-NR1","6_hourly","VPD","1998-11-04 06:00:00","2016-12-31 18:00:00",26531,26361,26307,0.993592401341827,0.991557046473936
"US-NR1","6_hourly","air_temperature","1998-11-04 06:00:00","2016-12-31 18:00:00",26531,26367,26317,0.993818551882703,0.991933964042064
"US-NR1","6_hourly","net_radiation","1998-11-04 06:00:00","2016-12-31 18:00:00",26531,25896,25750,0.976065734423881,0.970562737929215
"US-NR1","daily","ET","1998-11-04","2016-12-31",6633,5969,5969,0.899894467058646,0.899894467058646
"US-NR1","daily","soil_water_potential","1998-11-04","2016-12-31",6633,5380,5380,0.811096034976632,0.811096034976632
"US-NR1","daily","VPD","1998-11-04","2016-12-31",6633,6588,6588,0.993215739484396,0.993215739484396
"US-NR1","daily","air_temperature","1998-11-04","2016-12-31",6633,6588,6588,0.993215739484396,0.993215739484396
"US-NR1","daily","net_radiation","1998-11-04","2016-12-31",6633,6444,6444,0.971506105834464,0.971506105834464
"US-NR1","weekly","ET","1998-11-02","2016-12-26",948,854,854,0.90084388185654,0.90084388185654
"US-NR1","weekly","soil_water_potential","1998-11-02","2016-12-26",948,768,768,0.810126582278481,0.810126582278481
"US-NR1","weekly","VPD","1998-11-02","2016-12-26",948,941,941,0.992616033755274,0.992616033755274
"US-NR1","weekly","air_temperature","1998-11-02","2016-12-26",948,941,941,0.992616033755274,0.992616033755274
"US-NR1","weekly","net_radiation","1998-11-02","2016-12-26",948,925,925,0.975738396624473,0.975738396624473
"US-NR1","monthly","ET","1998-11-01","2016-12-01",218,198,198,0.908256880733945,0.908256880733945
"US-NR1","monthly","soil_water_potential","1998-11-01","2016-12-01",218,175,175,0.802752293577982,0.802752293577982
"US-NR1","monthly","VPD","1998-11-01","2016-12-01",218,217,217,0.995412844036697,0.995412844036697
"US-NR1","monthly","air_temperature","1998-11-01","2016-12-01",218,217,217,0.995412844036697,0.995412844036697
"US-NR1","monthly","net_radiation","1998-11-01","2016-12-01",218,211,211,0.967889908256881,0.967889908256881
"US-Ne1","hourly","ET","2001-05-25","2020-12-31 23:00:00",171864,170378,169499,0.991353628450403,0.986239119303635
"US-Ne1","hourly","soil_water_potential","2001-05-25","2020-12-31 23:00:00",171864,170757,170588,0.993558860494344,0.992575524833589
"US-Ne1","hourly","VPD","2001-05-25","2020-12-31 23:00:00",171864,171728,171712,0.999208676628031,0.999115579760741
"US-Ne1","hourly","air_temperature","2001-05-25","2020-12-31 23:00:00",171864,171729,171714,0.999214495182237,0.999127216869152
"US-Ne1","hourly","net_radiation","2001-05-25","2020-12-31 23:00:00",171864,167202,166155,0.972873900293255,0.966781874039939
"US-Ne1","6_hourly","ET","2001-05-25","2020-12-31 18:00:00",28644,28335,28089,0.989212400502723,0.980624214495182
"US-Ne1","6_hourly","soil_water_potential","2001-05-25","2020-12-31 18:00:00",28644,28422,28355,0.992249685798073,0.989910627007401
"US-Ne1","6_hourly","VPD","2001-05-25","2020-12-31 18:00:00",28644,28615,28602,0.998987571568217,0.998533724340176
"US-Ne1","6_hourly","air_temperature","2001-05-25","2020-12-31 18:00:00",28644,28615,28602,0.998987571568217,0.998533724340176
"US-Ne1","6_hourly","net_radiation","2001-05-25","2020-12-31 18:00:00",28644,27621,27128,0.964285714285714,0.947074430945399
"US-Ne1","daily","ET","2001-05-25","2020-12-31",7161,7132,7132,0.995950286272867,0.995950286272867
"US-Ne1","daily","soil_water_potential","2001-05-25","2020-12-31",7161,7108,7108,0.992598799050412,0.992598799050412
"US-Ne1","daily","VPD","2001-05-25","2020-12-31",7161,7152,7152,0.998743192291579,0.998743192291579
"US-Ne1","daily","air_temperature","2001-05-25","2020-12-31",7161,7152,7152,0.998743192291579,0.998743192291579
"US-Ne1","daily","net_radiation","2001-05-25","2020-12-31",7161,6999,6999,0.977377461248429,0.977377461248429
"US-Ne1","weekly","ET","2001-05-21","2020-12-28",1024,1020,1020,0.99609375,0.99609375
"US-Ne1","weekly","soil_water_potential","2001-05-21","2020-12-28",1024,1016,1016,0.9921875,0.9921875
"US-Ne1","weekly","VPD","2001-05-21","2020-12-28",1024,1021,1021,0.9970703125,0.9970703125
"US-Ne1","weekly","air_temperature","2001-05-21","2020-12-28",1024,1021,1021,0.9970703125,0.9970703125
"US-Ne1","weekly","net_radiation","2001-05-21","2020-12-28",1024,1007,1007,0.9833984375,0.9833984375
"US-Ne1","monthly","ET","2001-05-01","2020-12-01",236,235,235,0.995762711864407,0.995762711864407
"US-Ne1","monthly","soil_water_potential","2001-05-01","2020-12-01",236,233,233,0.98728813559322,0.98728813559322
"US-Ne1","monthly","VPD","2001-05-01","2020-12-01",236,235,235,0.995762711864407,0.995762711864407
"US-Ne1","monthly","air_temperature","2001-05-01","2020-12-01",236,235,235,0.995762711864407,0.995762711864407
"US-Ne1","monthly","net_radiation","2001-05-01","2020-12-01",236,231,231,0.978813559322034,0.978813559322034
"US-ONA","hourly","ET","2016-01-01","2022-12-31 23:00:00",61368,54133,54008,0.882104679963499,0.880067787772129
"US-ONA","hourly","soil_water_potential","2016-01-01","2022-12-31 23:00:00",61368,59197,59122,0.964623256420284,0.963401121105462
"US-ONA","hourly","VPD","2016-01-01","2022-12-31 23:00:00",61368,53609,53542,0.873566027897275,0.872474253682701
"US-ONA","hourly","air_temperature","2016-01-01","2022-12-31 23:00:00",61368,53610,53543,0.873582323034806,0.872490548820232
"US-ONA","hourly","net_radiation","2016-01-01","2022-12-31 23:00:00",61368,54598,54517,0.889681918915396,0.888362012775388
"US-ONA","6_hourly","ET","2016-01-01","2022-12-31 18:00:00",10228,9005,8956,0.88042628079781,0.875635510363707
"US-ONA","6_hourly","soil_water_potential","2016-01-01","2022-12-31 18:00:00",10228,9853,9818,0.963335940555338,0.959913961673837
"US-ONA","6_hourly","VPD","2016-01-01","2022-12-31 18:00:00",10228,8918,8885,0.871920219006648,0.868693781775518
"US-ONA","6_hourly","air_temperature","2016-01-01","2022-12-31 18:00:00",10228,8918,8885,0.871920219006648,0.868693781775518
"US-ONA","6_hourly","net_radiation","2016-01-01","2022-12-31 18:00:00",10228,9083,9041,0.8880524051623,0.883946030504497
"US-ONA","daily","ET","2016-01-01","2022-12-31",2557,2250,2250,0.879937426671881,0.879937426671881
"US-ONA","daily","soil_water_potential","2016-01-01","2022-12-31",2557,2464,2464,0.963629253030896,0.963629253030896
"US-ONA","daily","VPD","2016-01-01","2022-12-31",2557,2230,2230,0.87211576065702,0.87211576065702
"US-ONA","daily","air_temperature","2016-01-01","2022-12-31",2557,2230,2230,0.87211576065702,0.87211576065702
"US-ONA","daily","net_radiation","2016-01-01","2022-12-31",2557,2249,2249,0.879546343371138,0.879546343371138
"US-ONA","weekly","ET","2015-12-28","2022-12-26",366,318,318,0.868852459016393,0.868852459016393
"US-ONA","weekly","soil_water_potential","2015-12-28","2022-12-26",366,349,349,0.953551912568306,0.953551912568306
"US-ONA","weekly","VPD","2015-12-28","2022-12-26",366,312,312,0.852459016393443,0.852459016393443
"US-ONA","weekly","air_temperature","2015-12-28","2022-12-26",366,312,312,0.852459016393443,0.852459016393443
"US-ONA","weekly","net_radiation","2015-12-28","2022-12-26",366,313,313,0.855191256830601,0.855191256830601
"US-ONA","monthly","ET","2016-01-01","2022-12-01",84,73,73,0.869047619047619,0.869047619047619
"US-ONA","monthly","soil_water_potential","2016-01-01","2022-12-01",84,80,80,0.952380952380952,0.952380952380952
"US-ONA","monthly","VPD","2016-01-01","2022-12-01",84,71,71,0.845238095238095,0.845238095238095
"US-ONA","monthly","air_temperature","2016-01-01","2022-12-01",84,71,71,0.845238095238095,0.845238095238095
"US-ONA","monthly","net_radiation","2016-01-01","2022-12-01",84,72,72,0.857142857142857,0.857142857142857
"US-Oho","hourly","ET","2004-01-01","2013-12-31 23:00:00",87672,80289,79743,0.91578839310156,0.909560635094443
"US-Oho","hourly","soil_water_potential","2004-01-01","2013-12-31 23:00:00",87672,86069,85861,0.981715941235514,0.979343461994708
"US-Oho","hourly","VPD","2004-01-01","2013-12-31 23:00:00",87672,82642,82493,0.942627064513186,0.940927548133954
"US-Oho","hourly","air_temperature","2004-01-01","2013-12-31 23:00:00",87672,82644,82496,0.942649876813578,0.940961766584542
"US-Oho","hourly","net_radiation","2004-01-01","2013-12-31 23:00:00",87672,81320,81174,0.927548133953828,0.925882836025185
"US-Oho","6_hourly","ET","2004-01-01","2013-12-31 18:00:00",14612,13297,13101,0.910005474952094,0.89659184232138
"US-Oho","6_hourly","soil_water_potential","2004-01-01","2013-12-31 18:00:00",14612,14300,14214,0.97864768683274,0.972762113331508
"US-Oho","6_hourly","VPD","2004-01-01","2013-12-31 18:00:00",14612,13729,13639,0.939570216260608,0.933410895154667
"US-Oho","6_hourly","air_temperature","2004-01-01","2013-12-31 18:00:00",14612,13730,13641,0.939638653161785,0.933547768957022
"US-Oho","6_hourly","net_radiation","2004-01-01","2013-12-31 18:00:00",14612,13488,13372,0.923076923076923,0.915138242540378
"US-Oho","daily","ET","2004-01-01","2013-12-31",3653,3340,3340,0.914316999726252,0.914316999726252
"US-Oho","daily","soil_water_potential","2004-01-01","2013-12-31",3653,3578,3578,0.979468929646866,0.979468929646866
"US-Oho","daily","VPD","2004-01-01","2013-12-31",3653,3434,3434,0.940049274568848,0.940049274568848
"US-Oho","daily","air_temperature","2004-01-01","2013-12-31",3653,3434,3434,0.940049274568848,0.940049274568848
"US-Oho","daily","net_radiation","2004-01-01","2013-12-31",3653,3352,3352,0.917601970982754,0.917601970982754
"US-Oho","weekly","ET","2003-12-29","2013-12-30",523,466,466,0.891013384321224,0.891013384321224
"US-Oho","weekly","soil_water_potential","2003-12-29","2013-12-30",523,508,508,0.97131931166348,0.97131931166348
"US-Oho","weekly","VPD","2003-12-29","2013-12-30",523,478,478,0.91395793499044,0.91395793499044
"US-Oho","weekly","air_temperature","2003-12-29","2013-12-30",523,478,478,0.91395793499044,0.91395793499044
"US-Oho","weekly","net_radiation","2003-12-29","2013-12-30",523,472,472,0.902485659655832,0.902485659655832
"US-Oho","monthly","ET","2004-01-01","2013-12-01",120,104,104,0.866666666666667,0.866666666666667
"US-Oho","monthly","soil_water_potential","2004-01-01","2013-12-01",120,117,117,0.975,0.975
"US-Oho","monthly","VPD","2004-01-01","2013-12-01",120,108,108,0.9,0.9
"US-Oho","monthly","air_temperature","2004-01-01","2013-12-01",120,108,108,0.9,0.9
"US-Oho","monthly","net_radiation","2004-01-01","2013-12-01",120,105,105,0.875,0.875
"US-PFL","hourly","ET","2019-06-20 14:00:00","2019-10-12 08:00:00",2731,2462,2409,0.901501281581838,0.882094470889784
"US-PFL","hourly","soil_water_potential","2019-06-20 14:00:00","2019-10-12 08:00:00",2731,2382,2355,0.872207982424021,0.862321493958257
"US-PFL","hourly","VPD","2019-06-20 14:00:00","2019-10-12 08:00:00",2731,2524,2489,0.924203588429147,0.911387770047602
"US-PFL","hourly","air_temperature","2019-06-20 14:00:00","2019-10-12 08:00:00",2731,2524,2489,0.924203588429147,0.911387770047602
"US-PFL","hourly","net_radiation","2019-06-20 14:00:00","2019-10-12 08:00:00",2731,1232,1126,0.451116807030392,0.412303185646283
"US-PFL","6_hourly","ET","2019-06-20 12:00:00","2019-10-12 06:00:00",456,394,358,0.864035087719298,0.785087719298246
"US-PFL","6_hourly","soil_water_potential","2019-06-20 12:00:00","2019-10-12 06:00:00",456,392,367,0.859649122807018,0.804824561403509
"US-PFL","6_hourly","VPD","2019-06-20 12:00:00","2019-10-12 06:00:00",456,413,384,0.905701754385965,0.842105263157895
"US-PFL","6_hourly","air_temperature","2019-06-20 12:00:00","2019-10-12 06:00:00",456,413,384,0.905701754385965,0.842105263157895
"US-PFL","6_hourly","net_radiation","2019-06-20 12:00:00","2019-10-12 06:00:00",456,165,103,0.361842105263158,0.225877192982456
"US-PFL","daily","ET","2019-06-20","2019-10-12",115,98,98,0.852173913043478,0.852173913043478
"US-PFL","daily","soil_water_potential","2019-06-20","2019-10-12",115,101,101,0.878260869565217,0.878260869565217
"US-PFL","daily","VPD","2019-06-20","2019-10-12",115,103,103,0.895652173913044,0.895652173913044
"US-PFL","daily","air_temperature","2019-06-20","2019-10-12",115,103,103,0.895652173913044,0.895652173913044
"US-PFL","daily","net_radiation","2019-06-20","2019-10-12",115,30,30,0.260869565217391,0.260869565217391
"US-PFL","weekly","ET","2019-06-17","2019-10-07",17,14,0,0.823529411764706,0
"US-PFL","weekly","soil_water_potential","2019-06-17","2019-10-07",17,14,0,0.823529411764706,0
"US-PFL","weekly","VPD","2019-06-17","2019-10-07",17,15,0,0.882352941176471,0
"US-PFL","weekly","air_temperature","2019-06-17","2019-10-07",17,15,0,0.882352941176471,0
"US-PFL","weekly","net_radiation","2019-06-17","2019-10-07",17,2,0,0.117647058823529,0
"US-PFL","monthly","ET","2019-06-01","2019-10-01",5,3,0,0.6,0
"US-PFL","monthly","soil_water_potential","2019-06-01","2019-10-01",5,3,0,0.6,0
"US-PFL","monthly","VPD","2019-06-01","2019-10-01",5,3,0,0.6,0
"US-PFL","monthly","air_temperature","2019-06-01","2019-10-01",5,3,0,0.6,0
"US-PFL","monthly","net_radiation","2019-06-01","2019-10-01",5,0,0,0,0
"US-PFb","hourly","ET","2019-06-21 14:00:00","2019-10-12 20:00:00",2719,2255,2173,0.829349025376977,0.799190878999632
"US-PFb","hourly","soil_water_potential","2019-06-21 14:00:00","2019-10-12 20:00:00",2719,2484,2443,0.913571165869805,0.898492092681133
"US-PFb","hourly","VPD","2019-06-21 14:00:00","2019-10-12 20:00:00",2719,2144,2104,0.788525193085693,0.773813902169915
"US-PFb","hourly","air_temperature","2019-06-21 14:00:00","2019-10-12 20:00:00",2719,2144,2104,0.788525193085693,0.773813902169915
"US-PFb","hourly","net_radiation","2019-06-21 14:00:00","2019-10-12 20:00:00",2719,1671,1551,0.61456417800662,0.570430305259287
"US-PFb","6_hourly","ET","2019-06-21 12:00:00","2019-10-12 18:00:00",454,356,304,0.784140969162996,0.669603524229075
"US-PFb","6_hourly","soil_water_potential","2019-06-21 12:00:00","2019-10-12 18:00:00",454,401,364,0.883259911894273,0.801762114537445
"US-PFb","6_hourly","VPD","2019-06-21 12:00:00","2019-10-12 18:00:00",454,345,313,0.759911894273128,0.68942731277533
"US-PFb","6_hourly","air_temperature","2019-06-21 12:00:00","2019-10-12 18:00:00",454,345,313,0.759911894273128,0.68942731277533
"US-PFb","6_hourly","net_radiation","2019-06-21 12:00:00","2019-10-12 18:00:00",454,235,169,0.517621145374449,0.372246696035242
"US-PFb","daily","ET","2019-06-21","2019-10-12",114,84,84,0.736842105263158,0.736842105263158
"US-PFb","daily","soil_water_potential","2019-06-21","2019-10-12",114,104,104,0.912280701754386,0.912280701754386
"US-PFb","daily","VPD","2019-06-21","2019-10-12",114,88,88,0.771929824561403,0.771929824561403
"US-PFb","daily","air_temperature","2019-06-21","2019-10-12",114,88,88,0.771929824561403,0.771929824561403
"US-PFb","daily","net_radiation","2019-06-21","2019-10-12",114,41,41,0.359649122807018,0.359649122807018
"US-PFb","weekly","ET","2019-06-17","2019-10-07",17,12,0,0.705882352941177,0
"US-PFb","weekly","soil_water_potential","2019-06-17","2019-10-07",17,16,0,0.941176470588235,0
"US-PFb","weekly","VPD","2019-06-17","2019-10-07",17,14,0,0.823529411764706,0
"US-PFb","weekly","air_temperature","2019-06-17","2019-10-07",17,14,0,0.823529411764706,0
"US-PFb","weekly","net_radiation","2019-06-17","2019-10-07",17,3,0,0.176470588235294,0
"US-PFb","monthly","ET","2019-06-01","2019-10-01",5,3,0,0.6,0
"US-PFb","monthly","soil_water_potential","2019-06-01","2019-10-01",5,3,0,0.6,0
"US-PFb","monthly","VPD","2019-06-01","2019-10-01",5,2,0,0.4,0
"US-PFb","monthly","air_temperature","2019-06-01","2019-10-01",5,2,0,0.4,0
"US-PFb","monthly","net_radiation","2019-06-01","2019-10-01",5,0,0,0,0
"US-PFc","hourly","ET","2019-06-21 17:00:00","2019-10-14 05:00:00",2749,2394,2345,0.870862131684249,0.853037468170244
"US-PFc","hourly","soil_water_potential","2019-06-21 17:00:00","2019-10-14 05:00:00",2749,2346,2318,0.853401236813387,0.843215714805384
"US-PFc","hourly","VPD","2019-06-21 17:00:00","2019-10-14 05:00:00",2749,2507,2478,0.911967988359403,0.901418697708258
"US-PFc","hourly","air_temperature","2019-06-21 17:00:00","2019-10-14 05:00:00",2749,2507,2478,0.911967988359403,0.901418697708258
"US-PFc","hourly","net_radiation","2019-06-21 17:00:00","2019-10-14 05:00:00",2749,1934,1908,0.703528555838487,0.69407057111677
"US-PFc","6_hourly","ET","2019-06-21 12:00:00","2019-10-14",459,384,347,0.836601307189543,0.75599128540305
"US-PFc","6_hourly","soil_water_potential","2019-06-21 12:00:00","2019-10-14",459,385,362,0.838779956427015,0.788671023965142
"US-PFc","6_hourly","VPD","2019-06-21 12:00:00","2019-10-14",459,410,385,0.893246187363834,0.838779956427015
"US-PFc","6_hourly","air_temperature","2019-06-21 12:00:00","2019-10-14",459,410,385,0.893246187363834,0.838779956427015
"US-PFc","6_hourly","net_radiation","2019-06-21 12:00:00","2019-10-14",459,314,291,0.684095860566449,0.633986928104575
"US-PFc","daily","ET","2019-06-21","2019-10-14",116,92,92,0.793103448275862,0.793103448275862
"US-PFc","daily","soil_water_potential","2019-06-21","2019-10-14",116,95,95,0.818965517241379,0.818965517241379
"US-PFc","daily","VPD","2019-06-21","2019-10-14",116,102,102,0.879310344827586,0.879310344827586
"US-PFc","daily","air_temperature","2019-06-21","2019-10-14",116,102,102,0.879310344827586,0.879310344827586
"US-PFc","daily","net_radiation","2019-06-21","2019-10-14",116,70,70,0.603448275862069,0.603448275862069
"US-PFc","weekly","ET","2019-06-17","2019-10-14",18,14,0,0.777777777777778,0
"US-PFc","weekly","soil_water_potential","2019-06-17","2019-10-14",18,14,0,0.777777777777778,0
"US-PFc","weekly","VPD","2019-06-17","2019-10-14",18,15,0,0.833333333333333,0
"US-PFc","weekly","air_temperature","2019-06-17","2019-10-14",18,15,0,0.833333333333333,0
"US-PFc","weekly","net_radiation","2019-06-17","2019-10-14",18,12,0,0.666666666666667,0
"US-PFc","monthly","ET","2019-06-01","2019-10-01",5,3,0,0.6,0
"US-PFc","monthly","soil_water_potential","2019-06-01","2019-10-01",5,3,0,0.6,0
"US-PFc","monthly","VPD","2019-06-01","2019-10-01",5,3,0,0.6,0
"US-PFc","monthly","air_temperature","2019-06-01","2019-10-01",5,3,0,0.6,0
"US-PFc","monthly","net_radiation","2019-06-01","2019-10-01",5,2,0,0.4,0
"US-PFk","hourly","ET","2019-06-27 09:00:00","2019-10-15 05:00:00",2637,2320,2270,0.879787637466818,0.860826697004171
"US-PFk","hourly","soil_water_potential","2019-06-27 09:00:00","2019-10-15 05:00:00",2637,2477,2441,0.93932499051953,0.925673113386424
"US-PFk","hourly","VPD","2019-06-27 09:00:00","2019-10-15 05:00:00",2637,2384,2353,0.904057641259006,0.892301858172165
"US-PFk","hourly","air_temperature","2019-06-27 09:00:00","2019-10-15 05:00:00",2637,2385,2355,0.904436860068259,0.893060295790671
"US-PFk","hourly","net_radiation","2019-06-27 09:00:00","2019-10-15 05:00:00",2637,1714,1609,0.649981039059537,0.610163064087979
"US-PFk","6_hourly","ET","2019-06-27 06:00:00","2019-10-15",440,369,331,0.838636363636364,0.752272727272727
"US-PFk","6_hourly","soil_water_potential","2019-06-27 06:00:00","2019-10-15",440,397,367,0.902272727272727,0.834090909090909
"US-PFk","6_hourly","VPD","2019-06-27 06:00:00","2019-10-15",440,384,355,0.872727272727273,0.806818181818182
"US-PFk","6_hourly","air_temperature","2019-06-27 06:00:00","2019-10-15",440,384,355,0.872727272727273,0.806818181818182
"US-PFk","6_hourly","net_radiation","2019-06-27 06:00:00","2019-10-15",440,242,169,0.55,0.384090909090909
"US-PFk","daily","ET","2019-06-27","2019-10-15",111,90,90,0.810810810810811,0.810810810810811
"US-PFk","daily","soil_water_potential","2019-06-27","2019-10-15",111,98,98,0.882882882882883,0.882882882882883
"US-PFk","daily","VPD","2019-06-27","2019-10-15",111,95,95,0.855855855855856,0.855855855855856
"US-PFk","daily","air_temperature","2019-06-27","2019-10-15",111,95,95,0.855855855855856,0.855855855855856
"US-PFk","daily","net_radiation","2019-06-27","2019-10-15",111,39,39,0.351351351351351,0.351351351351351
"US-PFk","weekly","ET","2019-06-24","2019-10-14",17,15,0,0.882352941176471,0
"US-PFk","weekly","soil_water_potential","2019-06-24","2019-10-14",17,15,0,0.882352941176471,0
"US-PFk","weekly","VPD","2019-06-24","2019-10-14",17,15,0,0.882352941176471,0
"US-PFk","weekly","air_temperature","2019-06-24","2019-10-14",17,15,0,0.882352941176471,0
"US-PFk","weekly","net_radiation","2019-06-24","2019-10-14",17,4,0,0.235294117647059,0
"US-PFk","monthly","ET","2019-06-01","2019-10-01",5,3,0,0.6,0
"US-PFk","monthly","soil_water_potential","2019-06-01","2019-10-01",5,3,0,0.6,0
"US-PFk","monthly","VPD","2019-06-01","2019-10-01",5,3,0,0.6,0
"US-PFk","monthly","air_temperature","2019-06-01","2019-10-01",5,3,0,0.6,0
"US-PFk","monthly","net_radiation","2019-06-01","2019-10-01",5,0,0,0,0
"US-PFm","hourly","ET","2019-06-19 17:00:00","2019-10-12 05:00:00",2749,2542,2495,0.924699890869407,0.907602764641688
"US-PFm","hourly","soil_water_potential","2019-06-19 17:00:00","2019-10-12 05:00:00",2749,1592,1559,0.579119679883594,0.567115314659876
"US-PFm","hourly","VPD","2019-06-19 17:00:00","2019-10-12 05:00:00",2749,2564,2527,0.932702801018552,0.919243361222263
"US-PFm","hourly","air_temperature","2019-06-19 17:00:00","2019-10-12 05:00:00",2749,2585,2552,0.940341942524554,0.928337577300837
"US-PFm","hourly","net_radiation","2019-06-19 17:00:00","2019-10-12 05:00:00",2749,2026,1913,0.736995271007639,0.695889414332485
"US-PFm","6_hourly","ET","2019-06-19 12:00:00","2019-10-12",459,410,371,0.893246187363834,0.808278867102396
"US-PFm","6_hourly","soil_water_potential","2019-06-19 12:00:00","2019-10-12",459,258,232,0.562091503267974,0.505446623093682
"US-PFm","6_hourly","VPD","2019-06-19 12:00:00","2019-10-12",459,417,383,0.908496732026144,0.83442265795207
"US-PFm","6_hourly","air_temperature","2019-06-19 12:00:00","2019-10-12",459,423,391,0.92156862745098,0.851851851851852
"US-PFm","6_hourly","net_radiation","2019-06-19 12:00:00","2019-10-12",459,298,225,0.649237472766884,0.490196078431373
"US-PFm","daily","ET","2019-06-19","2019-10-12",116,102,102,0.879310344827586,0.879310344827586
"US-PFm","daily","soil_water_potential","2019-06-19","2019-10-12",116,66,66,0.568965517241379,0.568965517241379
"US-PFm","daily","VPD","2019-06-19","2019-10-12",116,109,109,0.939655172413793,0.939655172413793
"US-PFm","daily","air_temperature","2019-06-19","2019-10-12",116,110,110,0.948275862068966,0.948275862068966
"US-PFm","daily","net_radiation","2019-06-19","2019-10-12",116,55,55,0.474137931034483,0.474137931034483
"US-PFm","weekly","ET","2019-06-17","2019-10-07",17,15,0,0.882352941176471,0
"US-PFm","weekly","soil_water_potential","2019-06-17","2019-10-07",17,9,0,0.529411764705882,0
"US-PFm","weekly","VPD","2019-06-17","2019-10-07",17,15,0,0.882352941176471,0
"US-PFm","weekly","air_temperature","2019-06-17","2019-10-07",17,15,0,0.882352941176471,0
"US-PFm","weekly","net_radiation","2019-06-17","2019-10-07",17,7,0,0.411764705882353,0
"US-PFm","monthly","ET","2019-06-01","2019-10-01",5,3,0,0.6,0
"US-PFm","monthly","soil_water_potential","2019-06-01","2019-10-01",5,2,0,0.4,0
"US-PFm","monthly","VPD","2019-06-01","2019-10-01",5,3,0,0.6,0
"US-PFm","monthly","air_temperature","2019-06-01","2019-10-01",5,3,0,0.6,0
"US-PFm","monthly","net_radiation","2019-06-01","2019-10-01",5,1,0,0.2,0
"US-PFn","hourly","ET","2019-06-19 17:00:00","2019-10-12 05:00:00",2749,2482,2412,0.902873772280829,0.877409967260822
"US-PFn","hourly","soil_water_potential","2019-06-19 17:00:00","2019-10-12 05:00:00",2749,2550,2502,0.927610040014551,0.910149145143689
"US-PFn","hourly","VPD","2019-06-19 17:00:00","2019-10-12 05:00:00",2749,2229,2187,0.81084030556566,0.795562022553656
"US-PFn","hourly","air_temperature","2019-06-19 17:00:00","2019-10-12 05:00:00",2749,2230,2188,0.811204074208803,0.795925791196799
"US-PFn","hourly","net_radiation","2019-06-19 17:00:00","2019-10-12 05:00:00",2749,1833,1742,0.666787922881048,0.633684976355038
"US-PFn","6_hourly","ET","2019-06-19 12:00:00","2019-10-12",459,398,353,0.867102396514161,0.769063180827887
"US-PFn","6_hourly","soil_water_potential","2019-06-19 12:00:00","2019-10-12",459,415,379,0.904139433551198,0.825708061002179
"US-PFn","6_hourly","VPD","2019-06-19 12:00:00","2019-10-12",459,363,330,0.790849673202614,0.718954248366013
"US-PFn","6_hourly","air_temperature","2019-06-19 12:00:00","2019-10-12",459,363,330,0.790849673202614,0.718954248366013
"US-PFn","6_hourly","net_radiation","2019-06-19 12:00:00","2019-10-12",459,275,216,0.599128540305011,0.470588235294118
"US-PFn","daily","ET","2019-06-19","2019-10-12",116,100,100,0.862068965517241,0.862068965517241
"US-PFn","daily","soil_water_potential","2019-06-19","2019-10-12",116,107,107,0.922413793103448,0.922413793103448
"US-PFn","daily","VPD","2019-06-19","2019-10-12",116,92,92,0.793103448275862,0.793103448275862
"US-PFn","daily","air_temperature","2019-06-19","2019-10-12",116,93,93,0.801724137931034,0.801724137931034
"US-PFn","daily","net_radiation","2019-06-19","2019-10-12",116,53,53,0.456896551724138,0.456896551724138
"US-PFn","weekly","ET","2019-06-17","2019-10-07",17,15,0,0.882352941176471,0
"US-PFn","weekly","soil_water_potential","2019-06-17","2019-10-07",17,15,0,0.882352941176471,0
"US-PFn","weekly","VPD","2019-06-17","2019-10-07",17,11,0,0.647058823529412,0
"US-PFn","weekly","air_temperature","2019-06-17","2019-10-07",17,11,0,0.647058823529412,0
"US-PFn","weekly","net_radiation","2019-06-17","2019-10-07",17,6,0,0.352941176470588,0
"US-PFn","monthly","ET","2019-06-01","2019-10-01",5,3,0,0.6,0
"US-PFn","monthly","soil_water_potential","2019-06-01","2019-10-01",5,3,0,0.6,0
"US-PFn","monthly","VPD","2019-06-01","2019-10-01",5,2,0,0.4,0
"US-PFn","monthly","air_temperature","2019-06-01","2019-10-01",5,2,0,0.4,0
"US-PFn","monthly","net_radiation","2019-06-01","2019-10-01",5,0,0,0,0
"US-PFp","hourly","ET","2019-06-19 17:00:00","2019-10-12 20:00:00",2764,2528,2469,0.914616497829233,0.893270622286541
"US-PFp","hourly","soil_water_potential","2019-06-19 17:00:00","2019-10-12 20:00:00",2764,1837,1806,0.664616497829233,0.653400868306802
"US-PFp","hourly","VPD","2019-06-19 17:00:00","2019-10-12 20:00:00",2764,1326,1294,0.479739507959479,0.468162083936324
"US-PFp","hourly","air_temperature","2019-06-19 17:00:00","2019-10-12 20:00:00",2764,1326,1294,0.479739507959479,0.468162083936324
"US-PFp","hourly","net_radiation","2019-06-19 17:00:00","2019-10-12 20:00:00",2764,1864,1752,0.67438494934877,0.633863965267728
"US-PFp","6_hourly","ET","2019-06-19 12:00:00","2019-10-12 18:00:00",462,408,373,0.883116883116883,0.807359307359307
"US-PFp","6_hourly","soil_water_potential","2019-06-19 12:00:00","2019-10-12 18:00:00",462,298,274,0.645021645021645,0.593073593073593
"US-PFp","6_hourly","VPD","2019-06-19 12:00:00","2019-10-12 18:00:00",462,211,190,0.456709956709957,0.411255411255411
"US-PFp","6_hourly","air_temperature","2019-06-19 12:00:00","2019-10-12 18:00:00",462,211,190,0.456709956709957,0.411255411255411
"US-PFp","6_hourly","net_radiation","2019-06-19 12:00:00","2019-10-12 18:00:00",462,265,189,0.573593073593074,0.409090909090909
"US-PFp","daily","ET","2019-06-19","2019-10-12",116,97,97,0.836206896551724,0.836206896551724
"US-PFp","daily","soil_water_potential","2019-06-19","2019-10-12",116,77,77,0.663793103448276,0.663793103448276
"US-PFp","daily","VPD","2019-06-19","2019-10-12",116,53,53,0.456896551724138,0.456896551724138
"US-PFp","daily","air_temperature","2019-06-19","2019-10-12",116,53,53,0.456896551724138,0.456896551724138
"US-PFp","daily","net_radiation","2019-06-19","2019-10-12",116,53,53,0.456896551724138,0.456896551724138
"US-PFp","weekly","ET","2019-06-17","2019-10-07",17,16,0,0.941176470588235,0
"US-PFp","weekly","soil_water_potential","2019-06-17","2019-10-07",17,12,0,0.705882352941177,0
"US-PFp","weekly","VPD","2019-06-17","2019-10-07",17,7,0,0.411764705882353,0
"US-PFp","weekly","air_temperature","2019-06-17","2019-10-07",17,7,0,0.411764705882353,0
"US-PFp","weekly","net_radiation","2019-06-17","2019-10-07",17,5,0,0.294117647058824,0
"US-PFp","monthly","ET","2019-06-01","2019-10-01",5,3,0,0.6,0
"US-PFp","monthly","soil_water_potential","2019-06-01","2019-10-01",5,2,0,0.4,0
"US-PFp","monthly","VPD","2019-06-01","2019-10-01",5,1,0,0.2,0
"US-PFp","monthly","air_temperature","2019-06-01","2019-10-01",5,1,0,0.2,0
"US-PFp","monthly","net_radiation","2019-06-01","2019-10-01",5,1,0,0.2,0
"US-PFq","hourly","ET","2019-06-22 10:00:00","2019-10-12 20:00:00",2699,2437,2384,0.902927010003705,0.883290107447203
"US-PFq","hourly","soil_water_potential","2019-06-22 10:00:00","2019-10-12 20:00:00",2699,2388,2316,0.884772137828825,0.858095590959615
"US-PFq","hourly","VPD","2019-06-22 10:00:00","2019-10-12 20:00:00",2699,2448,2402,0.907002593553168,0.889959244164505
"US-PFq","hourly","air_temperature","2019-06-22 10:00:00","2019-10-12 20:00:00",2699,2448,2402,0.907002593553168,0.889959244164505
"US-PFq","hourly","net_radiation","2019-06-22 10:00:00","2019-10-12 20:00:00",2699,1830,1726,0.678028899592442,0.639496109670248
"US-PFq","6_hourly","ET","2019-06-22 06:00:00","2019-10-12 18:00:00",451,392,350,0.869179600886918,0.776053215077605
"US-PFq","6_hourly","soil_water_potential","2019-06-22 06:00:00","2019-10-12 18:00:00",451,385,334,0.853658536585366,0.740576496674058
"US-PFq","6_hourly","VPD","2019-06-22 06:00:00","2019-10-12 18:00:00",451,397,356,0.880266075388027,0.789356984478936
"US-PFq","6_hourly","air_temperature","2019-06-22 06:00:00","2019-10-12 18:00:00",451,397,356,0.880266075388027,0.789356984478936
"US-PFq","6_hourly","net_radiation","2019-06-22 06:00:00","2019-10-12 18:00:00",451,261,190,0.578713968957871,0.421286031042129
"US-PFq","daily","ET","2019-06-22","2019-10-12",113,93,93,0.823008849557522,0.823008849557522
"US-PFq","daily","soil_water_potential","2019-06-22","2019-10-12",113,106,106,0.938053097345133,0.938053097345133
"US-PFq","daily","VPD","2019-06-22","2019-10-12",113,108,108,0.955752212389381,0.955752212389381
"US-PFq","daily","air_temperature","2019-06-22","2019-10-12",113,108,108,0.955752212389381,0.955752212389381
"US-PFq","daily","net_radiation","2019-06-22","2019-10-12",113,49,49,0.433628318584071,0.433628318584071
"US-PFq","weekly","ET","2019-06-17","2019-10-07",17,15,0,0.882352941176471,0
"US-PFq","weekly","soil_water_potential","2019-06-17","2019-10-07",17,15,0,0.882352941176471,0
"US-PFq","weekly","VPD","2019-06-17","2019-10-07",17,15,0,0.882352941176471,0
"US-PFq","weekly","air_temperature","2019-06-17","2019-10-07",17,15,0,0.882352941176471,0
"US-PFq","weekly","net_radiation","2019-06-17","2019-10-07",17,6,0,0.352941176470588,0
"US-PFq","monthly","ET","2019-06-01","2019-10-01",5,3,0,0.6,0
"US-PFq","monthly","soil_water_potential","2019-06-01","2019-10-01",5,3,0,0.6,0
"US-PFq","monthly","VPD","2019-06-01","2019-10-01",5,3,0,0.6,0
"US-PFq","monthly","air_temperature","2019-06-01","2019-10-01",5,3,0,0.6,0
"US-PFq","monthly","net_radiation","2019-06-01","2019-10-01",5,0,0,0,0
"US-PFt","hourly","ET","2019-06-20 15:00:00","2019-10-12 20:00:00",2742,2473,2410,0.901896425966448,0.87892049598833
"US-PFt","hourly","soil_water_potential","2019-06-20 15:00:00","2019-10-12 20:00:00",2742,2503,2459,0.912837345003647,0.896790663749088
"US-PFt","hourly","VPD","2019-06-20 15:00:00","2019-10-12 20:00:00",2742,2216,2177,0.808169219547775,0.793946024799416
"US-PFt","hourly","air_temperature","2019-06-20 15:00:00","2019-10-12 20:00:00",2742,2561,2525,0.933989788475565,0.920860685630926
"US-PFt","hourly","net_radiation","2019-06-20 15:00:00","2019-10-12 20:00:00",2742,1794,1676,0.654266958424508,0.611232676878191
"US-PFt","6_hourly","ET","2019-06-20 12:00:00","2019-10-12 18:00:00",458,399,362,0.87117903930131,0.790393013100437
"US-PFt","6_hourly","soil_water_potential","2019-06-20 12:00:00","2019-10-12 18:00:00",458,402,365,0.877729257641921,0.796943231441048
"US-PFt","6_hourly","VPD","2019-06-20 12:00:00","2019-10-12 18:00:00",458,361,330,0.7882096069869,0.720524017467249
"US-PFt","6_hourly","air_temperature","2019-06-20 12:00:00","2019-10-12 18:00:00",458,420,388,0.91703056768559,0.847161572052402
"US-PFt","6_hourly","net_radiation","2019-06-20 12:00:00","2019-10-12 18:00:00",458,251,171,0.548034934497817,0.373362445414847
"US-PFt","daily","ET","2019-06-20","2019-10-12",115,95,95,0.826086956521739,0.826086956521739
"US-PFt","daily","soil_water_potential","2019-06-20","2019-10-12",115,108,108,0.939130434782609,0.939130434782609
"US-PFt","daily","VPD","2019-06-20","2019-10-12",115,94,94,0.817391304347826,0.817391304347826
"US-PFt","daily","air_temperature","2019-06-20","2019-10-12",115,110,110,0.956521739130435,0.956521739130435
"US-PFt","daily","net_radiation","2019-06-20","2019-10-12",115,48,48,0.417391304347826,0.417391304347826
"US-PFt","weekly","ET","2019-06-17","2019-10-07",17,15,0,0.882352941176471,0
"US-PFt","weekly","soil_water_potential","2019-06-17","2019-10-07",17,16,0,0.941176470588235,0
"US-PFt","weekly","VPD","2019-06-17","2019-10-07",17,14,0,0.823529411764706,0
"US-PFt","weekly","air_temperature","2019-06-17","2019-10-07",17,16,0,0.941176470588235,0
"US-PFt","weekly","net_radiation","2019-06-17","2019-10-07",17,4,0,0.235294117647059,0
"US-PFt","monthly","ET","2019-06-01","2019-10-01",5,3,0,0.6,0
"US-PFt","monthly","soil_water_potential","2019-06-01","2019-10-01",5,3,0,0.6,0
"US-PFt","monthly","VPD","2019-06-01","2019-10-01",5,3,0,0.6,0
"US-PFt","monthly","air_temperature","2019-06-01","2019-10-01",5,3,0,0.6,0
"US-PFt","monthly","net_radiation","2019-06-01","2019-10-01",5,0,0,0,0
"US-PSH","hourly","ET","2016-10-14 04:00:00","2016-12-31 23:00:00",1892,1883,1881,0.995243128964059,0.994186046511628
"US-PSH","hourly","soil_water_potential","2016-10-14 04:00:00","2016-12-31 23:00:00",1892,0,0,0,0
"US-PSH","hourly","VPD","2016-10-14 04:00:00","2016-12-31 23:00:00",1892,1884,1882,0.995771670190275,0.994714587737844
"US-PSH","hourly","air_temperature","2016-10-14 04:00:00","2016-12-31 23:00:00",1892,1884,1882,0.995771670190275,0.994714587737844
"US-PSH","hourly","net_radiation","2016-10-14 04:00:00","2016-12-31 23:00:00",1892,1858,1848,0.982029598308668,0.976744186046512
"US-PSH","6_hourly","ET","2016-10-14","2016-12-31 18:00:00",316,313,312,0.990506329113924,0.987341772151899
"US-PSH","6_hourly","soil_water_potential","2016-10-14","2016-12-31 18:00:00",316,0,0,0,0
"US-PSH","6_hourly","VPD","2016-10-14","2016-12-31 18:00:00",316,313,312,0.990506329113924,0.987341772151899
"US-PSH","6_hourly","air_temperature","2016-10-14","2016-12-31 18:00:00",316,313,312,0.990506329113924,0.987341772151899
"US-PSH","6_hourly","net_radiation","2016-10-14","2016-12-31 18:00:00",316,307,303,0.971518987341772,0.958860759493671
"US-PSH","daily","ET","2016-10-14","2016-12-31",79,78,78,0.987341772151899,0.987341772151899
"US-PSH","daily","soil_water_potential","2016-10-14","2016-12-31",79,0,0,0,0
"US-PSH","daily","VPD","2016-10-14","2016-12-31",79,78,78,0.987341772151899,0.987341772151899
"US-PSH","daily","air_temperature","2016-10-14","2016-12-31",79,78,78,0.987341772151899,0.987341772151899
"US-PSH","daily","net_radiation","2016-10-14","2016-12-31",79,77,77,0.974683544303797,0.974683544303797
"US-PSH","weekly","ET","2016-10-10","2016-12-26",12,11,0,0.916666666666667,0
"US-PSH","weekly","soil_water_potential","2016-10-10","2016-12-26",12,0,0,0,0
"US-PSH","weekly","VPD","2016-10-10","2016-12-26",12,11,0,0.916666666666667,0
"US-PSH","weekly","air_temperature","2016-10-10","2016-12-26",12,11,0,0.916666666666667,0
"US-PSH","weekly","net_radiation","2016-10-10","2016-12-26",12,11,0,0.916666666666667,0
"US-PSH","monthly","ET","2016-10-01","2016-12-01",3,2,0,0.666666666666667,0
"US-PSH","monthly","soil_water_potential","2016-10-01","2016-12-01",3,0,0,0,0
"US-PSH","monthly","VPD","2016-10-01","2016-12-01",3,2,0,0.666666666666667,0
"US-PSH","monthly","air_temperature","2016-10-01","2016-12-01",3,2,0,0.666666666666667,0
"US-PSH","monthly","net_radiation","2016-10-01","2016-12-01",3,2,0,0.666666666666667,0
"US-PSL","hourly","ET","2016-09-30 19:00:00","2016-12-31 23:00:00",2213,2145,2105,0.9692724807953,0.951197469498418
"US-PSL","hourly","soil_water_potential","2016-09-30 19:00:00","2016-12-31 23:00:00",2213,0,0,0,0
"US-PSL","hourly","VPD","2016-09-30 19:00:00","2016-12-31 23:00:00",2213,2189,2172,0.989154993221871,0.981473113420696
"US-PSL","hourly","air_temperature","2016-09-30 19:00:00","2016-12-31 23:00:00",2213,2207,2202,0.997288748305468,0.995029371893357
"US-PSL","hourly","net_radiation","2016-09-30 19:00:00","2016-12-31 23:00:00",2213,1817,1749,0.821057388160868,0.790329868956168
"US-PSL","6_hourly","ET","2016-09-30 18:00:00","2016-12-31 18:00:00",369,346,322,0.937669376693767,0.872628726287263
"US-PSL","6_hourly","soil_water_potential","2016-09-30 18:00:00","2016-12-31 18:00:00",369,0,0,0,0
"US-PSL","6_hourly","VPD","2016-09-30 18:00:00","2016-12-31 18:00:00",369,363,356,0.983739837398374,0.964769647696477
"US-PSL","6_hourly","air_temperature","2016-09-30 18:00:00","2016-12-31 18:00:00",369,368,366,0.997289972899729,0.991869918699187
"US-PSL","6_hourly","net_radiation","2016-09-30 18:00:00","2016-12-31 18:00:00",369,271,222,0.734417344173442,0.601626016260163
"US-PSL","daily","ET","2016-09-30","2016-12-31",93,92,92,0.989247311827957,0.989247311827957
"US-PSL","daily","soil_water_potential","2016-09-30","2016-12-31",93,0,0,0,0
"US-PSL","daily","VPD","2016-09-30","2016-12-31",93,92,92,0.989247311827957,0.989247311827957
"US-PSL","daily","air_temperature","2016-09-30","2016-12-31",93,92,92,0.989247311827957,0.989247311827957
"US-PSL","daily","net_radiation","2016-09-30","2016-12-31",93,59,59,0.634408602150538,0.634408602150538
"US-PSL","weekly","ET","2016-09-26","2016-12-26",14,13,0,0.928571428571429,0
"US-PSL","weekly","soil_water_potential","2016-09-26","2016-12-26",14,0,0,0,0
"US-PSL","weekly","VPD","2016-09-26","2016-12-26",14,13,0,0.928571428571429,0
"US-PSL","weekly","air_temperature","2016-09-26","2016-12-26",14,13,0,0.928571428571429,0
"US-PSL","weekly","net_radiation","2016-09-26","2016-12-26",14,7,0,0.5,0
"US-PSL","monthly","ET","2016-09-01","2016-12-01",4,3,0,0.75,0
"US-PSL","monthly","soil_water_potential","2016-09-01","2016-12-01",4,0,0,0,0
"US-PSL","monthly","VPD","2016-09-01","2016-12-01",4,3,0,0.75,0
"US-PSL","monthly","air_temperature","2016-09-01","2016-12-01",4,3,0,0.75,0
"US-PSL","monthly","net_radiation","2016-09-01","2016-12-01",4,2,0,0.5,0
"US-RGA","hourly","ET","2021-04-11 18:00:00","2023-09-13 05:00:00",21228,20079,20020,0.945873374788016,0.943094026757113
"US-RGA","hourly","soil_water_potential","2021-04-11 18:00:00","2023-09-13 05:00:00",21228,17155,17112,0.808130770680234,0.806105144149237
"US-RGA","hourly","VPD","2021-04-11 18:00:00","2023-09-13 05:00:00",21228,20230,20205,0.952986621443377,0.951808931599774
"US-RGA","hourly","air_temperature","2021-04-11 18:00:00","2023-09-13 05:00:00",21228,20230,20205,0.952986621443377,0.951808931599774
"US-RGA","hourly","net_radiation","2021-04-11 18:00:00","2023-09-13 05:00:00",21228,19069,18874,0.898294705106463,0.889108724326361
"US-RGA","6_hourly","ET","2021-04-11 18:00:00","2023-09-13",3538,3340,3304,0.944036178631996,0.933860938383267
"US-RGA","6_hourly","soil_water_potential","2021-04-11 18:00:00","2023-09-13",3538,2854,2826,0.806670435274166,0.798756359525155
"US-RGA","6_hourly","VPD","2021-04-11 18:00:00","2023-09-13",3538,3370,3345,0.952515545505936,0.945449406444319
"US-RGA","6_hourly","air_temperature","2021-04-11 18:00:00","2023-09-13",3538,3370,3345,0.952515545505936,0.945449406444319
"US-RGA","6_hourly","net_radiation","2021-04-11 18:00:00","2023-09-13",3538,3132,3043,0.885245901639344,0.860090446579989
"US-RGA","daily","ET","2021-04-11","2023-09-13",886,831,831,0.937923250564334,0.937923250564334
"US-RGA","daily","soil_water_potential","2021-04-11","2023-09-13",886,707,707,0.797968397291196,0.797968397291196
"US-RGA","daily","VPD","2021-04-11","2023-09-13",886,838,838,0.945823927765237,0.945823927765237
"US-RGA","daily","air_temperature","2021-04-11","2023-09-13",886,838,838,0.945823927765237,0.945823927765237
"US-RGA","daily","net_radiation","2021-04-11","2023-09-13",886,776,776,0.875846501128668,0.875846501128668
"US-RGA","weekly","ET","2021-04-05","2023-09-11",128,119,119,0.9296875,0.9296875
"US-RGA","weekly","soil_water_potential","2021-04-05","2023-09-11",128,101,101,0.7890625,0.7890625
"US-RGA","weekly","VPD","2021-04-05","2023-09-11",128,120,120,0.9375,0.9375
"US-RGA","weekly","air_temperature","2021-04-05","2023-09-11",128,120,120,0.9375,0.9375
"US-RGA","weekly","net_radiation","2021-04-05","2023-09-11",128,112,112,0.875,0.875
"US-RGA","monthly","ET","2021-04-01","2023-09-01",30,27,27,0.9,0.9
"US-RGA","monthly","soil_water_potential","2021-04-01","2023-09-01",30,23,23,0.766666666666667,0.766666666666667
"US-RGA","monthly","VPD","2021-04-01","2023-09-01",30,27,27,0.9,0.9
"US-RGA","monthly","air_temperature","2021-04-01","2023-09-01",30,27,27,0.9,0.9
"US-RGA","monthly","net_radiation","2021-04-01","2023-09-01",30,26,26,0.866666666666667,0.866666666666667
"US-RGB","hourly","ET","2021-01-24 01:00:00","2023-09-28 05:00:00",23453,22857,22737,0.974587472817976,0.969470856606831
"US-RGB","hourly","soil_water_potential","2021-01-24 01:00:00","2023-09-28 05:00:00",23453,20903,20883,0.891271905513154,0.89041913614463
"US-RGB","hourly","VPD","2021-01-24 01:00:00","2023-09-28 05:00:00",23453,23083,23065,0.984223766682301,0.983456274250629
"US-RGB","hourly","air_temperature","2021-01-24 01:00:00","2023-09-28 05:00:00",23453,23084,23066,0.984266405150727,0.983498912719055
"US-RGB","hourly","net_radiation","2021-01-24 01:00:00","2023-09-28 05:00:00",23453,22120,21991,0.943162921587857,0.937662559160875
"US-RGB","6_hourly","ET","2021-01-24","2023-09-28",3909,3797,3750,0.971348170887695,0.959324635456638
"US-RGB","6_hourly","soil_water_potential","2021-01-24","2023-09-28",3909,3483,3471,0.891020721412126,0.887950882578665
"US-RGB","6_hourly","VPD","2021-01-24","2023-09-28",3909,3846,3831,0.983883346124328,0.980046047582502
"US-RGB","6_hourly","air_temperature","2021-01-24","2023-09-28",3909,3847,3833,0.984139166027117,0.980557687388079
"US-RGB","6_hourly","net_radiation","2021-01-24","2023-09-28",3909,3644,3591,0.932207725761064,0.918649270913277
"US-RGB","daily","ET","2021-01-24","2023-09-28",978,946,946,0.967280163599182,0.967280163599182
"US-RGB","daily","soil_water_potential","2021-01-24","2023-09-28",978,866,866,0.885480572597137,0.885480572597137
"US-RGB","daily","VPD","2021-01-24","2023-09-28",978,957,957,0.978527607361963,0.978527607361963
"US-RGB","daily","air_temperature","2021-01-24","2023-09-28",978,957,957,0.978527607361963,0.978527607361963
"US-RGB","daily","net_radiation","2021-01-24","2023-09-28",978,906,906,0.926380368098159,0.926380368098159
"US-RGB","weekly","ET","2021-01-18","2023-09-25",141,134,134,0.950354609929078,0.950354609929078
"US-RGB","weekly","soil_water_potential","2021-01-18","2023-09-25",141,123,123,0.872340425531915,0.872340425531915
"US-RGB","weekly","VPD","2021-01-18","2023-09-25",141,136,136,0.964539007092199,0.964539007092199
"US-RGB","weekly","air_temperature","2021-01-18","2023-09-25",141,136,136,0.964539007092199,0.964539007092199
"US-RGB","weekly","net_radiation","2021-01-18","2023-09-25",141,126,126,0.893617021276596,0.893617021276596
"US-RGB","monthly","ET","2021-01-01","2023-09-01",33,32,32,0.96969696969697,0.96969696969697
"US-RGB","monthly","soil_water_potential","2021-01-01","2023-09-01",33,29,29,0.878787878787879,0.878787878787879
"US-RGB","monthly","VPD","2021-01-01","2023-09-01",33,32,32,0.96969696969697,0.96969696969697
"US-RGB","monthly","air_temperature","2021-01-01","2023-09-01",33,32,32,0.96969696969697,0.96969696969697
"US-RGB","monthly","net_radiation","2021-01-01","2023-09-01",33,31,31,0.939393939393939,0.939393939393939
"US-RGF","hourly","ET","2023-03-07 18:00:00","2023-12-31 23:00:00",7182,7172,7162,0.998607630186577,0.997215260373155
"US-RGF","hourly","soil_water_potential","2023-03-07 18:00:00","2023-12-31 23:00:00",7182,7182,7181,1,0.999860763018658
"US-RGF","hourly","VPD","2023-03-07 18:00:00","2023-12-31 23:00:00",7182,7182,7181,1,0.999860763018658
"US-RGF","hourly","air_temperature","2023-03-07 18:00:00","2023-12-31 23:00:00",7182,7182,7181,1,0.999860763018658
"US-RGF","hourly","net_radiation","2023-03-07 18:00:00","2023-12-31 23:00:00",7182,7173,7171,0.99874686716792,0.998468393205235
"US-RGF","6_hourly","ET","2023-03-07 18:00:00","2023-12-31 18:00:00",1197,1195,1192,0.998329156223893,0.995822890559733
"US-RGF","6_hourly","soil_water_potential","2023-03-07 18:00:00","2023-12-31 18:00:00",1197,1197,1196,1,0.999164578111946
"US-RGF","6_hourly","VPD","2023-03-07 18:00:00","2023-12-31 18:00:00",1197,1197,1196,1,0.999164578111946
"US-RGF","6_hourly","air_temperature","2023-03-07 18:00:00","2023-12-31 18:00:00",1197,1197,1196,1,0.999164578111946
"US-RGF","6_hourly","net_radiation","2023-03-07 18:00:00","2023-12-31 18:00:00",1197,1195,1193,0.998329156223893,0.996658312447786
"US-RGF","daily","ET","2023-03-07","2023-12-31",300,299,299,0.996666666666667,0.996666666666667
"US-RGF","daily","soil_water_potential","2023-03-07","2023-12-31",300,299,299,0.996666666666667,0.996666666666667
"US-RGF","daily","VPD","2023-03-07","2023-12-31",300,299,299,0.996666666666667,0.996666666666667
"US-RGF","daily","air_temperature","2023-03-07","2023-12-31",300,299,299,0.996666666666667,0.996666666666667
"US-RGF","daily","net_radiation","2023-03-07","2023-12-31",300,299,299,0.996666666666667,0.996666666666667
"US-RGF","weekly","ET","2023-03-06","2023-12-25",43,43,43,1,1
"US-RGF","weekly","soil_water_potential","2023-03-06","2023-12-25",43,43,43,1,1
"US-RGF","weekly","VPD","2023-03-06","2023-12-25",43,43,43,1,1
"US-RGF","weekly","air_temperature","2023-03-06","2023-12-25",43,43,43,1,1
"US-RGF","weekly","net_radiation","2023-03-06","2023-12-25",43,42,42,0.976744186046512,0.976744186046512
"US-RGF","monthly","ET","2023-03-01","2023-12-01",10,10,0,1,0
"US-RGF","monthly","soil_water_potential","2023-03-01","2023-12-01",10,10,0,1,0
"US-RGF","monthly","VPD","2023-03-01","2023-12-01",10,10,0,1,0
"US-RGF","monthly","air_temperature","2023-03-01","2023-12-01",10,10,0,1,0
"US-RGF","monthly","net_radiation","2023-03-01","2023-12-01",10,10,0,1,0
"US-RGW","hourly","ET","2022-04-12 18:00:00","2023-09-27 05:00:00",12780,12621,12594,0.987558685446009,0.985446009389671
"US-RGW","hourly","soil_water_potential","2022-04-12 18:00:00","2023-09-27 05:00:00",12780,12661,12653,0.990688575899843,0.990062597809077
"US-RGW","hourly","VPD","2022-04-12 18:00:00","2023-09-27 05:00:00",12780,12661,12653,0.990688575899843,0.990062597809077
"US-RGW","hourly","air_temperature","2022-04-12 18:00:00","2023-09-27 05:00:00",12780,12661,12653,0.990688575899843,0.990062597809077
"US-RGW","hourly","net_radiation","2022-04-12 18:00:00","2023-09-27 05:00:00",12780,11496,11415,0.899530516431925,0.893192488262911
"US-RGW","6_hourly","ET","2022-04-12 18:00:00","2023-09-27",2130,2100,2085,0.985915492957746,0.97887323943662
"US-RGW","6_hourly","soil_water_potential","2022-04-12 18:00:00","2023-09-27",2130,2109,2102,0.990140845070423,0.986854460093897
"US-RGW","6_hourly","VPD","2022-04-12 18:00:00","2023-09-27",2130,2109,2102,0.990140845070423,0.986854460093897
"US-RGW","6_hourly","air_temperature","2022-04-12 18:00:00","2023-09-27",2130,2109,2102,0.990140845070423,0.986854460093897
"US-RGW","6_hourly","net_radiation","2022-04-12 18:00:00","2023-09-27",2130,1889,1827,0.886854460093897,0.857746478873239
"US-RGW","daily","ET","2022-04-12","2023-09-27",534,525,525,0.98314606741573,0.98314606741573
"US-RGW","daily","soil_water_potential","2022-04-12","2023-09-27",534,525,525,0.98314606741573,0.98314606741573
"US-RGW","daily","VPD","2022-04-12","2023-09-27",534,525,525,0.98314606741573,0.98314606741573
"US-RGW","daily","air_temperature","2022-04-12","2023-09-27",534,525,525,0.98314606741573,0.98314606741573
"US-RGW","daily","net_radiation","2022-04-12","2023-09-27",534,475,475,0.889513108614232,0.889513108614232
"US-RGW","weekly","ET","2022-04-11","2023-09-25",77,74,74,0.961038961038961,0.961038961038961
"US-RGW","weekly","soil_water_potential","2022-04-11","2023-09-25",77,75,75,0.974025974025974,0.974025974025974
"US-RGW","weekly","VPD","2022-04-11","2023-09-25",77,75,75,0.974025974025974,0.974025974025974
"US-RGW","weekly","air_temperature","2022-04-11","2023-09-25",77,75,75,0.974025974025974,0.974025974025974
"US-RGW","weekly","net_radiation","2022-04-11","2023-09-25",77,65,65,0.844155844155844,0.844155844155844
"US-RGW","monthly","ET","2022-04-01","2023-09-01",18,17,0,0.944444444444444,0
"US-RGW","monthly","soil_water_potential","2022-04-01","2023-09-01",18,17,0,0.944444444444444,0
"US-RGW","monthly","VPD","2022-04-01","2023-09-01",18,17,0,0.944444444444444,0
"US-RGW","monthly","air_temperature","2022-04-01","2023-09-01",18,17,0,0.944444444444444,0
"US-RGW","monthly","net_radiation","2022-04-01","2023-09-01",18,16,0,0.888888888888889,0
"US-RGo","hourly","ET","2021-06-20 20:00:00","2023-09-14 05:00:00",19570,19138,19088,0.977925396014308,0.975370464997445
"US-RGo","hourly","soil_water_potential","2021-06-20 20:00:00","2023-09-14 05:00:00",19570,19223,19207,0.982268778742974,0.981451200817578
"US-RGo","hourly","VPD","2021-06-20 20:00:00","2023-09-14 05:00:00",19570,19223,19207,0.982268778742974,0.981451200817578
"US-RGo","hourly","air_temperature","2021-06-20 20:00:00","2023-09-14 05:00:00",19570,19223,19207,0.982268778742974,0.981451200817578
"US-RGo","hourly","net_radiation","2021-06-20 20:00:00","2023-09-14 05:00:00",19570,19114,19102,0.976699029126214,0.976085845682167
"US-RGo","6_hourly","ET","2021-06-20 18:00:00","2023-09-14",3262,3182,3158,0.975475168608216,0.968117719190681
"US-RGo","6_hourly","soil_water_potential","2021-06-20 18:00:00","2023-09-14",3262,3203,3190,0.981912936848559,0.977927651747394
"US-RGo","6_hourly","VPD","2021-06-20 18:00:00","2023-09-14",3262,3203,3190,0.981912936848559,0.977927651747394
"US-RGo","6_hourly","air_temperature","2021-06-20 18:00:00","2023-09-14",3262,3203,3190,0.981912936848559,0.977927651747394
"US-RGo","6_hourly","net_radiation","2021-06-20 18:00:00","2023-09-14",3262,3186,3175,0.976701410177805,0.973329245861435
"US-RGo","daily","ET","2021-06-20","2023-09-14",817,792,792,0.969400244798042,0.969400244798042
"US-RGo","daily","soil_water_potential","2021-06-20","2023-09-14",817,797,797,0.975520195838433,0.975520195838433
"US-RGo","daily","VPD","2021-06-20","2023-09-14",817,797,797,0.975520195838433,0.975520195838433
"US-RGo","daily","air_temperature","2021-06-20","2023-09-14",817,797,797,0.975520195838433,0.975520195838433
"US-RGo","daily","net_radiation","2021-06-20","2023-09-14",817,794,794,0.971848225214198,0.971848225214198
"US-RGo","weekly","ET","2021-06-14","2023-09-11",118,112,112,0.949152542372881,0.949152542372881
"US-RGo","weekly","soil_water_potential","2021-06-14","2023-09-11",118,113,113,0.957627118644068,0.957627118644068
"US-RGo","weekly","VPD","2021-06-14","2023-09-11",118,113,113,0.957627118644068,0.957627118644068
"US-RGo","weekly","air_temperature","2021-06-14","2023-09-11",118,113,113,0.957627118644068,0.957627118644068
"US-RGo","weekly","net_radiation","2021-06-14","2023-09-11",118,112,112,0.949152542372881,0.949152542372881
"US-RGo","monthly","ET","2021-06-01","2023-09-01",28,26,26,0.928571428571429,0.928571428571429
"US-RGo","monthly","soil_water_potential","2021-06-01","2023-09-01",28,26,26,0.928571428571429,0.928571428571429
"US-RGo","monthly","VPD","2021-06-01","2023-09-01",28,26,26,0.928571428571429,0.928571428571429
"US-RGo","monthly","air_temperature","2021-06-01","2023-09-01",28,26,26,0.928571428571429,0.928571428571429
"US-RGo","monthly","net_radiation","2021-06-01","2023-09-01",28,26,26,0.928571428571429,0.928571428571429
"US-Rls","hourly","ET","2014-09-10 03:00:00","2023-10-01 06:00:00",79396,76211,76094,0.959884628948562,0.958411003073203
"US-Rls","hourly","soil_water_potential","2014-09-10 03:00:00","2023-10-01 06:00:00",79396,76662,76628,0.965565015869817,0.965136782709456
"US-Rls","hourly","VPD","2014-09-10 03:00:00","2023-10-01 06:00:00",79396,78267,78201,0.985780140057434,0.984948863922616
"US-Rls","hourly","air_temperature","2014-09-10 03:00:00","2023-10-01 06:00:00",79396,78267,78201,0.985780140057434,0.984948863922616
"US-Rls","hourly","net_radiation","2014-09-10 03:00:00","2023-10-01 06:00:00",79396,77725,77663,0.978953599677566,0.978172703914555
"US-Rls","6_hourly","ET","2014-09-10","2023-10-01 06:00:00",13234,12674,12617,0.957684751397914,0.953377663593774
"US-Rls","6_hourly","soil_water_potential","2014-09-10","2023-10-01 06:00:00",13234,12767,12744,0.964712105183618,0.962974157473175
"US-Rls","6_hourly","VPD","2014-09-10","2023-10-01 06:00:00",13234,13020,12974,0.983829529998489,0.980353634577603
"US-Rls","6_hourly","air_temperature","2014-09-10","2023-10-01 06:00:00",13234,13020,12974,0.983829529998489,0.980353634577603
"US-Rls","6_hourly","net_radiation","2014-09-10","2023-10-01 06:00:00",13234,12922,12863,0.976424361493124,0.971966147801118
"US-Rls","daily","ET","2014-09-10","2023-10-01",3309,3172,3172,0.958597763674826,0.958597763674826
"US-Rls","daily","soil_water_potential","2014-09-10","2023-10-01",3309,3187,3187,0.963130855243276,0.963130855243276
"US-Rls","daily","VPD","2014-09-10","2023-10-01",3309,3259,3259,0.984889694771834,0.984889694771834
"US-Rls","daily","air_temperature","2014-09-10","2023-10-01",3309,3259,3259,0.984889694771834,0.984889694771834
"US-Rls","daily","net_radiation","2014-09-10","2023-10-01",3309,3214,3214,0.971290420066485,0.971290420066485
"US-Rls","weekly","ET","2014-09-08","2023-09-25",473,449,449,0.949260042283298,0.949260042283298
"US-Rls","weekly","soil_water_potential","2014-09-08","2023-09-25",473,455,455,0.961945031712474,0.961945031712474
"US-Rls","weekly","VPD","2014-09-08","2023-09-25",473,462,462,0.976744186046512,0.976744186046512
"US-Rls","weekly","air_temperature","2014-09-08","2023-09-25",473,462,462,0.976744186046512,0.976744186046512
"US-Rls","weekly","net_radiation","2014-09-08","2023-09-25",473,458,458,0.968287526427061,0.968287526427061
"US-Rls","monthly","ET","2014-09-01","2023-10-01",110,102,102,0.927272727272727,0.927272727272727
"US-Rls","monthly","soil_water_potential","2014-09-01","2023-10-01",110,104,104,0.945454545454545,0.945454545454545
"US-Rls","monthly","VPD","2014-09-01","2023-10-01",110,106,106,0.963636363636364,0.963636363636364
"US-Rls","monthly","air_temperature","2014-09-01","2023-10-01",110,106,106,0.963636363636364,0.963636363636364
"US-Rls","monthly","net_radiation","2014-09-01","2023-10-01",110,105,105,0.954545454545455,0.954545454545455
"US-Rms","hourly","ET","2014-09-15 22:00:00","2023-10-01 06:00:00",79257,76083,75848,0.959953064082668,0.956988026294207
"US-Rms","hourly","soil_water_potential","2014-09-15 22:00:00","2023-10-01 06:00:00",79257,73763,73690,0.930681201660421,0.929760147368687
"US-Rms","hourly","VPD","2014-09-15 22:00:00","2023-10-01 06:00:00",79257,76587,76534,0.966312123850259,0.965643413200096
"US-Rms","hourly","air_temperature","2014-09-15 22:00:00","2023-10-01 06:00:00",79257,76587,76534,0.966312123850259,0.965643413200096
"US-Rms","hourly","net_radiation","2014-09-15 22:00:00","2023-10-01 06:00:00",79257,76204,76169,0.961479743114173,0.961038141741423
"US-Rms","6_hourly","ET","2014-09-15 18:00:00","2023-10-01 06:00:00",13211,12617,12510,0.95503746877602,0.946938157595943
"US-Rms","6_hourly","soil_water_potential","2014-09-15 18:00:00","2023-10-01 06:00:00",13211,12265,12219,0.928393005828476,0.924911058966013
"US-Rms","6_hourly","VPD","2014-09-15 18:00:00","2023-10-01 06:00:00",13211,12742,12703,0.964499280902278,0.961547195518886
"US-Rms","6_hourly","air_temperature","2014-09-15 18:00:00","2023-10-01 06:00:00",13211,12742,12703,0.964499280902278,0.961547195518886
"US-Rms","6_hourly","net_radiation","2014-09-15 18:00:00","2023-10-01 06:00:00",13211,12686,12655,0.960260389069715,0.957913859662403
"US-Rms","daily","ET","2014-09-15","2023-10-01",3304,3163,3163,0.957324455205811,0.957324455205811
"US-Rms","daily","soil_water_potential","2014-09-15","2023-10-01",3304,3067,3067,0.928268765133172,0.928268765133172
"US-Rms","daily","VPD","2014-09-15","2023-10-01",3304,3187,3187,0.964588377723971,0.964588377723971
"US-Rms","daily","air_temperature","2014-09-15","2023-10-01",3304,3187,3187,0.964588377723971,0.964588377723971
"US-Rms","daily","net_radiation","2014-09-15","2023-10-01",3304,3156,3156,0.955205811138015,0.955205811138015
"US-Rms","weekly","ET","2014-09-15","2023-09-25",472,448,448,0.949152542372881,0.949152542372881
"US-Rms","weekly","soil_water_potential","2014-09-15","2023-09-25",472,433,433,0.917372881355932,0.917372881355932
"US-Rms","weekly","VPD","2014-09-15","2023-09-25",472,452,452,0.957627118644068,0.957627118644068
"US-Rms","weekly","air_temperature","2014-09-15","2023-09-25",472,452,452,0.957627118644068,0.957627118644068
"US-Rms","weekly","net_radiation","2014-09-15","2023-09-25",472,448,448,0.949152542372881,0.949152542372881
"US-Rms","monthly","ET","2014-09-01","2023-10-01",110,103,103,0.936363636363636,0.936363636363636
"US-Rms","monthly","soil_water_potential","2014-09-01","2023-10-01",110,99,99,0.9,0.9
"US-Rms","monthly","VPD","2014-09-01","2023-10-01",110,103,103,0.936363636363636,0.936363636363636
"US-Rms","monthly","air_temperature","2014-09-01","2023-10-01",110,103,103,0.936363636363636,0.936363636363636
"US-Rms","monthly","net_radiation","2014-09-01","2023-10-01",110,102,102,0.927272727272727,0.927272727272727
"US-Ro1","hourly","ET","2004-01-01","2016-12-31 23:00:00",113976,111395,111021,0.977354881729487,0.974073489155612
"US-Ro1","hourly","soil_water_potential","2004-01-01","2016-12-31 23:00:00",113976,8921,8910,0.0782708640415526,0.0781743524952622
"US-Ro1","hourly","VPD","2004-01-01","2016-12-31 23:00:00",113976,110760,110747,0.971783533375447,0.971669474275286
"US-Ro1","hourly","air_temperature","2004-01-01","2016-12-31 23:00:00",113976,111429,111411,0.977653190145294,0.977495262160455
"US-Ro1","hourly","net_radiation","2004-01-01","2016-12-31 23:00:00",113976,105461,105438,0.925291289394258,0.925089492524742
"US-Ro1","6_hourly","ET","2004-01-01","2016-12-31 18:00:00",18996,18513,18393,0.974573594440935,0.968256475047378
"US-Ro1","6_hourly","soil_water_potential","2004-01-01","2016-12-31 18:00:00",18996,1485,1480,0.0781743524952622,0.0779111391871973
"US-Ro1","6_hourly","VPD","2004-01-01","2016-12-31 18:00:00",18996,18456,18447,0.971572962728996,0.971099178774479
"US-Ro1","6_hourly","air_temperature","2004-01-01","2016-12-31 18:00:00",18996,18566,18554,0.977363655506422,0.976731943567067
"US-Ro1","6_hourly","net_radiation","2004-01-01","2016-12-31 18:00:00",18996,17568,17547,0.924826279216677,0.923720783322805
"US-Ro1","daily","ET","2004-01-01","2016-12-31",4749,4643,4643,0.9776795114761,0.9776795114761
"US-Ro1","daily","soil_water_potential","2004-01-01","2016-12-31",4749,372,372,0.0783322804801011,0.0783322804801011
"US-Ro1","daily","VPD","2004-01-01","2016-12-31",4749,4613,4613,0.971362392082544,0.971362392082544
"US-Ro1","daily","air_temperature","2004-01-01","2016-12-31",4749,4642,4642,0.977468940829648,0.977468940829648
"US-Ro1","daily","net_radiation","2004-01-01","2016-12-31",4749,4383,4383,0.92293114339861,0.92293114339861
"US-Ro1","weekly","ET","2003-12-29","2016-12-26",679,662,662,0.974963181148748,0.974963181148748
"US-Ro1","weekly","soil_water_potential","2003-12-29","2016-12-26",679,53,53,0.0780559646539028,0.0780559646539028
"US-Ro1","weekly","VPD","2003-12-29","2016-12-26",679,657,657,0.96759941089838,0.96759941089838
"US-Ro1","weekly","air_temperature","2003-12-29","2016-12-26",679,661,661,0.973490427098675,0.973490427098675
"US-Ro1","weekly","net_radiation","2003-12-29","2016-12-26",679,621,621,0.914580265095729,0.914580265095729
"US-Ro1","monthly","ET","2004-01-01","2016-12-01",156,151,151,0.967948717948718,0.967948717948718
"US-Ro1","monthly","soil_water_potential","2004-01-01","2016-12-01",156,12,0,0.0769230769230769,0
"US-Ro1","monthly","VPD","2004-01-01","2016-12-01",156,151,151,0.967948717948718,0.967948717948718
"US-Ro1","monthly","air_temperature","2004-01-01","2016-12-01",156,152,152,0.974358974358974,0.974358974358974
"US-Ro1","monthly","net_radiation","2004-01-01","2016-12-01",156,144,144,0.923076923076923,0.923076923076923
"US-Ro2","hourly","ET","2008-01-01","2016-12-31 23:00:00",78912,52106,51717,0.660305150040551,0.655375608272506
"US-Ro2","hourly","soil_water_potential","2008-01-01","2016-12-31 23:00:00",78912,0,0,0,0
"US-Ro2","hourly","VPD","2008-01-01","2016-12-31 23:00:00",78912,73337,73324,0.929351682887267,0.929186942416869
"US-Ro2","hourly","air_temperature","2008-01-01","2016-12-31 23:00:00",78912,73341,73328,0.929402372262774,0.929237631792376
"US-Ro2","hourly","net_radiation","2008-01-01","2016-12-31 23:00:00",78912,14082,14064,0.178451946472019,0.178223844282238
"US-Ro2","6_hourly","ET","2008-01-01","2016-12-31 18:00:00",13152,8595,8468,0.653512773722628,0.643856447688564
"US-Ro2","6_hourly","soil_water_potential","2008-01-01","2016-12-31 18:00:00",13152,0,0,0,0
"US-Ro2","6_hourly","VPD","2008-01-01","2016-12-31 18:00:00",13152,12219,12211,0.929060218978102,0.928451946472019
"US-Ro2","6_hourly","air_temperature","2008-01-01","2016-12-31 18:00:00",13152,12219,12211,0.929060218978102,0.928451946472019
"US-Ro2","6_hourly","net_radiation","2008-01-01","2016-12-31 18:00:00",13152,2340,2328,0.177919708029197,0.177007299270073
"US-Ro2","daily","ET","2008-01-01","2016-12-31",3288,2154,2154,0.655109489051095,0.655109489051095
"US-Ro2","daily","soil_water_potential","2008-01-01","2016-12-31",3288,0,0,0,0
"US-Ro2","daily","VPD","2008-01-01","2016-12-31",3288,3053,3053,0.92852798053528,0.92852798053528
"US-Ro2","daily","air_temperature","2008-01-01","2016-12-31",3288,3054,3054,0.928832116788321,0.928832116788321
"US-Ro2","daily","net_radiation","2008-01-01","2016-12-31",3288,582,582,0.177007299270073,0.177007299270073
"US-Ro2","weekly","ET","2007-12-31","2016-12-26",470,307,307,0.653191489361702,0.653191489361702
"US-Ro2","weekly","soil_water_potential","2007-12-31","2016-12-26",470,0,0,0,0
"US-Ro2","weekly","VPD","2007-12-31","2016-12-26",470,435,435,0.925531914893617,0.925531914893617
"US-Ro2","weekly","air_temperature","2007-12-31","2016-12-26",470,435,435,0.925531914893617,0.925531914893617
"US-Ro2","weekly","net_radiation","2007-12-31","2016-12-26",470,82,82,0.174468085106383,0.174468085106383
"US-Ro2","monthly","ET","2008-01-01","2016-12-01",108,66,66,0.611111111111111,0.611111111111111
"US-Ro2","monthly","soil_water_potential","2008-01-01","2016-12-01",108,0,0,0,0
"US-Ro2","monthly","VPD","2008-01-01","2016-12-01",108,100,100,0.925925925925926,0.925925925925926
"US-Ro2","monthly","air_temperature","2008-01-01","2016-12-01",108,100,100,0.925925925925926,0.925925925925926
"US-Ro2","monthly","net_radiation","2008-01-01","2016-12-01",108,19,19,0.175925925925926,0.175925925925926
"US-Ro3","hourly","ET","2004-01-01","2007-12-31 23:00:00",35064,30713,30670,0.875912616929044,0.874686287930641
"US-Ro3","hourly","soil_water_potential","2004-01-01","2007-12-31 23:00:00",35064,0,0,0,0
"US-Ro3","hourly","VPD","2004-01-01","2007-12-31 23:00:00",35064,35061,35057,0.999914442162902,0.999800365046772
"US-Ro3","hourly","air_temperature","2004-01-01","2007-12-31 23:00:00",35064,35062,35059,0.999942961441935,0.999857403604837
"US-Ro3","hourly","net_radiation","2004-01-01","2007-12-31 23:00:00",35064,35064,35063,1,0.999971480720967
"US-Ro3","6_hourly","ET","2004-01-01","2007-12-31 18:00:00",5844,5114,5105,0.875085557837098,0.873545516769336
"US-Ro3","6_hourly","soil_water_potential","2004-01-01","2007-12-31 18:00:00",5844,0,0,0,0
"US-Ro3","6_hourly","VPD","2004-01-01","2007-12-31 18:00:00",5844,5844,5843,1,0.999828884325804
"US-Ro3","6_hourly","air_temperature","2004-01-01","2007-12-31 18:00:00",5844,5844,5843,1,0.999828884325804
"US-Ro3","6_hourly","net_radiation","2004-01-01","2007-12-31 18:00:00",5844,5844,5843,1,0.999828884325804
"US-Ro3","daily","ET","2004-01-01","2007-12-31",1461,1280,1280,0.876112251882272,0.876112251882272
"US-Ro3","daily","soil_water_potential","2004-01-01","2007-12-31",1461,0,0,0,0
"US-Ro3","daily","VPD","2004-01-01","2007-12-31",1461,1461,1461,1,1
"US-Ro3","daily","air_temperature","2004-01-01","2007-12-31",1461,1461,1461,1,1
"US-Ro3","daily","net_radiation","2004-01-01","2007-12-31",1461,1461,1461,1,1
"US-Ro3","weekly","ET","2003-12-29","2007-12-31",210,183,183,0.871428571428571,0.871428571428571
"US-Ro3","weekly","soil_water_potential","2003-12-29","2007-12-31",210,0,0,0,0
"US-Ro3","weekly","VPD","2003-12-29","2007-12-31",210,208,208,0.990476190476191,0.990476190476191
"US-Ro3","weekly","air_temperature","2003-12-29","2007-12-31",210,208,208,0.990476190476191,0.990476190476191
"US-Ro3","weekly","net_radiation","2003-12-29","2007-12-31",210,208,208,0.990476190476191,0.990476190476191
"US-Ro3","monthly","ET","2004-01-01","2007-12-01",48,42,42,0.875,0.875
"US-Ro3","monthly","soil_water_potential","2004-01-01","2007-12-01",48,0,0,0,0
"US-Ro3","monthly","VPD","2004-01-01","2007-12-01",48,48,48,1,1
"US-Ro3","monthly","air_temperature","2004-01-01","2007-12-01",48,48,48,1,1
"US-Ro3","monthly","net_radiation","2004-01-01","2007-12-01",48,48,48,1,1
"US-Ro4","hourly","ET","2014-01-10","2023-12-31 23:00:00",87432,83133,82906,0.950830359593741,0.948234056180803
"US-Ro4","hourly","soil_water_potential","2014-01-10","2023-12-31 23:00:00",87432,59715,59506,0.682987922042273,0.680597492908775
"US-Ro4","hourly","VPD","2014-01-10","2023-12-31 23:00:00",87432,83508,83480,0.955119407082075,0.954799158202946
"US-Ro4","hourly","air_temperature","2014-01-10","2023-12-31 23:00:00",87432,83508,83480,0.955119407082075,0.954799158202946
"US-Ro4","hourly","net_radiation","2014-01-10","2023-12-31 23:00:00",87432,80441,80426,0.920040717357489,0.919869155457956
"US-Ro4","6_hourly","ET","2014-01-10","2023-12-31 18:00:00",14572,13816,13733,0.948119681581114,0.942423826516607
"US-Ro4","6_hourly","soil_water_potential","2014-01-10","2023-12-31 18:00:00",14572,9900,9821,0.679385122152072,0.673963766126819
"US-Ro4","6_hourly","VPD","2014-01-10","2023-12-31 18:00:00",14572,13905,13886,0.954227285204502,0.952923414768048
"US-Ro4","6_hourly","air_temperature","2014-01-10","2023-12-31 18:00:00",14572,13905,13886,0.954227285204502,0.952923414768048
"US-Ro4","6_hourly","net_radiation","2014-01-10","2023-12-31 18:00:00",14572,13404,13394,0.919846280538018,0.919160032939885
"US-Ro4","daily","ET","2014-01-10","2023-12-31",3643,3462,3462,0.950315673895141,0.950315673895141
"US-Ro4","daily","soil_water_potential","2014-01-10","2023-12-31",3643,2470,2470,0.678012626955806,0.678012626955806
"US-Ro4","daily","VPD","2014-01-10","2023-12-31",3643,3477,3477,0.954433159483942,0.954433159483942
"US-Ro4","daily","air_temperature","2014-01-10","2023-12-31",3643,3477,3477,0.954433159483942,0.954433159483942
"US-Ro4","daily","net_radiation","2014-01-10","2023-12-31",3643,3348,3348,0.919022783420258,0.919022783420258
"US-Ro4","weekly","ET","2014-01-06","2023-12-25",521,492,492,0.944337811900192,0.944337811900192
"US-Ro4","weekly","soil_water_potential","2014-01-06","2023-12-25",521,349,349,0.669865642994242,0.669865642994242
"US-Ro4","weekly","VPD","2014-01-06","2023-12-25",521,492,492,0.944337811900192,0.944337811900192
"US-Ro4","weekly","air_temperature","2014-01-06","2023-12-25",521,492,492,0.944337811900192,0.944337811900192
"US-Ro4","weekly","net_radiation","2014-01-06","2023-12-25",521,477,477,0.915547024952015,0.915547024952015
"US-Ro4","monthly","ET","2014-01-01","2023-12-01",120,112,112,0.933333333333333,0.933333333333333
"US-Ro4","monthly","soil_water_potential","2014-01-01","2023-12-01",120,82,82,0.683333333333333,0.683333333333333
"US-Ro4","monthly","VPD","2014-01-01","2023-12-01",120,111,111,0.925,0.925
"US-Ro4","monthly","air_temperature","2014-01-01","2023-12-01",120,111,111,0.925,0.925
"US-Ro4","monthly","net_radiation","2014-01-01","2023-12-01",120,110,110,0.916666666666667,0.916666666666667
"US-Ro5","hourly","ET","2017-01-01","2023-12-31 23:00:00",61344,60807,60671,0.991246087636933,0.9890290818988
"US-Ro5","hourly","soil_water_potential","2017-01-01","2023-12-31 23:00:00",61344,55645,55610,0.90709767866458,0.906527125717267
"US-Ro5","hourly","VPD","2017-01-01","2023-12-31 23:00:00",61344,61083,61068,0.995745305164319,0.995500782472613
"US-Ro5","hourly","air_temperature","2017-01-01","2023-12-31 23:00:00",61344,61113,61102,0.996234350547731,0.996055033907147
"US-Ro5","hourly","net_radiation","2017-01-01","2023-12-31 23:00:00",61344,60721,60701,0.98984415753782,0.989518127282212
"US-Ro5","6_hourly","ET","2017-01-01","2023-12-31 18:00:00",10224,10118,10070,0.989632237871675,0.984937402190923
"US-Ro5","6_hourly","soil_water_potential","2017-01-01","2023-12-31 18:00:00",10224,9268,9256,0.906494522691706,0.905320813771518
"US-Ro5","6_hourly","VPD","2017-01-01","2023-12-31 18:00:00",10224,10177,10165,0.995402973395931,0.994229264475743
"US-Ro5","6_hourly","air_temperature","2017-01-01","2023-12-31 18:00:00",10224,10182,10171,0.995892018779343,0.994816118935837
"US-Ro5","6_hourly","net_radiation","2017-01-01","2023-12-31 18:00:00",10224,10113,10097,0.989143192488263,0.987578247261346
"US-Ro5","daily","ET","2017-01-01","2023-12-31",2556,2537,2537,0.992566510172144,0.992566510172144
"US-Ro5","daily","soil_water_potential","2017-01-01","2023-12-31",2556,2317,2317,0.906494522691706,0.906494522691706
"US-Ro5","daily","VPD","2017-01-01","2023-12-31",2556,2545,2545,0.995696400625978,0.995696400625978
"US-Ro5","daily","air_temperature","2017-01-01","2023-12-31",2556,2547,2547,0.996478873239437,0.996478873239437
"US-Ro5","daily","net_radiation","2017-01-01","2023-12-31",2556,2524,2524,0.987480438184664,0.987480438184664
"US-Ro5","weekly","ET","2016-12-26","2023-12-25",366,363,363,0.991803278688525,0.991803278688525
"US-Ro5","weekly","soil_water_potential","2016-12-26","2023-12-25",366,331,331,0.904371584699454,0.904371584699454
"US-Ro5","weekly","VPD","2016-12-26","2023-12-25",366,364,364,0.994535519125683,0.994535519125683
"US-Ro5","weekly","air_temperature","2016-12-26","2023-12-25",366,364,364,0.994535519125683,0.994535519125683
"US-Ro5","weekly","net_radiation","2016-12-26","2023-12-25",366,360,360,0.983606557377049,0.983606557377049
"US-Ro5","monthly","ET","2017-01-01","2023-12-01",84,84,84,1,1
"US-Ro5","monthly","soil_water_potential","2017-01-01","2023-12-01",84,76,76,0.904761904761905,0.904761904761905
"US-Ro5","monthly","VPD","2017-01-01","2023-12-01",84,84,84,1,1
"US-Ro5","monthly","air_temperature","2017-01-01","2023-12-01",84,84,84,1,1
"US-Ro5","monthly","net_radiation","2017-01-01","2023-12-01",84,83,83,0.988095238095238,0.988095238095238
"US-Ro6","hourly","ET","2017-01-01","2023-12-31 23:00:00",61344,60632,60466,0.988393322900365,0.985687271778821
"US-Ro6","hourly","soil_water_potential","2017-01-01","2023-12-31 23:00:00",61344,55334,55305,0.90202790818988,0.901555164319249
"US-Ro6","hourly","VPD","2017-01-01","2023-12-31 23:00:00",61344,61344,61343,1,0.99998369848722
"US-Ro6","hourly","air_temperature","2017-01-01","2023-12-31 23:00:00",61344,61344,61343,1,0.99998369848722
"US-Ro6","hourly","net_radiation","2017-01-01","2023-12-31 23:00:00",61344,60523,60510,0.986616458007303,0.986404538341158
"US-Ro6","6_hourly","ET","2017-01-01","2023-12-31 18:00:00",10224,10081,10028,0.986013302034429,0.980829420970266
"US-Ro6","6_hourly","soil_water_potential","2017-01-01","2023-12-31 18:00:00",10224,9214,9201,0.901212832550861,0.899941314553991
"US-Ro6","6_hourly","VPD","2017-01-01","2023-12-31 18:00:00",10224,10224,10223,1,0.999902190923318
"US-Ro6","6_hourly","air_temperature","2017-01-01","2023-12-31 18:00:00",10224,10224,10223,1,0.999902190923318
"US-Ro6","6_hourly","net_radiation","2017-01-01","2023-12-31 18:00:00",10224,10084,10076,0.986306729264476,0.985524256651017
"US-Ro6","daily","ET","2017-01-01","2023-12-31",2556,2519,2519,0.985524256651017,0.985524256651017
"US-Ro6","daily","soil_water_potential","2017-01-01","2023-12-31",2556,2304,2304,0.901408450704225,0.901408450704225
"US-Ro6","daily","VPD","2017-01-01","2023-12-31",2556,2556,2556,1,1
"US-Ro6","daily","air_temperature","2017-01-01","2023-12-31",2556,2556,2556,1,1
"US-Ro6","daily","net_radiation","2017-01-01","2023-12-31",2556,2517,2517,0.984741784037559,0.984741784037559
"US-Ro6","weekly","ET","2016-12-26","2023-12-25",366,360,360,0.983606557377049,0.983606557377049
"US-Ro6","weekly","soil_water_potential","2016-12-26","2023-12-25",366,329,329,0.898907103825137,0.898907103825137
"US-Ro6","weekly","VPD","2016-12-26","2023-12-25",366,365,365,0.997267759562842,0.997267759562842
"US-Ro6","weekly","air_temperature","2016-12-26","2023-12-25",366,365,365,0.997267759562842,0.997267759562842
"US-Ro6","weekly","net_radiation","2016-12-26","2023-12-25",366,357,357,0.975409836065574,0.975409836065574
"US-Ro6","monthly","ET","2017-01-01","2023-12-01",84,84,84,1,1
"US-Ro6","monthly","soil_water_potential","2017-01-01","2023-12-01",84,75,75,0.892857142857143,0.892857142857143
"US-Ro6","monthly","VPD","2017-01-01","2023-12-01",84,84,84,1,1
"US-Ro6","monthly","air_temperature","2017-01-01","2023-12-01",84,84,84,1,1
"US-Ro6","monthly","net_radiation","2017-01-01","2023-12-01",84,83,83,0.988095238095238,0.988095238095238
"US-Rwe","hourly","ET","2003-02-03 18:00:00","2007-10-01 06:00:00",40813,39022,38783,0.956116923529268,0.950260946267121
"US-Rwe","hourly","soil_water_potential","2003-02-03 18:00:00","2007-10-01 06:00:00",40813,0,0,0,0
"US-Rwe","hourly","VPD","2003-02-03 18:00:00","2007-10-01 06:00:00",40813,39793,39772,0.975007963148997,0.974493421213829
"US-Rwe","hourly","air_temperature","2003-02-03 18:00:00","2007-10-01 06:00:00",40813,39793,39772,0.975007963148997,0.974493421213829
"US-Rwe","hourly","net_radiation","2003-02-03 18:00:00","2007-10-01 06:00:00",40813,16567,16560,0.405924582853503,0.405753068875113
"US-Rwe","6_hourly","ET","2003-02-03 18:00:00","2007-10-01 06:00:00",6803,6452,6367,0.948405115390269,0.935910627664266
"US-Rwe","6_hourly","soil_water_potential","2003-02-03 18:00:00","2007-10-01 06:00:00",6803,0,0,0,0
"US-Rwe","6_hourly","VPD","2003-02-03 18:00:00","2007-10-01 06:00:00",6803,6625,6611,0.973835072762017,0.971777157136557
"US-Rwe","6_hourly","air_temperature","2003-02-03 18:00:00","2007-10-01 06:00:00",6803,6625,6611,0.973835072762017,0.971777157136557
"US-Rwe","6_hourly","net_radiation","2003-02-03 18:00:00","2007-10-01 06:00:00",6803,2759,2752,0.40555637218874,0.404527414376011
"US-Rwe","daily","ET","2003-02-03","2007-10-01",1702,1616,1616,0.949471210340776,0.949471210340776
"US-Rwe","daily","soil_water_potential","2003-02-03","2007-10-01",1702,0,0,0,0
"US-Rwe","daily","VPD","2003-02-03","2007-10-01",1702,1656,1656,0.972972972972973,0.972972972972973
"US-Rwe","daily","air_temperature","2003-02-03","2007-10-01",1702,1656,1656,0.972972972972973,0.972972972972973
"US-Rwe","daily","net_radiation","2003-02-03","2007-10-01",1702,685,685,0.402467685076381,0.402467685076381
"US-Rwe","weekly","ET","2003-02-03","2007-10-01",244,228,228,0.934426229508197,0.934426229508197
"US-Rwe","weekly","soil_water_potential","2003-02-03","2007-10-01",244,0,0,0,0
"US-Rwe","weekly","VPD","2003-02-03","2007-10-01",244,235,235,0.963114754098361,0.963114754098361
"US-Rwe","weekly","air_temperature","2003-02-03","2007-10-01",244,235,235,0.963114754098361,0.963114754098361
"US-Rwe","weekly","net_radiation","2003-02-03","2007-10-01",244,95,95,0.389344262295082,0.389344262295082
"US-Rwe","monthly","ET","2003-02-01","2007-10-01",57,52,52,0.912280701754386,0.912280701754386
"US-Rwe","monthly","soil_water_potential","2003-02-01","2007-10-01",57,0,0,0,0
"US-Rwe","monthly","VPD","2003-02-01","2007-10-01",57,53,53,0.929824561403509,0.929824561403509
"US-Rwe","monthly","air_temperature","2003-02-01","2007-10-01",57,53,53,0.929824561403509,0.929824561403509
"US-Rwe","monthly","net_radiation","2003-02-01","2007-10-01",57,22,22,0.385964912280702,0.385964912280702
"US-Rwf","hourly","ET","2014-06-03 22:00:00","2023-10-01 06:00:00",81753,78178,77879,0.956270717894145,0.952613359754382
"US-Rwf","hourly","soil_water_potential","2014-06-03 22:00:00","2023-10-01 06:00:00",81753,0,0,0,0
"US-Rwf","hourly","VPD","2014-06-03 22:00:00","2023-10-01 06:00:00",81753,78671,78636,0.962301077636295,0.961872958790503
"US-Rwf","hourly","air_temperature","2014-06-03 22:00:00","2023-10-01 06:00:00",81753,78671,78636,0.962301077636295,0.961872958790503
"US-Rwf","hourly","net_radiation","2014-06-03 22:00:00","2023-10-01 06:00:00",81753,78226,78182,0.95685785231123,0.956319645762235
"US-Rwf","6_hourly","ET","2014-06-03 18:00:00","2023-10-01 06:00:00",13627,12958,12863,0.950906288985103,0.943934835253541
"US-Rwf","6_hourly","soil_water_potential","2014-06-03 18:00:00","2023-10-01 06:00:00",13627,0,0,0,0
"US-Rwf","6_hourly","VPD","2014-06-03 18:00:00","2023-10-01 06:00:00",13627,13100,13074,0.961326777720702,0.959418800909958
"US-Rwf","6_hourly","air_temperature","2014-06-03 18:00:00","2023-10-01 06:00:00",13627,13100,13074,0.961326777720702,0.959418800909958
"US-Rwf","6_hourly","net_radiation","2014-06-03 18:00:00","2023-10-01 06:00:00",13627,13022,12985,0.955602847288471,0.952887649519337
"US-Rwf","daily","ET","2014-06-03","2023-10-01",3408,3232,3232,0.948356807511737,0.948356807511737
"US-Rwf","daily","soil_water_potential","2014-06-03","2023-10-01",3408,0,0,0,0
"US-Rwf","daily","VPD","2014-06-03","2023-10-01",3408,3273,3273,0.960387323943662,0.960387323943662
"US-Rwf","daily","air_temperature","2014-06-03","2023-10-01",3408,3273,3273,0.960387323943662,0.960387323943662
"US-Rwf","daily","net_radiation","2014-06-03","2023-10-01",3408,3245,3245,0.952171361502347,0.952171361502347
"US-Rwf","weekly","ET","2014-06-02","2023-09-25",487,458,458,0.940451745379877,0.940451745379877
"US-Rwf","weekly","soil_water_potential","2014-06-02","2023-09-25",487,0,0,0,0
"US-Rwf","weekly","VPD","2014-06-02","2023-09-25",487,463,463,0.950718685831622,0.950718685831622
"US-Rwf","weekly","air_temperature","2014-06-02","2023-09-25",487,463,463,0.950718685831622,0.950718685831622
"US-Rwf","weekly","net_radiation","2014-06-02","2023-09-25",487,458,458,0.940451745379877,0.940451745379877
"US-Rwf","monthly","ET","2014-06-01","2023-10-01",113,107,107,0.946902654867257,0.946902654867257
"US-Rwf","monthly","soil_water_potential","2014-06-01","2023-10-01",113,0,0,0,0
"US-Rwf","monthly","VPD","2014-06-01","2023-10-01",113,108,108,0.955752212389381,0.955752212389381
"US-Rwf","monthly","air_temperature","2014-06-01","2023-10-01",113,108,108,0.955752212389381,0.955752212389381
"US-Rwf","monthly","net_radiation","2014-06-01","2023-10-01",113,108,108,0.955752212389381,0.955752212389381
"US-Rws","hourly","ET","2014-09-15 22:00:00","2023-10-01 06:00:00",79257,77857,77693,0.982335945090024,0.980266727229141
"US-Rws","hourly","soil_water_potential","2014-09-15 22:00:00","2023-10-01 06:00:00",79257,70712,70639,0.892186179138751,0.891265124847017
"US-Rws","hourly","VPD","2014-09-15 22:00:00","2023-10-01 06:00:00",79257,77709,77638,0.980468602142398,0.97957278221482
"US-Rws","hourly","air_temperature","2014-09-15 22:00:00","2023-10-01 06:00:00",79257,77709,77638,0.980468602142398,0.97957278221482
"US-Rws","hourly","net_radiation","2014-09-15 22:00:00","2023-10-01 06:00:00",79257,77405,77334,0.976632978790517,0.97573715886294
"US-Rws","6_hourly","ET","2014-09-15 18:00:00","2023-10-01 06:00:00",13211,12940,12870,0.979486791310272,0.974188176519567
"US-Rws","6_hourly","soil_water_potential","2014-09-15 18:00:00","2023-10-01 06:00:00",13211,11762,11728,0.890318673832412,0.88774506093407
"US-Rws","6_hourly","VPD","2014-09-15 18:00:00","2023-10-01 06:00:00",13211,12927,12882,0.978502762849141,0.975096510483688
"US-Rws","6_hourly","air_temperature","2014-09-15 18:00:00","2023-10-01 06:00:00",13211,12927,12882,0.978502762849141,0.975096510483688
"US-Rws","6_hourly","net_radiation","2014-09-15 18:00:00","2023-10-01 06:00:00",13211,12862,12807,0.973582620543487,0.969419423207933
"US-Rws","daily","ET","2014-09-15","2023-10-01",3304,3239,3239,0.980326876513317,0.980326876513317
"US-Rws","daily","soil_water_potential","2014-09-15","2023-10-01",3304,2938,2938,0.889225181598063,0.889225181598063
"US-Rws","daily","VPD","2014-09-15","2023-10-01",3304,3232,3232,0.978208232445521,0.978208232445521
"US-Rws","daily","air_temperature","2014-09-15","2023-10-01",3304,3232,3232,0.978208232445521,0.978208232445521
"US-Rws","daily","net_radiation","2014-09-15","2023-10-01",3304,3200,3200,0.968523002421308,0.968523002421308
"US-Rws","weekly","ET","2014-09-15","2023-09-25",472,461,461,0.976694915254237,0.976694915254237
"US-Rws","weekly","soil_water_potential","2014-09-15","2023-09-25",472,419,419,0.88771186440678,0.88771186440678
"US-Rws","weekly","VPD","2014-09-15","2023-09-25",472,460,460,0.974576271186441,0.974576271186441
"US-Rws","weekly","air_temperature","2014-09-15","2023-09-25",472,460,460,0.974576271186441,0.974576271186441
"US-Rws","weekly","net_radiation","2014-09-15","2023-09-25",472,457,457,0.968220338983051,0.968220338983051
"US-Rws","monthly","ET","2014-09-01","2023-10-01",110,107,107,0.972727272727273,0.972727272727273
"US-Rws","monthly","soil_water_potential","2014-09-01","2023-10-01",110,97,97,0.881818181818182,0.881818181818182
"US-Rws","monthly","VPD","2014-09-01","2023-10-01",110,106,106,0.963636363636364,0.963636363636364
"US-Rws","monthly","air_temperature","2014-09-01","2023-10-01",110,106,106,0.963636363636364,0.963636363636364
"US-Rws","monthly","net_radiation","2014-09-01","2023-10-01",110,104,104,0.945454545454545,0.945454545454545
"US-SP1","hourly","ET","2000-07-06 23:00:00","2020-12-31 23:00:00",179593,154219,151894,0.858713869694253,0.845767930821357
"US-SP1","hourly","soil_water_potential","2000-07-06 23:00:00","2020-12-31 23:00:00",179593,50803,50430,0.282878508627842,0.280801590262427
"US-SP1","hourly","VPD","2000-07-06 23:00:00","2020-12-31 23:00:00",179593,166966,166886,0.929691023592234,0.929245571932091
"US-SP1","hourly","air_temperature","2000-07-06 23:00:00","2020-12-31 23:00:00",179593,168185,168133,0.936478593263657,0.936189049684565
"US-SP1","hourly","net_radiation","2000-07-06 23:00:00","2020-12-31 23:00:00",179593,164525,164393,0.916099179812131,0.915364184572895
"US-SP1","6_hourly","ET","2000-07-06 18:00:00","2020-12-31 18:00:00",29933,25232,24356,0.842949253332442,0.81368389403
"US-SP1","6_hourly","soil_water_potential","2000-07-06 18:00:00","2020-12-31 18:00:00",29933,8366,8229,0.279490862927204,0.274913974543146
"US-SP1","6_hourly","VPD","2000-07-06 18:00:00","2020-12-31 18:00:00",29933,27802,27753,0.928807670464036,0.927170681187987
"US-SP1","6_hourly","air_temperature","2000-07-06 18:00:00","2020-12-31 18:00:00",29933,28011,27974,0.935789930845555,0.934553836902415
"US-SP1","6_hourly","net_radiation","2000-07-06 18:00:00","2020-12-31 18:00:00",29933,27401,27305,0.915411084755955,0.912203922092674
"US-SP1","daily","ET","2000-07-06","2020-12-31",7484,6336,6336,0.846606092998397,0.846606092998397
"US-SP1","daily","soil_water_potential","2000-07-06","2020-12-31",7484,2086,2086,0.278727952966328,0.278727952966328
"US-SP1","daily","VPD","2000-07-06","2020-12-31",7484,6943,6943,0.927712453233565,0.927712453233565
"US-SP1","daily","air_temperature","2000-07-06","2020-12-31",7484,6998,6998,0.935061464457509,0.935061464457509
"US-SP1","daily","net_radiation","2000-07-06","2020-12-31",7484,6816,6816,0.910742918225548,0.910742918225548
"US-SP1","weekly","ET","2000-07-03","2020-12-28",1070,897,897,0.838317757009346,0.838317757009346
"US-SP1","weekly","soil_water_potential","2000-07-03","2020-12-28",1070,290,290,0.271028037383178,0.271028037383178
"US-SP1","weekly","VPD","2000-07-03","2020-12-28",1070,983,983,0.918691588785047,0.918691588785047
"US-SP1","weekly","air_temperature","2000-07-03","2020-12-28",1070,993,993,0.92803738317757,0.92803738317757
"US-SP1","weekly","net_radiation","2000-07-03","2020-12-28",1070,964,964,0.900934579439252,0.900934579439252
"US-SP1","monthly","ET","2000-07-01","2020-12-01",246,206,206,0.83739837398374,0.83739837398374
"US-SP1","monthly","soil_water_potential","2000-07-01","2020-12-01",246,66,66,0.268292682926829,0.268292682926829
"US-SP1","monthly","VPD","2000-07-01","2020-12-01",246,227,227,0.922764227642276,0.922764227642276
"US-SP1","monthly","air_temperature","2000-07-01","2020-12-01",246,229,229,0.930894308943089,0.930894308943089
"US-SP1","monthly","net_radiation","2000-07-01","2020-12-01",246,222,222,0.902439024390244,0.902439024390244
"US-SRC","hourly","ET","2008-03-14 02:00:00","2014-06-23 07:00:00",55014,44362,44261,0.806376558694151,0.80454066237685
"US-SRC","hourly","soil_water_potential","2008-03-14 02:00:00","2014-06-23 07:00:00",55014,52530,52431,0.95484785690915,0.95304831497437
"US-SRC","hourly","VPD","2008-03-14 02:00:00","2014-06-23 07:00:00",55014,41477,41412,0.753935361907878,0.752753844475952
"US-SRC","hourly","air_temperature","2008-03-14 02:00:00","2014-06-23 07:00:00",55014,48946,48881,0.889700803431854,0.888519285999927
"US-SRC","hourly","net_radiation","2008-03-14 02:00:00","2014-06-23 07:00:00",55014,47999,47967,0.872487003308249,0.871905333187916
"US-SRC","6_hourly","ET","2008-03-14","2014-06-23 06:00:00",9170,7366,7314,0.803271537622683,0.797600872410033
"US-SRC","6_hourly","soil_water_potential","2008-03-14","2014-06-23 06:00:00",9170,8732,8696,0.952235550708833,0.948309705561614
"US-SRC","6_hourly","VPD","2008-03-14","2014-06-23 06:00:00",9170,6892,6850,0.751581243184297,0.747001090512541
"US-SRC","6_hourly","air_temperature","2008-03-14","2014-06-23 06:00:00",9170,8132,8086,0.88680479825518,0.881788440567067
"US-SRC","6_hourly","net_radiation","2008-03-14","2014-06-23 06:00:00",9170,7986,7961,0.870883315158124,0.868157033805889
"US-SRC","daily","ET","2008-03-14","2014-06-23",2293,1837,1837,0.801133885739206,0.801133885739206
"US-SRC","daily","soil_water_potential","2008-03-14","2014-06-23",2293,2178,2178,0.949847361535107,0.949847361535107
"US-SRC","daily","VPD","2008-03-14","2014-06-23",2293,1720,1720,0.750109027474924,0.750109027474924
"US-SRC","daily","air_temperature","2008-03-14","2014-06-23",2293,2028,2028,0.884430876580898,0.884430876580898
"US-SRC","daily","net_radiation","2008-03-14","2014-06-23",2293,1981,1981,0.863933711295246,0.863933711295246
"US-SRC","weekly","ET","2008-03-10","2014-06-23",329,252,252,0.765957446808511,0.765957446808511
"US-SRC","weekly","soil_water_potential","2008-03-10","2014-06-23",329,310,310,0.942249240121581,0.942249240121581
"US-SRC","weekly","VPD","2008-03-10","2014-06-23",329,235,235,0.714285714285714,0.714285714285714
"US-SRC","weekly","air_temperature","2008-03-10","2014-06-23",329,279,279,0.848024316109423,0.848024316109423
"US-SRC","weekly","net_radiation","2008-03-10","2014-06-23",329,275,275,0.835866261398176,0.835866261398176
"US-SRC","monthly","ET","2008-03-01","2014-06-01",76,54,54,0.710526315789474,0.710526315789474
"US-SRC","monthly","soil_water_potential","2008-03-01","2014-06-01",76,69,69,0.907894736842105,0.907894736842105
"US-SRC","monthly","VPD","2008-03-01","2014-06-01",76,49,49,0.644736842105263,0.644736842105263
"US-SRC","monthly","air_temperature","2008-03-01","2014-06-01",76,61,61,0.802631578947368,0.802631578947368
"US-SRC","monthly","net_radiation","2008-03-01","2014-06-01",76,59,59,0.776315789473684,0.776315789473684
"US-SRG","hourly","ET","2008-03-07 12:00:00","2023-12-31 23:00:00",138660,136922,136783,0.987465743545363,0.986463291504399
"US-SRG","hourly","soil_water_potential","2008-03-07 12:00:00","2023-12-31 23:00:00",138660,137604,137541,0.992384249242752,0.991929900475984
"US-SRG","hourly","VPD","2008-03-07 12:00:00","2023-12-31 23:00:00",138660,137707,137670,0.993127073416991,0.99286023366508
"US-SRG","hourly","air_temperature","2008-03-07 12:00:00","2023-12-31 23:00:00",138660,137708,137670,0.993134285302178,0.99286023366508
"US-SRG","hourly","net_radiation","2008-03-07 12:00:00","2023-12-31 23:00:00",138660,135655,135613,0.978328285013703,0.978025385835858
"US-SRG","6_hourly","ET","2008-03-07 12:00:00","2023-12-31 18:00:00",23110,22799,22741,0.986542622241454,0.984032886196452
"US-SRG","6_hourly","soil_water_potential","2008-03-07 12:00:00","2023-12-31 18:00:00",23110,22916,22889,0.991605365642579,0.990437040242319
"US-SRG","6_hourly","VPD","2008-03-07 12:00:00","2023-12-31 18:00:00",23110,22940,22919,0.992643877109476,0.991735179575941
"US-SRG","6_hourly","air_temperature","2008-03-07 12:00:00","2023-12-31 18:00:00",23110,22940,22919,0.992643877109476,0.991735179575941
"US-SRG","6_hourly","net_radiation","2008-03-07 12:00:00","2023-12-31 18:00:00",23110,22596,22569,0.977758546083946,0.976590220683687
"US-SRG","daily","ET","2008-03-07","2023-12-31",5778,5698,5698,0.986154378677743,0.986154378677743
"US-SRG","daily","soil_water_potential","2008-03-07","2023-12-31",5778,5726,5726,0.991000346140533,0.991000346140533
"US-SRG","daily","VPD","2008-03-07","2023-12-31",5778,5730,5730,0.991692627206646,0.991692627206646
"US-SRG","daily","air_temperature","2008-03-07","2023-12-31",5778,5730,5730,0.991692627206646,0.991692627206646
"US-SRG","daily","net_radiation","2008-03-07","2023-12-31",5778,5638,5638,0.975770162686051,0.975770162686051
"US-SRG","weekly","ET","2008-03-03","2023-12-25",826,810,810,0.980629539951574,0.980629539951574
"US-SRG","weekly","soil_water_potential","2008-03-03","2023-12-25",826,818,818,0.990314769975787,0.990314769975787
"US-SRG","weekly","VPD","2008-03-03","2023-12-25",826,818,818,0.990314769975787,0.990314769975787
"US-SRG","weekly","air_temperature","2008-03-03","2023-12-25",826,818,818,0.990314769975787,0.990314769975787
"US-SRG","weekly","net_radiation","2008-03-03","2023-12-25",826,798,798,0.966101694915254,0.966101694915254
"US-SRG","monthly","ET","2008-03-01","2023-12-01",190,188,188,0.989473684210526,0.989473684210526
"US-SRG","monthly","soil_water_potential","2008-03-01","2023-12-01",190,189,189,0.994736842105263,0.994736842105263
"US-SRG","monthly","VPD","2008-03-01","2023-12-01",190,189,189,0.994736842105263,0.994736842105263
"US-SRG","monthly","air_temperature","2008-03-01","2023-12-01",190,189,189,0.994736842105263,0.994736842105263
"US-SRG","monthly","net_radiation","2008-03-01","2023-12-01",190,187,187,0.984210526315789,0.984210526315789
"US-SRM","hourly","ET","2004-01-01","2023-12-31 23:00:00",175320,173458,173263,0.98937942048825,0.988267168605978
"US-SRM","hourly","soil_water_potential","2004-01-01","2023-12-31 23:00:00",175320,174458,174409,0.995083276294775,0.994803787360256
"US-SRM","hourly","VPD","2004-01-01","2023-12-31 23:00:00",175320,174048,174007,0.9927446954141,0.992510837326032
"US-SRM","hourly","air_temperature","2004-01-01","2023-12-31 23:00:00",175320,174048,174007,0.9927446954141,0.992510837326032
"US-SRM","hourly","net_radiation","2004-01-01","2023-12-31 23:00:00",175320,171036,170967,0.975564681724846,0.975171115674196
"US-SRM","6_hourly","ET","2004-01-01","2023-12-31 18:00:00",29220,28875,28814,0.988193018480493,0.986105407255305
"US-SRM","6_hourly","soil_water_potential","2004-01-01","2023-12-31 18:00:00",29220,29066,29046,0.994729637234771,0.994045174537988
"US-SRM","6_hourly","VPD","2004-01-01","2023-12-31 18:00:00",29220,28993,28963,0.992231348391513,0.991204654346338
"US-SRM","6_hourly","air_temperature","2004-01-01","2023-12-31 18:00:00",29220,28993,28963,0.992231348391513,0.991204654346338
"US-SRM","6_hourly","net_radiation","2004-01-01","2023-12-31 18:00:00",29220,28482,28434,0.974743326488706,0.973100616016427
"US-SRM","daily","ET","2004-01-01","2023-12-31",7305,7220,7220,0.988364134154689,0.988364134154689
"US-SRM","daily","soil_water_potential","2004-01-01","2023-12-31",7305,7265,7265,0.994524298425736,0.994524298425736
"US-SRM","daily","VPD","2004-01-01","2023-12-31",7305,7249,7249,0.99233401779603,0.99233401779603
"US-SRM","daily","air_temperature","2004-01-01","2023-12-31",7305,7249,7249,0.99233401779603,0.99233401779603
"US-SRM","daily","net_radiation","2004-01-01","2023-12-31",7305,7095,7095,0.971252566735113,0.971252566735113
"US-SRM","weekly","ET","2003-12-29","2023-12-25",1044,1033,1033,0.989463601532567,0.989463601532567
"US-SRM","weekly","soil_water_potential","2003-12-29","2023-12-25",1044,1037,1037,0.993295019157088,0.993295019157088
"US-SRM","weekly","VPD","2003-12-29","2023-12-25",1044,1036,1036,0.992337164750958,0.992337164750958
"US-SRM","weekly","air_temperature","2003-12-29","2023-12-25",1044,1036,1036,0.992337164750958,0.992337164750958
"US-SRM","weekly","net_radiation","2003-12-29","2023-12-25",1044,1011,1011,0.968390804597701,0.968390804597701
"US-SRM","monthly","ET","2004-01-01","2023-12-01",240,237,237,0.9875,0.9875
"US-SRM","monthly","soil_water_potential","2004-01-01","2023-12-01",240,238,238,0.991666666666667,0.991666666666667
"US-SRM","monthly","VPD","2004-01-01","2023-12-01",240,237,237,0.9875,0.9875
"US-SRM","monthly","air_temperature","2004-01-01","2023-12-01",240,237,237,0.9875,0.9875
"US-SRM","monthly","net_radiation","2004-01-01","2023-12-01",240,232,232,0.966666666666667,0.966666666666667
"US-SRS","hourly","ET","2011-05-23 19:00:00","2018-12-31 23:00:00",66701,63811,63633,0.956672313758414,0.954003688100628
"US-SRS","hourly","soil_water_potential","2011-05-23 19:00:00","2018-12-31 23:00:00",66701,63678,63411,0.954678340654563,0.950675402167883
"US-SRS","hourly","VPD","2011-05-23 19:00:00","2018-12-31 23:00:00",66701,66701,66700,1,0.999985007721024
"US-SRS","hourly","air_temperature","2011-05-23 19:00:00","2018-12-31 23:00:00",66701,66701,66700,1,0.999985007721024
"US-SRS","hourly","net_radiation","2011-05-23 19:00:00","2018-12-31 23:00:00",66701,63049,63020,0.945248197178453,0.94481342108814
"US-SRS","6_hourly","ET","2011-05-23 18:00:00","2018-12-31 18:00:00",11117,10599,10534,0.953404695511379,0.947557794368984
"US-SRS","6_hourly","soil_water_potential","2011-05-23 18:00:00","2018-12-31 18:00:00",11117,10565,10474,0.95034631645228,0.942160654852928
"US-SRS","6_hourly","VPD","2011-05-23 18:00:00","2018-12-31 18:00:00",11117,11117,11116,1,0.999910047674732
"US-SRS","6_hourly","air_temperature","2011-05-23 18:00:00","2018-12-31 18:00:00",11117,11117,11116,1,0.999910047674732
"US-SRS","6_hourly","net_radiation","2011-05-23 18:00:00","2018-12-31 18:00:00",11117,10499,10479,0.944409462984618,0.942610416479266
"US-SRS","daily","ET","2011-05-23","2018-12-31",2780,2650,2650,0.953237410071942,0.953237410071942
"US-SRS","daily","soil_water_potential","2011-05-23","2018-12-31",2780,2638,2638,0.948920863309353,0.948920863309353
"US-SRS","daily","VPD","2011-05-23","2018-12-31",2780,2779,2779,0.999640287769784,0.999640287769784
"US-SRS","daily","air_temperature","2011-05-23","2018-12-31",2780,2779,2779,0.999640287769784,0.999640287769784
"US-SRS","daily","net_radiation","2011-05-23","2018-12-31",2780,2612,2612,0.939568345323741,0.939568345323741
"US-SRS","weekly","ET","2011-05-23","2018-12-31",398,376,376,0.944723618090452,0.944723618090452
"US-SRS","weekly","soil_water_potential","2011-05-23","2018-12-31",398,376,376,0.944723618090452,0.944723618090452
"US-SRS","weekly","VPD","2011-05-23","2018-12-31",398,397,397,0.99748743718593,0.99748743718593
"US-SRS","weekly","air_temperature","2011-05-23","2018-12-31",398,397,397,0.99748743718593,0.99748743718593
"US-SRS","weekly","net_radiation","2011-05-23","2018-12-31",398,368,368,0.924623115577889,0.924623115577889
"US-SRS","monthly","ET","2011-05-01","2018-12-01",92,85,85,0.923913043478261,0.923913043478261
"US-SRS","monthly","soil_water_potential","2011-05-01","2018-12-01",92,85,85,0.923913043478261,0.923913043478261
"US-SRS","monthly","VPD","2011-05-01","2018-12-01",92,91,91,0.989130434782609,0.989130434782609
"US-SRS","monthly","air_temperature","2011-05-01","2018-12-01",92,91,91,0.989130434782609,0.989130434782609
"US-SRS","monthly","net_radiation","2011-05-01","2018-12-01",92,85,85,0.923913043478261,0.923913043478261
"US-SSH","hourly","ET","2016-01-01","2021-11-01 06:00:00",51151,39063,38807,0.763680084455827,0.758675294715646
"US-SSH","hourly","soil_water_potential","2016-01-01","2021-11-01 06:00:00",51151,32954,32784,0.644249379288772,0.640925886101933
"US-SSH","hourly","VPD","2016-01-01","2021-11-01 06:00:00",51151,50567,50518,0.988582823405212,0.987624875369005
"US-SSH","hourly","air_temperature","2016-01-01","2021-11-01 06:00:00",51151,50631,50580,0.989834020840257,0.988836972884206
"US-SSH","hourly","net_radiation","2016-01-01","2021-11-01 06:00:00",51151,43631,43555,0.852984301382182,0.851498504428066
"US-SSH","6_hourly","ET","2016-01-01","2021-11-01 06:00:00",8526,6469,6358,0.758737977949801,0.745718977246071
"US-SSH","6_hourly","soil_water_potential","2016-01-01","2021-11-01 06:00:00",8526,5447,5384,0.638869340839784,0.631480178278208
"US-SSH","6_hourly","VPD","2016-01-01","2021-11-01 06:00:00",8526,8420,8386,0.987567440769411,0.983579638752053
"US-SSH","6_hourly","air_temperature","2016-01-01","2021-11-01 06:00:00",8526,8429,8394,0.988623035421065,0.984517945109078
"US-SSH","6_hourly","net_radiation","2016-01-01","2021-11-01 06:00:00",8526,7243,7189,0.849519117992024,0.843185550082102
"US-SSH","daily","ET","2016-01-01","2021-11-01",2132,1616,1616,0.75797373358349,0.75797373358349
"US-SSH","daily","soil_water_potential","2016-01-01","2021-11-01",2132,1355,1355,0.635553470919325,0.635553470919325
"US-SSH","daily","VPD","2016-01-01","2021-11-01",2132,2095,2095,0.982645403377111,0.982645403377111
"US-SSH","daily","air_temperature","2016-01-01","2021-11-01",2132,2098,2098,0.984052532833021,0.984052532833021
"US-SSH","daily","net_radiation","2016-01-01","2021-11-01",2132,1800,1800,0.844277673545966,0.844277673545966
"US-SSH","weekly","ET","2015-12-28","2021-11-01",306,229,229,0.748366013071895,0.748366013071895
"US-SSH","weekly","soil_water_potential","2015-12-28","2021-11-01",306,193,193,0.630718954248366,0.630718954248366
"US-SSH","weekly","VPD","2015-12-28","2021-11-01",306,299,299,0.977124183006536,0.977124183006536
"US-SSH","weekly","air_temperature","2015-12-28","2021-11-01",306,300,300,0.980392156862745,0.980392156862745
"US-SSH","weekly","net_radiation","2015-12-28","2021-11-01",306,255,255,0.833333333333333,0.833333333333333
"US-SSH","monthly","ET","2016-01-01","2021-11-01",71,53,53,0.746478873239437,0.746478873239437
"US-SSH","monthly","soil_water_potential","2016-01-01","2021-11-01",71,42,42,0.591549295774648,0.591549295774648
"US-SSH","monthly","VPD","2016-01-01","2021-11-01",71,70,70,0.985915492957746,0.985915492957746
"US-SSH","monthly","air_temperature","2016-01-01","2021-11-01",71,70,70,0.985915492957746,0.985915492957746
"US-SSH","monthly","net_radiation","2016-01-01","2021-11-01",71,59,59,0.830985915492958,0.830985915492958
"US-Seg","hourly","ET","2007-01-01","2021-12-31 23:00:00",131496,128622,128472,0.978143821865304,0.977003102755977
"US-Seg","hourly","soil_water_potential","2007-01-01","2021-12-31 23:00:00",131496,0,0,0,0
"US-Seg","hourly","VPD","2007-01-01","2021-12-31 23:00:00",131496,128387,128299,0.976356695260692,0.975687473383221
"US-Seg","hourly","air_temperature","2007-01-01","2021-12-31 23:00:00",131496,128981,128912,0.980873942933625,0.980349212143335
"US-Seg","hourly","net_radiation","2007-01-01","2021-12-31 23:00:00",131496,126735,126375,0.963793575469976,0.961055849607593
"US-Seg","6_hourly","ET","2007-01-01","2021-12-31 18:00:00",21916,21406,21335,0.976729330169739,0.973489687899252
"US-Seg","6_hourly","soil_water_potential","2007-01-01","2021-12-31 18:00:00",21916,0,0,0,0
"US-Seg","6_hourly","VPD","2007-01-01","2021-12-31 18:00:00",21916,21373,21320,0.975223580945428,0.972805256433656
"US-Seg","6_hourly","air_temperature","2007-01-01","2021-12-31 18:00:00",21916,21480,21439,0.980105858733346,0.97823507939405
"US-Seg","6_hourly","net_radiation","2007-01-01","2021-12-31 18:00:00",21916,21117,21031,0.963542617265924,0.959618543529841
"US-Seg","daily","ET","2007-01-01","2021-12-31",5479,5350,5350,0.976455557583501,0.976455557583501
"US-Seg","daily","soil_water_potential","2007-01-01","2021-12-31",5479,0,0,0,0
"US-Seg","daily","VPD","2007-01-01","2021-12-31",5479,5343,5343,0.975177952181055,0.975177952181055
"US-Seg","daily","air_temperature","2007-01-01","2021-12-31",5479,5370,5370,0.980105858733346,0.980105858733346
"US-Seg","daily","net_radiation","2007-01-01","2021-12-31",5479,5272,5272,0.962219383099106,0.962219383099106
"US-Seg","weekly","ET","2007-01-01","2021-12-27",783,759,759,0.969348659003831,0.969348659003831
"US-Seg","weekly","soil_water_potential","2007-01-01","2021-12-27",783,0,0,0,0
"US-Seg","weekly","VPD","2007-01-01","2021-12-27",783,756,756,0.96551724137931,0.96551724137931
"US-Seg","weekly","air_temperature","2007-01-01","2021-12-27",783,761,761,0.971902937420179,0.971902937420179
"US-Seg","weekly","net_radiation","2007-01-01","2021-12-27",783,746,746,0.952745849297573,0.952745849297573
"US-Seg","monthly","ET","2007-01-01","2021-12-01",180,174,174,0.966666666666667,0.966666666666667
"US-Seg","monthly","soil_water_potential","2007-01-01","2021-12-01",180,0,0,0,0
"US-Seg","monthly","VPD","2007-01-01","2021-12-01",180,173,173,0.961111111111111,0.961111111111111
"US-Seg","monthly","air_temperature","2007-01-01","2021-12-01",180,175,175,0.972222222222222,0.972222222222222
"US-Seg","monthly","net_radiation","2007-01-01","2021-12-01",180,172,172,0.955555555555556,0.955555555555556
"US-Ses","hourly","ET","2007-01-08","2021-12-31 23:00:00",131328,129174,129035,0.98359831871345,0.982539900097466
"US-Ses","hourly","soil_water_potential","2007-01-08","2021-12-31 23:00:00",131328,0,0,0,0
"US-Ses","hourly","VPD","2007-01-08","2021-12-31 23:00:00",131328,129237,129178,0.984078033625731,0.983628776803119
"US-Ses","hourly","air_temperature","2007-01-08","2021-12-31 23:00:00",131328,129848,129806,0.988730506822612,0.988410696881092
"US-Ses","hourly","net_radiation","2007-01-08","2021-12-31 23:00:00",131328,128746,128324,0.980339303118908,0.977125974658869
"US-Ses","6_hourly","ET","2007-01-08","2021-12-31 18:00:00",21888,21523,21480,0.983324195906433,0.981359649122807
"US-Ses","6_hourly","soil_water_potential","2007-01-08","2021-12-31 18:00:00",21888,0,0,0,0
"US-Ses","6_hourly","VPD","2007-01-08","2021-12-31 18:00:00",21888,21528,21487,0.983552631578947,0.981679459064328
"US-Ses","6_hourly","air_temperature","2007-01-08","2021-12-31 18:00:00",21888,21635,21612,0.98844115497076,0.987390350877193
"US-Ses","6_hourly","net_radiation","2007-01-08","2021-12-31 18:00:00",21888,21450,21348,0.979989035087719,0.975328947368421
"US-Ses","daily","ET","2007-01-08","2021-12-31",5472,5382,5382,0.983552631578947,0.983552631578947
"US-Ses","daily","soil_water_potential","2007-01-08","2021-12-31",5472,0,0,0,0
"US-Ses","daily","VPD","2007-01-08","2021-12-31",5472,5384,5384,0.983918128654971,0.983918128654971
"US-Ses","daily","air_temperature","2007-01-08","2021-12-31",5472,5411,5411,0.988852339181287,0.988852339181287
"US-Ses","daily","net_radiation","2007-01-08","2021-12-31",5472,5361,5361,0.979714912280702,0.979714912280702
"US-Ses","weekly","ET","2007-01-08","2021-12-27",782,764,764,0.976982097186701,0.976982097186701
"US-Ses","weekly","soil_water_potential","2007-01-08","2021-12-27",782,0,0,0,0
"US-Ses","weekly","VPD","2007-01-08","2021-12-27",782,762,762,0.974424552429668,0.974424552429668
"US-Ses","weekly","air_temperature","2007-01-08","2021-12-27",782,768,768,0.982097186700767,0.982097186700767
"US-Ses","weekly","net_radiation","2007-01-08","2021-12-27",782,764,764,0.976982097186701,0.976982097186701
"US-Ses","monthly","ET","2007-01-01","2021-12-01",180,175,175,0.972222222222222,0.972222222222222
"US-Ses","monthly","soil_water_potential","2007-01-01","2021-12-01",180,0,0,0,0
"US-Ses","monthly","VPD","2007-01-01","2021-12-01",180,175,175,0.972222222222222,0.972222222222222
"US-Ses","monthly","air_temperature","2007-01-01","2021-12-01",180,176,176,0.977777777777778,0.977777777777778
"US-Ses","monthly","net_radiation","2007-01-01","2021-12-01",180,175,175,0.972222222222222,0.972222222222222
"US-Sne","hourly","ET","2016-05-24 14:00:00","2020-12-31 06:00:00",40361,39950,39746,0.989816902455341,0.98476251827259
"US-Sne","hourly","soil_water_potential","2016-05-24 14:00:00","2020-12-31 06:00:00",40361,0,0,0,0
"US-Sne","hourly","VPD","2016-05-24 14:00:00","2020-12-31 06:00:00",40361,38802,38773,0.961373603230842,0.960655087832313
"US-Sne","hourly","air_temperature","2016-05-24 14:00:00","2020-12-31 06:00:00",40361,38802,38773,0.961373603230842,0.960655087832313
"US-Sne","hourly","net_radiation","2016-05-24 14:00:00","2020-12-31 06:00:00",40361,39660,39635,0.982631748470058,0.98201233864374
"US-Sne","6_hourly","ET","2016-05-24 12:00:00","2020-12-31 06:00:00",6728,6621,6541,0.984096313912009,0.972205707491082
"US-Sne","6_hourly","soil_water_potential","2016-05-24 12:00:00","2020-12-31 06:00:00",6728,0,0,0,0
"US-Sne","6_hourly","VPD","2016-05-24 12:00:00","2020-12-31 06:00:00",6728,6458,6439,0.95986920332937,0.9570451843044
"US-Sne","6_hourly","air_temperature","2016-05-24 12:00:00","2020-12-31 06:00:00",6728,6458,6439,0.95986920332937,0.9570451843044
"US-Sne","6_hourly","net_radiation","2016-05-24 12:00:00","2020-12-31 06:00:00",6728,6600,6581,0.980975029726516,0.978151010701546
"US-Sne","daily","ET","2016-05-24","2020-12-31",1683,1668,1668,0.991087344028521,0.991087344028521
"US-Sne","daily","soil_water_potential","2016-05-24","2020-12-31",1683,0,0,0,0
"US-Sne","daily","VPD","2016-05-24","2020-12-31",1683,1613,1613,0.958407605466429,0.958407605466429
"US-Sne","daily","air_temperature","2016-05-24","2020-12-31",1683,1613,1613,0.958407605466429,0.958407605466429
"US-Sne","daily","net_radiation","2016-05-24","2020-12-31",1683,1649,1649,0.97979797979798,0.97979797979798
"US-Sne","weekly","ET","2016-05-23","2020-12-28",241,239,239,0.991701244813278,0.991701244813278
"US-Sne","weekly","soil_water_potential","2016-05-23","2020-12-28",241,0,0,0,0
"US-Sne","weekly","VPD","2016-05-23","2020-12-28",241,228,228,0.946058091286307,0.946058091286307
"US-Sne","weekly","air_temperature","2016-05-23","2020-12-28",241,228,228,0.946058091286307,0.946058091286307
"US-Sne","weekly","net_radiation","2016-05-23","2020-12-28",241,233,233,0.966804979253112,0.966804979253112
"US-Sne","monthly","ET","2016-05-01","2020-12-01",56,55,55,0.982142857142857,0.982142857142857
"US-Sne","monthly","soil_water_potential","2016-05-01","2020-12-01",56,0,0,0,0
"US-Sne","monthly","VPD","2016-05-01","2020-12-01",56,53,53,0.946428571428571,0.946428571428571
"US-Sne","monthly","air_temperature","2016-05-01","2020-12-01",56,53,53,0.946428571428571,0.946428571428571
"US-Sne","monthly","net_radiation","2016-05-01","2020-12-01",56,53,53,0.946428571428571,0.946428571428571
"US-Snf","hourly","ET","2018-07-18 19:00:00","2020-07-09 04:00:00",17314,17079,17031,0.986427168765161,0.983654845789534
"US-Snf","hourly","soil_water_potential","2018-07-18 19:00:00","2020-07-09 04:00:00",17314,17257,17248,0.996707866466443,0.996188055908513
"US-Snf","hourly","VPD","2018-07-18 19:00:00","2020-07-09 04:00:00",17314,16257,16242,0.938951137807555,0.938084786877671
"US-Snf","hourly","air_temperature","2018-07-18 19:00:00","2020-07-09 04:00:00",17314,16629,16611,0.960436640868661,0.959397019752801
"US-Snf","hourly","net_radiation","2018-07-18 19:00:00","2020-07-09 04:00:00",17314,15287,15244,0.882927111008432,0.8804435716761
"US-Snf","6_hourly","ET","2018-07-18 18:00:00","2020-07-09",2886,2833,2802,0.981635481635482,0.970893970893971
"US-Snf","6_hourly","soil_water_potential","2018-07-18 18:00:00","2020-07-09",2886,2875,2869,0.996188496188496,0.994109494109494
"US-Snf","6_hourly","VPD","2018-07-18 18:00:00","2020-07-09",2886,2707,2699,0.937976437976438,0.935204435204435
"US-Snf","6_hourly","air_temperature","2018-07-18 18:00:00","2020-07-09",2886,2768,2760,0.959112959112959,0.956340956340956
"US-Snf","6_hourly","net_radiation","2018-07-18 18:00:00","2020-07-09",2886,2539,2514,0.87976437976438,0.871101871101871
"US-Snf","daily","ET","2018-07-18","2020-07-09",723,706,706,0.976486860304288,0.976486860304288
"US-Snf","daily","soil_water_potential","2018-07-18","2020-07-09",723,718,718,0.993084370677732,0.993084370677732
"US-Snf","daily","VPD","2018-07-18","2020-07-09",723,676,676,0.934993084370678,0.934993084370678
"US-Snf","daily","air_temperature","2018-07-18","2020-07-09",723,691,691,0.955739972337483,0.955739972337483
"US-Snf","daily","net_radiation","2018-07-18","2020-07-09",723,639,639,0.883817427385892,0.883817427385892
"US-Snf","weekly","ET","2018-07-16","2020-07-06",104,99,99,0.951923076923077,0.951923076923077
"US-Snf","weekly","soil_water_potential","2018-07-16","2020-07-06",104,101,101,0.971153846153846,0.971153846153846
"US-Snf","weekly","VPD","2018-07-16","2020-07-06",104,95,95,0.913461538461538,0.913461538461538
"US-Snf","weekly","air_temperature","2018-07-16","2020-07-06",104,98,98,0.942307692307692,0.942307692307692
"US-Snf","weekly","net_radiation","2018-07-16","2020-07-06",104,89,89,0.855769230769231,0.855769230769231
"US-Snf","monthly","ET","2018-07-01","2020-07-01",25,23,23,0.92,0.92
"US-Snf","monthly","soil_water_potential","2018-07-01","2020-07-01",25,23,23,0.92,0.92
"US-Snf","monthly","VPD","2018-07-01","2020-07-01",25,21,21,0.84,0.84
"US-Snf","monthly","air_temperature","2018-07-01","2020-07-01",25,21,21,0.84,0.84
"US-Snf","monthly","net_radiation","2018-07-01","2020-07-01",25,19,19,0.76,0.76
"US-Syv","hourly","ET","2001-07-25 20:00:00","2023-12-31 23:00:00",196660,133965,133191,0.681201057662972,0.67726533102817
"US-Syv","hourly","soil_water_potential","2001-07-25 20:00:00","2023-12-31 23:00:00",196660,145679,145383,0.740765788670802,0.739260652903488
"US-Syv","hourly","VPD","2001-07-25 20:00:00","2023-12-31 23:00:00",196660,92790,92668,0.471829553544188,0.471209193531984
"US-Syv","hourly","air_temperature","2001-07-25 20:00:00","2023-12-31 23:00:00",196660,149737,149255,0.761400386453778,0.75894945591376
"US-Syv","hourly","net_radiation","2001-07-25 20:00:00","2023-12-31 23:00:00",196660,135063,134860,0.686784297772806,0.685752059391844
"US-Syv","6_hourly","ET","2001-07-25 18:00:00","2023-12-31 18:00:00",32777,22172,21711,0.676449949659822,0.662385209140556
"US-Syv","6_hourly","soil_water_potential","2001-07-25 18:00:00","2023-12-31 18:00:00",32777,24194,23958,0.738139549074046,0.730939378222534
"US-Syv","6_hourly","VPD","2001-07-25 18:00:00","2023-12-31 18:00:00",32777,15430,15354,0.470756933215364,0.468438234127589
"US-Syv","6_hourly","air_temperature","2001-07-25 18:00:00","2023-12-31 18:00:00",32777,24829,24419,0.757512890136376,0.745004118741801
"US-Syv","6_hourly","net_radiation","2001-07-25 18:00:00","2023-12-31 18:00:00",32777,22439,22287,0.684595905665558,0.679958507490008
"US-Syv","daily","ET","2001-07-25","2023-12-31",8195,5434,5434,0.663087248322148,0.663087248322148
"US-Syv","daily","soil_water_potential","2001-07-25","2023-12-31",8195,5986,5986,0.730445393532642,0.730445393532642
"US-Syv","daily","VPD","2001-07-25","2023-12-31",8195,3844,3844,0.469066503965833,0.469066503965833
"US-Syv","daily","air_temperature","2001-07-25","2023-12-31",8195,6050,6050,0.738255033557047,0.738255033557047
"US-Syv","daily","net_radiation","2001-07-25","2023-12-31",8195,5594,5594,0.682611348383161,0.682611348383161
"US-Syv","weekly","ET","2001-07-23","2023-12-25",1171,779,779,0.665243381725021,0.665243381725021
"US-Syv","weekly","soil_water_potential","2001-07-23","2023-12-25",1171,856,856,0.730999146029035,0.730999146029035
"US-Syv","weekly","VPD","2001-07-23","2023-12-25",1171,545,545,0.465414175918019,0.465414175918019
"US-Syv","weekly","air_temperature","2001-07-23","2023-12-25",1171,867,867,0.740392826643894,0.740392826643894
"US-Syv","weekly","net_radiation","2001-07-23","2023-12-25",1171,783,783,0.66865926558497,0.66865926558497
"US-Syv","monthly","ET","2001-07-01","2023-12-01",270,176,176,0.651851851851852,0.651851851851852
"US-Syv","monthly","soil_water_potential","2001-07-01","2023-12-01",270,194,194,0.718518518518519,0.718518518518519
"US-Syv","monthly","VPD","2001-07-01","2023-12-01",270,125,125,0.462962962962963,0.462962962962963
"US-Syv","monthly","air_temperature","2001-07-01","2023-12-01",270,196,196,0.725925925925926,0.725925925925926
"US-Syv","monthly","net_radiation","2001-07-01","2023-12-01",270,173,173,0.640740740740741,0.640740740740741
"US-Ton","hourly","ET","2001-04-30 01:00:00","2023-12-31 23:00:00",198743,194473,193834,0.97851496656486,0.975299758985222
"US-Ton","hourly","soil_water_potential","2001-04-30 01:00:00","2023-12-31 23:00:00",198743,172242,172165,0.86665693886074,0.866269503831582
"US-Ton","hourly","VPD","2001-04-30 01:00:00","2023-12-31 23:00:00",198743,197962,197877,0.996070301847109,0.995642613827908
"US-Ton","hourly","air_temperature","2001-04-30 01:00:00","2023-12-31 23:00:00",198743,198372,198287,0.998133267586783,0.997705579567582
"US-Ton","hourly","net_radiation","2001-04-30 01:00:00","2023-12-31 23:00:00",198743,193112,192679,0.971666926633894,0.969488233547848
"US-Ton","6_hourly","ET","2001-04-30","2023-12-31 18:00:00",33124,32298,32058,0.975063398140321,0.967817896389325
"US-Ton","6_hourly","soil_water_potential","2001-04-30","2023-12-31 18:00:00",33124,28690,28649,0.866139355150344,0.864901581934549
"US-Ton","6_hourly","VPD","2001-04-30","2023-12-31 18:00:00",33124,32993,32962,0.996045163627581,0.995109286318077
"US-Ton","6_hourly","air_temperature","2001-04-30","2023-12-31 18:00:00",33124,33063,33034,0.998158434971622,0.997282936843376
"US-Ton","6_hourly","net_radiation","2001-04-30","2023-12-31 18:00:00",33124,32075,31844,0.96833111943002,0.961357323994687
"US-Ton","daily","ET","2001-04-30","2023-12-31",8281,8083,8083,0.976089844221712,0.976089844221712
"US-Ton","daily","soil_water_potential","2001-04-30","2023-12-31",8281,7168,7168,0.865595942519019,0.865595942519019
"US-Ton","daily","VPD","2001-04-30","2023-12-31",8281,8243,8243,0.995411182224369,0.995411182224369
"US-Ton","daily","air_temperature","2001-04-30","2023-12-31",8281,8260,8260,0.997464074387151,0.997464074387151
"US-Ton","daily","net_radiation","2001-04-30","2023-12-31",8281,7989,7989,0.964738558145152,0.964738558145152
"US-Ton","weekly","ET","2001-04-30","2023-12-25",1183,1153,1153,0.974640743871513,0.974640743871513
"US-Ton","weekly","soil_water_potential","2001-04-30","2023-12-25",1183,1023,1023,0.864750633981403,0.864750633981403
"US-Ton","weekly","VPD","2001-04-30","2023-12-25",1183,1177,1177,0.994928148774303,0.994928148774303
"US-Ton","weekly","air_temperature","2001-04-30","2023-12-25",1183,1180,1180,0.997464074387151,0.997464074387151
"US-Ton","weekly","net_radiation","2001-04-30","2023-12-25",1183,1142,1142,0.965342349957735,0.965342349957735
"US-Ton","monthly","ET","2001-04-01","2023-12-01",273,267,267,0.978021978021978,0.978021978021978
"US-Ton","monthly","soil_water_potential","2001-04-01","2023-12-01",273,236,236,0.864468864468865,0.864468864468865
"US-Ton","monthly","VPD","2001-04-01","2023-12-01",273,271,271,0.992673992673993,0.992673992673993
"US-Ton","monthly","air_temperature","2001-04-01","2023-12-01",273,272,272,0.996336996336996,0.996336996336996
"US-Ton","monthly","net_radiation","2001-04-01","2023-12-01",273,263,263,0.963369963369963,0.963369963369963
"US-Tw2","hourly","ET","2012-05-21 19:00:00","2013-05-09 04:00:00",8458,8363,8319,0.988768030267203,0.983565854812012
"US-Tw2","hourly","soil_water_potential","2012-05-21 19:00:00","2013-05-09 04:00:00",8458,7810,7786,0.923386143296288,0.920548593048002
"US-Tw2","hourly","VPD","2012-05-21 19:00:00","2013-05-09 04:00:00",8458,8458,8457,1,0.999881768739655
"US-Tw2","hourly","air_temperature","2012-05-21 19:00:00","2013-05-09 04:00:00",8458,8458,8457,1,0.999881768739655
"US-Tw2","hourly","net_radiation","2012-05-21 19:00:00","2013-05-09 04:00:00",8458,7269,7244,0.859423031449515,0.856467249940884
"US-Tw2","6_hourly","ET","2012-05-21 18:00:00","2013-05-09",1410,1384,1365,0.981560283687943,0.968085106382979
"US-Tw2","6_hourly","soil_water_potential","2012-05-21 18:00:00","2013-05-09",1410,1296,1284,0.919148936170213,0.91063829787234
"US-Tw2","6_hourly","VPD","2012-05-21 18:00:00","2013-05-09",1410,1410,1409,1,0.999290780141844
"US-Tw2","6_hourly","air_temperature","2012-05-21 18:00:00","2013-05-09",1410,1410,1409,1,0.999290780141844
"US-Tw2","6_hourly","net_radiation","2012-05-21 18:00:00","2013-05-09",1410,1207,1198,0.856028368794326,0.849645390070922
"US-Tw2","daily","ET","2012-05-21","2013-05-09",354,347,347,0.980225988700565,0.980225988700565
"US-Tw2","daily","soil_water_potential","2012-05-21","2013-05-09",354,322,322,0.909604519774011,0.909604519774011
"US-Tw2","daily","VPD","2012-05-21","2013-05-09",354,352,352,0.994350282485876,0.994350282485876
"US-Tw2","daily","air_temperature","2012-05-21","2013-05-09",354,352,352,0.994350282485876,0.994350282485876
"US-Tw2","daily","net_radiation","2012-05-21","2013-05-09",354,299,299,0.844632768361582,0.844632768361582
"US-Tw2","weekly","ET","2012-05-21","2013-05-06",51,50,50,0.980392156862745,0.980392156862745
"US-Tw2","weekly","soil_water_potential","2012-05-21","2013-05-06",51,46,46,0.901960784313726,0.901960784313726
"US-Tw2","weekly","VPD","2012-05-21","2013-05-06",51,50,50,0.980392156862745,0.980392156862745
"US-Tw2","weekly","air_temperature","2012-05-21","2013-05-06",51,50,50,0.980392156862745,0.980392156862745
"US-Tw2","weekly","net_radiation","2012-05-21","2013-05-06",51,40,40,0.784313725490196,0.784313725490196
"US-Tw2","monthly","ET","2012-05-01","2013-05-01",13,11,0,0.846153846153846,0
"US-Tw2","monthly","soil_water_potential","2012-05-01","2013-05-01",13,10,0,0.769230769230769,0
"US-Tw2","monthly","VPD","2012-05-01","2013-05-01",13,11,0,0.846153846153846,0
"US-Tw2","monthly","air_temperature","2012-05-01","2013-05-01",13,11,0,0.846153846153846,0
"US-Tw2","monthly","net_radiation","2012-05-01","2013-05-01",13,10,0,0.769230769230769,0
"US-Tw3","hourly","ET","2013-05-24 01:00:00","2018-06-05 04:00:00",44116,43191,43035,0.979032550548554,0.975496418532959
"US-Tw3","hourly","soil_water_potential","2013-05-24 01:00:00","2018-06-05 04:00:00",44116,41772,41701,0.946867349714389,0.945257956297035
"US-Tw3","hourly","VPD","2013-05-24 01:00:00","2018-06-05 04:00:00",44116,42964,42894,0.973887025115604,0.972300299211171
"US-Tw3","hourly","air_temperature","2013-05-24 01:00:00","2018-06-05 04:00:00",44116,43472,43401,0.985402121679209,0.983792728261855
"US-Tw3","hourly","net_radiation","2013-05-24 01:00:00","2018-06-05 04:00:00",44116,38064,37954,0.862816211805241,0.860322785383988
"US-Tw3","6_hourly","ET","2013-05-24","2018-06-05",7353,7141,7047,0.971168230654155,0.958384332925337
"US-Tw3","6_hourly","soil_water_potential","2013-05-24","2018-06-05",7353,6940,6896,0.943832449340405,0.937848497212022
"US-Tw3","6_hourly","VPD","2013-05-24","2018-06-05",7353,7137,7092,0.97062423500612,0.964504283965728
"US-Tw3","6_hourly","air_temperature","2013-05-24","2018-06-05",7353,7221,7176,0.982048143614851,0.975928192574459
"US-Tw3","6_hourly","net_radiation","2013-05-24","2018-06-05",7353,6291,6193,0.855569155446756,0.842241262069903
"US-Tw3","daily","ET","2013-05-24","2018-06-05",1839,1789,1789,0.972811310494834,0.972811310494834
"US-Tw3","daily","soil_water_potential","2013-05-24","2018-06-05",1839,1736,1736,0.943991299619358,0.943991299619358
"US-Tw3","daily","VPD","2013-05-24","2018-06-05",1839,1783,1783,0.969548667754214,0.969548667754214
"US-Tw3","daily","air_temperature","2013-05-24","2018-06-05",1839,1803,1803,0.980424143556281,0.980424143556281
"US-Tw3","daily","net_radiation","2013-05-24","2018-06-05",1839,1547,1547,0.841218053289831,0.841218053289831
"US-Tw3","weekly","ET","2013-05-20","2018-06-04",264,257,257,0.973484848484849,0.973484848484849
"US-Tw3","weekly","soil_water_potential","2013-05-20","2018-06-04",264,248,248,0.939393939393939,0.939393939393939
"US-Tw3","weekly","VPD","2013-05-20","2018-06-04",264,254,254,0.962121212121212,0.962121212121212
"US-Tw3","weekly","air_temperature","2013-05-20","2018-06-04",264,258,258,0.977272727272727,0.977272727272727
"US-Tw3","weekly","net_radiation","2013-05-20","2018-06-04",264,216,216,0.818181818181818,0.818181818181818
"US-Tw3","monthly","ET","2013-05-01","2018-06-01",62,59,59,0.951612903225806,0.951612903225806
"US-Tw3","monthly","soil_water_potential","2013-05-01","2018-06-01",62,56,56,0.903225806451613,0.903225806451613
"US-Tw3","monthly","VPD","2013-05-01","2018-06-01",62,58,58,0.935483870967742,0.935483870967742
"US-Tw3","monthly","air_temperature","2013-05-01","2018-06-01",62,60,60,0.967741935483871,0.967741935483871
"US-Tw3","monthly","net_radiation","2013-05-01","2018-06-01",62,47,47,0.758064516129032,0.758064516129032
"US-UC1","hourly","ET","2019-05-16 01:00:00","2023-12-31 23:00:00",40583,38730,38657,0.9543404873962,0.952541704654658
"US-UC1","hourly","soil_water_potential","2019-05-16 01:00:00","2023-12-31 23:00:00",40583,40573,40569,0.999753591405268,0.999655027967375
"US-UC1","hourly","VPD","2019-05-16 01:00:00","2023-12-31 23:00:00",40583,40573,40569,0.999753591405268,0.999655027967375
"US-UC1","hourly","air_temperature","2019-05-16 01:00:00","2023-12-31 23:00:00",40583,40573,40569,0.999753591405268,0.999655027967375
"US-UC1","hourly","net_radiation","2019-05-16 01:00:00","2023-12-31 23:00:00",40583,40533,40526,0.998767957026341,0.998595471010029
"US-UC1","6_hourly","ET","2019-05-16","2023-12-31 18:00:00",6764,6439,6413,0.951951507983442,0.948107628622117
"US-UC1","6_hourly","soil_water_potential","2019-05-16","2023-12-31 18:00:00",6764,6761,6759,0.999556475458309,0.999260792430514
"US-UC1","6_hourly","VPD","2019-05-16","2023-12-31 18:00:00",6764,6761,6759,0.999556475458309,0.999260792430514
"US-UC1","6_hourly","air_temperature","2019-05-16","2023-12-31 18:00:00",6764,6761,6759,0.999556475458309,0.999260792430514
"US-UC1","6_hourly","net_radiation","2019-05-16","2023-12-31 18:00:00",6764,6753,6746,0.998373743347132,0.997338852749852
"US-UC1","daily","ET","2019-05-16","2023-12-31",1691,1613,1613,0.953873447664104,0.953873447664104
"US-UC1","daily","soil_water_potential","2019-05-16","2023-12-31",1691,1690,1690,0.999408633944412,0.999408633944412
"US-UC1","daily","VPD","2019-05-16","2023-12-31",1691,1690,1690,0.999408633944412,0.999408633944412
"US-UC1","daily","air_temperature","2019-05-16","2023-12-31",1691,1690,1690,0.999408633944412,0.999408633944412
"US-UC1","daily","net_radiation","2019-05-16","2023-12-31",1691,1687,1687,0.997634535777646,0.997634535777646
"US-UC1","weekly","ET","2019-05-13","2023-12-25",242,229,229,0.946280991735537,0.946280991735537
"US-UC1","weekly","soil_water_potential","2019-05-13","2023-12-25",242,241,241,0.995867768595041,0.995867768595041
"US-UC1","weekly","VPD","2019-05-13","2023-12-25",242,241,241,0.995867768595041,0.995867768595041
"US-UC1","weekly","air_temperature","2019-05-13","2023-12-25",242,241,241,0.995867768595041,0.995867768595041
"US-UC1","weekly","net_radiation","2019-05-13","2023-12-25",242,241,241,0.995867768595041,0.995867768595041
"US-UC1","monthly","ET","2019-05-01","2023-12-01",56,52,52,0.928571428571429,0.928571428571429
"US-UC1","monthly","soil_water_potential","2019-05-01","2023-12-01",56,55,55,0.982142857142857,0.982142857142857
"US-UC1","monthly","VPD","2019-05-01","2023-12-01",56,55,55,0.982142857142857,0.982142857142857
"US-UC1","monthly","air_temperature","2019-05-01","2023-12-01",56,55,55,0.982142857142857,0.982142857142857
"US-UC1","monthly","net_radiation","2019-05-01","2023-12-01",56,55,55,0.982142857142857,0.982142857142857
"US-UC2","hourly","ET","2019-05-24 01:00:00","2023-12-31 23:00:00",40391,38348,38272,0.949419425119457,0.947537817830705
"US-UC2","hourly","soil_water_potential","2019-05-24 01:00:00","2023-12-31 23:00:00",40391,40311,40302,0.998019360748682,0.997796538832908
"US-UC2","hourly","VPD","2019-05-24 01:00:00","2023-12-31 23:00:00",40391,40311,40302,0.998019360748682,0.997796538832908
"US-UC2","hourly","air_temperature","2019-05-24 01:00:00","2023-12-31 23:00:00",40391,40311,40302,0.998019360748682,0.997796538832908
"US-UC2","hourly","net_radiation","2019-05-24 01:00:00","2023-12-31 23:00:00",40391,38373,38358,0.950038374885494,0.949667005025872
"US-UC2","6_hourly","ET","2019-05-24","2023-12-31 18:00:00",6732,6376,6347,0.947118241235888,0.94281045751634
"US-UC2","6_hourly","soil_water_potential","2019-05-24","2023-12-31 18:00:00",6732,6716,6710,0.997623291740939,0.996732026143791
"US-UC2","6_hourly","VPD","2019-05-24","2023-12-31 18:00:00",6732,6716,6710,0.997623291740939,0.996732026143791
"US-UC2","6_hourly","air_temperature","2019-05-24","2023-12-31 18:00:00",6732,6716,6710,0.997623291740939,0.996732026143791
"US-UC2","6_hourly","net_radiation","2019-05-24","2023-12-31 18:00:00",6732,6390,6381,0.949197860962567,0.947860962566845
"US-UC2","daily","ET","2019-05-24","2023-12-31",1683,1599,1599,0.950089126559715,0.950089126559715
"US-UC2","daily","soil_water_potential","2019-05-24","2023-12-31",1683,1679,1679,0.997623291740939,0.997623291740939
"US-UC2","daily","VPD","2019-05-24","2023-12-31",1683,1679,1679,0.997623291740939,0.997623291740939
"US-UC2","daily","air_temperature","2019-05-24","2023-12-31",1683,1679,1679,0.997623291740939,0.997623291740939
"US-UC2","daily","net_radiation","2019-05-24","2023-12-31",1683,1594,1594,0.947118241235888,0.947118241235888
"US-UC2","weekly","ET","2019-05-20","2023-12-25",241,227,227,0.941908713692946,0.941908713692946
"US-UC2","weekly","soil_water_potential","2019-05-20","2023-12-25",241,240,240,0.995850622406639,0.995850622406639
"US-UC2","weekly","VPD","2019-05-20","2023-12-25",241,240,240,0.995850622406639,0.995850622406639
"US-UC2","weekly","air_temperature","2019-05-20","2023-12-25",241,240,240,0.995850622406639,0.995850622406639
"US-UC2","weekly","net_radiation","2019-05-20","2023-12-25",241,227,227,0.941908713692946,0.941908713692946
"US-UC2","monthly","ET","2019-05-01","2023-12-01",56,52,52,0.928571428571429,0.928571428571429
"US-UC2","monthly","soil_water_potential","2019-05-01","2023-12-01",56,55,55,0.982142857142857,0.982142857142857
"US-UC2","monthly","VPD","2019-05-01","2023-12-01",56,55,55,0.982142857142857,0.982142857142857
"US-UC2","monthly","air_temperature","2019-05-01","2023-12-01",56,55,55,0.982142857142857,0.982142857142857
"US-UC2","monthly","net_radiation","2019-05-01","2023-12-01",56,52,52,0.928571428571429,0.928571428571429
"US-UMB","hourly","ET","2007-01-01","2021-12-31 23:00:00",131496,130073,129919,0.989178378049522,0.988007239763947
"US-UMB","hourly","soil_water_potential","2007-01-01","2021-12-31 23:00:00",131496,124698,124587,0.948302609965322,0.94745847782442
"US-UMB","hourly","VPD","2007-01-01","2021-12-31 23:00:00",131496,129618,129463,0.985718196751232,0.984539453671595
"US-UMB","hourly","air_temperature","2007-01-01","2021-12-31 23:00:00",131496,129642,129493,0.985900711808724,0.98476759749346
"US-UMB","hourly","net_radiation","2007-01-01","2021-12-31 23:00:00",131496,125384,125114,0.953519498691975,0.951466204295188
"US-UMB","6_hourly","ET","2007-01-01","2021-12-31 18:00:00",21916,21639,21558,0.987360832268662,0.983664902354444
"US-UMB","6_hourly","soil_water_potential","2007-01-01","2021-12-31 18:00:00",21916,20751,20702,0.946842489505384,0.944606680051104
"US-UMB","6_hourly","VPD","2007-01-01","2021-12-31 18:00:00",21916,21549,21425,0.983254243475087,0.977596276692827
"US-UMB","6_hourly","air_temperature","2007-01-01","2021-12-31 18:00:00",21916,21553,21431,0.983436758532579,0.977870049279066
"US-UMB","6_hourly","net_radiation","2007-01-01","2021-12-31 18:00:00",21916,20854,20705,0.951542252235809,0.944743566344223
"US-UMB","daily","ET","2007-01-01","2021-12-31",5479,5401,5401,0.985763825515605,0.985763825515605
"US-UMB","daily","soil_water_potential","2007-01-01","2021-12-31",5479,5184,5184,0.946158058039788,0.946158058039788
"US-UMB","daily","VPD","2007-01-01","2021-12-31",5479,5352,5352,0.976820587698485,0.976820587698485
"US-UMB","daily","air_temperature","2007-01-01","2021-12-31",5479,5354,5354,0.97718561781347,0.97718561781347
"US-UMB","daily","net_radiation","2007-01-01","2021-12-31",5479,5194,5194,0.947983208614711,0.947983208614711
"US-UMB","weekly","ET","2007-01-01","2021-12-27",783,772,772,0.985951468710089,0.985951468710089
"US-UMB","weekly","soil_water_potential","2007-01-01","2021-12-27",783,741,741,0.946360153256705,0.946360153256705
"US-UMB","weekly","VPD","2007-01-01","2021-12-27",783,772,772,0.985951468710089,0.985951468710089
"US-UMB","weekly","air_temperature","2007-01-01","2021-12-27",783,772,772,0.985951468710089,0.985951468710089
"US-UMB","weekly","net_radiation","2007-01-01","2021-12-27",783,744,744,0.950191570881226,0.950191570881226
"US-UMB","monthly","ET","2007-01-01","2021-12-01",180,179,179,0.994444444444444,0.994444444444444
"US-UMB","monthly","soil_water_potential","2007-01-01","2021-12-01",180,170,170,0.944444444444444,0.944444444444444
"US-UMB","monthly","VPD","2007-01-01","2021-12-01",180,180,180,1,1
"US-UMB","monthly","air_temperature","2007-01-01","2021-12-01",180,180,180,1,1
"US-UMB","monthly","net_radiation","2007-01-01","2021-12-01",180,175,175,0.972222222222222,0.972222222222222
"US-UMd","hourly","ET","2007-05-24 23:00:00","2023-12-31 23:00:00",145561,142161,141974,0.976642095066673,0.97535741029534
"US-UMd","hourly","soil_water_potential","2007-05-24 23:00:00","2023-12-31 23:00:00",145561,143226,143180,0.983958615288436,0.983642596574632
"US-UMd","hourly","VPD","2007-05-24 23:00:00","2023-12-31 23:00:00",145561,141811,141671,0.974237604852948,0.973275808767458
"US-UMd","hourly","air_temperature","2007-05-24 23:00:00","2023-12-31 23:00:00",145561,142040,141942,0.975810828449928,0.975137571190085
"US-UMd","hourly","net_radiation","2007-05-24 23:00:00","2023-12-31 23:00:00",145561,126691,125780,0.870363627620036,0.864105083092312
"US-UMd","6_hourly","ET","2007-05-24 18:00:00","2023-12-31 18:00:00",24261,23662,23568,0.975310168583323,0.971435637442809
"US-UMd","6_hourly","soil_water_potential","2007-05-24 18:00:00","2023-12-31 18:00:00",24261,23862,23835,0.983553851861012,0.982440954618524
"US-UMd","6_hourly","VPD","2007-05-24 18:00:00","2023-12-31 18:00:00",24261,23592,23486,0.972424879436132,0.968055727298957
"US-UMd","6_hourly","air_temperature","2007-05-24 18:00:00","2023-12-31 18:00:00",24261,23638,23550,0.97432092659,0.970693705947817
"US-UMd","6_hourly","net_radiation","2007-05-24 18:00:00","2023-12-31 18:00:00",24261,20886,20519,0.860887844689007,0.845760685874449
"US-UMd","daily","ET","2007-05-24","2023-12-31",6066,5909,5909,0.974118034948895,0.974118034948895
"US-UMd","daily","soil_water_potential","2007-05-24","2023-12-31",6066,5963,5963,0.983020112100231,0.983020112100231
"US-UMd","daily","VPD","2007-05-24","2023-12-31",6066,5869,5869,0.967523903725684,0.967523903725684
"US-UMd","daily","air_temperature","2007-05-24","2023-12-31",6066,5887,5887,0.970491262776129,0.970491262776129
"US-UMd","daily","net_radiation","2007-05-24","2023-12-31",6066,5214,5214,0.859545004945598,0.859545004945598
"US-UMd","weekly","ET","2007-05-21","2023-12-25",867,843,843,0.972318339100346,0.972318339100346
"US-UMd","weekly","soil_water_potential","2007-05-21","2023-12-25",867,852,852,0.982698961937716,0.982698961937716
"US-UMd","weekly","VPD","2007-05-21","2023-12-25",867,843,843,0.972318339100346,0.972318339100346
"US-UMd","weekly","air_temperature","2007-05-21","2023-12-25",867,845,845,0.974625144175317,0.974625144175317
"US-UMd","weekly","net_radiation","2007-05-21","2023-12-25",867,744,744,0.858131487889273,0.858131487889273
"US-UMd","monthly","ET","2007-05-01","2023-12-01",200,194,194,0.97,0.97
"US-UMd","monthly","soil_water_potential","2007-05-01","2023-12-01",200,196,196,0.98,0.98
"US-UMd","monthly","VPD","2007-05-01","2023-12-01",200,194,194,0.97,0.97
"US-UMd","monthly","air_temperature","2007-05-01","2023-12-01",200,195,195,0.975,0.975
"US-UMd","monthly","net_radiation","2007-05-01","2023-12-01",200,173,173,0.865,0.865
"US-UTB","hourly","ET","2021-10-05 04:00:00","2023-12-31 23:00:00",19628,14105,14046,0.718616262482168,0.715610352557571
"US-UTB","hourly","soil_water_potential","2021-10-05 04:00:00","2023-12-31 23:00:00",19628,386,314,0.0196657835744854,0.0159975545139596
"US-UTB","hourly","VPD","2021-10-05 04:00:00","2023-12-31 23:00:00",19628,14147,14105,0.720756062767475,0.718616262482168
"US-UTB","hourly","air_temperature","2021-10-05 04:00:00","2023-12-31 23:00:00",19628,14286,14266,0.727837782759323,0.726818830242511
"US-UTB","hourly","net_radiation","2021-10-05 04:00:00","2023-12-31 23:00:00",19628,14046,13983,0.715610352557571,0.712400652129611
"US-UTB","6_hourly","ET","2021-10-05","2023-12-31 18:00:00",3272,2331,2300,0.712408312958435,0.702933985330073
"US-UTB","6_hourly","soil_water_potential","2021-10-05","2023-12-31 18:00:00",3272,44,27,0.0134474327628362,0.0082518337408313
"US-UTB","6_hourly","VPD","2021-10-05","2023-12-31 18:00:00",3272,2341,2318,0.715464547677262,0.708435207823961
"US-UTB","6_hourly","air_temperature","2021-10-05","2023-12-31 18:00:00",3272,2374,2363,0.725550122249389,0.72218826405868
"US-UTB","6_hourly","net_radiation","2021-10-05","2023-12-31 18:00:00",3272,2318,2282,0.708435207823961,0.697432762836186
"US-UTB","daily","ET","2021-10-05","2023-12-31",818,585,585,0.715158924205379,0.715158924205379
"US-UTB","daily","soil_water_potential","2021-10-05","2023-12-31",818,6,0,0.00733496332518337,0
"US-UTB","daily","VPD","2021-10-05","2023-12-31",818,586,586,0.71638141809291,0.71638141809291
"US-UTB","daily","air_temperature","2021-10-05","2023-12-31",818,592,592,0.723716381418093,0.723716381418093
"US-UTB","daily","net_radiation","2021-10-05","2023-12-31",818,579,579,0.707823960880196,0.707823960880196
"US-UTB","weekly","ET","2021-10-04","2023-12-25",117,79,79,0.675213675213675,0.675213675213675
"US-UTB","weekly","soil_water_potential","2021-10-04","2023-12-25",117,0,0,0,0
"US-UTB","weekly","VPD","2021-10-04","2023-12-25",117,79,79,0.675213675213675,0.675213675213675
"US-UTB","weekly","air_temperature","2021-10-04","2023-12-25",117,80,80,0.683760683760684,0.683760683760684
"US-UTB","weekly","net_radiation","2021-10-04","2023-12-25",117,80,80,0.683760683760684,0.683760683760684
"US-UTB","monthly","ET","2021-10-01","2023-12-01",27,17,0,0.62962962962963,0
"US-UTB","monthly","soil_water_potential","2021-10-01","2023-12-01",27,0,0,0,0
"US-UTB","monthly","VPD","2021-10-01","2023-12-01",27,17,0,0.62962962962963,0
"US-UTB","monthly","air_temperature","2021-10-01","2023-12-01",27,17,0,0.62962962962963,0
"US-UTB","monthly","net_radiation","2021-10-01","2023-12-01",27,17,0,0.62962962962963,0
"US-Var","hourly","ET","2000-10-21 17:00:00","2021-10-26 05:00:00",184189,181322,180981,0.984434466770545,0.982583107568856
"US-Var","hourly","soil_water_potential","2000-10-21 17:00:00","2021-10-26 05:00:00",184189,183349,183252,0.995439467069152,0.994912834099756
"US-Var","hourly","VPD","2000-10-21 17:00:00","2021-10-26 05:00:00",184189,182898,182887,0.992990895221756,0.992931173957185
"US-Var","hourly","air_temperature","2000-10-21 17:00:00","2021-10-26 05:00:00",184189,182997,182982,0.993528386602892,0.993446948514841
"US-Var","hourly","net_radiation","2000-10-21 17:00:00","2021-10-26 05:00:00",184189,143871,137731,0.781105277731026,0.747769953688874
"US-Var","6_hourly","ET","2000-10-21 12:00:00","2021-10-26",30699,30156,30040,0.982312127430861,0.978533502719958
"US-Var","6_hourly","soil_water_potential","2000-10-21 12:00:00","2021-10-26",30699,30532,30495,0.994560083390338,0.993354832404964
"US-Var","6_hourly","VPD","2000-10-21 12:00:00","2021-10-26",30699,30477,30469,0.992768494087755,0.992507899280107
"US-Var","6_hourly","air_temperature","2000-10-21 12:00:00","2021-10-26",30699,30491,30478,0.99322453500114,0.992801068438711
"US-Var","6_hourly","net_radiation","2000-10-21 12:00:00","2021-10-26",30699,22687,18767,0.73901430014007,0.611322844392326
"US-Var","daily","ET","2000-10-21","2021-10-26",7676,7543,7543,0.982673267326733,0.982673267326733
"US-Var","daily","soil_water_potential","2000-10-21","2021-10-26",7676,7637,7637,0.994919228764982,0.994919228764982
"US-Var","daily","VPD","2000-10-21","2021-10-26",7676,7620,7620,0.992704533611256,0.992704533611256
"US-Var","daily","air_temperature","2000-10-21","2021-10-26",7676,7621,7621,0.992834809796769,0.992834809796769
"US-Var","daily","net_radiation","2000-10-21","2021-10-26",7676,4302,4302,0.560448150078166,0.560448150078166
"US-Var","weekly","ET","2000-10-16","2021-10-25",1098,1077,1077,0.980874316939891,0.980874316939891
"US-Var","weekly","soil_water_potential","2000-10-16","2021-10-25",1098,1089,1089,0.991803278688525,0.991803278688525
"US-Var","weekly","VPD","2000-10-16","2021-10-25",1098,1086,1086,0.989071038251366,0.989071038251366
"US-Var","weekly","air_temperature","2000-10-16","2021-10-25",1098,1087,1087,0.989981785063752,0.989981785063752
"US-Var","weekly","net_radiation","2000-10-16","2021-10-25",1098,602,602,0.548269581056466,0.548269581056466
"US-Var","monthly","ET","2000-10-01","2021-10-01",253,248,248,0.980237154150198,0.980237154150198
"US-Var","monthly","soil_water_potential","2000-10-01","2021-10-01",253,251,251,0.992094861660079,0.992094861660079
"US-Var","monthly","VPD","2000-10-01","2021-10-01",253,249,249,0.984189723320158,0.984189723320158
"US-Var","monthly","air_temperature","2000-10-01","2021-10-01",253,249,249,0.984189723320158,0.984189723320158
"US-Var","monthly","net_radiation","2000-10-01","2021-10-01",253,134,134,0.529644268774704,0.529644268774704
"US-Vcm","hourly","ET","2007-01-01","2021-12-31 23:00:00",131496,119442,118835,0.908331812374521,0.90371570237878
"US-Vcm","hourly","soil_water_potential","2007-01-01","2021-12-31 23:00:00",131496,0,0,0,0
"US-Vcm","hourly","VPD","2007-01-01","2021-12-31 23:00:00",131496,120475,120331,0.91618756464075,0.915092474295796
"US-Vcm","hourly","air_temperature","2007-01-01","2021-12-31 23:00:00",131496,121268,121141,0.922218166332056,0.921252357486159
"US-Vcm","hourly","net_radiation","2007-01-01","2021-12-31 23:00:00",131496,99034,98099,0.753133175153617,0.746022692705481
"US-Vcm","6_hourly","ET","2007-01-01","2021-12-31 18:00:00",21916,19750,19488,0.90116809636795,0.889213360102208
"US-Vcm","6_hourly","soil_water_potential","2007-01-01","2021-12-31 18:00:00",21916,0,0,0,0
"US-Vcm","6_hourly","VPD","2007-01-01","2021-12-31 18:00:00",21916,20044,19965,0.91458295309363,0.910978280708158
"US-Vcm","6_hourly","air_temperature","2007-01-01","2021-12-31 18:00:00",21916,20174,20103,0.920514692462128,0.917275050191641
"US-Vcm","6_hourly","net_radiation","2007-01-01","2021-12-31 18:00:00",21916,16377,16024,0.747262274137616,0.731155320313926
"US-Vcm","daily","ET","2007-01-01","2021-12-31",5479,4940,4940,0.901624384011681,0.901624384011681
"US-Vcm","daily","soil_water_potential","2007-01-01","2021-12-31",5479,0,0,0,0
"US-Vcm","daily","VPD","2007-01-01","2021-12-31",5479,5008,5008,0.914035407921153,0.914035407921153
"US-Vcm","daily","air_temperature","2007-01-01","2021-12-31",5479,5042,5042,0.92024091987589,0.92024091987589
"US-Vcm","daily","net_radiation","2007-01-01","2021-12-31",5479,4159,4159,0.759080124110239,0.759080124110239
"US-Vcm","weekly","ET","2007-01-01","2021-12-27",783,697,697,0.890166028097063,0.890166028097063
"US-Vcm","weekly","soil_water_potential","2007-01-01","2021-12-27",783,0,0,0,0
"US-Vcm","weekly","VPD","2007-01-01","2021-12-27",783,709,709,0.905491698595147,0.905491698595147
"US-Vcm","weekly","air_temperature","2007-01-01","2021-12-27",783,714,714,0.911877394636015,0.911877394636015
"US-Vcm","weekly","net_radiation","2007-01-01","2021-12-27",783,592,592,0.756066411238825,0.756066411238825
"US-Vcm","monthly","ET","2007-01-01","2021-12-01",180,159,159,0.883333333333333,0.883333333333333
"US-Vcm","monthly","soil_water_potential","2007-01-01","2021-12-01",180,0,0,0,0
"US-Vcm","monthly","VPD","2007-01-01","2021-12-01",180,158,158,0.877777777777778,0.877777777777778
"US-Vcm","monthly","air_temperature","2007-01-01","2021-12-01",180,161,161,0.894444444444444,0.894444444444444
"US-Vcm","monthly","net_radiation","2007-01-01","2021-12-01",180,132,132,0.733333333333333,0.733333333333333
"US-Vcp","hourly","ET","2007-01-01","2023-12-31 06:00:00",148999,139070,138399,0.933361968872274,0.92885858294351
"US-Vcp","hourly","soil_water_potential","2007-01-01","2023-12-31 06:00:00",148999,0,0,0,0
"US-Vcp","hourly","VPD","2007-01-01","2023-12-31 06:00:00",148999,138656,138317,0.930583426734408,0.928308243679488
"US-Vcp","hourly","air_temperature","2007-01-01","2023-12-31 06:00:00",148999,140985,140674,0.946214404123518,0.944127141792898
"US-Vcp","hourly","net_radiation","2007-01-01","2023-12-31 06:00:00",148999,114025,112220,0.765273592440218,0.753159417177297
"US-Vcp","6_hourly","ET","2007-01-01","2023-12-31 06:00:00",24834,23083,22866,0.929491825722799,0.920753805266973
"US-Vcp","6_hourly","soil_water_potential","2007-01-01","2023-12-31 06:00:00",24834,0,0,0,0
"US-Vcp","6_hourly","VPD","2007-01-01","2023-12-31 06:00:00",24834,23031,22876,0.927397922203431,0.921156479020697
"US-Vcp","6_hourly","air_temperature","2007-01-01","2023-12-31 06:00:00",24834,23448,23332,0.944189417733752,0.939518402190545
"US-Vcp","6_hourly","net_radiation","2007-01-01","2023-12-31 06:00:00",24834,18849,18436,0.758999758395748,0.742369332366916
"US-Vcp","daily","ET","2007-01-01","2023-12-31",6209,5792,5792,0.93283942663875,0.93283942663875
"US-Vcp","daily","soil_water_potential","2007-01-01","2023-12-31",6209,0,0,0,0
"US-Vcp","daily","VPD","2007-01-01","2023-12-31",6209,5773,5773,0.929779352552746,0.929779352552746
"US-Vcp","daily","air_temperature","2007-01-01","2023-12-31",6209,5876,5876,0.946368175229506,0.946368175229506
"US-Vcp","daily","net_radiation","2007-01-01","2023-12-31",6209,4676,4676,0.753100338218715,0.753100338218715
"US-Vcp","weekly","ET","2007-01-01","2023-12-25",887,820,820,0.924464487034949,0.924464487034949
"US-Vcp","weekly","soil_water_potential","2007-01-01","2023-12-25",887,0,0,0,0
"US-Vcp","weekly","VPD","2007-01-01","2023-12-25",887,817,817,0.92108229988726,0.92108229988726
"US-Vcp","weekly","air_temperature","2007-01-01","2023-12-25",887,832,832,0.937993235625705,0.937993235625705
"US-Vcp","weekly","net_radiation","2007-01-01","2023-12-25",887,661,661,0.745208568207441,0.745208568207441
"US-Vcp","monthly","ET","2007-01-01","2023-12-01",204,187,187,0.916666666666667,0.916666666666667
"US-Vcp","monthly","soil_water_potential","2007-01-01","2023-12-01",204,0,0,0,0
"US-Vcp","monthly","VPD","2007-01-01","2023-12-01",204,185,185,0.906862745098039,0.906862745098039
"US-Vcp","monthly","air_temperature","2007-01-01","2023-12-01",204,189,189,0.926470588235294,0.926470588235294
"US-Vcp","monthly","net_radiation","2007-01-01","2023-12-01",204,148,148,0.725490196078431,0.725490196078431
"US-Whs","hourly","ET","2007-06-29 01:00:00","2020-12-31 23:00:00",118439,118179,118131,0.997804777142664,0.997399505230541
"US-Whs","hourly","soil_water_potential","2007-06-29 01:00:00","2020-12-31 23:00:00",118439,115179,114814,0.972475282634943,0.969393527469837
"US-Whs","hourly","VPD","2007-06-29 01:00:00","2020-12-31 23:00:00",118439,105268,105259,0.888795075946268,0.888719087462745
"US-Whs","hourly","air_temperature","2007-06-29 01:00:00","2020-12-31 23:00:00",118439,105268,105259,0.888795075946268,0.888719087462745
"US-Whs","hourly","net_radiation","2007-06-29 01:00:00","2020-12-31 23:00:00",118439,116684,116625,0.985182245712983,0.984684098987665
"US-Whs","6_hourly","ET","2007-06-29","2020-12-31 18:00:00",19740,19695,19681,0.997720364741641,0.997011144883485
"US-Whs","6_hourly","soil_water_potential","2007-06-29","2020-12-31 18:00:00",19740,19069,18827,0.966008105369808,0.953748733535968
"US-Whs","6_hourly","VPD","2007-06-29","2020-12-31 18:00:00",19740,17544,17538,0.888753799392097,0.888449848024316
"US-Whs","6_hourly","air_temperature","2007-06-29","2020-12-31 18:00:00",19740,17544,17538,0.888753799392097,0.888449848024316
"US-Whs","6_hourly","net_radiation","2007-06-29","2020-12-31 18:00:00",19740,19442,19395,0.984903748733536,0.982522796352584
"US-Whs","daily","ET","2007-06-29","2020-12-31",4935,4923,4923,0.997568389057751,0.997568389057751
"US-Whs","daily","soil_water_potential","2007-06-29","2020-12-31",4935,4723,4723,0.957041540020263,0.957041540020263
"US-Whs","daily","VPD","2007-06-29","2020-12-31",4935,4385,4385,0.88855116514691,0.88855116514691
"US-Whs","daily","air_temperature","2007-06-29","2020-12-31",4935,4385,4385,0.88855116514691,0.88855116514691
"US-Whs","daily","net_radiation","2007-06-29","2020-12-31",4935,4845,4845,0.981762917933131,0.981762917933131
"US-Whs","weekly","ET","2007-06-25","2020-12-28",706,703,703,0.995750708215297,0.995750708215297
"US-Whs","weekly","soil_water_potential","2007-06-25","2020-12-28",706,673,673,0.953257790368272,0.953257790368272
"US-Whs","weekly","VPD","2007-06-25","2020-12-28",706,626,626,0.886685552407932,0.886685552407932
"US-Whs","weekly","air_temperature","2007-06-25","2020-12-28",706,626,626,0.886685552407932,0.886685552407932
"US-Whs","weekly","net_radiation","2007-06-25","2020-12-28",706,690,690,0.977337110481586,0.977337110481586
"US-Whs","monthly","ET","2007-06-01","2020-12-01",163,162,162,0.993865030674847,0.993865030674847
"US-Whs","monthly","soil_water_potential","2007-06-01","2020-12-01",163,155,155,0.950920245398773,0.950920245398773
"US-Whs","monthly","VPD","2007-06-01","2020-12-01",163,144,144,0.883435582822086,0.883435582822086
"US-Whs","monthly","air_temperature","2007-06-01","2020-12-01",163,144,144,0.883435582822086,0.883435582822086
"US-Whs","monthly","net_radiation","2007-06-01","2020-12-01",163,159,159,0.975460122699387,0.975460122699387
"US-Wi0","hourly","ET","2002-04-26 16:00:00","2002-12-14 19:00:00",5572,4621,4607,0.82932519741565,0.826812634601579
"US-Wi0","hourly","soil_water_potential","2002-04-26 16:00:00","2002-12-14 19:00:00",5572,0,0,0,0
"US-Wi0","hourly","VPD","2002-04-26 16:00:00","2002-12-14 19:00:00",5572,4624,4613,0.82986360373295,0.827889447236181
"US-Wi0","hourly","air_temperature","2002-04-26 16:00:00","2002-12-14 19:00:00",5572,4624,4613,0.82986360373295,0.827889447236181
"US-Wi0","hourly","net_radiation","2002-04-26 16:00:00","2002-12-14 19:00:00",5572,4580,4574,0.821966977745872,0.820890165111271
"US-Wi0","6_hourly","ET","2002-04-26 12:00:00","2002-12-14 18:00:00",930,765,757,0.82258064516129,0.813978494623656
"US-Wi0","6_hourly","soil_water_potential","2002-04-26 12:00:00","2002-12-14 18:00:00",930,0,0,0,0
"US-Wi0","6_hourly","VPD","2002-04-26 12:00:00","2002-12-14 18:00:00",930,766,759,0.823655913978495,0.816129032258065
"US-Wi0","6_hourly","air_temperature","2002-04-26 12:00:00","2002-12-14 18:00:00",930,766,759,0.823655913978495,0.816129032258065
"US-Wi0","6_hourly","net_radiation","2002-04-26 12:00:00","2002-12-14 18:00:00",930,760,754,0.817204301075269,0.810752688172043
"US-Wi0","daily","ET","2002-04-26","2002-12-14",233,189,189,0.811158798283262,0.811158798283262
"US-Wi0","daily","soil_water_potential","2002-04-26","2002-12-14",233,0,0,0,0
"US-Wi0","daily","VPD","2002-04-26","2002-12-14",233,189,189,0.811158798283262,0.811158798283262
"US-Wi0","daily","air_temperature","2002-04-26","2002-12-14",233,189,189,0.811158798283262,0.811158798283262
"US-Wi0","daily","net_radiation","2002-04-26","2002-12-14",233,188,188,0.8068669527897,0.8068669527897
"US-Wi0","weekly","ET","2002-04-22","2002-12-09",34,25,25,0.735294117647059,0.735294117647059
"US-Wi0","weekly","soil_water_potential","2002-04-22","2002-12-09",34,0,0,0,0
"US-Wi0","weekly","VPD","2002-04-22","2002-12-09",34,25,25,0.735294117647059,0.735294117647059
"US-Wi0","weekly","air_temperature","2002-04-22","2002-12-09",34,25,25,0.735294117647059,0.735294117647059
"US-Wi0","weekly","net_radiation","2002-04-22","2002-12-09",34,25,25,0.735294117647059,0.735294117647059
"US-Wi0","monthly","ET","2002-04-01","2002-12-01",9,5,0,0.555555555555556,0
"US-Wi0","monthly","soil_water_potential","2002-04-01","2002-12-01",9,0,0,0,0
"US-Wi0","monthly","VPD","2002-04-01","2002-12-01",9,5,0,0.555555555555556,0
"US-Wi0","monthly","air_temperature","2002-04-01","2002-12-01",9,5,0,0.555555555555556,0
"US-Wi0","monthly","net_radiation","2002-04-01","2002-12-01",9,5,0,0.555555555555556,0
"US-Wi1","hourly","ET","2003-01-06 10:00:00","2003-12-31 23:00:00",8630,3884,3746,0.450057937427578,0.434067207415991
"US-Wi1","hourly","soil_water_potential","2003-01-06 10:00:00","2003-12-31 23:00:00",8630,0,0,0,0
"US-Wi1","hourly","VPD","2003-01-06 10:00:00","2003-12-31 23:00:00",8630,4755,4550,0.55098493626883,0.527230590961761
"US-Wi1","hourly","air_temperature","2003-01-06 10:00:00","2003-12-31 23:00:00",8630,4757,4554,0.551216685979143,0.527694090382387
"US-Wi1","hourly","net_radiation","2003-01-06 10:00:00","2003-12-31 23:00:00",8630,3759,3325,0.435573580533024,0.385283893395133
"US-Wi1","6_hourly","ET","2003-01-06 06:00:00","2003-12-31 18:00:00",1439,610,545,0.423905489923558,0.378735232800556
"US-Wi1","6_hourly","soil_water_potential","2003-01-06 06:00:00","2003-12-31 18:00:00",1439,0,0,0,0
"US-Wi1","6_hourly","VPD","2003-01-06 06:00:00","2003-12-31 18:00:00",1439,748,645,0.519805420430855,0.448227936066713
"US-Wi1","6_hourly","air_temperature","2003-01-06 06:00:00","2003-12-31 18:00:00",1439,748,645,0.519805420430855,0.448227936066713
"US-Wi1","6_hourly","net_radiation","2003-01-06 06:00:00","2003-12-31 18:00:00",1439,534,447,0.371091035441279,0.310632383599722
"US-Wi1","daily","ET","2003-01-06","2003-12-31",360,152,152,0.422222222222222,0.422222222222222
"US-Wi1","daily","soil_water_potential","2003-01-06","2003-12-31",360,0,0,0,0
"US-Wi1","daily","VPD","2003-01-06","2003-12-31",360,178,178,0.494444444444444,0.494444444444444
"US-Wi1","daily","air_temperature","2003-01-06","2003-12-31",360,178,178,0.494444444444444,0.494444444444444
"US-Wi1","daily","net_radiation","2003-01-06","2003-12-31",360,126,126,0.35,0.35
"US-Wi1","weekly","ET","2003-01-06","2003-12-29",52,22,22,0.423076923076923,0.423076923076923
"US-Wi1","weekly","soil_water_potential","2003-01-06","2003-12-29",52,0,0,0,0
"US-Wi1","weekly","VPD","2003-01-06","2003-12-29",52,24,24,0.461538461538462,0.461538461538462
"US-Wi1","weekly","air_temperature","2003-01-06","2003-12-29",52,24,24,0.461538461538462,0.461538461538462
"US-Wi1","weekly","net_radiation","2003-01-06","2003-12-29",52,17,0,0.326923076923077,0
"US-Wi1","monthly","ET","2003-01-01","2003-12-01",12,5,0,0.416666666666667,0
"US-Wi1","monthly","soil_water_potential","2003-01-01","2003-12-01",12,0,0,0,0
"US-Wi1","monthly","VPD","2003-01-01","2003-12-01",12,5,0,0.416666666666667,0
"US-Wi1","monthly","air_temperature","2003-01-01","2003-12-01",12,5,0,0.416666666666667,0
"US-Wi1","monthly","net_radiation","2003-01-01","2003-12-01",12,4,0,0.333333333333333,0
"US-Wi3","hourly","ET","2002-05-07 02:00:00","2004-12-31 23:00:00",23278,12000,11797,0.515508205172266,0.506787524701435
"US-Wi3","hourly","soil_water_potential","2002-05-07 02:00:00","2004-12-31 23:00:00",23278,0,0,0,0
"US-Wi3","hourly","VPD","2002-05-07 02:00:00","2004-12-31 23:00:00",23278,13405,13212,0.575865624194518,0.567574533894665
"US-Wi3","hourly","air_temperature","2002-05-07 02:00:00","2004-12-31 23:00:00",23278,13405,13212,0.575865624194518,0.567574533894665
"US-Wi3","hourly","net_radiation","2002-05-07 02:00:00","2004-12-31 23:00:00",23278,12619,12289,0.542099836755735,0.527923361113498
"US-Wi3","6_hourly","ET","2002-05-07","2004-12-31 18:00:00",3880,1934,1848,0.498453608247423,0.476288659793814
"US-Wi3","6_hourly","soil_water_potential","2002-05-07","2004-12-31 18:00:00",3880,0,0,0,0
"US-Wi3","6_hourly","VPD","2002-05-07","2004-12-31 18:00:00",3880,2162,2086,0.557216494845361,0.537628865979381
"US-Wi3","6_hourly","air_temperature","2002-05-07","2004-12-31 18:00:00",3880,2162,2086,0.557216494845361,0.537628865979381
"US-Wi3","6_hourly","net_radiation","2002-05-07","2004-12-31 18:00:00",3880,2014,1934,0.519072164948454,0.498453608247423
"US-Wi3","daily","ET","2002-05-07","2004-12-31",970,460,460,0.474226804123711,0.474226804123711
"US-Wi3","daily","soil_water_potential","2002-05-07","2004-12-31",970,0,0,0,0
"US-Wi3","daily","VPD","2002-05-07","2004-12-31",970,522,522,0.538144329896907,0.538144329896907
"US-Wi3","daily","air_temperature","2002-05-07","2004-12-31",970,522,522,0.538144329896907,0.538144329896907
"US-Wi3","daily","net_radiation","2002-05-07","2004-12-31",970,484,484,0.498969072164948,0.498969072164948
"US-Wi3","weekly","ET","2002-05-06","2004-12-27",139,62,62,0.446043165467626,0.446043165467626
"US-Wi3","weekly","soil_water_potential","2002-05-06","2004-12-27",139,0,0,0,0
"US-Wi3","weekly","VPD","2002-05-06","2004-12-27",139,69,69,0.496402877697842,0.496402877697842
"US-Wi3","weekly","air_temperature","2002-05-06","2004-12-27",139,69,69,0.496402877697842,0.496402877697842
"US-Wi3","weekly","net_radiation","2002-05-06","2004-12-27",139,64,64,0.460431654676259,0.460431654676259
"US-Wi3","monthly","ET","2002-05-01","2004-12-01",32,13,0,0.40625,0
"US-Wi3","monthly","soil_water_potential","2002-05-01","2004-12-01",32,0,0,0,0
"US-Wi3","monthly","VPD","2002-05-01","2004-12-01",32,15,0,0.46875,0
"US-Wi3","monthly","air_temperature","2002-05-01","2004-12-01",32,15,0,0.46875,0
"US-Wi3","monthly","net_radiation","2002-05-01","2004-12-01",32,14,0,0.4375,0
"US-Wi4","hourly","ET","2002-05-07 16:00:00","2005-11-08 14:00:00",30743,16494,16227,0.536512376801223,0.527827472920665
"US-Wi4","hourly","soil_water_potential","2002-05-07 16:00:00","2005-11-08 14:00:00",30743,0,0,0,0
"US-Wi4","hourly","VPD","2002-05-07 16:00:00","2005-11-08 14:00:00",30743,17752,17541,0.577432261002505,0.570568909995771
"US-Wi4","hourly","air_temperature","2002-05-07 16:00:00","2005-11-08 14:00:00",30743,17752,17541,0.577432261002505,0.570568909995771
"US-Wi4","hourly","net_radiation","2002-05-07 16:00:00","2005-11-08 14:00:00",30743,15350,14896,0.499300653807371,0.484533064437433
"US-Wi4","6_hourly","ET","2002-05-07 12:00:00","2005-11-08 12:00:00",5125,2682,2556,0.523317073170732,0.498731707317073
"US-Wi4","6_hourly","soil_water_potential","2002-05-07 12:00:00","2005-11-08 12:00:00",5125,0,0,0,0
"US-Wi4","6_hourly","VPD","2002-05-07 12:00:00","2005-11-08 12:00:00",5125,2896,2773,0.565073170731707,0.541073170731707
"US-Wi4","6_hourly","air_temperature","2002-05-07 12:00:00","2005-11-08 12:00:00",5125,2896,2773,0.565073170731707,0.541073170731707
"US-Wi4","6_hourly","net_radiation","2002-05-07 12:00:00","2005-11-08 12:00:00",5125,2449,2341,0.477853658536585,0.456780487804878
"US-Wi4","daily","ET","2002-05-07","2005-11-08",1282,659,659,0.514040561622465,0.514040561622465
"US-Wi4","daily","soil_water_potential","2002-05-07","2005-11-08",1282,0,0,0,0
"US-Wi4","daily","VPD","2002-05-07","2005-11-08",1282,709,709,0.553042121684867,0.553042121684867
"US-Wi4","daily","air_temperature","2002-05-07","2005-11-08",1282,709,709,0.553042121684867,0.553042121684867
"US-Wi4","daily","net_radiation","2002-05-07","2005-11-08",1282,593,593,0.462558502340094,0.462558502340094
"US-Wi4","weekly","ET","2002-05-06","2005-11-07",184,89,89,0.483695652173913,0.483695652173913
"US-Wi4","weekly","soil_water_potential","2002-05-06","2005-11-07",184,0,0,0,0
"US-Wi4","weekly","VPD","2002-05-06","2005-11-07",184,98,98,0.532608695652174,0.532608695652174
"US-Wi4","weekly","air_temperature","2002-05-06","2005-11-07",184,98,98,0.532608695652174,0.532608695652174
"US-Wi4","weekly","net_radiation","2002-05-06","2005-11-07",184,81,81,0.440217391304348,0.440217391304348
"US-Wi4","monthly","ET","2002-05-01","2005-11-01",43,18,18,0.418604651162791,0.418604651162791
"US-Wi4","monthly","soil_water_potential","2002-05-01","2005-11-01",43,0,0,0,0
"US-Wi4","monthly","VPD","2002-05-01","2005-11-01",43,21,21,0.488372093023256,0.488372093023256
"US-Wi4","monthly","air_temperature","2002-05-01","2005-11-01",43,21,21,0.488372093023256,0.488372093023256
"US-Wi4","monthly","net_radiation","2002-05-01","2005-11-01",43,16,0,0.372093023255814,0
"US-Wi5","hourly","ET","2004-04-19 10:00:00","2004-12-14 08:00:00",5735,5570,5535,0.971229293809939,0.96512641673932
"US-Wi5","hourly","soil_water_potential","2004-04-19 10:00:00","2004-12-14 08:00:00",5735,0,0,0,0
"US-Wi5","hourly","VPD","2004-04-19 10:00:00","2004-12-14 08:00:00",5735,5590,5565,0.974716652136007,0.970357454228422
"US-Wi5","hourly","air_temperature","2004-04-19 10:00:00","2004-12-14 08:00:00",5735,5590,5565,0.974716652136007,0.970357454228422
"US-Wi5","hourly","net_radiation","2004-04-19 10:00:00","2004-12-14 08:00:00",5735,4640,4630,0.809067131647777,0.807323452484743
"US-Wi5","6_hourly","ET","2004-04-19 06:00:00","2004-12-14 06:00:00",957,915,896,0.956112852664577,0.936259143155695
"US-Wi5","6_hourly","soil_water_potential","2004-04-19 06:00:00","2004-12-14 06:00:00",957,0,0,0,0
"US-Wi5","6_hourly","VPD","2004-04-19 06:00:00","2004-12-14 06:00:00",957,922,906,0.963427377220481,0.946708463949843
"US-Wi5","6_hourly","air_temperature","2004-04-19 06:00:00","2004-12-14 06:00:00",957,922,906,0.963427377220481,0.946708463949843
"US-Wi5","6_hourly","net_radiation","2004-04-19 06:00:00","2004-12-14 06:00:00",957,768,762,0.802507836990596,0.796238244514107
"US-Wi5","daily","ET","2004-04-19","2004-12-14",240,233,233,0.970833333333333,0.970833333333333
"US-Wi5","daily","soil_water_potential","2004-04-19","2004-12-14",240,0,0,0,0
"US-Wi5","daily","VPD","2004-04-19","2004-12-14",240,228,228,0.95,0.95
"US-Wi5","daily","air_temperature","2004-04-19","2004-12-14",240,228,228,0.95,0.95
"US-Wi5","daily","net_radiation","2004-04-19","2004-12-14",240,188,188,0.783333333333333,0.783333333333333
"US-Wi5","weekly","ET","2004-04-19","2004-12-13",35,33,33,0.942857142857143,0.942857142857143
"US-Wi5","weekly","soil_water_potential","2004-04-19","2004-12-13",35,0,0,0,0
"US-Wi5","weekly","VPD","2004-04-19","2004-12-13",35,33,33,0.942857142857143,0.942857142857143
"US-Wi5","weekly","air_temperature","2004-04-19","2004-12-13",35,33,33,0.942857142857143,0.942857142857143
"US-Wi5","weekly","net_radiation","2004-04-19","2004-12-13",35,26,26,0.742857142857143,0.742857142857143
"US-Wi5","monthly","ET","2004-04-01","2004-12-01",9,7,0,0.777777777777778,0
"US-Wi5","monthly","soil_water_potential","2004-04-01","2004-12-01",9,0,0,0,0
"US-Wi5","monthly","VPD","2004-04-01","2004-12-01",9,7,0,0.777777777777778,0
"US-Wi5","monthly","air_temperature","2004-04-01","2004-12-01",9,7,0,0.777777777777778,0
"US-Wi5","monthly","net_radiation","2004-04-01","2004-12-01",9,4,0,0.444444444444444,0
"US-Wi6","hourly","ET","2002-05-05 16:00:00","2003-10-27 20:00:00",12965,6625,6385,0.510991129965291,0.492479753181643
"US-Wi6","hourly","soil_water_potential","2002-05-05 16:00:00","2003-10-27 20:00:00",12965,0,0,0,0
"US-Wi6","hourly","VPD","2002-05-05 16:00:00","2003-10-27 20:00:00",12965,6663,6437,0.513922097956035,0.496490551484767
"US-Wi6","hourly","air_temperature","2002-05-05 16:00:00","2003-10-27 20:00:00",12965,6663,6437,0.513922097956035,0.496490551484767
"US-Wi6","hourly","net_radiation","2002-05-05 16:00:00","2003-10-27 20:00:00",12965,6192,5896,0.477593521018126,0.45476282298496
"US-Wi6","6_hourly","ET","2002-05-05 12:00:00","2003-10-27 18:00:00",2162,1018,882,0.470860314523589,0.40795559666975
"US-Wi6","6_hourly","soil_water_potential","2002-05-05 12:00:00","2003-10-27 18:00:00",2162,0,0,0,0
"US-Wi6","6_hourly","VPD","2002-05-05 12:00:00","2003-10-27 18:00:00",2162,1024,888,0.4736355226642,0.410730804810361
"US-Wi6","6_hourly","air_temperature","2002-05-05 12:00:00","2003-10-27 18:00:00",2162,1024,888,0.4736355226642,0.410730804810361
"US-Wi6","6_hourly","net_radiation","2002-05-05 12:00:00","2003-10-27 18:00:00",2162,924,823,0.427382053654024,0.380666049953747
"US-Wi6","daily","ET","2002-05-05","2003-10-27",541,216,216,0.399260628465804,0.399260628465804
"US-Wi6","daily","soil_water_potential","2002-05-05","2003-10-27",541,0,0,0,0
"US-Wi6","daily","VPD","2002-05-05","2003-10-27",541,216,216,0.399260628465804,0.399260628465804
"US-Wi6","daily","air_temperature","2002-05-05","2003-10-27",541,216,216,0.399260628465804,0.399260628465804
"US-Wi6","daily","net_radiation","2002-05-05","2003-10-27",541,198,198,0.365988909426987,0.365988909426987
"US-Wi6","weekly","ET","2002-04-29","2003-10-27",79,27,27,0.341772151898734,0.341772151898734
"US-Wi6","weekly","soil_water_potential","2002-04-29","2003-10-27",79,0,0,0,0
"US-Wi6","weekly","VPD","2002-04-29","2003-10-27",79,27,27,0.341772151898734,0.341772151898734
"US-Wi6","weekly","air_temperature","2002-04-29","2003-10-27",79,27,27,0.341772151898734,0.341772151898734
"US-Wi6","weekly","net_radiation","2002-04-29","2003-10-27",79,27,27,0.341772151898734,0.341772151898734
"US-Wi6","monthly","ET","2002-05-01","2003-10-01",18,7,0,0.388888888888889,0
"US-Wi6","monthly","soil_water_potential","2002-05-01","2003-10-01",18,0,0,0,0
"US-Wi6","monthly","VPD","2002-05-01","2003-10-01",18,7,0,0.388888888888889,0
"US-Wi6","monthly","air_temperature","2002-05-01","2003-10-01",18,7,0,0.388888888888889,0
"US-Wi6","monthly","net_radiation","2002-05-01","2003-10-01",18,6,0,0.333333333333333,0
"US-Wi7","hourly","ET","2005-05-21 20:00:00","2005-11-08 16:00:00",4101,4080,4069,0.99487929773226,0.992197025115825
"US-Wi7","hourly","soil_water_potential","2005-05-21 20:00:00","2005-11-08 16:00:00",4101,0,0,0,0
"US-Wi7","hourly","VPD","2005-05-21 20:00:00","2005-11-08 16:00:00",4101,4097,4093,0.999024628139478,0.998049256278956
"US-Wi7","hourly","air_temperature","2005-05-21 20:00:00","2005-11-08 16:00:00",4101,4097,4093,0.999024628139478,0.998049256278956
"US-Wi7","hourly","net_radiation","2005-05-21 20:00:00","2005-11-08 16:00:00",4101,3768,3767,0.918800292611558,0.918556449646428
"US-Wi7","6_hourly","ET","2005-05-21 18:00:00","2005-11-08 12:00:00",684,677,673,0.989766081871345,0.983918128654971
"US-Wi7","6_hourly","soil_water_potential","2005-05-21 18:00:00","2005-11-08 12:00:00",684,0,0,0,0
"US-Wi7","6_hourly","VPD","2005-05-21 18:00:00","2005-11-08 12:00:00",684,681,679,0.995614035087719,0.992690058479532
"US-Wi7","6_hourly","air_temperature","2005-05-21 18:00:00","2005-11-08 12:00:00",684,681,679,0.995614035087719,0.992690058479532
"US-Wi7","6_hourly","net_radiation","2005-05-21 18:00:00","2005-11-08 12:00:00",684,628,627,0.91812865497076,0.916666666666667
"US-Wi7","daily","ET","2005-05-21","2005-11-08",172,169,169,0.982558139534884,0.982558139534884
"US-Wi7","daily","soil_water_potential","2005-05-21","2005-11-08",172,0,0,0,0
"US-Wi7","daily","VPD","2005-05-21","2005-11-08",172,170,170,0.988372093023256,0.988372093023256
"US-Wi7","daily","air_temperature","2005-05-21","2005-11-08",172,170,170,0.988372093023256,0.988372093023256
"US-Wi7","daily","net_radiation","2005-05-21","2005-11-08",172,156,156,0.906976744186046,0.906976744186046
"US-Wi7","weekly","ET","2005-05-16","2005-11-07",26,24,24,0.923076923076923,0.923076923076923
"US-Wi7","weekly","soil_water_potential","2005-05-16","2005-11-07",26,0,0,0,0
"US-Wi7","weekly","VPD","2005-05-16","2005-11-07",26,24,24,0.923076923076923,0.923076923076923
"US-Wi7","weekly","air_temperature","2005-05-16","2005-11-07",26,24,24,0.923076923076923,0.923076923076923
"US-Wi7","weekly","net_radiation","2005-05-16","2005-11-07",26,22,22,0.846153846153846,0.846153846153846
"US-Wi7","monthly","ET","2005-05-01","2005-11-01",7,5,0,0.714285714285714,0
"US-Wi7","monthly","soil_water_potential","2005-05-01","2005-11-01",7,0,0,0,0
"US-Wi7","monthly","VPD","2005-05-01","2005-11-01",7,5,0,0.714285714285714,0
"US-Wi7","monthly","air_temperature","2005-05-01","2005-11-01",7,5,0,0.714285714285714,0
"US-Wi7","monthly","net_radiation","2005-05-01","2005-11-01",7,5,0,0.714285714285714,0
"US-Wi8","hourly","ET","2002-05-16 15:00:00","2002-11-07 15:00:00",4201,4171,4166,0.992858843132587,0.991668650321352
"US-Wi8","hourly","soil_water_potential","2002-05-16 15:00:00","2002-11-07 15:00:00",4201,0,0,0,0
"US-Wi8","hourly","VPD","2002-05-16 15:00:00","2002-11-07 15:00:00",4201,4176,4174,0.994049035943823,0.993572958819329
"US-Wi8","hourly","air_temperature","2002-05-16 15:00:00","2002-11-07 15:00:00",4201,4176,4174,0.994049035943823,0.993572958819329
"US-Wi8","hourly","net_radiation","2002-05-16 15:00:00","2002-11-07 15:00:00",4201,4174,4172,0.993572958819329,0.993096881694835
"US-Wi8","6_hourly","ET","2002-05-16 12:00:00","2002-11-07 12:00:00",701,693,690,0.988587731811698,0.984308131241084
"US-Wi8","6_hourly","soil_water_potential","2002-05-16 12:00:00","2002-11-07 12:00:00",701,0,0,0,0
"US-Wi8","6_hourly","VPD","2002-05-16 12:00:00","2002-11-07 12:00:00",701,695,693,0.991440798858773,0.988587731811698
"US-Wi8","6_hourly","air_temperature","2002-05-16 12:00:00","2002-11-07 12:00:00",701,695,693,0.991440798858773,0.988587731811698
"US-Wi8","6_hourly","net_radiation","2002-05-16 12:00:00","2002-11-07 12:00:00",701,695,693,0.991440798858773,0.988587731811698
"US-Wi8","daily","ET","2002-05-16","2002-11-07",176,172,172,0.977272727272727,0.977272727272727
"US-Wi8","daily","soil_water_potential","2002-05-16","2002-11-07",176,0,0,0,0
"US-Wi8","daily","VPD","2002-05-16","2002-11-07",176,172,172,0.977272727272727,0.977272727272727
"US-Wi8","daily","air_temperature","2002-05-16","2002-11-07",176,172,172,0.977272727272727,0.977272727272727
"US-Wi8","daily","net_radiation","2002-05-16","2002-11-07",176,172,172,0.977272727272727,0.977272727272727
"US-Wi8","weekly","ET","2002-05-13","2002-11-04",26,24,24,0.923076923076923,0.923076923076923
"US-Wi8","weekly","soil_water_potential","2002-05-13","2002-11-04",26,0,0,0,0
"US-Wi8","weekly","VPD","2002-05-13","2002-11-04",26,24,24,0.923076923076923,0.923076923076923
"US-Wi8","weekly","air_temperature","2002-05-13","2002-11-04",26,24,24,0.923076923076923,0.923076923076923
"US-Wi8","weekly","net_radiation","2002-05-13","2002-11-04",26,24,24,0.923076923076923,0.923076923076923
"US-Wi8","monthly","ET","2002-05-01","2002-11-01",7,5,0,0.714285714285714,0
"US-Wi8","monthly","soil_water_potential","2002-05-01","2002-11-01",7,0,0,0,0
"US-Wi8","monthly","VPD","2002-05-01","2002-11-01",7,5,0,0.714285714285714,0
"US-Wi8","monthly","air_temperature","2002-05-01","2002-11-01",7,5,0,0.714285714285714,0
"US-Wi8","monthly","net_radiation","2002-05-01","2002-11-01",7,5,0,0.714285714285714,0
"US-Wi9","hourly","ET","2004-04-19 14:00:00","2005-11-01 08:00:00",13459,8205,8126,0.609629244371796,0.603759566089605
"US-Wi9","hourly","soil_water_potential","2004-04-19 14:00:00","2005-11-01 08:00:00",13459,0,0,0,0
"US-Wi9","hourly","VPD","2004-04-19 14:00:00","2005-11-01 08:00:00",13459,9355,9330,0.695073928226466,0.69321643509919
"US-Wi9","hourly","air_temperature","2004-04-19 14:00:00","2005-11-01 08:00:00",13459,9355,9330,0.695073928226466,0.69321643509919
"US-Wi9","hourly","net_radiation","2004-04-19 14:00:00","2005-11-01 08:00:00",13459,7009,7001,0.520766773162939,0.520172375362211
"US-Wi9","6_hourly","ET","2004-04-19 12:00:00","2005-11-01 06:00:00",2244,1343,1308,0.598484848484849,0.582887700534759
"US-Wi9","6_hourly","soil_water_potential","2004-04-19 12:00:00","2005-11-01 06:00:00",2244,0,0,0,0
"US-Wi9","6_hourly","VPD","2004-04-19 12:00:00","2005-11-01 06:00:00",2244,1553,1536,0.692067736185383,0.684491978609626
"US-Wi9","6_hourly","air_temperature","2004-04-19 12:00:00","2005-11-01 06:00:00",2244,1553,1536,0.692067736185383,0.684491978609626
"US-Wi9","6_hourly","net_radiation","2004-04-19 12:00:00","2005-11-01 06:00:00",2244,1166,1160,0.519607843137255,0.516934046345811
"US-Wi9","daily","ET","2004-04-19","2005-11-01",562,336,336,0.597864768683274,0.597864768683274
"US-Wi9","daily","soil_water_potential","2004-04-19","2005-11-01",562,0,0,0,0
"US-Wi9","daily","VPD","2004-04-19","2005-11-01",562,386,386,0.686832740213523,0.686832740213523
"US-Wi9","daily","air_temperature","2004-04-19","2005-11-01",562,386,386,0.686832740213523,0.686832740213523
"US-Wi9","daily","net_radiation","2004-04-19","2005-11-01",562,289,289,0.51423487544484,0.51423487544484
"US-Wi9","weekly","ET","2004-04-19","2005-10-31",81,48,48,0.592592592592593,0.592592592592593
"US-Wi9","weekly","soil_water_potential","2004-04-19","2005-10-31",81,0,0,0,0
"US-Wi9","weekly","VPD","2004-04-19","2005-10-31",81,54,54,0.666666666666667,0.666666666666667
"US-Wi9","weekly","air_temperature","2004-04-19","2005-10-31",81,54,54,0.666666666666667,0.666666666666667
"US-Wi9","weekly","net_radiation","2004-04-19","2005-10-31",81,39,39,0.481481481481481,0.481481481481481
"US-Wi9","monthly","ET","2004-04-01","2005-11-01",20,10,0,0.5,0
"US-Wi9","monthly","soil_water_potential","2004-04-01","2005-11-01",20,0,0,0,0
"US-Wi9","monthly","VPD","2004-04-01","2005-11-01",20,11,0,0.55,0
"US-Wi9","monthly","air_temperature","2004-04-01","2005-11-01",20,11,0,0.55,0
"US-Wi9","monthly","net_radiation","2004-04-01","2005-11-01",20,9,0,0.45,0
"US-Wjs","hourly","ET","2007-05-04 12:00:00","2021-12-31 23:00:00",128532,125148,125048,0.973671926057324,0.97289390968786
"US-Wjs","hourly","soil_water_potential","2007-05-04 12:00:00","2021-12-31 23:00:00",128532,0,0,0,0
"US-Wjs","hourly","VPD","2007-05-04 12:00:00","2021-12-31 23:00:00",128532,123138,123007,0.958033797031089,0.957014595587091
"US-Wjs","hourly","air_temperature","2007-05-04 12:00:00","2021-12-31 23:00:00",128532,124670,124560,0.969953007811284,0.969097189804873
"US-Wjs","hourly","net_radiation","2007-05-04 12:00:00","2021-12-31 23:00:00",128532,108585,107847,0.844809074782933,0.839067313976286
"US-Wjs","6_hourly","ET","2007-05-04 12:00:00","2021-12-31 18:00:00",21422,20834,20771,0.972551582485295,0.96961068060872
"US-Wjs","6_hourly","soil_water_potential","2007-05-04 12:00:00","2021-12-31 18:00:00",21422,0,0,0,0
"US-Wjs","6_hourly","VPD","2007-05-04 12:00:00","2021-12-31 18:00:00",21422,20496,20414,0.956773410512557,0.952945569974792
"US-Wjs","6_hourly","air_temperature","2007-05-04 12:00:00","2021-12-31 18:00:00",21422,20752,20684,0.968723741947531,0.965549435160116
"US-Wjs","6_hourly","net_radiation","2007-05-04 12:00:00","2021-12-31 18:00:00",21422,17903,17523,0.835729623751284,0.817990850527495
"US-Wjs","daily","ET","2007-05-04","2021-12-31",5356,5205,5205,0.971807318894698,0.971807318894698
"US-Wjs","daily","soil_water_potential","2007-05-04","2021-12-31",5356,0,0,0,0
"US-Wjs","daily","VPD","2007-05-04","2021-12-31",5356,5120,5120,0.955937266616878,0.955937266616878
"US-Wjs","daily","air_temperature","2007-05-04","2021-12-31",5356,5185,5185,0.968073188946975,0.968073188946975
"US-Wjs","daily","net_radiation","2007-05-04","2021-12-31",5356,4420,4420,0.825242718446602,0.825242718446602
"US-Wjs","weekly","ET","2007-04-30","2021-12-27",766,741,741,0.967362924281984,0.967362924281984
"US-Wjs","weekly","soil_water_potential","2007-04-30","2021-12-27",766,0,0,0,0
"US-Wjs","weekly","VPD","2007-04-30","2021-12-27",766,725,725,0.946475195822454,0.946475195822454
"US-Wjs","weekly","air_temperature","2007-04-30","2021-12-27",766,737,737,0.962140992167102,0.962140992167102
"US-Wjs","weekly","net_radiation","2007-04-30","2021-12-27",766,623,623,0.81331592689295,0.81331592689295
"US-Wjs","monthly","ET","2007-05-01","2021-12-01",176,168,168,0.954545454545455,0.954545454545455
"US-Wjs","monthly","soil_water_potential","2007-05-01","2021-12-01",176,0,0,0,0
"US-Wjs","monthly","VPD","2007-05-01","2021-12-01",176,163,163,0.926136363636364,0.926136363636364
"US-Wjs","monthly","air_temperature","2007-05-01","2021-12-01",176,166,166,0.943181818181818,0.943181818181818
"US-Wjs","monthly","net_radiation","2007-05-01","2021-12-01",176,137,137,0.778409090909091,0.778409090909091
"US-Wkg","hourly","ET","2004-05-05 23:00:00","2021-12-31 23:00:00",154777,154589,154492,0.998785349244397,0.998158641141772
"US-Wkg","hourly","soil_water_potential","2004-05-05 23:00:00","2021-12-31 23:00:00",154777,154769,154765,0.999948312733804,0.999922469100706
"US-Wkg","hourly","VPD","2004-05-05 23:00:00","2021-12-31 23:00:00",154777,154761,154757,0.999896625467608,0.99987078183451
"US-Wkg","hourly","air_temperature","2004-05-05 23:00:00","2021-12-31 23:00:00",154777,154762,154759,0.999903086375883,0.999883703651059
"US-Wkg","hourly","net_radiation","2004-05-05 23:00:00","2021-12-31 23:00:00",154777,153201,153099,0.989817608559411,0.989158595915414
"US-Wkg","6_hourly","ET","2004-05-05 18:00:00","2021-12-31 18:00:00",25797,25752,25714,0.998255611117572,0.996782571616855
"US-Wkg","6_hourly","soil_water_potential","2004-05-05 18:00:00","2021-12-31 18:00:00",25797,25794,25791,0.999883707407838,0.999767414815676
"US-Wkg","6_hourly","VPD","2004-05-05 18:00:00","2021-12-31 18:00:00",25797,25793,25790,0.999844943210451,0.999728650618289
"US-Wkg","6_hourly","air_temperature","2004-05-05 18:00:00","2021-12-31 18:00:00",25797,25793,25790,0.999844943210451,0.999728650618289
"US-Wkg","6_hourly","net_radiation","2004-05-05 18:00:00","2021-12-31 18:00:00",25797,25504,25449,0.988642090165523,0.986510059309222
"US-Wkg","daily","ET","2004-05-05","2021-12-31",6450,6443,6443,0.998914728682171,0.998914728682171
"US-Wkg","daily","soil_water_potential","2004-05-05","2021-12-31",6450,6449,6449,0.99984496124031,0.99984496124031
"US-Wkg","daily","VPD","2004-05-05","2021-12-31",6450,6448,6448,0.99968992248062,0.99968992248062
"US-Wkg","daily","air_temperature","2004-05-05","2021-12-31",6450,6448,6448,0.99968992248062,0.99968992248062
"US-Wkg","daily","net_radiation","2004-05-05","2021-12-31",6450,6369,6369,0.987441860465116,0.987441860465116
"US-Wkg","weekly","ET","2004-05-03","2021-12-27",922,920,920,0.997830802603037,0.997830802603037
"US-Wkg","weekly","soil_water_potential","2004-05-03","2021-12-27",922,920,920,0.997830802603037,0.997830802603037
"US-Wkg","weekly","VPD","2004-05-03","2021-12-27",922,920,920,0.997830802603037,0.997830802603037
"US-Wkg","weekly","air_temperature","2004-05-03","2021-12-27",922,920,920,0.997830802603037,0.997830802603037
"US-Wkg","weekly","net_radiation","2004-05-03","2021-12-27",922,907,907,0.983731019522777,0.983731019522777
"US-Wkg","monthly","ET","2004-05-01","2021-12-01",212,212,212,1,1
"US-Wkg","monthly","soil_water_potential","2004-05-01","2021-12-01",212,212,212,1,1
"US-Wkg","monthly","VPD","2004-05-01","2021-12-01",212,212,212,1,1
"US-Wkg","monthly","air_temperature","2004-05-01","2021-12-01",212,212,212,1,1
"US-Wkg","monthly","net_radiation","2004-05-01","2021-12-01",212,212,212,1,1
"US-xAB","hourly","ET","2017-07-31 15:00:00","2023-12-31 23:00:00",56265,46828,46487,0.83227583755443,0.826215231493824
"US-xAB","hourly","soil_water_potential","2017-07-31 15:00:00","2023-12-31 23:00:00",56265,55825,55754,0.992179863147605,0.990917977428241
"US-xAB","hourly","VPD","2017-07-31 15:00:00","2023-12-31 23:00:00",56265,53014,52957,0.942219852483782,0.941206789300631
"US-xAB","hourly","air_temperature","2017-07-31 15:00:00","2023-12-31 23:00:00",56265,55297,55232,0.982795698924731,0.981640451435173
"US-xAB","hourly","net_radiation","2017-07-31 15:00:00","2023-12-31 23:00:00",56265,54655,54537,0.971385408335555,0.969288189816049
"US-xAB","6_hourly","ET","2017-07-31 12:00:00","2023-12-31 18:00:00",9378,7699,7558,0.820963958200043,0.805928769460439
"US-xAB","6_hourly","soil_water_potential","2017-07-31 12:00:00","2023-12-31 18:00:00",9378,9289,9258,0.990509703561527,0.987204094689699
"US-xAB","6_hourly","VPD","2017-07-31 12:00:00","2023-12-31 18:00:00",9378,8820,8789,0.940499040307102,0.937193431435274
"US-xAB","6_hourly","air_temperature","2017-07-31 12:00:00","2023-12-31 18:00:00",9378,9197,9162,0.980699509490296,0.976967370441459
"US-xAB","6_hourly","net_radiation","2017-07-31 12:00:00","2023-12-31 18:00:00",9378,9076,9016,0.967796971635743,0.961399018980593
"US-xAB","daily","ET","2017-07-31","2023-12-31",2345,1935,1935,0.825159914712154,0.825159914712154
"US-xAB","daily","soil_water_potential","2017-07-31","2023-12-31",2345,2324,2324,0.991044776119403,0.991044776119403
"US-xAB","daily","VPD","2017-07-31","2023-12-31",2345,2205,2205,0.940298507462687,0.940298507462687
"US-xAB","daily","air_temperature","2017-07-31","2023-12-31",2345,2300,2300,0.980810234541578,0.980810234541578
"US-xAB","daily","net_radiation","2017-07-31","2023-12-31",2345,2271,2271,0.968443496801706,0.968443496801706
"US-xAB","weekly","ET","2017-07-31","2023-12-25",335,274,274,0.817910447761194,0.817910447761194
"US-xAB","weekly","soil_water_potential","2017-07-31","2023-12-25",335,332,332,0.991044776119403,0.991044776119403
"US-xAB","weekly","VPD","2017-07-31","2023-12-25",335,316,316,0.943283582089552,0.943283582089552
"US-xAB","weekly","air_temperature","2017-07-31","2023-12-25",335,329,329,0.982089552238806,0.982089552238806
"US-xAB","weekly","net_radiation","2017-07-31","2023-12-25",335,325,325,0.970149253731343,0.970149253731343
"US-xAB","monthly","ET","2017-07-01","2023-12-01",78,62,62,0.794871794871795,0.794871794871795
"US-xAB","monthly","soil_water_potential","2017-07-01","2023-12-01",78,77,77,0.987179487179487,0.987179487179487
"US-xAB","monthly","VPD","2017-07-01","2023-12-01",78,73,73,0.935897435897436,0.935897435897436
"US-xAB","monthly","air_temperature","2017-07-01","2023-12-01",78,76,76,0.974358974358974,0.974358974358974
"US-xAB","monthly","net_radiation","2017-07-01","2023-12-01",78,76,76,0.974358974358974,0.974358974358974
"US-xAE","hourly","ET","2017-08-31 17:00:00","2021-12-31 23:00:00",37999,22708,22380,0.597594673544041,0.58896286744388
"US-xAE","hourly","soil_water_potential","2017-08-31 17:00:00","2021-12-31 23:00:00",37999,20316,20168,0.534645648569699,0.530750809231822
"US-xAE","hourly","VPD","2017-08-31 17:00:00","2021-12-31 23:00:00",37999,34563,34474,0.909576567804416,0.907234400905287
"US-xAE","hourly","air_temperature","2017-08-31 17:00:00","2021-12-31 23:00:00",37999,37852,37830,0.996131477144135,0.995552514539856
"US-xAE","hourly","net_radiation","2017-08-31 17:00:00","2021-12-31 23:00:00",37999,37766,37720,0.993868259691045,0.992657701518461
"US-xAE","6_hourly","ET","2017-08-31 12:00:00","2021-12-31 18:00:00",6334,3709,3595,0.585569940006315,0.567571834543732
"US-xAE","6_hourly","soil_water_potential","2017-08-31 12:00:00","2021-12-31 18:00:00",6334,3363,3321,0.530944111146195,0.524313230186296
"US-xAE","6_hourly","VPD","2017-08-31 12:00:00","2021-12-31 18:00:00",6334,5744,5708,0.906851910325229,0.901168298073887
"US-xAE","6_hourly","air_temperature","2017-08-31 12:00:00","2021-12-31 18:00:00",6334,6304,6293,0.995263656457215,0.993526997158194
"US-xAE","6_hourly","net_radiation","2017-08-31 12:00:00","2021-12-31 18:00:00",6334,6290,6272,0.993053362803915,0.990211556678244
"US-xAE","daily","ET","2017-08-31","2021-12-31",1584,912,912,0.575757575757576,0.575757575757576
"US-xAE","daily","soil_water_potential","2017-08-31","2021-12-31",1584,837,837,0.528409090909091,0.528409090909091
"US-xAE","daily","VPD","2017-08-31","2021-12-31",1584,1434,1434,0.90530303030303,0.90530303030303
"US-xAE","daily","air_temperature","2017-08-31","2021-12-31",1584,1576,1576,0.994949494949495,0.994949494949495
"US-xAE","daily","net_radiation","2017-08-31","2021-12-31",1584,1573,1573,0.993055555555556,0.993055555555556
"US-xAE","weekly","ET","2017-08-28","2021-12-27",227,128,128,0.563876651982379,0.563876651982379
"US-xAE","weekly","soil_water_potential","2017-08-28","2021-12-27",227,119,119,0.524229074889868,0.524229074889868
"US-xAE","weekly","VPD","2017-08-28","2021-12-27",227,202,202,0.889867841409692,0.889867841409692
"US-xAE","weekly","air_temperature","2017-08-28","2021-12-27",227,224,224,0.986784140969163,0.986784140969163
"US-xAE","weekly","net_radiation","2017-08-28","2021-12-27",227,224,224,0.986784140969163,0.986784140969163
"US-xAE","monthly","ET","2017-08-01","2021-12-01",53,28,28,0.528301886792453,0.528301886792453
"US-xAE","monthly","soil_water_potential","2017-08-01","2021-12-01",53,26,26,0.490566037735849,0.490566037735849
"US-xAE","monthly","VPD","2017-08-01","2021-12-01",53,47,47,0.886792452830189,0.886792452830189
"US-xAE","monthly","air_temperature","2017-08-01","2021-12-01",53,52,52,0.981132075471698,0.981132075471698
"US-xAE","monthly","net_radiation","2017-08-01","2021-12-01",53,52,52,0.981132075471698,0.981132075471698
"US-xBL","hourly","ET","2019-01-01","2021-12-31 23:00:00",26304,15306,15121,0.581888686131387,0.574855535279805
"US-xBL","hourly","soil_water_potential","2019-01-01","2021-12-31 23:00:00",26304,24711,24667,0.939438868613139,0.937766119221411
"US-xBL","hourly","VPD","2019-01-01","2021-12-31 23:00:00",26304,26042,26029,0.990039537712895,0.989545316301703
"US-xBL","hourly","air_temperature","2019-01-01","2021-12-31 23:00:00",26304,26042,26029,0.990039537712895,0.989545316301703
"US-xBL","hourly","net_radiation","2019-01-01","2021-12-31 23:00:00",26304,25249,25223,0.95989203163017,0.958903588807786
"US-xBL","6_hourly","ET","2019-01-01","2021-12-31 18:00:00",4384,2512,2442,0.572992700729927,0.557025547445255
"US-xBL","6_hourly","soil_water_potential","2019-01-01","2021-12-31 18:00:00",4384,4107,4091,0.936815693430657,0.933166058394161
"US-xBL","6_hourly","VPD","2019-01-01","2021-12-31 18:00:00",4384,4338,4333,0.989507299270073,0.988366788321168
"US-xBL","6_hourly","air_temperature","2019-01-01","2021-12-31 18:00:00",4384,4338,4333,0.989507299270073,0.988366788321168
"US-xBL","6_hourly","net_radiation","2019-01-01","2021-12-31 18:00:00",4384,4207,4199,0.959625912408759,0.957801094890511
"US-xBL","daily","ET","2019-01-01","2021-12-31",1096,634,634,0.578467153284672,0.578467153284672
"US-xBL","daily","soil_water_potential","2019-01-01","2021-12-31",1096,1028,1028,0.937956204379562,0.937956204379562
"US-xBL","daily","VPD","2019-01-01","2021-12-31",1096,1083,1083,0.988138686131387,0.988138686131387
"US-xBL","daily","air_temperature","2019-01-01","2021-12-31",1096,1083,1083,0.988138686131387,0.988138686131387
"US-xBL","daily","net_radiation","2019-01-01","2021-12-31",1096,1049,1049,0.957116788321168,0.957116788321168
"US-xBL","weekly","ET","2018-12-31","2021-12-27",157,88,88,0.560509554140127,0.560509554140127
"US-xBL","weekly","soil_water_potential","2018-12-31","2021-12-27",157,145,145,0.923566878980892,0.923566878980892
"US-xBL","weekly","VPD","2018-12-31","2021-12-27",157,154,154,0.980891719745223,0.980891719745223
"US-xBL","weekly","air_temperature","2018-12-31","2021-12-27",157,154,154,0.980891719745223,0.980891719745223
"US-xBL","weekly","net_radiation","2018-12-31","2021-12-27",157,149,149,0.949044585987261,0.949044585987261
"US-xBL","monthly","ET","2019-01-01","2021-12-01",36,20,20,0.555555555555556,0.555555555555556
"US-xBL","monthly","soil_water_potential","2019-01-01","2021-12-01",36,34,34,0.944444444444444,0.944444444444444
"US-xBL","monthly","VPD","2019-01-01","2021-12-01",36,36,36,1,1
"US-xBL","monthly","air_temperature","2019-01-01","2021-12-01",36,36,36,1,1
"US-xBL","monthly","net_radiation","2019-01-01","2021-12-01",36,35,35,0.972222222222222,0.972222222222222
"US-xBR","hourly","ET","2017-01-31 17:00:00","2021-12-31 23:00:00",43087,35961,35605,0.834613688583563,0.826351335669692
"US-xBR","hourly","soil_water_potential","2017-01-31 17:00:00","2021-12-31 23:00:00",43087,23514,23012,0.545733051732541,0.534082205769722
"US-xBR","hourly","VPD","2017-01-31 17:00:00","2021-12-31 23:00:00",43087,42625,42573,0.989277508297166,0.988070647759185
"US-xBR","hourly","air_temperature","2017-01-31 17:00:00","2021-12-31 23:00:00",43087,42629,42578,0.989370343723165,0.988186692041683
"US-xBR","hourly","net_radiation","2017-01-31 17:00:00","2021-12-31 23:00:00",43087,42132,41988,0.977835542042844,0.974493466706895
"US-xBR","6_hourly","ET","2017-01-31 12:00:00","2021-12-31 18:00:00",7182,5929,5799,0.825536062378168,0.807435254803676
"US-xBR","6_hourly","soil_water_potential","2017-01-31 12:00:00","2021-12-31 18:00:00",7182,3751,3521,0.522277917014759,0.490253411306043
"US-xBR","6_hourly","VPD","2017-01-31 12:00:00","2021-12-31 18:00:00",7182,7099,7076,0.988443330548594,0.985240879977722
"US-xBR","6_hourly","air_temperature","2017-01-31 12:00:00","2021-12-31 18:00:00",7182,7101,7080,0.988721804511278,0.985797827903091
"US-xBR","6_hourly","net_radiation","2017-01-31 12:00:00","2021-12-31 18:00:00",7182,7001,6946,0.974798106377054,0.96714007240323
"US-xBR","daily","ET","2017-01-31","2021-12-31",1796,1488,1488,0.828507795100223,0.828507795100223
"US-xBR","daily","soil_water_potential","2017-01-31","2021-12-31",1796,875,875,0.487193763919822,0.487193763919822
"US-xBR","daily","VPD","2017-01-31","2021-12-31",1796,1776,1776,0.988864142538975,0.988864142538975
"US-xBR","daily","air_temperature","2017-01-31","2021-12-31",1796,1776,1776,0.988864142538975,0.988864142538975
"US-xBR","daily","net_radiation","2017-01-31","2021-12-31",1796,1753,1753,0.976057906458797,0.976057906458797
"US-xBR","weekly","ET","2017-01-30","2021-12-27",257,210,210,0.817120622568093,0.817120622568093
"US-xBR","weekly","soil_water_potential","2017-01-30","2021-12-27",257,120,120,0.466926070038911,0.466926070038911
"US-xBR","weekly","VPD","2017-01-30","2021-12-27",257,253,253,0.98443579766537,0.98443579766537
"US-xBR","weekly","air_temperature","2017-01-30","2021-12-27",257,253,253,0.98443579766537,0.98443579766537
"US-xBR","weekly","net_radiation","2017-01-30","2021-12-27",257,251,251,0.976653696498054,0.976653696498054
"US-xBR","monthly","ET","2017-01-01","2021-12-01",60,48,48,0.8,0.8
"US-xBR","monthly","soil_water_potential","2017-01-01","2021-12-01",60,27,27,0.45,0.45
"US-xBR","monthly","VPD","2017-01-01","2021-12-01",60,58,58,0.966666666666667,0.966666666666667
"US-xBR","monthly","air_temperature","2017-01-01","2021-12-01",60,58,58,0.966666666666667,0.966666666666667
"US-xBR","monthly","net_radiation","2017-01-01","2021-12-01",60,58,58,0.966666666666667,0.966666666666667
"US-xCL","hourly","ET","2017-10-31 17:00:00","2021-12-31 23:00:00",36535,22636,22414,0.619570275078692,0.613493909949364
"US-xCL","hourly","soil_water_potential","2017-10-31 17:00:00","2021-12-31 23:00:00",36535,17157,16762,0.469604488846312,0.458792938278363
"US-xCL","hourly","VPD","2017-10-31 17:00:00","2021-12-31 23:00:00",36535,36402,36377,0.996359655125222,0.995675379772821
"US-xCL","hourly","air_temperature","2017-10-31 17:00:00","2021-12-31 23:00:00",36535,36410,36387,0.996578623237991,0.995949089913781
"US-xCL","hourly","net_radiation","2017-10-31 17:00:00","2021-12-31 23:00:00",36535,34729,34650,0.950567948542493,0.948405638428904
"US-xCL","6_hourly","ET","2017-10-31 12:00:00","2021-12-31 18:00:00",6090,3712,3623,0.60952380952381,0.594909688013136
"US-xCL","6_hourly","soil_water_potential","2017-10-31 12:00:00","2021-12-31 18:00:00",6090,2748,2599,0.451231527093596,0.426765188834154
"US-xCL","6_hourly","VPD","2017-10-31 12:00:00","2021-12-31 18:00:00",6090,6062,6048,0.995402298850575,0.993103448275862
"US-xCL","6_hourly","air_temperature","2017-10-31 12:00:00","2021-12-31 18:00:00",6090,6064,6051,0.995730706075534,0.993596059113301
"US-xCL","6_hourly","net_radiation","2017-10-31 12:00:00","2021-12-31 18:00:00",6090,5785,5760,0.94991789819376,0.945812807881773
"US-xCL","daily","ET","2017-10-31","2021-12-31",1523,923,923,0.606040709126724,0.606040709126724
"US-xCL","daily","soil_water_potential","2017-10-31","2021-12-31",1523,636,636,0.417596848325673,0.417596848325673
"US-xCL","daily","VPD","2017-10-31","2021-12-31",1523,1517,1517,0.996060407091267,0.996060407091267
"US-xCL","daily","air_temperature","2017-10-31","2021-12-31",1523,1517,1517,0.996060407091267,0.996060407091267
"US-xCL","daily","net_radiation","2017-10-31","2021-12-31",1523,1442,1442,0.946815495732108,0.946815495732108
"US-xCL","weekly","ET","2017-10-30","2021-12-27",218,127,127,0.582568807339449,0.582568807339449
"US-xCL","weekly","soil_water_potential","2017-10-30","2021-12-27",218,89,89,0.408256880733945,0.408256880733945
"US-xCL","weekly","VPD","2017-10-30","2021-12-27",218,216,216,0.990825688073395,0.990825688073395
"US-xCL","weekly","air_temperature","2017-10-30","2021-12-27",218,216,216,0.990825688073395,0.990825688073395
"US-xCL","weekly","net_radiation","2017-10-30","2021-12-27",218,204,204,0.935779816513762,0.935779816513762
"US-xCL","monthly","ET","2017-10-01","2021-12-01",51,27,27,0.529411764705882,0.529411764705882
"US-xCL","monthly","soil_water_potential","2017-10-01","2021-12-01",51,20,20,0.392156862745098,0.392156862745098
"US-xCL","monthly","VPD","2017-10-01","2021-12-01",51,50,50,0.980392156862745,0.980392156862745
"US-xCL","monthly","air_temperature","2017-10-01","2021-12-01",51,50,50,0.980392156862745,0.980392156862745
"US-xCL","monthly","net_radiation","2017-10-01","2021-12-01",51,46,46,0.901960784313726,0.901960784313726
"US-xCP","hourly","ET","2016-11-30 05:00:00","2021-12-31 23:00:00",44587,29415,28888,0.65972144347007,0.647901854800727
"US-xCP","hourly","soil_water_potential","2016-11-30 05:00:00","2021-12-31 23:00:00",44587,16290,16109,0.365353129836051,0.36129365061565
"US-xCP","hourly","VPD","2016-11-30 05:00:00","2021-12-31 23:00:00",44587,43779,43739,0.98187812591114,0.980981003431494
"US-xCP","hourly","air_temperature","2016-11-30 05:00:00","2021-12-31 23:00:00",44587,43780,43740,0.981900553973131,0.981003431493485
"US-xCP","hourly","net_radiation","2016-11-30 05:00:00","2021-12-31 23:00:00",44587,41608,41513,0.933186803328324,0.931056137439164
"US-xCP","6_hourly","ET","2016-11-30","2021-12-31 18:00:00",7432,4789,4603,0.644375672766415,0.619348762109796
"US-xCP","6_hourly","soil_water_potential","2016-11-30","2021-12-31 18:00:00",7432,2649,2559,0.356431646932185,0.344321851453175
"US-xCP","6_hourly","VPD","2016-11-30","2021-12-31 18:00:00",7432,7283,7253,0.979951560818084,0.975914962325081
"US-xCP","6_hourly","air_temperature","2016-11-30","2021-12-31 18:00:00",7432,7284,7255,0.980086114101184,0.976184068891281
"US-xCP","6_hourly","net_radiation","2016-11-30","2021-12-31 18:00:00",7432,6924,6887,0.931646932185145,0.926668460710441
"US-xCP","daily","ET","2016-11-30","2021-12-31",1858,1193,1193,0.642088266953714,0.642088266953714
"US-xCP","daily","soil_water_potential","2016-11-30","2021-12-31",1858,639,639,0.343918191603875,0.343918191603875
"US-xCP","daily","VPD","2016-11-30","2021-12-31",1858,1823,1823,0.981162540365985,0.981162540365985
"US-xCP","daily","air_temperature","2016-11-30","2021-12-31",1858,1823,1823,0.981162540365985,0.981162540365985
"US-xCP","daily","net_radiation","2016-11-30","2021-12-31",1858,1723,1723,0.927341227125942,0.927341227125942
"US-xCP","weekly","ET","2016-11-28","2021-12-27",266,168,168,0.631578947368421,0.631578947368421
"US-xCP","weekly","soil_water_potential","2016-11-28","2021-12-27",266,91,91,0.342105263157895,0.342105263157895
"US-xCP","weekly","VPD","2016-11-28","2021-12-27",266,259,259,0.973684210526316,0.973684210526316
"US-xCP","weekly","air_temperature","2016-11-28","2021-12-27",266,259,259,0.973684210526316,0.973684210526316
"US-xCP","weekly","net_radiation","2016-11-28","2021-12-27",266,244,244,0.917293233082707,0.917293233082707
"US-xCP","monthly","ET","2016-11-01","2021-12-01",62,35,35,0.564516129032258,0.564516129032258
"US-xCP","monthly","soil_water_potential","2016-11-01","2021-12-01",62,20,20,0.32258064516129,0.32258064516129
"US-xCP","monthly","VPD","2016-11-01","2021-12-01",62,59,59,0.951612903225806,0.951612903225806
"US-xCP","monthly","air_temperature","2016-11-01","2021-12-01",62,59,59,0.951612903225806,0.951612903225806
"US-xCP","monthly","net_radiation","2016-11-01","2021-12-01",62,54,54,0.870967741935484,0.870967741935484
"US-xDC","hourly","ET","2017-08-31 17:00:00","2021-12-31 23:00:00",37999,34670,34439,0.912392431379773,0.906313324034843
"US-xDC","hourly","soil_water_potential","2017-08-31 17:00:00","2021-12-31 23:00:00",37999,25920,25774,0.682123213768783,0.678281007394931
"US-xDC","hourly","VPD","2017-08-31 17:00:00","2021-12-31 23:00:00",37999,37563,37545,0.98852601384247,0.988052317166241
"US-xDC","hourly","air_temperature","2017-08-31 17:00:00","2021-12-31 23:00:00",37999,37767,37750,0.993894576173057,0.993447195978842
"US-xDC","hourly","net_radiation","2017-08-31 17:00:00","2021-12-31 23:00:00",37999,37659,37598,0.991052396115687,0.989447090712913
"US-xDC","6_hourly","ET","2017-08-31 12:00:00","2021-12-31 18:00:00",6334,5721,5640,0.903220713609094,0.890432586043574
"US-xDC","6_hourly","soil_water_potential","2017-08-31 12:00:00","2021-12-31 18:00:00",6334,4263,4192,0.673034417429744,0.661825071045153
"US-xDC","6_hourly","VPD","2017-08-31 12:00:00","2021-12-31 18:00:00",6334,6256,6246,0.987685506788759,0.986106725607831
"US-xDC","6_hourly","air_temperature","2017-08-31 12:00:00","2021-12-31 18:00:00",6334,6289,6279,0.992895484685823,0.991316703504894
"US-xDC","6_hourly","net_radiation","2017-08-31 12:00:00","2021-12-31 18:00:00",6334,6272,6255,0.990211556678244,0.987527628670666
"US-xDC","daily","ET","2017-08-31","2021-12-31",1584,1433,1433,0.904671717171717,0.904671717171717
"US-xDC","daily","soil_water_potential","2017-08-31","2021-12-31",1584,1057,1057,0.66729797979798,0.66729797979798
"US-xDC","daily","VPD","2017-08-31","2021-12-31",1584,1565,1565,0.98800505050505,0.98800505050505
"US-xDC","daily","air_temperature","2017-08-31","2021-12-31",1584,1573,1573,0.993055555555556,0.993055555555556
"US-xDC","daily","net_radiation","2017-08-31","2021-12-31",1584,1571,1571,0.991792929292929,0.991792929292929
"US-xDC","weekly","ET","2017-08-28","2021-12-27",227,204,204,0.898678414096916,0.898678414096916
"US-xDC","weekly","soil_water_potential","2017-08-28","2021-12-27",227,150,150,0.66079295154185,0.66079295154185
"US-xDC","weekly","VPD","2017-08-28","2021-12-27",227,222,222,0.977973568281938,0.977973568281938
"US-xDC","weekly","air_temperature","2017-08-28","2021-12-27",227,224,224,0.986784140969163,0.986784140969163
"US-xDC","weekly","net_radiation","2017-08-28","2021-12-27",227,224,224,0.986784140969163,0.986784140969163
"US-xDC","monthly","ET","2017-08-01","2021-12-01",53,46,46,0.867924528301887,0.867924528301887
"US-xDC","monthly","soil_water_potential","2017-08-01","2021-12-01",53,32,32,0.60377358490566,0.60377358490566
"US-xDC","monthly","VPD","2017-08-01","2021-12-01",53,51,51,0.962264150943396,0.962264150943396
"US-xDC","monthly","air_temperature","2017-08-01","2021-12-01",53,52,52,0.981132075471698,0.981132075471698
"US-xDC","monthly","net_radiation","2017-08-01","2021-12-01",53,51,51,0.962264150943396,0.962264150943396
"US-xDL","hourly","ET","2017-02-28 19:00:00","2021-12-31 23:00:00",42413,27400,27057,0.64602834036734,0.637941197274421
"US-xDL","hourly","soil_water_potential","2017-02-28 19:00:00","2021-12-31 23:00:00",42413,14822,14711,0.349468323391413,0.346851201282626
"US-xDL","hourly","VPD","2017-02-28 19:00:00","2021-12-31 23:00:00",42413,38609,38571,0.910310518001556,0.909414566288638
"US-xDL","hourly","air_temperature","2017-02-28 19:00:00","2021-12-31 23:00:00",42413,39595,39569,0.933558107184118,0.932945087591069
"US-xDL","hourly","net_radiation","2017-02-28 19:00:00","2021-12-31 23:00:00",42413,41414,41356,0.976445901020913,0.97507839577488
"US-xDL","6_hourly","ET","2017-02-28 18:00:00","2021-12-31 18:00:00",7069,4480,4338,0.633753006082897,0.613665299193662
"US-xDL","6_hourly","soil_water_potential","2017-02-28 18:00:00","2021-12-31 18:00:00",7069,2447,2412,0.346159287027868,0.341208091667846
"US-xDL","6_hourly","VPD","2017-02-28 18:00:00","2021-12-31 18:00:00",7069,6427,6405,0.909180930824728,0.906068750884142
"US-xDL","6_hourly","air_temperature","2017-02-28 18:00:00","2021-12-31 18:00:00",7069,6593,6575,0.932663743103692,0.930117414061395
"US-xDL","6_hourly","net_radiation","2017-02-28 18:00:00","2021-12-31 18:00:00",7069,6887,6853,0.974253784127882,0.969444051492432
"US-xDL","daily","ET","2017-02-28","2021-12-31",1768,1112,1112,0.6289592760181,0.6289592760181
"US-xDL","daily","soil_water_potential","2017-02-28","2021-12-31",1768,611,611,0.345588235294118,0.345588235294118
"US-xDL","daily","VPD","2017-02-28","2021-12-31",1768,1608,1608,0.909502262443439,0.909502262443439
"US-xDL","daily","air_temperature","2017-02-28","2021-12-31",1768,1650,1650,0.933257918552036,0.933257918552036
"US-xDL","daily","net_radiation","2017-02-28","2021-12-31",1768,1720,1720,0.972850678733032,0.972850678733032
"US-xDL","weekly","ET","2017-02-27","2021-12-27",253,155,155,0.612648221343874,0.612648221343874
"US-xDL","weekly","soil_water_potential","2017-02-27","2021-12-27",253,84,84,0.33201581027668,0.33201581027668
"US-xDL","weekly","VPD","2017-02-27","2021-12-27",253,228,228,0.901185770750988,0.901185770750988
"US-xDL","weekly","air_temperature","2017-02-27","2021-12-27",253,234,234,0.924901185770751,0.924901185770751
"US-xDL","weekly","net_radiation","2017-02-27","2021-12-27",253,244,244,0.964426877470356,0.964426877470356
"US-xDL","monthly","ET","2017-02-01","2021-12-01",59,33,33,0.559322033898305,0.559322033898305
"US-xDL","monthly","soil_water_potential","2017-02-01","2021-12-01",59,18,18,0.305084745762712,0.305084745762712
"US-xDL","monthly","VPD","2017-02-01","2021-12-01",59,52,52,0.88135593220339,0.88135593220339
"US-xDL","monthly","air_temperature","2017-02-01","2021-12-01",59,54,54,0.915254237288136,0.915254237288136
"US-xDL","monthly","net_radiation","2017-02-01","2021-12-01",59,55,55,0.932203389830508,0.932203389830508
"US-xDS","hourly","ET","2017-02-28 18:00:00","2021-12-31 23:00:00",42414,22741,22599,0.536167303248927,0.532819352100722
"US-xDS","hourly","soil_water_potential","2017-02-28 18:00:00","2021-12-31 23:00:00",42414,6226,6106,0.14679115386429,0.143961899372849
"US-xDS","hourly","VPD","2017-02-28 18:00:00","2021-12-31 23:00:00",42414,40322,40263,0.95067666336587,0.949285613240911
"US-xDS","hourly","air_temperature","2017-02-28 18:00:00","2021-12-31 23:00:00",42414,42187,42159,0.994647993587023,0.993987834205687
"US-xDS","hourly","net_radiation","2017-02-28 18:00:00","2021-12-31 23:00:00",42414,42018,41973,0.990663460178243,0.989602489743952
"US-xDS","6_hourly","ET","2017-02-28 18:00:00","2021-12-31 18:00:00",7069,3763,3712,0.532324232564719,0.525109633611543
"US-xDS","6_hourly","soil_water_potential","2017-02-28 18:00:00","2021-12-31 18:00:00",7069,1009,975,0.142735889093224,0.137926156457773
"US-xDS","6_hourly","VPD","2017-02-28 18:00:00","2021-12-31 18:00:00",7069,6705,6672,0.948507568255765,0.943839298344886
"US-xDS","6_hourly","air_temperature","2017-02-28 18:00:00","2021-12-31 18:00:00",7069,7025,7007,0.993775640118829,0.991229311076531
"US-xDS","6_hourly","net_radiation","2017-02-28 18:00:00","2021-12-31 18:00:00",7069,6992,6961,0.98910737020795,0.984722025746216
"US-xDS","daily","ET","2017-02-28","2021-12-31",1768,943,943,0.533371040723982,0.533371040723982
"US-xDS","daily","soil_water_potential","2017-02-28","2021-12-31",1768,255,255,0.144230769230769,0.144230769230769
"US-xDS","daily","VPD","2017-02-28","2021-12-31",1768,1674,1674,0.94683257918552,0.94683257918552
"US-xDS","daily","air_temperature","2017-02-28","2021-12-31",1768,1753,1753,0.991515837104072,0.991515837104072
"US-xDS","daily","net_radiation","2017-02-28","2021-12-31",1768,1745,1745,0.986990950226244,0.986990950226244
"US-xDS","weekly","ET","2017-02-27","2021-12-27",253,134,134,0.529644268774704,0.529644268774704
"US-xDS","weekly","soil_water_potential","2017-02-27","2021-12-27",253,35,35,0.138339920948617,0.138339920948617
"US-xDS","weekly","VPD","2017-02-27","2021-12-27",253,240,240,0.948616600790514,0.948616600790514
"US-xDS","weekly","air_temperature","2017-02-27","2021-12-27",253,251,251,0.992094861660079,0.992094861660079
"US-xDS","weekly","net_radiation","2017-02-27","2021-12-27",253,250,250,0.988142292490119,0.988142292490119
"US-xDS","monthly","ET","2017-02-01","2021-12-01",59,31,31,0.525423728813559,0.525423728813559
"US-xDS","monthly","soil_water_potential","2017-02-01","2021-12-01",59,5,0,0.0847457627118644,0
"US-xDS","monthly","VPD","2017-02-01","2021-12-01",59,55,55,0.932203389830508,0.932203389830508
"US-xDS","monthly","air_temperature","2017-02-01","2021-12-01",59,58,58,0.983050847457627,0.983050847457627
"US-xDS","monthly","net_radiation","2017-02-01","2021-12-01",59,58,58,0.983050847457627,0.983050847457627
"US-xGR","hourly","ET","2017-09-30 18:00:00","2021-12-31 23:00:00",37278,20462,20288,0.548902838135093,0.544235205751382
"US-xGR","hourly","soil_water_potential","2017-09-30 18:00:00","2021-12-31 23:00:00",37278,21885,21825,0.587075486882343,0.585465958474167
"US-xGR","hourly","VPD","2017-09-30 18:00:00","2021-12-31 23:00:00",37278,37037,36997,0.993535060893825,0.992462041955041
"US-xGR","hourly","air_temperature","2017-09-30 18:00:00","2021-12-31 23:00:00",37278,37097,37071,0.995144589302001,0.994447126991791
"US-xGR","hourly","net_radiation","2017-09-30 18:00:00","2021-12-31 23:00:00",37278,32485,32289,0.871425505660175,0.866167712860132
"US-xGR","6_hourly","ET","2017-09-30 18:00:00","2021-12-31 18:00:00",6213,3375,3321,0.543215837759536,0.534524384355384
"US-xGR","6_hourly","soil_water_potential","2017-09-30 18:00:00","2021-12-31 18:00:00",6213,3636,3616,0.585224529212941,0.582005472396588
"US-xGR","6_hourly","VPD","2017-09-30 18:00:00","2021-12-31 18:00:00",6213,6159,6133,0.991308546595847,0.987123772734589
"US-xGR","6_hourly","air_temperature","2017-09-30 18:00:00","2021-12-31 18:00:00",6213,6175,6157,0.99388379204893,0.990986640914212
"US-xGR","6_hourly","net_radiation","2017-09-30 18:00:00","2021-12-31 18:00:00",6213,5390,5320,0.867535812007082,0.856269113149847
"US-xGR","daily","ET","2017-09-30","2021-12-31",1554,844,844,0.543114543114543,0.543114543114543
"US-xGR","daily","soil_water_potential","2017-09-30","2021-12-31",1554,912,912,0.586872586872587,0.586872586872587
"US-xGR","daily","VPD","2017-09-30","2021-12-31",1554,1541,1541,0.991634491634492,0.991634491634492
"US-xGR","daily","air_temperature","2017-09-30","2021-12-31",1554,1544,1544,0.993564993564994,0.993564993564994
"US-xGR","daily","net_radiation","2017-09-30","2021-12-31",1554,1353,1353,0.870656370656371,0.870656370656371
"US-xGR","weekly","ET","2017-09-25","2021-12-27",223,119,119,0.533632286995516,0.533632286995516
"US-xGR","weekly","soil_water_potential","2017-09-25","2021-12-27",223,130,130,0.582959641255605,0.582959641255605
"US-xGR","weekly","VPD","2017-09-25","2021-12-27",223,218,218,0.977578475336323,0.977578475336323
"US-xGR","weekly","air_temperature","2017-09-25","2021-12-27",223,219,219,0.982062780269058,0.982062780269058
"US-xGR","weekly","net_radiation","2017-09-25","2021-12-27",223,194,194,0.869955156950673,0.869955156950673
"US-xGR","monthly","ET","2017-09-01","2021-12-01",52,27,27,0.519230769230769,0.519230769230769
"US-xGR","monthly","soil_water_potential","2017-09-01","2021-12-01",52,29,29,0.557692307692308,0.557692307692308
"US-xGR","monthly","VPD","2017-09-01","2021-12-01",52,51,51,0.980769230769231,0.980769230769231
"US-xGR","monthly","air_temperature","2017-09-01","2021-12-01",52,51,51,0.980769230769231,0.980769230769231
"US-xGR","monthly","net_radiation","2017-09-01","2021-12-01",52,45,45,0.865384615384615,0.865384615384615
"US-xHA","hourly","ET","2017-02-28 18:00:00","2021-12-31 23:00:00",42414,37100,36614,0.874711180270665,0.863252699580327
"US-xHA","hourly","soil_water_potential","2017-02-28 18:00:00","2021-12-31 23:00:00",42414,2020,1856,0.0476257839392653,0.0437591361342953
"US-xHA","hourly","VPD","2017-02-28 18:00:00","2021-12-31 23:00:00",42414,38614,38539,0.910406941104352,0.908638657047201
"US-xHA","hourly","air_temperature","2017-02-28 18:00:00","2021-12-31 23:00:00",42414,42090,42027,0.992361012873108,0.990875654265101
"US-xHA","hourly","net_radiation","2017-02-28 18:00:00","2021-12-31 23:00:00",42414,40498,40373,0.954826236619984,0.951879096524732
"US-xHA","6_hourly","ET","2017-02-28 18:00:00","2021-12-31 18:00:00",7069,6075,5905,0.859386051775357,0.835337388598104
"US-xHA","6_hourly","soil_water_potential","2017-02-28 18:00:00","2021-12-31 18:00:00",7069,278,217,0.0393266374310369,0.0306974112321403
"US-xHA","6_hourly","VPD","2017-02-28 18:00:00","2021-12-31 18:00:00",7069,6424,6387,0.908756542651011,0.903522421841845
"US-xHA","6_hourly","air_temperature","2017-02-28 18:00:00","2021-12-31 18:00:00",7069,7009,6983,0.991512236525675,0.987834205686802
"US-xHA","6_hourly","net_radiation","2017-02-28 18:00:00","2021-12-31 18:00:00",7069,6721,6661,0.950770971848918,0.942283208374593
"US-xHA","daily","ET","2017-02-28","2021-12-31",1768,1521,1521,0.860294117647059,0.860294117647059
"US-xHA","daily","soil_water_potential","2017-02-28","2021-12-31",1768,57,57,0.0322398190045249,0.0322398190045249
"US-xHA","daily","VPD","2017-02-28","2021-12-31",1768,1608,1608,0.909502262443439,0.909502262443439
"US-xHA","daily","air_temperature","2017-02-28","2021-12-31",1768,1754,1754,0.992081447963801,0.992081447963801
"US-xHA","daily","net_radiation","2017-02-28","2021-12-31",1768,1685,1685,0.953054298642534,0.953054298642534
"US-xHA","weekly","ET","2017-02-27","2021-12-27",253,214,214,0.845849802371542,0.845849802371542
"US-xHA","weekly","soil_water_potential","2017-02-27","2021-12-27",253,6,0,0.0237154150197628,0
"US-xHA","weekly","VPD","2017-02-27","2021-12-27",253,229,229,0.905138339920949,0.905138339920949
"US-xHA","weekly","air_temperature","2017-02-27","2021-12-27",253,250,250,0.988142292490119,0.988142292490119
"US-xHA","weekly","net_radiation","2017-02-27","2021-12-27",253,239,239,0.944664031620553,0.944664031620553
"US-xHA","monthly","ET","2017-02-01","2021-12-01",59,49,49,0.830508474576271,0.830508474576271
"US-xHA","monthly","soil_water_potential","2017-02-01","2021-12-01",59,0,0,0,0
"US-xHA","monthly","VPD","2017-02-01","2021-12-01",59,53,53,0.898305084745763,0.898305084745763
"US-xHA","monthly","air_temperature","2017-02-01","2021-12-01",59,58,58,0.983050847457627,0.983050847457627
"US-xHA","monthly","net_radiation","2017-02-01","2021-12-01",59,55,55,0.932203389830508,0.932203389830508
"US-xJE","hourly","ET","2017-02-28 18:00:00","2021-12-31 23:00:00",42414,26216,25892,0.618097797896921,0.610458810770029
"US-xJE","hourly","soil_water_potential","2017-02-28 18:00:00","2021-12-31 23:00:00",42414,23632,23572,0.55717451784788,0.55575989060216
"US-xJE","hourly","VPD","2017-02-28 18:00:00","2021-12-31 23:00:00",42414,41515,41455,0.978804168434951,0.97738954118923
"US-xJE","hourly","air_temperature","2017-02-28 18:00:00","2021-12-31 23:00:00",42414,41649,41600,0.98196350261706,0.980808223699722
"US-xJE","hourly","net_radiation","2017-02-28 18:00:00","2021-12-31 23:00:00",42414,40950,40880,0.965483095204414,0.963832696751073
"US-xJE","6_hourly","ET","2017-02-28 18:00:00","2021-12-31 18:00:00",7069,4292,4167,0.607158013863347,0.589475173291838
"US-xJE","6_hourly","soil_water_potential","2017-02-28 18:00:00","2021-12-31 18:00:00",7069,3928,3908,0.555665582119112,0.55283632762767
"US-xJE","6_hourly","VPD","2017-02-28 18:00:00","2021-12-31 18:00:00",7069,6899,6865,0.975951336822747,0.971141604187297
"US-xJE","6_hourly","air_temperature","2017-02-28 18:00:00","2021-12-31 18:00:00",7069,6926,6897,0.979770830386193,0.975668411373603
"US-xJE","6_hourly","net_radiation","2017-02-28 18:00:00","2021-12-31 18:00:00",7069,6800,6753,0.961946527090112,0.955297779035224
"US-xJE","daily","ET","2017-02-28","2021-12-31",1768,1082,1082,0.611990950226244,0.611990950226244
"US-xJE","daily","soil_water_potential","2017-02-28","2021-12-31",1768,978,978,0.55316742081448,0.55316742081448
"US-xJE","daily","VPD","2017-02-28","2021-12-31",1768,1721,1721,0.97341628959276,0.97341628959276
"US-xJE","daily","air_temperature","2017-02-28","2021-12-31",1768,1729,1729,0.977941176470588,0.977941176470588
"US-xJE","daily","net_radiation","2017-02-28","2021-12-31",1768,1701,1701,0.96210407239819,0.96210407239819
"US-xJE","weekly","ET","2017-02-27","2021-12-27",253,150,150,0.592885375494071,0.592885375494071
"US-xJE","weekly","soil_water_potential","2017-02-27","2021-12-27",253,139,139,0.549407114624506,0.549407114624506
"US-xJE","weekly","VPD","2017-02-27","2021-12-27",253,245,245,0.968379446640316,0.968379446640316
"US-xJE","weekly","air_temperature","2017-02-27","2021-12-27",253,247,247,0.976284584980237,0.976284584980237
"US-xJE","weekly","net_radiation","2017-02-27","2021-12-27",253,243,243,0.960474308300395,0.960474308300395
"US-xJE","monthly","ET","2017-02-01","2021-12-01",59,33,33,0.559322033898305,0.559322033898305
"US-xJE","monthly","soil_water_potential","2017-02-01","2021-12-01",59,32,32,0.542372881355932,0.542372881355932
"US-xJE","monthly","VPD","2017-02-01","2021-12-01",59,56,56,0.949152542372881,0.949152542372881
"US-xJE","monthly","air_temperature","2017-02-01","2021-12-01",59,57,57,0.966101694915254,0.966101694915254
"US-xJE","monthly","net_radiation","2017-02-01","2021-12-01",59,55,55,0.932203389830508,0.932203389830508
"US-xJR","hourly","ET","2017-08-31 16:00:00","2023-12-31 23:00:00",55520,50126,49530,0.902845821325648,0.892110951008646
"US-xJR","hourly","soil_water_potential","2017-08-31 16:00:00","2023-12-31 23:00:00",55520,42942,42838,0.773451008645533,0.771577809798271
"US-xJR","hourly","VPD","2017-08-31 16:00:00","2023-12-31 23:00:00",55520,55226,55179,0.994704610951009,0.993858069164265
"US-xJR","hourly","air_temperature","2017-08-31 16:00:00","2023-12-31 23:00:00",55520,55227,55181,0.994722622478386,0.99389409221902
"US-xJR","hourly","net_radiation","2017-08-31 16:00:00","2023-12-31 23:00:00",55520,48258,48096,0.869200288184438,0.86628242074928
"US-xJR","6_hourly","ET","2017-08-31 12:00:00","2023-12-31 18:00:00",9254,8229,8011,0.889237086665226,0.865679706073049
"US-xJR","6_hourly","soil_water_potential","2017-08-31 12:00:00","2023-12-31 18:00:00",9254,7140,7109,0.771558245083207,0.768208342338448
"US-xJR","6_hourly","VPD","2017-08-31 12:00:00","2023-12-31 18:00:00",9254,9190,9155,0.993084071752756,0.989301923492544
"US-xJR","6_hourly","air_temperature","2017-08-31 12:00:00","2023-12-31 18:00:00",9254,9190,9155,0.993084071752756,0.989301923492544
"US-xJR","6_hourly","net_radiation","2017-08-31 12:00:00","2023-12-31 18:00:00",9254,8026,7964,0.867300626755997,0.860600821266479
"US-xJR","daily","ET","2017-08-31","2023-12-31",2314,2063,2063,0.891529818496111,0.891529818496111
"US-xJR","daily","soil_water_potential","2017-08-31","2023-12-31",2314,1783,1783,0.770527225583405,0.770527225583405
"US-xJR","daily","VPD","2017-08-31","2023-12-31",2314,2301,2301,0.99438202247191,0.99438202247191
"US-xJR","daily","air_temperature","2017-08-31","2023-12-31",2314,2301,2301,0.99438202247191,0.99438202247191
"US-xJR","daily","net_radiation","2017-08-31","2023-12-31",2314,2010,2010,0.868625756266206,0.868625756266206
"US-xJR","weekly","ET","2017-08-28","2023-12-25",331,293,293,0.885196374622356,0.885196374622356
"US-xJR","weekly","soil_water_potential","2017-08-28","2023-12-25",331,252,252,0.761329305135952,0.761329305135952
"US-xJR","weekly","VPD","2017-08-28","2023-12-25",331,328,328,0.990936555891239,0.990936555891239
"US-xJR","weekly","air_temperature","2017-08-28","2023-12-25",331,328,328,0.990936555891239,0.990936555891239
"US-xJR","weekly","net_radiation","2017-08-28","2023-12-25",331,286,286,0.86404833836858,0.86404833836858
"US-xJR","monthly","ET","2017-08-01","2023-12-01",77,65,65,0.844155844155844,0.844155844155844
"US-xJR","monthly","soil_water_potential","2017-08-01","2023-12-01",77,58,58,0.753246753246753,0.753246753246753
"US-xJR","monthly","VPD","2017-08-01","2023-12-01",77,76,76,0.987012987012987,0.987012987012987
"US-xJR","monthly","air_temperature","2017-08-01","2023-12-01",77,76,76,0.987012987012987,0.987012987012987
"US-xJR","monthly","net_radiation","2017-08-01","2023-12-01",77,66,66,0.857142857142857,0.857142857142857
"US-xKA","hourly","ET","2017-07-31 17:00:00","2021-12-31 23:00:00",38743,30837,30264,0.795937330614563,0.781147562140258
"US-xKA","hourly","soil_water_potential","2017-07-31 17:00:00","2021-12-31 23:00:00",38743,15617,15440,0.403092171489043,0.398523604263996
"US-xKA","hourly","VPD","2017-07-31 17:00:00","2021-12-31 23:00:00",38743,33689,33568,0.869550628500632,0.86642748367447
"US-xKA","hourly","air_temperature","2017-07-31 17:00:00","2021-12-31 23:00:00",38743,34174,34071,0.882069018919547,0.879410474150169
"US-xKA","hourly","net_radiation","2017-07-31 17:00:00","2021-12-31 23:00:00",38743,36685,36558,0.946880726840978,0.943602715329221
"US-xKA","6_hourly","ET","2017-07-31 12:00:00","2021-12-31 18:00:00",6458,4993,4739,0.773149581913905,0.733818519665531
"US-xKA","6_hourly","soil_water_potential","2017-07-31 12:00:00","2021-12-31 18:00:00",6458,2551,2452,0.395013936203159,0.379684112728399
"US-xKA","6_hourly","VPD","2017-07-31 12:00:00","2021-12-31 18:00:00",6458,5577,5491,0.863580055744813,0.850263239393001
"US-xKA","6_hourly","air_temperature","2017-07-31 12:00:00","2021-12-31 18:00:00",6458,5665,5591,0.877206565500155,0.865747909569526
"US-xKA","6_hourly","net_radiation","2017-07-31 12:00:00","2021-12-31 18:00:00",6458,6096,6013,0.943945493960979,0.931093217714463
"US-xKA","daily","ET","2017-07-31","2021-12-31",1615,1239,1239,0.7671826625387,0.7671826625387
"US-xKA","daily","soil_water_potential","2017-07-31","2021-12-31",1615,596,596,0.369040247678019,0.369040247678019
"US-xKA","daily","VPD","2017-07-31","2021-12-31",1615,1375,1375,0.851393188854489,0.851393188854489
"US-xKA","daily","air_temperature","2017-07-31","2021-12-31",1615,1397,1397,0.865015479876161,0.865015479876161
"US-xKA","daily","net_radiation","2017-07-31","2021-12-31",1615,1497,1497,0.926934984520124,0.926934984520124
"US-xKA","weekly","ET","2017-07-31","2021-12-27",231,177,177,0.766233766233766,0.766233766233766
"US-xKA","weekly","soil_water_potential","2017-07-31","2021-12-27",231,88,88,0.380952380952381,0.380952380952381
"US-xKA","weekly","VPD","2017-07-31","2021-12-27",231,199,199,0.861471861471861,0.861471861471861
"US-xKA","weekly","air_temperature","2017-07-31","2021-12-27",231,202,202,0.874458874458874,0.874458874458874
"US-xKA","weekly","net_radiation","2017-07-31","2021-12-27",231,217,217,0.939393939393939,0.939393939393939
"US-xKA","monthly","ET","2017-07-01","2021-12-01",54,37,37,0.685185185185185,0.685185185185185
"US-xKA","monthly","soil_water_potential","2017-07-01","2021-12-01",54,19,19,0.351851851851852,0.351851851851852
"US-xKA","monthly","VPD","2017-07-01","2021-12-01",54,45,45,0.833333333333333,0.833333333333333
"US-xKA","monthly","air_temperature","2017-07-01","2021-12-01",54,46,46,0.851851851851852,0.851851851851852
"US-xKA","monthly","net_radiation","2017-07-01","2021-12-01",54,49,49,0.907407407407407,0.907407407407407
"US-xKZ","hourly","ET","2017-07-31 17:00:00","2021-12-31 23:00:00",38743,32651,32048,0.842758691892729,0.82719458999045
"US-xKZ","hourly","soil_water_potential","2017-07-31 17:00:00","2021-12-31 23:00:00",38743,20283,20120,0.523526830653279,0.519319619027953
"US-xKZ","hourly","VPD","2017-07-31 17:00:00","2021-12-31 23:00:00",38743,38274,38224,0.987894587409338,0.986604031696048
"US-xKZ","hourly","air_temperature","2017-07-31 17:00:00","2021-12-31 23:00:00",38743,38276,38226,0.98794620963787,0.98665565392458
"US-xKZ","hourly","net_radiation","2017-07-31 17:00:00","2021-12-31 23:00:00",38743,37820,37705,0.976176341532664,0.973208063392097
"US-xKZ","6_hourly","ET","2017-07-31 12:00:00","2021-12-31 18:00:00",6458,5289,5054,0.81898420563642,0.782595230721586
"US-xKZ","6_hourly","soil_water_potential","2017-07-31 12:00:00","2021-12-31 18:00:00",6458,3340,3254,0.517187983895943,0.503871167544131
"US-xKZ","6_hourly","VPD","2017-07-31 12:00:00","2021-12-31 18:00:00",6458,6366,6333,0.985754103437597,0.980644162279343
"US-xKZ","6_hourly","air_temperature","2017-07-31 12:00:00","2021-12-31 18:00:00",6458,6367,6335,0.985908950139362,0.980953855682874
"US-xKZ","6_hourly","net_radiation","2017-07-31 12:00:00","2021-12-31 18:00:00",6458,6285,6231,0.973211520594611,0.964849798699288
"US-xKZ","daily","ET","2017-07-31","2021-12-31",1615,1317,1317,0.815479876160991,0.815479876160991
"US-xKZ","daily","soil_water_potential","2017-07-31","2021-12-31",1615,806,806,0.499071207430341,0.499071207430341
"US-xKZ","daily","VPD","2017-07-31","2021-12-31",1615,1586,1586,0.982043343653251,0.982043343653251
"US-xKZ","daily","air_temperature","2017-07-31","2021-12-31",1615,1586,1586,0.982043343653251,0.982043343653251
"US-xKZ","daily","net_radiation","2017-07-31","2021-12-31",1615,1566,1566,0.969659442724458,0.969659442724458
"US-xKZ","weekly","ET","2017-07-31","2021-12-27",231,189,189,0.818181818181818,0.818181818181818
"US-xKZ","weekly","soil_water_potential","2017-07-31","2021-12-27",231,114,114,0.493506493506494,0.493506493506494
"US-xKZ","weekly","VPD","2017-07-31","2021-12-27",231,228,228,0.987012987012987,0.987012987012987
"US-xKZ","weekly","air_temperature","2017-07-31","2021-12-27",231,228,228,0.987012987012987,0.987012987012987
"US-xKZ","weekly","net_radiation","2017-07-31","2021-12-27",231,226,226,0.978354978354978,0.978354978354978
"US-xKZ","monthly","ET","2017-07-01","2021-12-01",54,39,39,0.722222222222222,0.722222222222222
"US-xKZ","monthly","soil_water_potential","2017-07-01","2021-12-01",54,26,26,0.481481481481481,0.481481481481481
"US-xKZ","monthly","VPD","2017-07-01","2021-12-01",54,52,52,0.962962962962963,0.962962962962963
"US-xKZ","monthly","air_temperature","2017-07-01","2021-12-01",54,52,52,0.962962962962963,0.962962962962963
"US-xKZ","monthly","net_radiation","2017-07-01","2021-12-01",54,52,52,0.962962962962963,0.962962962962963
"US-xMB","hourly","ET","2017-07-31 16:00:00","2021-12-31 23:00:00",38744,16187,16028,0.41779372289903,0.413689861655998
"US-xMB","hourly","soil_water_potential","2017-07-31 16:00:00","2021-12-31 23:00:00",38744,20458,20376,0.528030146603345,0.525913689861656
"US-xMB","hourly","VPD","2017-07-31 16:00:00","2021-12-31 23:00:00",38744,38173,38140,0.985262234152385,0.984410489366095
"US-xMB","hourly","air_temperature","2017-07-31 16:00:00","2021-12-31 23:00:00",38744,38175,38142,0.985313855048524,0.984462110262234
"US-xMB","hourly","net_radiation","2017-07-31 16:00:00","2021-12-31 23:00:00",38744,36993,36878,0.954805905430518,0.95183770390254
"US-xMB","6_hourly","ET","2017-07-31 12:00:00","2021-12-31 18:00:00",6458,2665,2602,0.412666460204398,0.402911117993187
"US-xMB","6_hourly","soil_water_potential","2017-07-31 12:00:00","2021-12-31 18:00:00",6458,3390,3355,0.524930318984206,0.519510684422422
"US-xMB","6_hourly","VPD","2017-07-31 12:00:00","2021-12-31 18:00:00",6458,6354,6333,0.983895943016414,0.980644162279343
"US-xMB","6_hourly","air_temperature","2017-07-31 12:00:00","2021-12-31 18:00:00",6458,6355,6335,0.984050789718179,0.980953855682874
"US-xMB","6_hourly","net_radiation","2017-07-31 12:00:00","2021-12-31 18:00:00",6458,6148,6103,0.951997522452772,0.945029420873335
"US-xMB","daily","ET","2017-07-31","2021-12-31",1615,659,659,0.408049535603715,0.408049535603715
"US-xMB","daily","soil_water_potential","2017-07-31","2021-12-31",1615,836,836,0.517647058823529,0.517647058823529
"US-xMB","daily","VPD","2017-07-31","2021-12-31",1615,1586,1586,0.982043343653251,0.982043343653251
"US-xMB","daily","air_temperature","2017-07-31","2021-12-31",1615,1586,1586,0.982043343653251,0.982043343653251
"US-xMB","daily","net_radiation","2017-07-31","2021-12-31",1615,1536,1536,0.951083591331269,0.951083591331269
"US-xMB","weekly","ET","2017-07-31","2021-12-27",231,92,92,0.398268398268398,0.398268398268398
"US-xMB","weekly","soil_water_potential","2017-07-31","2021-12-27",231,120,120,0.519480519480519,0.519480519480519
"US-xMB","weekly","VPD","2017-07-31","2021-12-27",231,226,226,0.978354978354978,0.978354978354978
"US-xMB","weekly","air_temperature","2017-07-31","2021-12-27",231,226,226,0.978354978354978,0.978354978354978
"US-xMB","weekly","net_radiation","2017-07-31","2021-12-27",231,217,217,0.939393939393939,0.939393939393939
"US-xMB","monthly","ET","2017-07-01","2021-12-01",54,21,21,0.388888888888889,0.388888888888889
"US-xMB","monthly","soil_water_potential","2017-07-01","2021-12-01",54,27,27,0.5,0.5
"US-xMB","monthly","VPD","2017-07-01","2021-12-01",54,53,53,0.981481481481482,0.981481481481482
"US-xMB","monthly","air_temperature","2017-07-01","2021-12-01",54,53,53,0.981481481481482,0.981481481481482
"US-xMB","monthly","net_radiation","2017-07-01","2021-12-01",54,50,50,0.925925925925926,0.925925925925926
"US-xML","hourly","ET","2017-08-31 18:00:00","2021-12-31 23:00:00",37998,19921,19793,0.524264434970262,0.52089583662298
"US-xML","hourly","soil_water_potential","2017-08-31 18:00:00","2021-12-31 23:00:00",37998,24818,24769,0.653139638928365,0.651850097373546
"US-xML","hourly","VPD","2017-08-31 18:00:00","2021-12-31 23:00:00",37998,29815,29717,0.784646560345281,0.782067477235644
"US-xML","hourly","air_temperature","2017-08-31 18:00:00","2021-12-31 23:00:00",37998,37735,37706,0.99307858308332,0.992315385020264
"US-xML","hourly","net_radiation","2017-08-31 18:00:00","2021-12-31 23:00:00",37998,37381,37341,0.98376230327912,0.982709616295595
"US-xML","6_hourly","ET","2017-08-31 18:00:00","2021-12-31 18:00:00",6333,3294,3244,0.520132638559924,0.512237486183483
"US-xML","6_hourly","soil_water_potential","2017-08-31 18:00:00","2021-12-31 18:00:00",6333,4125,4103,0.651350071056371,0.647876204010737
"US-xML","6_hourly","VPD","2017-08-31 18:00:00","2021-12-31 18:00:00",6333,4934,4877,0.779093636507185,0.770093162798042
"US-xML","6_hourly","air_temperature","2017-08-31 18:00:00","2021-12-31 18:00:00",6333,6280,6263,0.991631138480973,0.988946786672983
"US-xML","6_hourly","net_radiation","2017-08-31 18:00:00","2021-12-31 18:00:00",6333,6221,6198,0.982314858676772,0.97868308858361
"US-xML","daily","ET","2017-08-31","2021-12-31",1584,817,817,0.515782828282828,0.515782828282828
"US-xML","daily","soil_water_potential","2017-08-31","2021-12-31",1584,1024,1024,0.646464646464647,0.646464646464647
"US-xML","daily","VPD","2017-08-31","2021-12-31",1584,1228,1228,0.775252525252525,0.775252525252525
"US-xML","daily","air_temperature","2017-08-31","2021-12-31",1584,1570,1570,0.991161616161616,0.991161616161616
"US-xML","daily","net_radiation","2017-08-31","2021-12-31",1584,1549,1549,0.97790404040404,0.97790404040404
"US-xML","weekly","ET","2017-08-28","2021-12-27",227,116,116,0.511013215859031,0.511013215859031
"US-xML","weekly","soil_water_potential","2017-08-28","2021-12-27",227,146,146,0.643171806167401,0.643171806167401
"US-xML","weekly","VPD","2017-08-28","2021-12-27",227,169,169,0.744493392070485,0.744493392070485
"US-xML","weekly","air_temperature","2017-08-28","2021-12-27",227,224,224,0.986784140969163,0.986784140969163
"US-xML","weekly","net_radiation","2017-08-28","2021-12-27",227,220,220,0.969162995594714,0.969162995594714
"US-xML","monthly","ET","2017-08-01","2021-12-01",53,27,27,0.509433962264151,0.509433962264151
"US-xML","monthly","soil_water_potential","2017-08-01","2021-12-01",53,34,34,0.641509433962264,0.641509433962264
"US-xML","monthly","VPD","2017-08-01","2021-12-01",53,35,35,0.660377358490566,0.660377358490566
"US-xML","monthly","air_temperature","2017-08-01","2021-12-01",53,52,52,0.981132075471698,0.981132075471698
"US-xML","monthly","net_radiation","2017-08-01","2021-12-01",53,51,51,0.962264150943396,0.962264150943396
"US-xNG","hourly","ET","2017-09-30 17:00:00","2021-12-31 23:00:00",37279,34723,34488,0.931435929075351,0.925132111912873
"US-xNG","hourly","soil_water_potential","2017-09-30 17:00:00","2021-12-31 23:00:00",37279,23476,23378,0.629737922154564,0.627109096274042
"US-xNG","hourly","VPD","2017-09-30 17:00:00","2021-12-31 23:00:00",37279,36487,36461,0.978754794924757,0.978057351323802
"US-xNG","hourly","air_temperature","2017-09-30 17:00:00","2021-12-31 23:00:00",37279,36488,36462,0.978781619678639,0.978084176077684
"US-xNG","hourly","net_radiation","2017-09-30 17:00:00","2021-12-31 23:00:00",37279,34912,34845,0.936505807559216,0.934708549049062
"US-xNG","6_hourly","ET","2017-09-30 12:00:00","2021-12-31 18:00:00",6214,5747,5661,0.924847119407789,0.911007402639202
"US-xNG","6_hourly","soil_water_potential","2017-09-30 12:00:00","2021-12-31 18:00:00",6214,3874,3829,0.623430962343096,0.616189250080463
"US-xNG","6_hourly","VPD","2017-09-30 12:00:00","2021-12-31 18:00:00",6214,6075,6056,0.977631155455423,0.974573543611201
"US-xNG","6_hourly","air_temperature","2017-09-30 12:00:00","2021-12-31 18:00:00",6214,6075,6056,0.977631155455423,0.974573543611201
"US-xNG","6_hourly","net_radiation","2017-09-30 12:00:00","2021-12-31 18:00:00",6214,5806,5771,0.934341808818796,0.92870936594786
"US-xNG","daily","ET","2017-09-30","2021-12-31",1554,1435,1435,0.923423423423423,0.923423423423423
"US-xNG","daily","soil_water_potential","2017-09-30","2021-12-31",1554,963,963,0.61969111969112,0.61969111969112
"US-xNG","daily","VPD","2017-09-30","2021-12-31",1554,1520,1520,0.978120978120978,0.978120978120978
"US-xNG","daily","air_temperature","2017-09-30","2021-12-31",1554,1520,1520,0.978120978120978,0.978120978120978
"US-xNG","daily","net_radiation","2017-09-30","2021-12-31",1554,1447,1447,0.931145431145431,0.931145431145431
"US-xNG","weekly","ET","2017-09-25","2021-12-27",223,204,204,0.914798206278027,0.914798206278027
"US-xNG","weekly","soil_water_potential","2017-09-25","2021-12-27",223,135,135,0.605381165919282,0.605381165919282
"US-xNG","weekly","VPD","2017-09-25","2021-12-27",223,214,214,0.959641255605381,0.959641255605381
"US-xNG","weekly","air_temperature","2017-09-25","2021-12-27",223,214,214,0.959641255605381,0.959641255605381
"US-xNG","weekly","net_radiation","2017-09-25","2021-12-27",223,202,202,0.905829596412556,0.905829596412556
"US-xNG","monthly","ET","2017-09-01","2021-12-01",52,47,47,0.903846153846154,0.903846153846154
"US-xNG","monthly","soil_water_potential","2017-09-01","2021-12-01",52,31,31,0.596153846153846,0.596153846153846
"US-xNG","monthly","VPD","2017-09-01","2021-12-01",52,50,50,0.961538461538462,0.961538461538462
"US-xNG","monthly","air_temperature","2017-09-01","2021-12-01",52,50,50,0.961538461538462,0.961538461538462
"US-xNG","monthly","net_radiation","2017-09-01","2021-12-01",52,47,47,0.903846153846154,0.903846153846154
"US-xNQ","hourly","ET","2017-08-31 05:00:00","2021-12-31 23:00:00",38011,20398,20091,0.536634132224882,0.528557522822341
"US-xNQ","hourly","soil_water_potential","2017-08-31 05:00:00","2021-12-31 23:00:00",38011,4118,4058,0.108337060324643,0.106758569887664
"US-xNQ","hourly","VPD","2017-08-31 05:00:00","2021-12-31 23:00:00",38011,35714,35660,0.939570124437663,0.938149483044382
"US-xNQ","hourly","air_temperature","2017-08-31 05:00:00","2021-12-31 23:00:00",38011,37688,37645,0.991502459814264,0.990371208334429
"US-xNQ","hourly","net_radiation","2017-08-31 05:00:00","2021-12-31 23:00:00",38011,37405,37245,0.984057246586514,0.979847938754571
"US-xNQ","6_hourly","ET","2017-08-31","2021-12-31 18:00:00",6336,3326,3228,0.524936868686869,0.509469696969697
"US-xNQ","6_hourly","soil_water_potential","2017-08-31","2021-12-31 18:00:00",6336,671,655,0.105902777777778,0.103377525252525
"US-xNQ","6_hourly","VPD","2017-08-31","2021-12-31 18:00:00",6336,5942,5914,0.937815656565657,0.933396464646465
"US-xNQ","6_hourly","air_temperature","2017-08-31","2021-12-31 18:00:00",6336,6273,6252,0.990056818181818,0.986742424242424
"US-xNQ","6_hourly","net_radiation","2017-08-31","2021-12-31 18:00:00",6336,6232,6193,0.983585858585859,0.977430555555556
"US-xNQ","daily","ET","2017-08-31","2021-12-31",1584,830,830,0.523989898989899,0.523989898989899
"US-xNQ","daily","soil_water_potential","2017-08-31","2021-12-31",1584,163,163,0.10290404040404,0.10290404040404
"US-xNQ","daily","VPD","2017-08-31","2021-12-31",1584,1484,1484,0.936868686868687,0.936868686868687
"US-xNQ","daily","air_temperature","2017-08-31","2021-12-31",1584,1568,1568,0.98989898989899,0.98989898989899
"US-xNQ","daily","net_radiation","2017-08-31","2021-12-31",1584,1561,1561,0.985479797979798,0.985479797979798
"US-xNQ","weekly","ET","2017-08-28","2021-12-27",227,117,117,0.515418502202643,0.515418502202643
"US-xNQ","weekly","soil_water_potential","2017-08-28","2021-12-27",227,23,23,0.101321585903084,0.101321585903084
"US-xNQ","weekly","VPD","2017-08-28","2021-12-27",227,210,210,0.92511013215859,0.92511013215859
"US-xNQ","weekly","air_temperature","2017-08-28","2021-12-27",227,223,223,0.982378854625551,0.982378854625551
"US-xNQ","weekly","net_radiation","2017-08-28","2021-12-27",227,222,222,0.977973568281938,0.977973568281938
"US-xNQ","monthly","ET","2017-08-01","2021-12-01",53,25,25,0.471698113207547,0.471698113207547
"US-xNQ","monthly","soil_water_potential","2017-08-01","2021-12-01",53,5,0,0.0943396226415094,0
"US-xNQ","monthly","VPD","2017-08-01","2021-12-01",53,48,48,0.905660377358491,0.905660377358491
"US-xNQ","monthly","air_temperature","2017-08-01","2021-12-01",53,52,52,0.981132075471698,0.981132075471698
"US-xNQ","monthly","net_radiation","2017-08-01","2021-12-01",53,52,52,0.981132075471698,0.981132075471698
"US-xRM","hourly","ET","2017-02-28 05:00:00","2021-12-31 23:00:00",42427,35372,35075,0.833714379993872,0.82671412072501
"US-xRM","hourly","soil_water_potential","2017-02-28 05:00:00","2021-12-31 23:00:00",42427,22140,22057,0.521837509133335,0.519881207721498
"US-xRM","hourly","VPD","2017-02-28 05:00:00","2021-12-31 23:00:00",42427,40202,40135,0.947556980224857,0.94597779715747
"US-xRM","hourly","air_temperature","2017-02-28 05:00:00","2021-12-31 23:00:00",42427,40215,40154,0.947863388879723,0.946425625191505
"US-xRM","hourly","net_radiation","2017-02-28 05:00:00","2021-12-31 23:00:00",42427,39550,39460,0.9321894076885,0.930068117000966
"US-xRM","6_hourly","ET","2017-02-28","2021-12-31 18:00:00",7072,5842,5739,0.826074660633484,0.811510180995475
"US-xRM","6_hourly","soil_water_potential","2017-02-28","2021-12-31 18:00:00",7072,3667,3629,0.518523755656109,0.513150452488688
"US-xRM","6_hourly","VPD","2017-02-28","2021-12-31 18:00:00",7072,6686,6644,0.945418552036199,0.93947963800905
"US-xRM","6_hourly","air_temperature","2017-02-28","2021-12-31 18:00:00",7072,6690,6651,0.945984162895928,0.940469457013575
"US-xRM","6_hourly","net_radiation","2017-02-28","2021-12-31 18:00:00",7072,6577,6535,0.930005656108597,0.924066742081448
"US-xRM","daily","ET","2017-02-28","2021-12-31",1768,1457,1457,0.824095022624434,0.824095022624434
"US-xRM","daily","soil_water_potential","2017-02-28","2021-12-31",1768,916,916,0.518099547511312,0.518099547511312
"US-xRM","daily","VPD","2017-02-28","2021-12-31",1768,1670,1670,0.944570135746606,0.944570135746606
"US-xRM","daily","air_temperature","2017-02-28","2021-12-31",1768,1670,1670,0.944570135746606,0.944570135746606
"US-xRM","daily","net_radiation","2017-02-28","2021-12-31",1768,1641,1641,0.92816742081448,0.92816742081448
"US-xRM","weekly","ET","2017-02-27","2021-12-27",253,203,203,0.802371541501976,0.802371541501976
"US-xRM","weekly","soil_water_potential","2017-02-27","2021-12-27",253,131,131,0.517786561264822,0.517786561264822
"US-xRM","weekly","VPD","2017-02-27","2021-12-27",253,237,237,0.936758893280632,0.936758893280632
"US-xRM","weekly","air_temperature","2017-02-27","2021-12-27",253,237,237,0.936758893280632,0.936758893280632
"US-xRM","weekly","net_radiation","2017-02-27","2021-12-27",253,231,231,0.91304347826087,0.91304347826087
"US-xRM","monthly","ET","2017-02-01","2021-12-01",59,43,43,0.728813559322034,0.728813559322034
"US-xRM","monthly","soil_water_potential","2017-02-01","2021-12-01",59,29,29,0.491525423728814,0.491525423728814
"US-xRM","monthly","VPD","2017-02-01","2021-12-01",59,54,54,0.915254237288136,0.915254237288136
"US-xRM","monthly","air_temperature","2017-02-01","2021-12-01",59,54,54,0.915254237288136,0.915254237288136
"US-xRM","monthly","net_radiation","2017-02-01","2021-12-01",59,52,52,0.88135593220339,0.88135593220339
"US-xSB","hourly","ET","2017-01-31 18:00:00","2021-12-31 23:00:00",43086,18933,18696,0.439423478624147,0.433922851970478
"US-xSB","hourly","soil_water_potential","2017-01-31 18:00:00","2021-12-31 23:00:00",43086,15802,15685,0.366754862368287,0.364039363134197
"US-xSB","hourly","VPD","2017-01-31 18:00:00","2021-12-31 23:00:00",43086,41609,41560,0.96571972334401,0.964582462981015
"US-xSB","hourly","air_temperature","2017-01-31 18:00:00","2021-12-31 23:00:00",43086,42755,42721,0.992317690200993,0.991528570765446
"US-xSB","hourly","net_radiation","2017-01-31 18:00:00","2021-12-31 23:00:00",43086,42080,42000,0.976651348465859,0.974794596852806
"US-xSB","6_hourly","ET","2017-01-31 18:00:00","2021-12-31 18:00:00",7181,3098,3015,0.431416237292856,0.419857958501601
"US-xSB","6_hourly","soil_water_potential","2017-01-31 18:00:00","2021-12-31 18:00:00",7181,2602,2548,0.362345077287286,0.354825233254421
"US-xSB","6_hourly","VPD","2017-01-31 18:00:00","2021-12-31 18:00:00",7181,6925,6898,0.964350369029383,0.960590447012951
"US-xSB","6_hourly","air_temperature","2017-01-31 18:00:00","2021-12-31 18:00:00",7181,7115,7091,0.990809079515388,0.987466926611893
"US-xSB","6_hourly","net_radiation","2017-01-31 18:00:00","2021-12-31 18:00:00",7181,6989,6942,0.973262776772037,0.966717727336026
"US-xSB","daily","ET","2017-01-31","2021-12-31",1796,775,775,0.431514476614699,0.431514476614699
"US-xSB","daily","soil_water_potential","2017-01-31","2021-12-31",1796,632,632,0.351893095768374,0.351893095768374
"US-xSB","daily","VPD","2017-01-31","2021-12-31",1796,1731,1731,0.96380846325167,0.96380846325167
"US-xSB","daily","air_temperature","2017-01-31","2021-12-31",1796,1780,1780,0.99109131403118,0.99109131403118
"US-xSB","daily","net_radiation","2017-01-31","2021-12-31",1796,1744,1744,0.971046770601336,0.971046770601336
"US-xSB","weekly","ET","2017-01-30","2021-12-27",257,110,110,0.428015564202335,0.428015564202335
"US-xSB","weekly","soil_water_potential","2017-01-30","2021-12-27",257,90,90,0.350194552529183,0.350194552529183
"US-xSB","weekly","VPD","2017-01-30","2021-12-27",257,246,246,0.957198443579767,0.957198443579767
"US-xSB","weekly","air_temperature","2017-01-30","2021-12-27",257,254,254,0.988326848249027,0.988326848249027
"US-xSB","weekly","net_radiation","2017-01-30","2021-12-27",257,249,249,0.968871595330739,0.968871595330739
"US-xSB","monthly","ET","2017-01-01","2021-12-01",60,24,24,0.4,0.4
"US-xSB","monthly","soil_water_potential","2017-01-01","2021-12-01",60,20,20,0.333333333333333,0.333333333333333
"US-xSB","monthly","VPD","2017-01-01","2021-12-01",60,56,56,0.933333333333333,0.933333333333333
"US-xSB","monthly","air_temperature","2017-01-01","2021-12-01",60,58,58,0.966666666666667,0.966666666666667
"US-xSB","monthly","net_radiation","2017-01-01","2021-12-01",60,58,58,0.966666666666667,0.966666666666667
"US-xSC","hourly","ET","2019-01-01","2021-12-31 23:00:00",26304,8993,8824,0.341887165450122,0.335462287104623
"US-xSC","hourly","soil_water_potential","2019-01-01","2021-12-31 23:00:00",26304,9438,9335,0.358804744525547,0.35488899026764
"US-xSC","hourly","VPD","2019-01-01","2021-12-31 23:00:00",26304,26200,26184,0.996046228710462,0.99543795620438
"US-xSC","hourly","air_temperature","2019-01-01","2021-12-31 23:00:00",26304,26200,26184,0.996046228710462,0.99543795620438
"US-xSC","hourly","net_radiation","2019-01-01","2021-12-31 23:00:00",26304,25786,25732,0.980307177615572,0.978254257907543
"US-xSC","6_hourly","ET","2019-01-01","2021-12-31 18:00:00",4384,1455,1404,0.331888686131387,0.320255474452555
"US-xSC","6_hourly","soil_water_potential","2019-01-01","2021-12-31 18:00:00",4384,1551,1513,0.353786496350365,0.345118613138686
"US-xSC","6_hourly","VPD","2019-01-01","2021-12-31 18:00:00",4384,4363,4353,0.995209854014598,0.992928832116788
"US-xSC","6_hourly","air_temperature","2019-01-01","2021-12-31 18:00:00",4384,4363,4353,0.995209854014598,0.992928832116788
"US-xSC","6_hourly","net_radiation","2019-01-01","2021-12-31 18:00:00",4384,4290,4276,0.978558394160584,0.97536496350365
"US-xSC","daily","ET","2019-01-01","2021-12-31",1096,351,351,0.320255474452555,0.320255474452555
"US-xSC","daily","soil_water_potential","2019-01-01","2021-12-31",1096,391,391,0.356751824817518,0.356751824817518
"US-xSC","daily","VPD","2019-01-01","2021-12-31",1096,1091,1091,0.99543795620438,0.99543795620438
"US-xSC","daily","air_temperature","2019-01-01","2021-12-31",1096,1091,1091,0.99543795620438,0.99543795620438
"US-xSC","daily","net_radiation","2019-01-01","2021-12-31",1096,1067,1067,0.973540145985402,0.973540145985402
"US-xSC","weekly","ET","2018-12-31","2021-12-27",157,49,49,0.312101910828025,0.312101910828025
"US-xSC","weekly","soil_water_potential","2018-12-31","2021-12-27",157,53,53,0.337579617834395,0.337579617834395
"US-xSC","weekly","VPD","2018-12-31","2021-12-27",157,155,155,0.987261146496815,0.987261146496815
"US-xSC","weekly","air_temperature","2018-12-31","2021-12-27",157,155,155,0.987261146496815,0.987261146496815
"US-xSC","weekly","net_radiation","2018-12-31","2021-12-27",157,152,152,0.968152866242038,0.968152866242038
"US-xSC","monthly","ET","2019-01-01","2021-12-01",36,11,0,0.305555555555556,0
"US-xSC","monthly","soil_water_potential","2019-01-01","2021-12-01",36,11,0,0.305555555555556,0
"US-xSC","monthly","VPD","2019-01-01","2021-12-01",36,36,36,1,1
"US-xSC","monthly","air_temperature","2019-01-01","2021-12-01",36,36,36,1,1
"US-xSC","monthly","net_radiation","2019-01-01","2021-12-01",36,36,36,1,1
"US-xSE","hourly","ET","2017-05-31 18:00:00","2021-12-31 23:00:00",40206,25481,25292,0.633761130179575,0.629060339252848
"US-xSE","hourly","soil_water_potential","2017-05-31 18:00:00","2021-12-31 23:00:00",40206,21990,21786,0.546933293538278,0.541859423966572
"US-xSE","hourly","VPD","2017-05-31 18:00:00","2021-12-31 23:00:00",40206,39740,39702,0.988409690096006,0.987464557528727
"US-xSE","hourly","air_temperature","2017-05-31 18:00:00","2021-12-31 23:00:00",40206,39919,39891,0.992861761926081,0.992165348455454
"US-xSE","hourly","net_radiation","2017-05-31 18:00:00","2021-12-31 23:00:00",40206,37558,37511,0.934139183206487,0.932970203452221
"US-xSE","6_hourly","ET","2017-05-31 18:00:00","2021-12-31 18:00:00",6701,4205,4126,0.627518280853604,0.615728995672288
"US-xSE","6_hourly","soil_water_potential","2017-05-31 18:00:00","2021-12-31 18:00:00",6701,3609,3523,0.538576331890763,0.525742426503507
"US-xSE","6_hourly","VPD","2017-05-31 18:00:00","2021-12-31 18:00:00",6701,6615,6594,0.987166094612744,0.984032233994926
"US-xSE","6_hourly","air_temperature","2017-05-31 18:00:00","2021-12-31 18:00:00",6701,6646,6629,0.991792269810476,0.989255335024623
"US-xSE","6_hourly","net_radiation","2017-05-31 18:00:00","2021-12-31 18:00:00",6701,6253,6231,0.933144306819878,0.929861214744068
"US-xSE","daily","ET","2017-05-31","2021-12-31",1676,1047,1047,0.624701670644391,0.624701670644391
"US-xSE","daily","soil_water_potential","2017-05-31","2021-12-31",1676,895,895,0.534009546539379,0.534009546539379
"US-xSE","daily","VPD","2017-05-31","2021-12-31",1676,1652,1652,0.985680190930788,0.985680190930788
"US-xSE","daily","air_temperature","2017-05-31","2021-12-31",1676,1660,1660,0.990453460620525,0.990453460620525
"US-xSE","daily","net_radiation","2017-05-31","2021-12-31",1676,1556,1556,0.928400954653938,0.928400954653938
"US-xSE","weekly","ET","2017-05-29","2021-12-27",240,148,148,0.616666666666667,0.616666666666667
"US-xSE","weekly","soil_water_potential","2017-05-29","2021-12-27",240,125,125,0.520833333333333,0.520833333333333
"US-xSE","weekly","VPD","2017-05-29","2021-12-27",240,234,234,0.975,0.975
"US-xSE","weekly","air_temperature","2017-05-29","2021-12-27",240,236,236,0.983333333333333,0.983333333333333
"US-xSE","weekly","net_radiation","2017-05-29","2021-12-27",240,221,221,0.920833333333333,0.920833333333333
"US-xSE","monthly","ET","2017-05-01","2021-12-01",56,33,33,0.589285714285714,0.589285714285714
"US-xSE","monthly","soil_water_potential","2017-05-01","2021-12-01",56,28,28,0.5,0.5
"US-xSE","monthly","VPD","2017-05-01","2021-12-01",56,55,55,0.982142857142857,0.982142857142857
"US-xSE","monthly","air_temperature","2017-05-01","2021-12-01",56,55,55,0.982142857142857,0.982142857142857
"US-xSE","monthly","net_radiation","2017-05-01","2021-12-01",56,51,51,0.910714285714286,0.910714285714286
"US-xSJ","hourly","ET","2019-01-01","2021-12-31 23:00:00",26304,18825,18664,0.715670620437956,0.709549878345499
"US-xSJ","hourly","soil_water_potential","2019-01-01","2021-12-31 23:00:00",26304,23108,23065,0.878497566909976,0.876862834549878
"US-xSJ","hourly","VPD","2019-01-01","2021-12-31 23:00:00",26304,25941,25916,0.986199817518248,0.985249391727494
"US-xSJ","hourly","air_temperature","2019-01-01","2021-12-31 23:00:00",26304,25941,25916,0.986199817518248,0.985249391727494
"US-xSJ","hourly","net_radiation","2019-01-01","2021-12-31 23:00:00",26304,25785,25758,0.980269160583942,0.979242700729927
"US-xSJ","6_hourly","ET","2019-01-01","2021-12-31 18:00:00",4384,3108,3058,0.708941605839416,0.697536496350365
"US-xSJ","6_hourly","soil_water_potential","2019-01-01","2021-12-31 18:00:00",4384,3845,3829,0.877052919708029,0.873403284671533
"US-xSJ","6_hourly","VPD","2019-01-01","2021-12-31 18:00:00",4384,4314,4294,0.984032846715328,0.979470802919708
"US-xSJ","6_hourly","air_temperature","2019-01-01","2021-12-31 18:00:00",4384,4314,4294,0.984032846715328,0.979470802919708
"US-xSJ","6_hourly","net_radiation","2019-01-01","2021-12-31 18:00:00",4384,4290,4274,0.978558394160584,0.974908759124088
"US-xSJ","daily","ET","2019-01-01","2021-12-31",1096,776,776,0.708029197080292,0.708029197080292
"US-xSJ","daily","soil_water_potential","2019-01-01","2021-12-31",1096,962,962,0.877737226277372,0.877737226277372
"US-xSJ","daily","VPD","2019-01-01","2021-12-31",1096,1078,1078,0.983576642335766,0.983576642335766
"US-xSJ","daily","air_temperature","2019-01-01","2021-12-31",1096,1078,1078,0.983576642335766,0.983576642335766
"US-xSJ","daily","net_radiation","2019-01-01","2021-12-31",1096,1069,1069,0.97536496350365,0.97536496350365
"US-xSJ","weekly","ET","2018-12-31","2021-12-27",157,109,109,0.694267515923567,0.694267515923567
"US-xSJ","weekly","soil_water_potential","2018-12-31","2021-12-27",157,135,135,0.859872611464968,0.859872611464968
"US-xSJ","weekly","VPD","2018-12-31","2021-12-27",157,153,153,0.974522292993631,0.974522292993631
"US-xSJ","weekly","air_temperature","2018-12-31","2021-12-27",157,153,153,0.974522292993631,0.974522292993631
"US-xSJ","weekly","net_radiation","2018-12-31","2021-12-27",157,152,152,0.968152866242038,0.968152866242038
"US-xSJ","monthly","ET","2019-01-01","2021-12-01",36,24,24,0.666666666666667,0.666666666666667
"US-xSJ","monthly","soil_water_potential","2019-01-01","2021-12-01",36,31,31,0.861111111111111,0.861111111111111
"US-xSJ","monthly","VPD","2019-01-01","2021-12-01",36,36,36,1,1
"US-xSJ","monthly","air_temperature","2019-01-01","2021-12-01",36,36,36,1,1
"US-xSJ","monthly","net_radiation","2019-01-01","2021-12-01",36,36,36,1,1
"US-xSL","hourly","ET","2017-06-30 16:00:00","2023-12-31 23:00:00",57008,42828,42225,0.751262980634297,0.74068551782206
"US-xSL","hourly","soil_water_potential","2017-06-30 16:00:00","2023-12-31 23:00:00",57008,56652,56602,0.99375526241931,0.992878192534381
"US-xSL","hourly","VPD","2017-06-30 16:00:00","2023-12-31 23:00:00",57008,56236,56185,0.986458040976705,0.985563429694078
"US-xSL","hourly","air_temperature","2017-06-30 16:00:00","2023-12-31 23:00:00",57008,56572,56517,0.992351950603424,0.991387173730003
"US-xSL","hourly","net_radiation","2017-06-30 16:00:00","2023-12-31 23:00:00",57008,55869,55774,0.98002034802133,0.978353915239966
"US-xSL","6_hourly","ET","2017-06-30 12:00:00","2023-12-31 18:00:00",9502,7007,6786,0.737423700273627,0.714165438854978
"US-xSL","6_hourly","soil_water_potential","2017-06-30 12:00:00","2023-12-31 18:00:00",9502,9431,9409,0.992527888865502,0.990212586823827
"US-xSL","6_hourly","VPD","2017-06-30 12:00:00","2023-12-31 18:00:00",9502,9361,9332,0.985161018732898,0.982109029677963
"US-xSL","6_hourly","air_temperature","2017-06-30 12:00:00","2023-12-31 18:00:00",9502,9415,9381,0.990844032835193,0.987265838770785
"US-xSL","6_hourly","net_radiation","2017-06-30 12:00:00","2023-12-31 18:00:00",9502,9301,9262,0.978846558619238,0.974742159545359
"US-xSL","daily","ET","2017-06-30","2023-12-31",2376,1756,1756,0.739057239057239,0.739057239057239
"US-xSL","daily","soil_water_potential","2017-06-30","2023-12-31",2376,2359,2359,0.992845117845118,0.992845117845118
"US-xSL","daily","VPD","2017-06-30","2023-12-31",2376,2341,2341,0.98526936026936,0.98526936026936
"US-xSL","daily","air_temperature","2017-06-30","2023-12-31",2376,2356,2356,0.991582491582492,0.991582491582492
"US-xSL","daily","net_radiation","2017-06-30","2023-12-31",2376,2319,2319,0.976010101010101,0.976010101010101
"US-xSL","weekly","ET","2017-06-26","2023-12-25",340,243,243,0.714705882352941,0.714705882352941
"US-xSL","weekly","soil_water_potential","2017-06-26","2023-12-25",340,336,336,0.988235294117647,0.988235294117647
"US-xSL","weekly","VPD","2017-06-26","2023-12-25",340,333,333,0.979411764705882,0.979411764705882
"US-xSL","weekly","air_temperature","2017-06-26","2023-12-25",340,336,336,0.988235294117647,0.988235294117647
"US-xSL","weekly","net_radiation","2017-06-26","2023-12-25",340,332,332,0.976470588235294,0.976470588235294
"US-xSL","monthly","ET","2017-06-01","2023-12-01",79,53,53,0.670886075949367,0.670886075949367
"US-xSL","monthly","soil_water_potential","2017-06-01","2023-12-01",79,78,78,0.987341772151899,0.987341772151899
"US-xSL","monthly","VPD","2017-06-01","2023-12-01",79,77,77,0.974683544303797,0.974683544303797
"US-xSL","monthly","air_temperature","2017-06-01","2023-12-01",79,78,78,0.987341772151899,0.987341772151899
"US-xSL","monthly","net_radiation","2017-06-01","2023-12-01",79,77,77,0.974683544303797,0.974683544303797
"US-xSR","hourly","ET","2017-08-31 05:00:00","2021-12-31 23:00:00",38011,26491,25936,0.696929836100076,0.682328799558023
"US-xSR","hourly","soil_water_potential","2017-08-31 05:00:00","2021-12-31 23:00:00",38011,16447,16374,0.43269053694983,0.430770040251506
"US-xSR","hourly","VPD","2017-08-31 05:00:00","2021-12-31 23:00:00",38011,37848,37812,0.995711767646208,0.99476467338402
"US-xSR","hourly","air_temperature","2017-08-31 05:00:00","2021-12-31 23:00:00",38011,37849,37813,0.995738075820157,0.99479098155797
"US-xSR","hourly","net_radiation","2017-08-31 05:00:00","2021-12-31 23:00:00",38011,37569,37391,0.988371787114256,0.983688932151219
"US-xSR","6_hourly","ET","2017-08-31","2021-12-31 18:00:00",6336,4271,4088,0.674084595959596,0.64520202020202
"US-xSR","6_hourly","soil_water_potential","2017-08-31","2021-12-31 18:00:00",6336,2728,2722,0.430555555555556,0.429608585858586
"US-xSR","6_hourly","VPD","2017-08-31","2021-12-31 18:00:00",6336,6298,6280,0.994002525252525,0.991161616161616
"US-xSR","6_hourly","air_temperature","2017-08-31","2021-12-31 18:00:00",6336,6299,6282,0.994160353535353,0.991477272727273
"US-xSR","6_hourly","net_radiation","2017-08-31","2021-12-31 18:00:00",6336,6245,6196,0.985637626262626,0.97790404040404
"US-xSR","daily","ET","2017-08-31","2021-12-31",1584,1052,1052,0.664141414141414,0.664141414141414
"US-xSR","daily","soil_water_potential","2017-08-31","2021-12-31",1584,681,681,0.429924242424242,0.429924242424242
"US-xSR","daily","VPD","2017-08-31","2021-12-31",1584,1576,1576,0.994949494949495,0.994949494949495
"US-xSR","daily","air_temperature","2017-08-31","2021-12-31",1584,1576,1576,0.994949494949495,0.994949494949495
"US-xSR","daily","net_radiation","2017-08-31","2021-12-31",1584,1563,1563,0.986742424242424,0.986742424242424
"US-xSR","weekly","ET","2017-08-28","2021-12-27",227,147,147,0.647577092511013,0.647577092511013
"US-xSR","weekly","soil_water_potential","2017-08-28","2021-12-27",227,97,97,0.427312775330396,0.427312775330396
"US-xSR","weekly","VPD","2017-08-28","2021-12-27",227,225,225,0.991189427312775,0.991189427312775
"US-xSR","weekly","air_temperature","2017-08-28","2021-12-27",227,225,225,0.991189427312775,0.991189427312775
"US-xSR","weekly","net_radiation","2017-08-28","2021-12-27",227,225,225,0.991189427312775,0.991189427312775
"US-xSR","monthly","ET","2017-08-01","2021-12-01",53,31,31,0.584905660377358,0.584905660377358
"US-xSR","monthly","soil_water_potential","2017-08-01","2021-12-01",53,22,22,0.415094339622642,0.415094339622642
"US-xSR","monthly","VPD","2017-08-01","2021-12-01",53,52,52,0.981132075471698,0.981132075471698
"US-xSR","monthly","air_temperature","2017-08-01","2021-12-01",53,52,52,0.981132075471698,0.981132075471698
"US-xSR","monthly","net_radiation","2017-08-01","2021-12-01",53,52,52,0.981132075471698,0.981132075471698
"US-xST","hourly","ET","2017-08-31 17:00:00","2021-12-31 23:00:00",37999,35695,35512,0.939366825442775,0.934550909234453
"US-xST","hourly","soil_water_potential","2017-08-31 17:00:00","2021-12-31 23:00:00",37999,20752,20680,0.54611963472723,0.544224848022316
"US-xST","hourly","VPD","2017-08-31 17:00:00","2021-12-31 23:00:00",37999,37413,37380,0.984578541540567,0.983710097634148
"US-xST","hourly","air_temperature","2017-08-31 17:00:00","2021-12-31 23:00:00",37999,37416,37383,0.984657490986605,0.983789047080186
"US-xST","hourly","net_radiation","2017-08-31 17:00:00","2021-12-31 23:00:00",37999,29319,29305,0.771572936129898,0.771204505381721
"US-xST","6_hourly","ET","2017-08-31 12:00:00","2021-12-31 18:00:00",6334,5901,5821,0.931638774865804,0.919008525418377
"US-xST","6_hourly","soil_water_potential","2017-08-31 12:00:00","2021-12-31 18:00:00",6334,3435,3414,0.542311335648879,0.53899589516893
"US-xST","6_hourly","VPD","2017-08-31 12:00:00","2021-12-31 18:00:00",6334,6225,6204,0.982791285127881,0.979475844647932
"US-xST","6_hourly","air_temperature","2017-08-31 12:00:00","2021-12-31 18:00:00",6334,6226,6205,0.982949163245974,0.979633722766025
"US-xST","6_hourly","net_radiation","2017-08-31 12:00:00","2021-12-31 18:00:00",6334,4881,4871,0.770603094411115,0.769024313230186
"US-xST","daily","ET","2017-08-31","2021-12-31",1584,1481,1481,0.934974747474748,0.934974747474748
"US-xST","daily","soil_water_potential","2017-08-31","2021-12-31",1584,860,860,0.542929292929293,0.542929292929293
"US-xST","daily","VPD","2017-08-31","2021-12-31",1584,1555,1555,0.981691919191919,0.981691919191919
"US-xST","daily","air_temperature","2017-08-31","2021-12-31",1584,1555,1555,0.981691919191919,0.981691919191919
"US-xST","daily","net_radiation","2017-08-31","2021-12-31",1584,1218,1218,0.768939393939394,0.768939393939394
"US-xST","weekly","ET","2017-08-28","2021-12-27",227,208,208,0.916299559471366,0.916299559471366
"US-xST","weekly","soil_water_potential","2017-08-28","2021-12-27",227,121,121,0.533039647577093,0.533039647577093
"US-xST","weekly","VPD","2017-08-28","2021-12-27",227,221,221,0.973568281938326,0.973568281938326
"US-xST","weekly","air_temperature","2017-08-28","2021-12-27",227,221,221,0.973568281938326,0.973568281938326
"US-xST","weekly","net_radiation","2017-08-28","2021-12-27",227,175,175,0.770925110132159,0.770925110132159
"US-xST","monthly","ET","2017-08-01","2021-12-01",53,47,47,0.886792452830189,0.886792452830189
"US-xST","monthly","soil_water_potential","2017-08-01","2021-12-01",53,27,27,0.509433962264151,0.509433962264151
"US-xST","monthly","VPD","2017-08-01","2021-12-01",53,51,51,0.962264150943396,0.962264150943396
"US-xST","monthly","air_temperature","2017-08-01","2021-12-01",53,51,51,0.962264150943396,0.962264150943396
"US-xST","monthly","net_radiation","2017-08-01","2021-12-01",53,40,40,0.754716981132076,0.754716981132076
"US-xTA","hourly","ET","2017-08-31 17:00:00","2021-12-31 23:00:00",37999,31306,30844,0.823863785889102,0.811705571199242
"US-xTA","hourly","soil_water_potential","2017-08-31 17:00:00","2021-12-31 23:00:00",37999,13448,13342,0.353904050106582,0.351114503013237
"US-xTA","hourly","VPD","2017-08-31 17:00:00","2021-12-31 23:00:00",37999,37555,37501,0.988315481986368,0.986894391957683
"US-xTA","hourly","air_temperature","2017-08-31 17:00:00","2021-12-31 23:00:00",37999,37563,37513,0.98852601384247,0.987210189741835
"US-xTA","hourly","net_radiation","2017-08-31 17:00:00","2021-12-31 23:00:00",37999,32251,32150,0.848732861391089,0.846074896707808
"US-xTA","6_hourly","ET","2017-08-31 12:00:00","2021-12-31 18:00:00",6334,5091,4911,0.803757499210609,0.7753394379539
"US-xTA","6_hourly","soil_water_potential","2017-08-31 12:00:00","2021-12-31 18:00:00",6334,2218,2179,0.350173665929902,0.344016419324282
"US-xTA","6_hourly","VPD","2017-08-31 12:00:00","2021-12-31 18:00:00",6334,6248,6219,0.986422481844016,0.981844016419324
"US-xTA","6_hourly","air_temperature","2017-08-31 12:00:00","2021-12-31 18:00:00",6334,6250,6223,0.986738238080202,0.982475528891696
"US-xTA","6_hourly","net_radiation","2017-08-31 12:00:00","2021-12-31 18:00:00",6334,5356,5321,0.84559520050521,0.840069466371961
"US-xTA","daily","ET","2017-08-31","2021-12-31",1584,1278,1278,0.806818181818182,0.806818181818182
"US-xTA","daily","soil_water_potential","2017-08-31","2021-12-31",1584,549,549,0.346590909090909,0.346590909090909
"US-xTA","daily","VPD","2017-08-31","2021-12-31",1584,1559,1559,0.984217171717172,0.984217171717172
"US-xTA","daily","air_temperature","2017-08-31","2021-12-31",1584,1559,1559,0.984217171717172,0.984217171717172
"US-xTA","daily","net_radiation","2017-08-31","2021-12-31",1584,1341,1341,0.846590909090909,0.846590909090909
"US-xTA","weekly","ET","2017-08-28","2021-12-27",227,175,175,0.770925110132159,0.770925110132159
"US-xTA","weekly","soil_water_potential","2017-08-28","2021-12-27",227,77,77,0.33920704845815,0.33920704845815
"US-xTA","weekly","VPD","2017-08-28","2021-12-27",227,221,221,0.973568281938326,0.973568281938326
"US-xTA","weekly","air_temperature","2017-08-28","2021-12-27",227,221,221,0.973568281938326,0.973568281938326
"US-xTA","weekly","net_radiation","2017-08-28","2021-12-27",227,189,189,0.832599118942731,0.832599118942731
"US-xTA","monthly","ET","2017-08-01","2021-12-01",53,37,37,0.69811320754717,0.69811320754717
"US-xTA","monthly","soil_water_potential","2017-08-01","2021-12-01",53,17,0,0.320754716981132,0
"US-xTA","monthly","VPD","2017-08-01","2021-12-01",53,52,52,0.981132075471698,0.981132075471698
"US-xTA","monthly","air_temperature","2017-08-01","2021-12-01",53,52,52,0.981132075471698,0.981132075471698
"US-xTA","monthly","net_radiation","2017-08-01","2021-12-01",53,44,44,0.830188679245283,0.830188679245283
"US-xTR","hourly","ET","2017-07-31 17:00:00","2021-12-31 23:00:00",38743,37164,37044,0.959244250574297,0.956146916862401
"US-xTR","hourly","soil_water_potential","2017-07-31 17:00:00","2021-12-31 23:00:00",38743,20446,20327,0.527734042278605,0.524662519680975
"US-xTR","hourly","VPD","2017-07-31 17:00:00","2021-12-31 23:00:00",38743,35323,35301,0.911725989210954,0.911158144697107
"US-xTR","hourly","air_temperature","2017-07-31 17:00:00","2021-12-31 23:00:00",38743,38658,38641,0.997806055287407,0.997367266344888
"US-xTR","hourly","net_radiation","2017-07-31 17:00:00","2021-12-31 23:00:00",38743,38531,38492,0.99452804377565,0.993521410319284
"US-xTR","6_hourly","ET","2017-07-31 12:00:00","2021-12-31 18:00:00",6458,6155,6087,0.953081449365129,0.942551873645091
"US-xTR","6_hourly","soil_water_potential","2017-07-31 12:00:00","2021-12-31 18:00:00",6458,3351,3301,0.518891297615361,0.511148962527098
"US-xTR","6_hourly","VPD","2017-07-31 12:00:00","2021-12-31 18:00:00",6458,5877,5862,0.910034066274388,0.90771136574791
"US-xTR","6_hourly","air_temperature","2017-07-31 12:00:00","2021-12-31 18:00:00",6458,6436,6423,0.996593372561164,0.994580365438216
"US-xTR","6_hourly","net_radiation","2017-07-31 12:00:00","2021-12-31 18:00:00",6458,6410,6384,0.992567358315268,0.988541344069371
"US-xTR","daily","ET","2017-07-31","2021-12-31",1615,1536,1536,0.951083591331269,0.951083591331269
"US-xTR","daily","soil_water_potential","2017-07-31","2021-12-31",1615,837,837,0.518266253869969,0.518266253869969
"US-xTR","daily","VPD","2017-07-31","2021-12-31",1615,1469,1469,0.909597523219814,0.909597523219814
"US-xTR","daily","air_temperature","2017-07-31","2021-12-31",1615,1609,1609,0.996284829721362,0.996284829721362
"US-xTR","daily","net_radiation","2017-07-31","2021-12-31",1615,1604,1604,0.993188854489164,0.993188854489164
"US-xTR","weekly","ET","2017-07-31","2021-12-27",231,220,220,0.952380952380952,0.952380952380952
"US-xTR","weekly","soil_water_potential","2017-07-31","2021-12-27",231,117,117,0.506493506493506,0.506493506493506
"US-xTR","weekly","VPD","2017-07-31","2021-12-27",231,211,211,0.913419913419913,0.913419913419913
"US-xTR","weekly","air_temperature","2017-07-31","2021-12-27",231,230,230,0.995670995670996,0.995670995670996
"US-xTR","weekly","net_radiation","2017-07-31","2021-12-27",231,230,230,0.995670995670996,0.995670995670996
"US-xTR","monthly","ET","2017-07-01","2021-12-01",54,50,50,0.925925925925926,0.925925925925926
"US-xTR","monthly","soil_water_potential","2017-07-01","2021-12-01",54,26,26,0.481481481481481,0.481481481481481
"US-xTR","monthly","VPD","2017-07-01","2021-12-01",54,48,48,0.888888888888889,0.888888888888889
"US-xTR","monthly","air_temperature","2017-07-01","2021-12-01",54,53,53,0.981481481481482,0.981481481481482
"US-xTR","monthly","net_radiation","2017-07-01","2021-12-01",54,53,53,0.981481481481482,0.981481481481482
"US-xUK","hourly","ET","2017-07-31 17:00:00","2021-12-31 23:00:00",38743,28231,27946,0.72867356683788,0.721317399272127
"US-xUK","hourly","soil_water_potential","2017-07-31 17:00:00","2021-12-31 23:00:00",38743,15522,15413,0.400640115633792,0.397826704178819
"US-xUK","hourly","VPD","2017-07-31 17:00:00","2021-12-31 23:00:00",38743,38002,37945,0.98087396432904,0.979402730815889
"US-xUK","hourly","air_temperature","2017-07-31 17:00:00","2021-12-31 23:00:00",38743,38276,38231,0.98794620963787,0.986784709495909
"US-xUK","hourly","net_radiation","2017-07-31 17:00:00","2021-12-31 23:00:00",38743,36952,36824,0.953772294349947,0.950468471723924
"US-xUK","6_hourly","ET","2017-07-31 12:00:00","2021-12-31 18:00:00",6458,4641,4542,0.718643542892536,0.703313719417776
"US-xUK","6_hourly","soil_water_potential","2017-07-31 12:00:00","2021-12-31 18:00:00",6458,2561,2541,0.396562403220811,0.393465469185506
"US-xUK","6_hourly","VPD","2017-07-31 12:00:00","2021-12-31 18:00:00",6458,6326,6295,0.979560235366987,0.974759987612264
"US-xUK","6_hourly","air_temperature","2017-07-31 12:00:00","2021-12-31 18:00:00",6458,6373,6347,0.986838030349954,0.982812016104057
"US-xUK","6_hourly","net_radiation","2017-07-31 12:00:00","2021-12-31 18:00:00",6458,6138,6086,0.950449055435119,0.942397026943326
"US-xUK","daily","ET","2017-07-31","2021-12-31",1615,1163,1163,0.720123839009288,0.720123839009288
"US-xUK","daily","soil_water_potential","2017-07-31","2021-12-31",1615,642,642,0.397523219814241,0.397523219814241
"US-xUK","daily","VPD","2017-07-31","2021-12-31",1615,1580,1580,0.978328173374613,0.978328173374613
"US-xUK","daily","air_temperature","2017-07-31","2021-12-31",1615,1594,1594,0.986996904024768,0.986996904024768
"US-xUK","daily","net_radiation","2017-07-31","2021-12-31",1615,1538,1538,0.952321981424149,0.952321981424149
"US-xUK","weekly","ET","2017-07-31","2021-12-27",231,164,164,0.70995670995671,0.70995670995671
"US-xUK","weekly","soil_water_potential","2017-07-31","2021-12-27",231,91,91,0.393939393939394,0.393939393939394
"US-xUK","weekly","VPD","2017-07-31","2021-12-27",231,224,224,0.96969696969697,0.96969696969697
"US-xUK","weekly","air_temperature","2017-07-31","2021-12-27",231,227,227,0.982683982683983,0.982683982683983
"US-xUK","weekly","net_radiation","2017-07-31","2021-12-27",231,219,219,0.948051948051948,0.948051948051948
"US-xUK","monthly","ET","2017-07-01","2021-12-01",54,37,37,0.685185185185185,0.685185185185185
"US-xUK","monthly","soil_water_potential","2017-07-01","2021-12-01",54,20,20,0.37037037037037,0.37037037037037
"US-xUK","monthly","VPD","2017-07-01","2021-12-01",54,51,51,0.944444444444444,0.944444444444444
"US-xUK","monthly","air_temperature","2017-07-01","2021-12-01",54,52,52,0.962962962962963,0.962962962962963
"US-xUK","monthly","net_radiation","2017-07-01","2021-12-01",54,51,51,0.944444444444444,0.944444444444444
"US-xUN","hourly","ET","2017-01-31 06:00:00","2021-12-31 23:00:00",43098,37714,37424,0.875075409531765,0.868346559005058
"US-xUN","hourly","soil_water_potential","2017-01-31 06:00:00","2021-12-31 23:00:00",43098,24074,23863,0.558587405448049,0.553691586616548
"US-xUN","hourly","VPD","2017-01-31 06:00:00","2021-12-31 23:00:00",43098,41343,41279,0.959278852847,0.957793865144554
"US-xUN","hourly","air_temperature","2017-01-31 06:00:00","2021-12-31 23:00:00",43098,42000,41947,0.974523179729918,0.97329342428883
"US-xUN","hourly","net_radiation","2017-01-31 06:00:00","2021-12-31 23:00:00",43098,41601,41531,0.965265209522484,0.963641004222934
"US-xUN","6_hourly","ET","2017-01-31 06:00:00","2021-12-31 18:00:00",7183,6201,6090,0.863288319643603,0.847835166365029
"US-xUN","6_hourly","soil_water_potential","2017-01-31 06:00:00","2021-12-31 18:00:00",7183,3926,3838,0.54656828623138,0.534317137686204
"US-xUN","6_hourly","VPD","2017-01-31 06:00:00","2021-12-31 18:00:00",7183,6865,6827,0.955728804120841,0.950438535430878
"US-xUN","6_hourly","air_temperature","2017-01-31 06:00:00","2021-12-31 18:00:00",7183,6977,6943,0.97132117499652,0.966587776694974
"US-xUN","6_hourly","net_radiation","2017-01-31 06:00:00","2021-12-31 18:00:00",7183,6910,6862,0.961993595990533,0.955311151329528
"US-xUN","daily","ET","2017-01-31","2021-12-31",1796,1558,1558,0.867483296213808,0.867483296213808
"US-xUN","daily","soil_water_potential","2017-01-31","2021-12-31",1796,965,965,0.537305122494432,0.537305122494432
"US-xUN","daily","VPD","2017-01-31","2021-12-31",1796,1718,1718,0.956570155902004,0.956570155902004
"US-xUN","daily","air_temperature","2017-01-31","2021-12-31",1796,1746,1746,0.972160356347439,0.972160356347439
"US-xUN","daily","net_radiation","2017-01-31","2021-12-31",1796,1725,1725,0.960467706013363,0.960467706013363
"US-xUN","weekly","ET","2017-01-30","2021-12-27",257,221,221,0.859922178988327,0.859922178988327
"US-xUN","weekly","soil_water_potential","2017-01-30","2021-12-27",257,136,136,0.529182879377432,0.529182879377432
"US-xUN","weekly","VPD","2017-01-30","2021-12-27",257,246,246,0.957198443579767,0.957198443579767
"US-xUN","weekly","air_temperature","2017-01-30","2021-12-27",257,251,251,0.976653696498054,0.976653696498054
"US-xUN","weekly","net_radiation","2017-01-30","2021-12-27",257,249,249,0.968871595330739,0.968871595330739
"US-xUN","monthly","ET","2017-01-01","2021-12-01",60,49,49,0.816666666666667,0.816666666666667
"US-xUN","monthly","soil_water_potential","2017-01-01","2021-12-01",60,30,30,0.5,0.5
"US-xUN","monthly","VPD","2017-01-01","2021-12-01",60,55,55,0.916666666666667,0.916666666666667
"US-xUN","monthly","air_temperature","2017-01-01","2021-12-01",60,57,57,0.95,0.95
"US-xUN","monthly","net_radiation","2017-01-01","2021-12-01",60,57,57,0.95,0.95
"US-xWD","hourly","ET","2017-08-31 17:00:00","2023-12-31 23:00:00",55519,48429,48034,0.872295970748753,0.865181289288352
"US-xWD","hourly","soil_water_potential","2017-08-31 17:00:00","2023-12-31 23:00:00",55519,53175,53097,0.957780219384355,0.956375294944073
"US-xWD","hourly","VPD","2017-08-31 17:00:00","2023-12-31 23:00:00",55519,55378,55341,0.997460328896414,0.99679389037987
"US-xWD","hourly","air_temperature","2017-08-31 17:00:00","2023-12-31 23:00:00",55519,55382,55348,0.997532376303608,0.996919973342459
"US-xWD","hourly","net_radiation","2017-08-31 17:00:00","2023-12-31 23:00:00",55519,54776,54692,0.986617194113727,0.985104198562654
"US-xWD","6_hourly","ET","2017-08-31 12:00:00","2023-12-31 18:00:00",9254,7970,7812,0.861249189539659,0.844175491679274
"US-xWD","6_hourly","soil_water_potential","2017-08-31 12:00:00","2023-12-31 18:00:00",9254,8848,8819,0.956127080181543,0.95299330019451
"US-xWD","6_hourly","VPD","2017-08-31 12:00:00","2023-12-31 18:00:00",9254,9219,9197,0.996217851739788,0.993840501404798
"US-xWD","6_hourly","air_temperature","2017-08-31 12:00:00","2023-12-31 18:00:00",9254,9219,9197,0.996217851739788,0.993840501404798
"US-xWD","6_hourly","net_radiation","2017-08-31 12:00:00","2023-12-31 18:00:00",9254,9122,9091,0.985735897990058,0.982385995245299
"US-xWD","daily","ET","2017-08-31","2023-12-31",2314,2006,2006,0.866897147796024,0.866897147796024
"US-xWD","daily","soil_water_potential","2017-08-31","2023-12-31",2314,2216,2216,0.957649092480553,0.957649092480553
"US-xWD","daily","VPD","2017-08-31","2023-12-31",2314,2310,2310,0.998271391529818,0.998271391529818
"US-xWD","daily","air_temperature","2017-08-31","2023-12-31",2314,2310,2310,0.998271391529818,0.998271391529818
"US-xWD","daily","net_radiation","2017-08-31","2023-12-31",2314,2280,2280,0.985306828003457,0.985306828003457
"US-xWD","weekly","ET","2017-08-28","2023-12-25",331,284,284,0.858006042296072,0.858006042296072
"US-xWD","weekly","soil_water_potential","2017-08-28","2023-12-25",331,316,316,0.954682779456193,0.954682779456193
"US-xWD","weekly","VPD","2017-08-28","2023-12-25",331,329,329,0.993957703927492,0.993957703927492
"US-xWD","weekly","air_temperature","2017-08-28","2023-12-25",331,329,329,0.993957703927492,0.993957703927492
"US-xWD","weekly","net_radiation","2017-08-28","2023-12-25",331,324,324,0.978851963746224,0.978851963746224
"US-xWD","monthly","ET","2017-08-01","2023-12-01",77,65,65,0.844155844155844,0.844155844155844
"US-xWD","monthly","soil_water_potential","2017-08-01","2023-12-01",77,72,72,0.935064935064935,0.935064935064935
"US-xWD","monthly","VPD","2017-08-01","2023-12-01",77,76,76,0.987012987012987,0.987012987012987
"US-xWD","monthly","air_temperature","2017-08-01","2023-12-01",77,76,76,0.987012987012987,0.987012987012987
"US-xWD","monthly","net_radiation","2017-08-01","2023-12-01",77,76,76,0.987012987012987,0.987012987012987
"US-xYE","hourly","ET","2018-09-30 05:00:00","2021-12-31 23:00:00",28531,20131,19797,0.705583400511724,0.693876835722547
"US-xYE","hourly","soil_water_potential","2018-09-30 05:00:00","2021-12-31 23:00:00",28531,15380,15050,0.539062773824962,0.527496407416494
"US-xYE","hourly","VPD","2018-09-30 05:00:00","2021-12-31 23:00:00",28531,28255,28218,0.9903263117311,0.989029476709544
"US-xYE","hourly","air_temperature","2018-09-30 05:00:00","2021-12-31 23:00:00",28531,28256,28219,0.990361361326277,0.989064526304721
"US-xYE","hourly","net_radiation","2018-09-30 05:00:00","2021-12-31 23:00:00",28531,27491,27033,0.963548421015737,0.947495706424591
"US-xYE","6_hourly","ET","2018-09-30","2021-12-31 18:00:00",4756,3266,3133,0.686711522287637,0.658746846089151
"US-xYE","6_hourly","soil_water_potential","2018-09-30","2021-12-31 18:00:00",4756,2485,2364,0.522497897392767,0.497056349873844
"US-xYE","6_hourly","VPD","2018-09-30","2021-12-31 18:00:00",4756,4699,4676,0.988015138772077,0.983179142136249
"US-xYE","6_hourly","air_temperature","2018-09-30","2021-12-31 18:00:00",4756,4699,4676,0.988015138772077,0.983179142136249
"US-xYE","6_hourly","net_radiation","2018-09-30","2021-12-31 18:00:00",4756,4533,4423,0.953111858704794,0.929983179142136
"US-xYE","daily","ET","2018-09-30","2021-12-31",1189,809,809,0.68040370058873,0.68040370058873
"US-xYE","daily","soil_water_potential","2018-09-30","2021-12-31",1189,603,603,0.507148864592094,0.507148864592094
"US-xYE","daily","VPD","2018-09-30","2021-12-31",1189,1170,1170,0.984020185029437,0.984020185029437
"US-xYE","daily","air_temperature","2018-09-30","2021-12-31",1189,1170,1170,0.984020185029437,0.984020185029437
"US-xYE","daily","net_radiation","2018-09-30","2021-12-31",1189,1153,1153,0.969722455845248,0.969722455845248
"US-xYE","weekly","ET","2018-09-24","2021-12-27",171,110,110,0.64327485380117,0.64327485380117
"US-xYE","weekly","soil_water_potential","2018-09-24","2021-12-27",171,87,87,0.508771929824561,0.508771929824561
"US-xYE","weekly","VPD","2018-09-24","2021-12-27",171,168,168,0.982456140350877,0.982456140350877
"US-xYE","weekly","air_temperature","2018-09-24","2021-12-27",171,168,168,0.982456140350877,0.982456140350877
"US-xYE","weekly","net_radiation","2018-09-24","2021-12-27",171,164,164,0.95906432748538,0.95906432748538
"US-xYE","monthly","ET","2018-09-01","2021-12-01",40,25,25,0.625,0.625
"US-xYE","monthly","soil_water_potential","2018-09-01","2021-12-01",40,19,19,0.475,0.475
"US-xYE","monthly","VPD","2018-09-01","2021-12-01",40,39,39,0.975,0.975
"US-xYE","monthly","air_temperature","2018-09-01","2021-12-01",40,39,39,0.975,0.975
"US-xYE","monthly","net_radiation","2018-09-01","2021-12-01",40,38,38,0.95,0.95
