"Site_ID","scale","variable_set","n_time_steps","n_simultaneous","fraction_of_all_steps","overlap_start","overlap_end","overlap_span_steps","fraction_complete_within_span","longest_contiguous_run","n_contiguous_segments"
"US-A32","hourly","ET + soil water potential",17504,13593,0.776565356489945,"2015-06-16","2017-06-15",17503,0.776609724047306,1816,84
"US-A32","hourly","ET + VPD",17504,13593,0.776565356489945,"2015-06-16","2017-06-15",17503,0.776609724047306,1816,84
"US-A32","hourly","ET + air temperature",17504,13593,0.776565356489945,"2015-06-16","2017-06-15",17503,0.776609724047306,1816,84
"US-A32","hourly","ET + net radiation",17504,13483,0.770281078610603,"2015-06-16","2017-06-14",17491,0.77085358184209,1816,80
"US-A32","hourly","ET + all core drivers",17504,13593,0.776565356489945,"2015-06-16","2017-06-15",17503,0.776609724047306,1816,84
"US-A32","hourly","ET + all drivers including net radiation",17504,13483,0.770281078610603,"2015-06-16","2017-06-14",17491,0.77085358184209,1816,80
"US-A74","hourly","ET + soil water potential",15353,11389,0.741809418354719,"2016-01-27","2017-10-23",15244,0.747113618472842,2053,41
"US-A74","hourly","ET + VPD",15353,11389,0.741809418354719,"2016-01-27","2017-10-23",15244,0.747113618472842,2053,41
"US-A74","hourly","ET + air temperature",15353,11389,0.741809418354719,"2016-01-27","2017-10-23",15244,0.747113618472842,2053,41
"US-A74","hourly","ET + net radiation",15353,10777,0.70194750211685,"2016-01-27","2017-10-22",15225,0.707848932676519,2053,23
"US-A74","hourly","ET + all core drivers",15353,11389,0.741809418354719,"2016-01-27","2017-10-23",15244,0.747113618472842,2053,41
"US-A74","hourly","ET + all drivers including net radiation",15353,10777,0.70194750211685,"2016-01-27","2017-10-22",15225,0.707848932676519,2053,23
"US-AR1","hourly","ET + soil water potential",32215,29348,0.911004190594444,"2009-04-29","2012-12-31",32214,0.911032470354504,5349,56
"US-AR1","hourly","ET + VPD",32215,29344,0.910880024833152,"2009-04-29","2012-12-31",32214,0.910908300738809,5349,58
"US-AR1","hourly","ET + air temperature",32215,29348,0.911004190594444,"2009-04-29","2012-12-31",32214,0.911032470354504,5349,56
"US-AR1","hourly","ET + net radiation",32215,28342,0.879776501629676,"2009-06-04","2012-12-30",31337,0.904426077799406,5335,50
"US-AR1","hourly","ET + all core drivers",32215,29344,0.910880024833152,"2009-04-29","2012-12-31",32214,0.910908300738809,5349,58
"US-AR1","hourly","ET + all drivers including net radiation",32215,28342,0.879776501629676,"2009-06-04","2012-12-30",31337,0.904426077799406,5335,50
"US-AR2","hourly","ET + soil water potential",28612,25183,0.880155179644904,"2009-04-29","2012-04-13",25923,0.971453921228253,4757,86
"US-AR2","hourly","ET + VPD",28612,26873,0.939221305745841,"2009-04-29","2012-08-03",28611,0.939254133025759,4757,88
"US-AR2","hourly","ET + air temperature",28612,26873,0.939221305745841,"2009-04-29","2012-08-03",28611,0.939254133025759,4757,88
"US-AR2","hourly","ET + net radiation",28612,26834,0.937858241297358,"2009-04-29","2012-08-02",28587,0.938678420260958,4757,86
"US-AR2","hourly","ET + all core drivers",28612,25183,0.880155179644904,"2009-04-29","2012-04-13",25923,0.971453921228253,4757,86
"US-AR2","hourly","ET + all drivers including net radiation",28612,25155,0.879176569271634,"2009-04-29","2012-04-12",25899,0.971273022124406,4757,85
"US-ARM","hourly","ET + soil water potential",184063,154773,0.840869702221522,"2003-01-01","2023-12-31",184062,0.840874270626202,4194,651
"US-ARM","hourly","ET + VPD",184063,167332,0.909101774935756,"2003-01-01","2023-12-31",184062,0.909106714042008,8949,495
"US-ARM","hourly","ET + air temperature",184063,167393,0.909433183203577,"2003-01-01","2023-12-31",184062,0.909438124110354,8949,490
"US-ARM","hourly","ET + net radiation",184063,127768,0.694153632180286,"2007-04-21","2023-12-31",146357,0.872988651038215,4194,233
"US-ARM","hourly","ET + all core drivers",184063,150338,0.816774691274183,"2003-01-01","2023-12-31",184062,0.816779128771827,4194,667
"US-ARM","hourly","ET + all drivers including net radiation",184063,112428,0.610812602206853,"2007-04-21","2023-12-31",146357,0.768176445267394,4194,379
"US-ARb","hourly","ET + soil water potential",14460,0,0,NA,NA,0,NA,0,0
"US-ARb","hourly","ET + VPD",14460,14227,0.983886583679115,"2005-03-09","2006-11-01",14452,0.984431220592306,5492,39
"US-ARb","hourly","ET + air temperature",14460,14227,0.983886583679115,"2005-03-09","2006-11-01",14452,0.984431220592306,5492,39
"US-ARb","hourly","ET + net radiation",14460,14193,0.981535269709544,"2005-03-09","2006-10-31",14428,0.983712226226781,5492,40
"US-ARb","hourly","ET + all core drivers",14460,0,0,NA,NA,0,NA,0,0
"US-ARb","hourly","ET + all drivers including net radiation",14460,0,0,NA,NA,0,NA,0,0
"US-ARc","hourly","ET + soil water potential",14480,0,0,NA,NA,0,NA,0,0
"US-ARc","hourly","ET + VPD",14480,14470,0.999309392265193,"2005-03-07","2006-11-01",14479,0.999378410111196,7820,5
"US-ARc","hourly","ET + air temperature",14480,14470,0.999309392265193,"2005-03-07","2006-11-01",14479,0.999378410111196,7820,5
"US-ARc","hourly","ET + net radiation",14480,14446,0.997651933701658,"2005-03-08","2006-10-31",14456,0.999308245711123,5014,6
"US-ARc","hourly","ET + all core drivers",14480,0,0,NA,NA,0,NA,0,0
"US-ARc","hourly","ET + all drivers including net radiation",14480,0,0,NA,NA,0,NA,0,0
"US-ASH","hourly","ET + soil water potential",2209,0,0,NA,NA,0,NA,0,0
"US-ASH","hourly","ET + VPD",2209,1951,0.883205070167497,"2016-10-11","2016-12-31",1962,0.994393476044852,1950,2
"US-ASH","hourly","ET + air temperature",2209,1951,0.883205070167497,"2016-10-11","2016-12-31",1962,0.994393476044852,1950,2
"US-ASH","hourly","ET + net radiation",2209,1932,0.874603893164328,"2016-10-11","2016-12-31",1950,0.990769230769231,1781,2
"US-ASH","hourly","ET + all core drivers",2209,0,0,NA,NA,0,NA,0,0
"US-ASH","hourly","ET + all drivers including net radiation",2209,0,0,NA,NA,0,NA,0,0
"US-ASM","hourly","ET + soil water potential",2213,0,0,NA,NA,0,NA,0,0
"US-ASM","hourly","ET + VPD",2213,2212,0.999548124717578,"2016-09-30","2016-12-31",2212,1,2212,1
"US-ASM","hourly","ET + air temperature",2213,2212,0.999548124717578,"2016-09-30","2016-12-31",2212,1,2212,1
"US-ASM","hourly","ET + net radiation",2213,2178,0.984184365115228,"2016-10-01","2016-12-31",2207,0.986859990937925,1781,3
"US-ASM","hourly","ET + all core drivers",2213,0,0,NA,NA,0,NA,0,0
"US-ASM","hourly","ET + all drivers including net radiation",2213,0,0,NA,NA,0,NA,0,0
"US-Akn","hourly","ET + soil water potential",98127,0,0,NA,NA,0,NA,0,0
"US-Akn","hourly","ET + VPD",98127,46986,0.478828456999603,"2016-01-01","2022-04-27",55394,0.848214608080297,9563,149
"US-Akn","hourly","ET + air temperature",98127,46986,0.478828456999603,"2016-01-01","2022-04-27",55394,0.848214608080297,9563,149
"US-Akn","hourly","ET + net radiation",98127,0,0,NA,NA,0,NA,0,0
"US-Akn","hourly","ET + all core drivers",98127,0,0,NA,NA,0,NA,0,0
"US-Akn","hourly","ET + all drivers including net radiation",98127,0,0,NA,NA,0,NA,0,0
"US-BRG","hourly","ET + soil water potential",42566,24352,0.572099797960814,"2017-04-19","2020-11-12",31274,0.778665984523886,4367,146
"US-BRG","hourly","ET + VPD",42566,23794,0.55899074378612,"2017-04-19","2020-11-12",31274,0.760823687408071,4367,138
"US-BRG","hourly","ET + air temperature",42566,23794,0.55899074378612,"2017-04-19","2020-11-12",31274,0.760823687408071,4367,138
"US-BRG","hourly","ET + net radiation",42566,0,0,NA,NA,0,NA,0,0
"US-BRG","hourly","ET + all core drivers",42566,23772,0.558473899356294,"2017-04-19","2020-11-12",31274,0.760120227665153,4367,145
"US-BRG","hourly","ET + all drivers including net radiation",42566,0,0,NA,NA,0,NA,0,0
"US-Bar","hourly","ET + soil water potential",165876,142032,0.856254069304782,"2004-06-03","2022-10-06",160767,0.883464890182687,2903,1337
"US-Bar","hourly","ET + VPD",165876,144482,0.871024138513106,"2004-02-06","2022-10-06",163599,0.883147207501268,2903,1348
"US-Bar","hourly","ET + air temperature",165876,144535,0.87134365429598,"2004-02-06","2022-10-06",163599,0.883471170361677,2903,1344
"US-Bar","hourly","ET + net radiation",165876,143890,0.867455207504401,"2004-02-10","2022-10-06",163510,0.880007339000673,1744,1529
"US-Bar","hourly","ET + all core drivers",165876,142020,0.85618172610866,"2004-06-03","2022-10-06",160767,0.883390247998656,2903,1340
"US-Bar","hourly","ET + all drivers including net radiation",165876,141380,0.852323422315465,"2004-06-03","2022-10-06",160767,0.87940933151704,1744,1528
"US-Bi1","hourly","ET + soil water potential",47213,46441,0.983648571368055,"2016-08-12","2021-12-31",47212,0.983669406083199,5789,119
"US-Bi1","hourly","ET + VPD",47213,46382,0.98239891555292,"2016-08-12","2021-12-31",47212,0.982419723799034,5422,82
"US-Bi1","hourly","ET + air temperature",47213,46382,0.98239891555292,"2016-08-12","2021-12-31",47212,0.982419723799034,5422,82
"US-Bi1","hourly","ET + net radiation",47213,46753,0.990256920763349,"2016-08-13","2021-12-31",47207,0.990382782214502,4661,77
"US-Bi1","hourly","ET + all core drivers",47213,46004,0.974392646093237,"2016-08-12","2021-12-31",47212,0.974413284758112,5422,129
"US-Bi1","hourly","ET + all drivers including net radiation",47213,45938,0.972994726028848,"2016-08-13","2021-12-31",47207,0.973118393458597,4661,134
"US-Bi2","hourly","ET + soil water potential",41045,39519,0.962821293702034,"2017-04-26","2021-12-31",41044,0.962844751973492,2561,166
"US-Bi2","hourly","ET + VPD",41045,39039,0.951126812035571,"2017-04-26","2021-12-31",41044,0.951149985381542,3631,155
"US-Bi2","hourly","ET + air temperature",41045,39072,0.95193080765014,"2017-04-26","2021-12-31",41044,0.951954000584738,3631,153
"US-Bi2","hourly","ET + net radiation",41045,39900,0.97210378852479,"2017-04-27","2021-12-31",41039,0.972245912424767,3631,123
"US-Bi2","hourly","ET + all core drivers",41045,38654,0.941746863198928,"2017-04-26","2021-12-31",41044,0.941769808010915,2561,197
"US-Bi2","hourly","ET + all drivers including net radiation",41045,38649,0.941625045681569,"2017-04-27","2021-12-31",41039,0.941762713516411,2561,197
"US-CF1","hourly","ET + soil water potential",40680,17204,0.42291052114061,"2019-09-26","2021-12-31",19862,0.866176618668815,1298,161
"US-CF1","hourly","ET + VPD",40680,36055,0.886307767944936,"2017-05-12","2021-12-31",40679,0.886329555790457,2645,192
"US-CF1","hourly","ET + air temperature",40680,36095,0.887291052114061,"2017-05-12","2021-12-31",40679,0.88731286413137,2645,181
"US-CF1","hourly","ET + net radiation",40680,33227,0.816789577187807,"2017-05-12","2021-12-31",40667,0.81705067991246,2549,536
"US-CF1","hourly","ET + all core drivers",40680,17169,0.422050147492625,"2019-09-26","2021-12-31",19862,0.86441445977243,1272,169
"US-CF1","hourly","ET + all drivers including net radiation",40680,14684,0.360963618485742,"2019-09-26","2021-12-31",19862,0.739301178129091,1258,506
"US-CF2","hourly","ET + soil water potential",31973,20590,0.643980858849654,"2017-11-08","2020-12-07",27019,0.762056330730227,1902,120
"US-CF2","hourly","ET + VPD",31973,27543,0.861445594720545,"2017-05-09","2020-12-31",31972,0.861472538471162,2755,157
"US-CF2","hourly","ET + air temperature",31973,27545,0.861508147499453,"2017-05-09","2020-12-31",31972,0.861535093206556,2755,156
"US-CF2","hourly","ET + net radiation",31973,27175,0.84993588340162,"2017-05-10","2020-12-31",31967,0.850095410892483,2681,184
"US-CF2","hourly","ET + all core drivers",31973,20590,0.643980858849654,"2017-11-08","2020-12-07",27019,0.762056330730227,1902,120
"US-CF2","hourly","ET + all drivers including net radiation",31973,20286,0.63447283645576,"2017-11-08","2020-12-07",27019,0.750804989081757,1654,145
"US-CF3","hourly","ET + soil water potential",40175,12990,0.323335407591786,"2019-09-30","2021-12-31",19758,0.657455208017006,5061,52
"US-CF3","hourly","ET + VPD",40175,26334,0.65548226509023,"2017-06-02","2021-12-31",40174,0.655498581171902,5061,114
"US-CF3","hourly","ET + air temperature",40175,26340,0.655631611698818,"2017-06-02","2021-12-31",40174,0.655647931497984,5061,113
"US-CF3","hourly","ET + net radiation",40175,25668,0.638904791537026,"2017-06-02","2021-12-31",40158,0.639175257731959,3843,164
"US-CF3","hourly","ET + all core drivers",40175,12984,0.323186060983199,"2019-09-30","2021-12-31",19758,0.657151533556028,5061,53
"US-CF3","hourly","ET + all drivers including net radiation",40175,12839,0.319576851275669,"2019-10-01","2021-12-31",19748,0.650141786510026,3843,60
"US-CF4","hourly","ET + soil water potential",40161,12626,0.314384601977042,"2019-09-24","2021-12-31",19905,0.634312986686762,1241,90
"US-CF4","hourly","ET + VPD",40161,28821,0.717636513035034,"2017-06-13","2021-12-31",39889,0.722530020807742,2033,137
"US-CF4","hourly","ET + air temperature",40161,28829,0.71783571126217,"2017-06-13","2021-12-31",39889,0.722730577352152,2033,135
"US-CF4","hourly","ET + net radiation",40161,27861,0.693732725778741,"2017-06-13","2021-12-31",39880,0.698620862587763,2033,243
"US-CF4","hourly","ET + all core drivers",40161,12618,0.314185403749907,"2019-09-24","2021-12-31",19905,0.633911077618689,1241,92
"US-CF4","hourly","ET + all drivers including net radiation",40161,11751,0.292597295884067,"2019-09-24","2021-12-31",19896,0.59062123039807,1200,197
"US-CGG","hourly","ET + soil water potential",21962,14093,0.641699298788817,"2019-08-21","2021-12-31",20723,0.680065627563577,2977,100
"US-CGG","hourly","ET + VPD",21962,19109,0.870093798379018,"2019-08-14","2021-12-31",20893,0.91461254965778,3651,167
"US-CGG","hourly","ET + air temperature",21962,19109,0.870093798379018,"2019-08-14","2021-12-31",20893,0.91461254965778,3651,167
"US-CGG","hourly","ET + net radiation",21962,19062,0.867953738275203,"2019-07-01","2021-12-31",21960,0.868032786885246,1984,185
"US-CGG","hourly","ET + all core drivers",21962,13950,0.635188052089974,"2019-08-21","2021-12-31",20723,0.673165082275732,2977,96
"US-CGG","hourly","ET + all drivers including net radiation",21962,13921,0.633867589472726,"2019-08-21","2021-12-31",20723,0.671765670993582,1984,104
"US-CRT","hourly","ET + soil water potential",26304,26155,0.994335462287105,"2011-01-01","2013-12-31",26303,0.994373265406988,3792,44
"US-CRT","hourly","ET + VPD",26304,26155,0.994335462287105,"2011-01-01","2013-12-31",26303,0.994373265406988,3792,44
"US-CRT","hourly","ET + air temperature",26304,26155,0.994335462287105,"2011-01-01","2013-12-31",26303,0.994373265406988,3792,44
"US-CRT","hourly","ET + net radiation",26304,25977,0.987568430656934,"2011-01-01","2013-12-31",26303,0.987605976504581,3756,46
"US-CRT","hourly","ET + all core drivers",26304,26155,0.994335462287105,"2011-01-01","2013-12-31",26303,0.994373265406988,3792,44
"US-CRT","hourly","ET + all drivers including net radiation",26304,25977,0.987568430656934,"2011-01-01","2013-12-31",26303,0.987605976504581,3756,46
"US-CS1","hourly","ET + soil water potential",7257,0,0,NA,NA,0,NA,0,0
"US-CS1","hourly","ET + VPD",7257,7065,0.97354278627532,"2018-06-27","2019-04-26",7256,0.973676957001103,2703,39
"US-CS1","hourly","ET + air temperature",7257,7065,0.97354278627532,"2018-06-27","2019-04-26",7256,0.973676957001103,2703,39
"US-CS1","hourly","ET + net radiation",7257,7037,0.969684442607138,"2018-06-29","2019-04-25",7209,0.976140934942433,1776,38
"US-CS1","hourly","ET + all core drivers",7257,0,0,NA,NA,0,NA,0,0
"US-CS1","hourly","ET + all drivers including net radiation",7257,0,0,NA,NA,0,NA,0,0
"US-CS2","hourly","ET + soil water potential",33972,1741,0.051248086659602,"2021-07-14","2022-08-27",9800,0.17765306122449,449,65
"US-CS2","hourly","ET + VPD",33972,19146,0.563581773225009,"2018-10-11","2022-08-27",33971,0.563598363309882,1751,471
"US-CS2","hourly","ET + air temperature",33972,19146,0.563581773225009,"2018-10-11","2022-08-27",33971,0.563598363309882,1751,471
"US-CS2","hourly","ET + net radiation",33972,15632,0.460143647709879,"2018-10-12","2022-08-26",33947,0.460482516864524,1751,349
"US-CS2","hourly","ET + all core drivers",33972,1741,0.051248086659602,"2021-07-14","2022-08-27",9800,0.17765306122449,449,65
"US-CS2","hourly","ET + all drivers including net radiation",33972,1292,0.0380313199105145,"2021-07-14","2022-08-26",9795,0.131904032669729,443,55
"US-CS3","hourly","ET + soil water potential",8434,0,0,NA,NA,0,NA,0,0
"US-CS3","hourly","ET + VPD",8434,8392,0.995020156509367,"2019-04-25","2020-04-11",8433,0.995138147752876,2271,16
"US-CS3","hourly","ET + air temperature",8434,8392,0.995020156509367,"2019-04-25","2020-04-11",8433,0.995138147752876,2271,16
"US-CS3","hourly","ET + net radiation",8434,8372,0.992648802466208,"2019-04-26","2020-04-10",8423,0.99394515018402,2265,17
"US-CS3","hourly","ET + all core drivers",8434,0,0,NA,NA,0,NA,0,0
"US-CS3","hourly","ET + all drivers including net radiation",8434,0,0,NA,NA,0,NA,0,0
"US-CS4","hourly","ET + soil water potential",9150,0,0,NA,NA,0,NA,0,0
"US-CS4","hourly","ET + VPD",9150,7367,0.805136612021858,"2020-04-10","2021-02-15",7454,0.988328414274215,2174,24
"US-CS4","hourly","ET + air temperature",9150,7367,0.805136612021858,"2020-04-10","2021-02-15",7454,0.988328414274215,2174,24
"US-CS4","hourly","ET + net radiation",9150,6631,0.724699453551913,"2020-04-11","2021-01-16",6739,0.983973883365485,1317,19
"US-CS4","hourly","ET + all core drivers",9150,0,0,NA,NA,0,NA,0,0
"US-CS4","hourly","ET + all drivers including net radiation",9150,0,0,NA,NA,0,NA,0,0
"US-CS5","hourly","ET + soil water potential",5977,2262,0.378450727789861,"2021-06-17","2021-09-22",2331,0.97039897039897,860,21
"US-CS5","hourly","ET + VPD",5977,5375,0.899280575539568,"2021-05-19","2021-12-31",5441,0.987869876860871,1957,20
"US-CS5","hourly","ET + air temperature",5977,5375,0.899280575539568,"2021-05-19","2021-12-31",5441,0.987869876860871,1957,20
"US-CS5","hourly","ET + net radiation",5977,4692,0.785009201940773,"2021-06-17","2021-12-31",4728,0.99238578680203,1957,12
"US-CS5","hourly","ET + all core drivers",5977,2262,0.378450727789861,"2021-06-17","2021-09-22",2331,0.97039897039897,860,21
"US-CS5","hourly","ET + all drivers including net radiation",5977,2249,0.376275723607161,"2021-06-17","2021-09-22",2315,0.971490280777538,860,20
"US-CS6","hourly","ET + soil water potential",9729,6500,0.668105663480317,"2022-06-20","2023-05-24",8107,0.801776242753176,1185,65
"US-CS6","hourly","ET + VPD",9729,6509,0.66903073286052,"2022-06-20","2023-05-24",8107,0.802886394473911,1185,62
"US-CS6","hourly","ET + air temperature",9729,6509,0.66903073286052,"2022-06-20","2023-05-24",8107,0.802886394473911,1185,62
"US-CS6","hourly","ET + net radiation",9729,6230,0.640353582074211,"2022-06-20","2023-05-24",8107,0.768471691131121,1185,40
"US-CS6","hourly","ET + all core drivers",9729,6500,0.668105663480317,"2022-06-20","2023-05-24",8107,0.801776242753176,1185,65
"US-CS6","hourly","ET + all drivers including net radiation",9729,6224,0.639736869154075,"2022-06-20","2023-05-24",8107,0.767731589983965,1185,43
"US-CS8","hourly","ET + soil water potential",3395,0,0,NA,NA,0,NA,0,0
"US-CS8","hourly","ET + VPD",3395,3347,0.985861561119293,"2023-06-18","2023-11-07",3394,0.986152032999411,1233,10
"US-CS8","hourly","ET + air temperature",3395,3347,0.985861561119293,"2023-06-18","2023-11-07",3394,0.986152032999411,1233,10
"US-CS8","hourly","ET + net radiation",3395,3298,0.971428571428571,"2023-06-19","2023-11-06",3383,0.974874371859296,1233,8
"US-CS8","hourly","ET + all core drivers",3395,0,0,NA,NA,0,NA,0,0
"US-CS8","hourly","ET + all drivers including net radiation",3395,0,0,NA,NA,0,NA,0,0
"US-CdM","hourly","ET + soil water potential",38147,33762,0.885049938396204,"2019-06-14","2023-10-21",38146,0.885073140040896,4701,282
"US-CdM","hourly","ET + VPD",38147,35663,0.934883477075524,"2019-06-14","2023-10-21",38146,0.934907985109841,4701,299
"US-CdM","hourly","ET + air temperature",38147,35666,0.934962120219152,"2019-06-14","2023-10-21",38146,0.934986630315105,4701,299
"US-CdM","hourly","ET + net radiation",38147,0,0,NA,NA,0,NA,0,0
"US-CdM","hourly","ET + all core drivers",38147,33762,0.885049938396204,"2019-06-14","2023-10-21",38146,0.885073140040896,4701,282
"US-CdM","hourly","ET + all drivers including net radiation",38147,0,0,NA,NA,0,NA,0,0
"US-Cop","hourly","ET + soil water potential",61344,33519,0.546410406885759,"2001-03-27","2007-11-23",58350,0.574447300771208,1320,456
"US-Cop","hourly","ET + VPD",61344,31159,0.507938836724048,"2001-03-27","2007-11-23",58350,0.534001713796058,1320,398
"US-Cop","hourly","ET + air temperature",61344,31159,0.507938836724048,"2001-03-27","2007-11-23",58350,0.534001713796058,1320,398
"US-Cop","hourly","ET + net radiation",61344,30678,0.500097809076682,"2001-04-03","2007-11-23",58200,0.527113402061856,1320,336
"US-Cop","hourly","ET + all core drivers",61344,31159,0.507938836724048,"2001-03-27","2007-11-23",58350,0.534001713796058,1320,398
"US-Cop","hourly","ET + all drivers including net radiation",61344,28313,0.461544731351069,"2001-04-03","2007-11-23",58200,0.486477663230241,1320,278
"US-Cst","hourly","ET + soil water potential",40948,34903,0.852373742307317,"2013-04-30","2017-12-31",40947,0.852394558819938,6262,119
"US-Cst","hourly","ET + VPD",40948,34941,0.853301748559148,"2013-04-30","2017-12-31",40947,0.853322587735365,6262,119
"US-Cst","hourly","ET + air temperature",40948,34941,0.853301748559148,"2013-04-30","2017-12-31",40947,0.853322587735365,6262,119
"US-Cst","hourly","ET + net radiation",40948,29970,0.731903878089284,"2013-05-01","2017-12-31",40943,0.731993258920939,3140,54
"US-Cst","hourly","ET + all core drivers",40948,34903,0.852373742307317,"2013-04-30","2017-12-31",40947,0.852394558819938,6262,119
"US-Cst","hourly","ET + all drivers including net radiation",40948,29968,0.731855035654977,"2013-05-01","2017-12-31",40943,0.731944410521945,3140,55
"US-DFC","hourly","ET + soil water potential",36931,23274,0.630202269096423,"2018-10-15","2022-12-31",36919,0.630407107451448,3162,202
"US-DFC","hourly","ET + VPD",36931,34404,0.931575099509897,"2018-10-15","2022-12-31",36919,0.93187789485089,4016,151
"US-DFC","hourly","ET + air temperature",36931,34406,0.931629254555793,"2018-10-15","2022-12-31",36919,0.93193206749912,4016,152
"US-DFC","hourly","ET + net radiation",36931,24301,0.658010885164225,"2018-10-17","2022-12-31",36870,0.659099538920532,3314,111
"US-DFC","hourly","ET + all core drivers",36931,23274,0.630202269096423,"2018-10-15","2022-12-31",36919,0.630407107451448,3162,202
"US-DFC","hourly","ET + all drivers including net radiation",36931,19054,0.515935122255016,"2018-10-17","2022-12-31",36870,0.516788717114185,3154,181
"US-DS3","hourly","ET + soil water potential",18512,16706,0.902441659464131,"2021-08-03","2023-09-10",18419,0.90699820837179,2670,78
"US-DS3","hourly","ET + VPD",18512,16706,0.902441659464131,"2021-08-03","2023-09-10",18419,0.90699820837179,2670,78
"US-DS3","hourly","ET + air temperature",18512,16706,0.902441659464131,"2021-08-03","2023-09-10",18419,0.90699820837179,2670,78
"US-DS3","hourly","ET + net radiation",18512,15025,0.811635695764909,"2021-08-04","2023-09-10",18408,0.816221208170361,2198,166
"US-DS3","hourly","ET + all core drivers",18512,16706,0.902441659464131,"2021-08-03","2023-09-10",18419,0.90699820837179,2670,78
"US-DS3","hourly","ET + all drivers including net radiation",18512,15025,0.811635695764909,"2021-08-04","2023-09-10",18408,0.816221208170361,2198,166
"US-Fmf","hourly","ET + soil water potential",47563,42335,0.890082627252276,"2005-08-25","2010-12-31",46916,0.902357404723335,7603,142
"US-Fmf","hourly","ET + VPD",47563,43278,0.909908962849274,"2005-07-29","2010-12-31",47551,0.910138588042313,7603,157
"US-Fmf","hourly","ET + air temperature",47563,43283,0.910014086579905,"2005-07-29","2010-12-31",47551,0.910243738302034,7603,155
"US-Fmf","hourly","ET + net radiation",47563,43859,0.92212434034859,"2005-07-29","2010-12-31",47551,0.922357048221909,4261,152
"US-Fmf","hourly","ET + all core drivers",47563,41011,0.8622458633812,"2005-08-25","2010-12-31",46916,0.874136755051582,7603,147
"US-Fmf","hourly","ET + all drivers including net radiation",47563,40615,0.853920063915228,"2005-08-25","2010-12-31",46916,0.865696137778157,3239,151
"US-Fuf","hourly","ET + soil water potential",46627,40969,0.878653998756086,"2005-09-08","2010-12-23",46360,0.883714408973253,5281,131
"US-Fuf","hourly","ET + VPD",46627,39631,0.849958178737641,"2005-09-08","2010-10-19",44806,0.884502075614873,4993,132
"US-Fuf","hourly","ET + air temperature",46627,42080,0.902481394899951,"2005-09-06","2010-12-23",46411,0.906681605653832,5281,132
"US-Fuf","hourly","ET + net radiation",46627,40511,0.868831363802089,"2005-09-06","2010-12-23",46410,0.872893772893773,3647,129
"US-Fuf","hourly","ET + all core drivers",46627,38433,0.824264910888541,"2005-09-08","2010-10-19",44803,0.857822020846818,4993,138
"US-Fuf","hourly","ET + all drivers including net radiation",46627,37586,0.80609947026401,"2005-09-08","2010-10-19",44803,0.838917036805571,3359,146
"US-Fwf","hourly","ET + soil water potential",48608,43663,0.898267774851876,"2005-06-15","2010-12-31",48607,0.898286255066143,5679,186
"US-Fwf","hourly","ET + VPD",48608,45106,0.927954246214615,"2005-06-22","2010-12-31",48435,0.93126871064313,5679,116
"US-Fwf","hourly","ET + air temperature",48608,45106,0.927954246214615,"2005-06-22","2010-12-31",48435,0.93126871064313,5679,116
"US-Fwf","hourly","ET + net radiation",48608,44830,0.922276168531929,"2005-06-15","2010-12-31",48606,0.92231411759865,5679,113
"US-Fwf","hourly","ET + all core drivers",48608,43481,0.89452353522054,"2005-06-22","2010-12-31",48435,0.897718591927325,5679,189
"US-Fwf","hourly","ET + all drivers including net radiation",48608,43075,0.886171000658328,"2005-06-22","2010-12-31",48435,0.8893362238051,5679,182
"US-GLE","hourly","ET + soil water potential",138054,114853,0.831942573195996,"2005-01-01","2020-10-01",138053,0.831948599450935,4050,568
"US-GLE","hourly","ET + VPD",138054,121813,0.882357628174482,"2006-08-01","2020-10-01",124193,0.980836279017336,4050,383
"US-GLE","hourly","ET + air temperature",138054,135489,0.981420313790256,"2005-01-01","2020-10-01",138053,0.981427422801388,4052,422
"US-GLE","hourly","ET + net radiation",138054,133010,0.963463572225361,"2005-04-19","2020-09-30",135444,0.982029473435516,4052,389
"US-GLE","hourly","ET + all core drivers",138054,101177,0.732879887580222,"2006-08-01","2020-10-01",124193,0.81467554532059,4050,529
"US-GLE","hourly","ET + all drivers including net radiation",138054,101140,0.732611876512089,"2006-08-01","2020-09-30",124187,0.814416967959609,4050,527
"US-HB2","hourly","ET + soil water potential",8760,8398,0.958675799086758,"2019-01-01","2019-12-31",8759,0.958785249457701,3306,18
"US-HB2","hourly","ET + VPD",8760,8398,0.958675799086758,"2019-01-01","2019-12-31",8759,0.958785249457701,3306,18
"US-HB2","hourly","ET + air temperature",8760,8398,0.958675799086758,"2019-01-01","2019-12-31",8759,0.958785249457701,3306,18
"US-HB2","hourly","ET + net radiation",8760,8331,0.951027397260274,"2019-01-01","2019-12-31",8759,0.951135974426304,3305,13
"US-HB2","hourly","ET + all core drivers",8760,8398,0.958675799086758,"2019-01-01","2019-12-31",8759,0.958785249457701,3306,18
"US-HB2","hourly","ET + all drivers including net radiation",8760,8331,0.951027397260274,"2019-01-01","2019-12-31",8759,0.951135974426304,3305,13
"US-HB3","hourly","ET + soil water potential",35034,34517,0.985242906890449,"2019-01-02","2022-12-31",35022,0.985580492262007,12865,52
"US-HB3","hourly","ET + VPD",35034,33767,0.963835131586459,"2019-02-19","2022-12-31",33886,0.996488225225757,12693,28
"US-HB3","hourly","ET + air temperature",35034,33767,0.963835131586459,"2019-02-19","2022-12-31",33886,0.996488225225757,12693,28
"US-HB3","hourly","ET + net radiation",35034,34630,0.98846834503625,"2019-01-05","2022-12-31",34958,0.990617312203215,12233,40
"US-HB3","hourly","ET + all core drivers",35034,33670,0.961066392647143,"2019-02-19","2022-12-31",33886,0.993625686124063,12693,44
"US-HB3","hourly","ET + all drivers including net radiation",35034,33568,0.9581549352058,"2019-02-19","2022-12-31",33886,0.990615593460426,12233,52
"US-HWB","hourly","ET + soil water potential",27258,26392,0.968229510602392,"2015-07-16","2018-08-24",27257,0.968265032835602,6736,35
"US-HWB","hourly","ET + VPD",27258,26392,0.968229510602392,"2015-07-16","2018-08-24",27257,0.968265032835602,6736,35
"US-HWB","hourly","ET + air temperature",27258,26392,0.968229510602392,"2015-07-16","2018-08-24",27257,0.968265032835602,6736,35
"US-HWB","hourly","ET + net radiation",27258,26298,0.964780981730134,"2015-07-16","2018-08-24",27234,0.965631196298744,3456,37
"US-HWB","hourly","ET + all core drivers",27258,26392,0.968229510602392,"2015-07-16","2018-08-24",27257,0.968265032835602,6736,35
"US-HWB","hourly","ET + all drivers including net radiation",27258,26298,0.964780981730134,"2015-07-16","2018-08-24",27234,0.965631196298744,3456,37
"US-Ha1","hourly","ET + soil water potential",255799,0,0,NA,NA,0,NA,0,0
"US-Ha1","hourly","ET + VPD",255799,242137,0.94659087799405,"1991-10-27","2020-12-31",255798,0.946594578534625,78546,213
"US-Ha1","hourly","ET + air temperature",255799,255798,0.999996090680573,"1991-10-27","2020-12-31",255798,1,255798,1
"US-Ha1","hourly","ET + net radiation",255799,191361,0.748091274789972,"1991-10-28","2020-12-30",255767,0.748184871386848,4515,1353
"US-Ha1","hourly","ET + all core drivers",255799,0,0,NA,NA,0,NA,0,0
"US-Ha1","hourly","ET + all drivers including net radiation",255799,0,0,NA,NA,0,NA,0,0
"US-Hn2","hourly","ET + soil water potential",26961,12011,0.445495345128148,"2016-01-05","2018-05-13",20609,0.582803629482265,2424,186
"US-Hn2","hourly","ET + VPD",26961,14782,0.548273431994362,"2016-01-05","2018-12-31",26200,0.564198473282443,2424,193
"US-Hn2","hourly","ET + air temperature",26961,14782,0.548273431994362,"2016-01-05","2018-12-31",26200,0.564198473282443,2424,193
"US-Hn2","hourly","ET + net radiation",26961,17950,0.665776491969882,"2016-01-05","2018-12-31",26200,0.685114503816794,2423,230
"US-Hn2","hourly","ET + all core drivers",26961,11628,0.431289640591966,"2016-01-05","2018-05-13",20609,0.564219515745548,2424,177
"US-Hn2","hourly","ET + all drivers including net radiation",26961,11615,0.430807462631208,"2016-01-05","2018-05-12",20597,0.563917075302228,2423,175
"US-Hn3","hourly","ET + soil water potential",9859,221,0.0224160665381885,"2018-07-19","2018-08-02",327,0.675840978593272,60,25
"US-Hn3","hourly","ET + VPD",9859,6477,0.656963180849985,"2017-11-16","2018-12-31",9858,0.657029823493609,2885,28
"US-Hn3","hourly","ET + air temperature",9859,6477,0.656963180849985,"2017-11-16","2018-12-31",9858,0.657029823493609,2885,28
"US-Hn3","hourly","ET + net radiation",9859,7164,0.726645704432498,"2017-11-16","2018-12-31",9847,0.727531227785112,2885,27
"US-Hn3","hourly","ET + all core drivers",9859,221,0.0224160665381885,"2018-07-19","2018-08-02",327,0.675840978593272,60,25
"US-Hn3","hourly","ET + all drivers including net radiation",9859,221,0.0224160665381885,"2018-07-19","2018-08-02",327,0.675840978593272,60,25
"US-Ho1","hourly","ET + soil water potential",245448,156672,0.638310354942798,"1999-10-26","2023-12-31",211982,0.739081620137559,16920,3727
"US-Ho1","hourly","ET + VPD",245448,35200,0.14341123170692,"2017-09-06","2021-10-19",36082,0.975555678731778,4643,82
"US-Ho1","hourly","ET + air temperature",245448,105194,0.428579576936866,"1996-01-02","2021-10-19",226123,0.465206989116543,16920,2369
"US-Ho1","hourly","ET + net radiation",245448,60922,0.248207359603663,"2000-04-20","2023-12-31",207732,0.293272100591146,5018,257
"US-Ho1","hourly","ET + all core drivers",245448,35196,0.143394934976044,"2017-09-06","2021-10-19",36082,0.975444820131922,3328,84
"US-Ho1","hourly","ET + all drivers including net radiation",245448,30127,0.122742902773704,"2017-09-06","2021-10-19",36082,0.834959259464553,3328,78
"US-Ho2","hourly","ET + soil water potential",219141,0,0,NA,NA,0,NA,0,0
"US-Ho2","hourly","ET + VPD",219141,46911,0.214067655071392,"2017-09-06","2023-12-31",55373,0.847181839524678,5813,235
"US-Ho2","hourly","ET + air temperature",219141,147665,0.673835567055001,"2002-06-13","2023-12-31",188912,0.781660243923097,9767,1271
"US-Ho2","hourly","ET + net radiation",219141,159893,0.729635257665156,"1999-07-21","2023-12-31",214306,0.746096702845464,9652,1395
"US-Ho2","hourly","ET + all core drivers",219141,0,0,NA,NA,0,NA,0,0
"US-Ho2","hourly","ET + all drivers including net radiation",219141,0,0,NA,NA,0,NA,0,0
"US-Jo1","hourly","ET + soil water potential",111589,85740,0.768355303838192,"2010-07-27","2022-10-01",106767,0.803057124392368,8317,711
"US-Jo1","hourly","ET + VPD",111589,91922,0.823755029617615,"2010-06-22","2022-10-01",107614,0.854182541305035,8317,596
"US-Jo1","hourly","ET + air temperature",111589,91922,0.823755029617615,"2010-06-22","2022-10-01",107614,0.854182541305035,8317,596
"US-Jo1","hourly","ET + net radiation",111589,80720,0.723368790830637,"2011-07-13","2022-09-30",98335,0.820867442924696,8317,447
"US-Jo1","hourly","ET + all core drivers",111589,81850,0.733495236985724,"2010-07-27","2022-10-01",106767,0.766622645574007,8317,681
"US-Jo1","hourly","ET + all drivers including net radiation",111589,72886,0.653164738459884,"2011-07-13","2022-09-30",98335,0.741200996593278,8317,464
"US-Jo2","hourly","ET + soil water potential",91321,78438,0.858926205363498,"2010-08-02","2020-12-31",91320,0.858935611038108,7275,207
"US-Jo2","hourly","ET + VPD",91321,77747,0.85135949015013,"2010-08-02","2020-12-31",91320,0.851368812965396,7275,213
"US-Jo2","hourly","ET + air temperature",91321,77786,0.851786555118757,"2010-08-02","2020-12-31",91320,0.8517958826106,7275,209
"US-Jo2","hourly","ET + net radiation",91321,77623,0.850001642557572,"2010-08-02","2020-12-31",91319,0.85002025865373,7274,201
"US-Jo2","hourly","ET + all core drivers",91321,77747,0.85135949015013,"2010-08-02","2020-12-31",91320,0.851368812965396,7275,213
"US-Jo2","hourly","ET + all drivers including net radiation",91321,76933,0.842445877728014,"2010-08-02","2020-12-31",91319,0.842464328343499,7274,207
"US-KFS","hourly","ET + soil water potential",109969,75586,0.687339159217598,"2007-06-16","2018-12-31",101208,0.746838194609122,6045,456
"US-KFS","hourly","ET + VPD",109969,89927,0.817748638252598,"2007-06-16","2019-12-31",109945,0.817927145390877,6045,1004
"US-KFS","hourly","ET + air temperature",109969,96945,0.881566623321118,"2007-06-16","2019-12-31",109968,0.881574639895242,7098,807
"US-KFS","hourly","ET + net radiation",109969,76885,0.699151579081377,"2007-06-16","2018-12-31",101208,0.759673148367718,6044,513
"US-KFS","hourly","ET + all core drivers",109969,72560,0.659822313561094,"2007-06-16","2018-12-31",101208,0.71693937238163,6045,623
"US-KFS","hourly","ET + all drivers including net radiation",109969,67315,0.612127053987942,"2007-06-16","2018-12-31",101208,0.665115405896767,6044,614
"US-KLS","hourly","ET + soil water potential",67299,45324,0.673472116970534,"2012-04-27","2019-12-31",67298,0.67348212428304,3200,486
"US-KLS","hourly","ET + VPD",67299,51895,0.771111012050699,"2012-04-27","2019-12-31",67295,0.771156846719667,3200,650
"US-KLS","hourly","ET + air temperature",67299,53978,0.802062437777679,"2012-04-27","2019-12-31",67298,0.8020743558501,3200,512
"US-KLS","hourly","ET + net radiation",67299,42551,0.632267938602357,"2012-04-28","2019-12-31",67271,0.632531105528385,2166,758
"US-KLS","hourly","ET + all core drivers",67299,43437,0.645433067356127,"2012-04-27","2019-12-31",67295,0.645471431755703,3200,601
"US-KLS","hourly","ET + all drivers including net radiation",67299,35808,0.532073284892792,"2012-04-28","2019-12-31",67271,0.532294748108397,2166,691
"US-KS1","hourly","ET + soil water potential",8621,0,0,NA,NA,0,NA,0,0
"US-KS1","hourly","ET + VPD",8621,7295,0.846189537176662,"2002-03-06","2003-02-11",8195,0.890176937156803,3183,60
"US-KS1","hourly","ET + air temperature",8621,7295,0.846189537176662,"2002-03-06","2003-02-11",8195,0.890176937156803,3183,60
"US-KS1","hourly","ET + net radiation",8621,7281,0.844565595638557,"2002-03-06","2003-02-10",8183,0.889771477453257,3183,57
"US-KS1","hourly","ET + all core drivers",8621,0,0,NA,NA,0,NA,0,0
"US-KS1","hourly","ET + all drivers including net radiation",8621,0,0,NA,NA,0,NA,0,0
"US-KS2","hourly","ET + soil water potential",59191,0,0,NA,NA,0,NA,0,0
"US-KS2","hourly","ET + VPD",59191,37467,0.632984744302343,"2002-03-05","2006-12-31",42297,0.885807504078303,4249,365
"US-KS2","hourly","ET + air temperature",59191,48294,0.815901066040445,"2000-04-01","2006-12-31",59184,0.815997566909976,4249,532
"US-KS2","hourly","ET + net radiation",59191,47678,0.805494078491663,"2000-03-31","2006-12-31",59190,0.805507687109309,4249,540
"US-KS2","hourly","ET + all core drivers",59191,0,0,NA,NA,0,NA,0,0
"US-KS2","hourly","ET + all drivers including net radiation",59191,0,0,NA,NA,0,NA,0,0
"US-Kon","hourly","ET + soil water potential",140241,91123,0.649760055903766,"2004-01-01","2018-12-31",131495,0.692976919274497,8257,341
"US-Kon","hourly","ET + VPD",140241,109935,0.783900571159647,"2004-01-01","2019-12-31",140238,0.783917340521114,8257,701
"US-Kon","hourly","ET + air temperature",140241,119934,0.855199264123901,"2004-01-01","2019-12-31",140238,0.855217558721602,8257,657
"US-Kon","hourly","ET + net radiation",140241,103798,0.740140187249093,"2004-01-01","2018-10-25",129869,0.799251553488515,8257,317
"US-Kon","hourly","ET + all core drivers",140241,86907,0.619697520696515,"2004-01-01","2018-12-31",131495,0.66091486368303,8257,393
"US-Kon","hourly","ET + all drivers including net radiation",140241,80141,0.57145200048488,"2004-01-01","2018-10-25",129869,0.617091068692298,8257,331
"US-LS2","hourly","ET + soil water potential",43815,38006,0.867419833390391,"2003-06-27","2007-12-31",39564,0.96062076635325,9546,144
"US-LS2","hourly","ET + VPD",43815,40522,0.924843090265891,"2003-03-07","2007-12-31",42264,0.958782888510316,9546,171
"US-LS2","hourly","ET + air temperature",43815,40522,0.924843090265891,"2003-03-07","2007-12-31",42264,0.958782888510316,9546,171
"US-LS2","hourly","ET + net radiation",43815,40229,0.918155882688577,"2003-03-07","2007-12-31",42264,0.951850274465266,9546,171
"US-LS2","hourly","ET + all core drivers",43815,38006,0.867419833390391,"2003-06-27","2007-12-31",39564,0.96062076635325,9546,144
"US-LS2","hourly","ET + all drivers including net radiation",43815,37717,0.860823918749287,"2003-06-27","2007-12-31",39564,0.953316145991305,9546,142
"US-Lin","hourly","ET + soil water potential",8942,8903,0.995638559606352,"2009-11-08","2010-11-16",8941,0.995749916116765,3693,12
"US-Lin","hourly","ET + VPD",8942,8915,0.996980541265936,"2009-11-08","2010-11-16",8941,0.997092047869366,4073,7
"US-Lin","hourly","ET + air temperature",8942,8915,0.996980541265936,"2009-11-08","2010-11-16",8941,0.997092047869366,4073,7
"US-Lin","hourly","ET + net radiation",8942,8878,0.992842764482219,"2009-11-09","2010-11-15",8927,0.994511033941974,2176,11
"US-Lin","hourly","ET + all core drivers",8942,8903,0.995638559606352,"2009-11-08","2010-11-16",8941,0.995749916116765,3693,12
"US-Lin","hourly","ET + all drivers including net radiation",8942,8866,0.991500782822635,"2009-11-09","2010-11-15",8927,0.993166797356335,2176,16
"US-MMS","hourly","ET + soil water potential",192864,178738,0.926756678281069,"1999-01-01","2020-12-31",192863,0.92676148354013,3525,768
"US-MMS","hourly","ET + VPD",192864,182599,0.946775966484155,"1999-01-18","2020-12-31",192433,0.948896499041225,3525,731
"US-MMS","hourly","ET + air temperature",192864,186086,0.96485606437697,"1999-01-18","2020-12-31",192433,0.967017091663072,3525,786
"US-MMS","hourly","ET + net radiation",192864,129882,0.673438277750124,"1999-01-01","2014-12-31",140255,0.92604185234038,3525,677
"US-MMS","hourly","ET + all core drivers",192864,172635,0.895112618218019,"1999-01-18","2020-12-31",192433,0.897117438277219,3525,750
"US-MMS","hourly","ET + all drivers including net radiation",192864,124865,0.647425128588021,"1999-01-18","2014-12-31",139825,0.893009118541033,3525,649
"US-MOz","hourly","ET + soil water potential",153937,141469,0.919005827059122,"2004-06-13","2021-12-31",153844,0.919561373859234,12383,228
"US-MOz","hourly","ET + VPD",153937,144746,0.940293756536765,"2004-06-13","2021-12-31",153844,0.940862172070409,12383,352
"US-MOz","hourly","ET + air temperature",153937,144746,0.940293756536765,"2004-06-13","2021-12-31",153844,0.940862172070409,12383,352
"US-MOz","hourly","ET + net radiation",153937,140450,0.912386235927685,"2004-06-14","2021-12-31",153839,0.912967452986564,5265,227
"US-MOz","hourly","ET + all core drivers",153937,138949,0.902635493740946,"2004-06-13","2021-12-31",153844,0.903181144536023,12383,232
"US-MOz","hourly","ET + all drivers including net radiation",153937,137863,0.895580659620494,"2004-06-14","2021-12-31",153839,0.896151171029453,4891,239
"US-Me1","hourly","ET + soil water potential",8766,7500,0.855578370978782,"2004-05-16","2005-05-16",8746,0.857534873084839,3249,40
"US-Me1","hourly","ET + VPD",8766,6805,0.776294775268081,"2004-06-11","2005-05-16",8124,0.837641555883801,3249,12
"US-Me1","hourly","ET + air temperature",8766,6805,0.776294775268081,"2004-06-11","2005-05-16",8124,0.837641555883801,3249,12
"US-Me1","hourly","ET + net radiation",8766,7085,0.808236367784622,"2004-06-15","2005-05-15",8027,0.882646069515386,792,43
"US-Me1","hourly","ET + all core drivers",8766,6414,0.731690622861054,"2004-06-11","2005-05-16",8124,0.789512555391433,3249,22
"US-Me1","hourly","ET + all drivers including net radiation",8766,6201,0.707392197125257,"2004-06-15","2005-05-15",8027,0.772517752585026,792,44
"US-Me2","hourly","ET + soil water potential",183969,162864,0.885279585147498,"2002-01-01","2022-07-13",179956,0.905021227411145,17352,359
"US-Me2","hourly","ET + VPD",183969,167568,0.910849110447956,"2002-01-01","2022-07-13",179956,0.931160950454556,16683,330
"US-Me2","hourly","ET + air temperature",183969,168901,0.918094896422767,"2002-01-01","2022-07-13",179956,0.938568316699638,16683,318
"US-Me2","hourly","ET + net radiation",183969,164004,0.891476281330007,"2002-01-01","2022-07-12",179951,0.911381431611939,16095,292
"US-Me2","hourly","ET + all core drivers",183969,161399,0.877316286983133,"2002-01-01","2022-07-13",179956,0.896880348529641,16683,373
"US-Me2","hourly","ET + all drivers including net radiation",183969,156502,0.850697671890373,"2002-01-01","2022-07-12",179951,0.869692305127507,16095,347
"US-Me3","hourly","ET + soil water potential",50422,41304,0.819166236960057,"2004-01-01","2009-09-25",50243,0.822084668511036,7004,639
"US-Me3","hourly","ET + VPD",50422,39581,0.784994645194558,"2004-01-01","2009-10-01",50406,0.785243820180137,4053,633
"US-Me3","hourly","ET + air temperature",50422,40073,0.794752290666772,"2004-01-01","2009-10-01",50406,0.795004562948855,4053,614
"US-Me3","hourly","ET + net radiation",50422,38225,0.758101622307723,"2004-01-01","2009-10-01",50394,0.758522840020637,3263,620
"US-Me3","hourly","ET + all core drivers",50422,39368,0.780770298679148,"2004-01-01","2009-09-25",50243,0.783551937583345,4053,641
"US-Me3","hourly","ET + all drivers including net radiation",50422,37523,0.744179128158344,"2004-01-01","2009-09-25",50243,0.746830404235416,3263,648
"US-Me6","hourly","ET + soil water potential",113140,93391,0.825446349655294,"2011-01-19","2022-12-31",104740,0.8916459805232,6524,599
"US-Me6","hourly","ET + VPD",113140,98918,0.874297330740675,"2010-02-03","2022-12-31",113139,0.874305058379515,6623,505
"US-Me6","hourly","ET + air temperature",113140,101586,0.897878734311472,"2010-02-03","2022-12-31",113139,0.897886670378914,6623,512
"US-Me6","hourly","ET + net radiation",113140,93156,0.823369277001945,"2010-02-03","2022-12-30",113119,0.823522131560569,6623,549
"US-Me6","hourly","ET + all core drivers",113140,90143,0.796738554003889,"2011-01-19","2022-12-31",104740,0.86063586022532,6524,585
"US-Me6","hourly","ET + all drivers including net radiation",113140,83641,0.739269931058865,"2011-01-19","2022-12-30",104720,0.798710847975554,6372,647
"US-Mo1","hourly","ET + soil water potential",72342,68609,0.948397887810677,"2015-09-30","2023-12-31",72341,0.948410997912664,4139,183
"US-Mo1","hourly","ET + VPD",72342,68749,0.950333139808134,"2015-09-30","2023-12-31",72341,0.950346276661921,4139,166
"US-Mo1","hourly","ET + air temperature",72342,68751,0.95036078626524,"2015-09-30","2023-12-31",72341,0.950373923501196,4139,165
"US-Mo1","hourly","ET + net radiation",72342,67978,0.939675430593569,"2015-10-01","2023-12-31",72335,0.939766364830303,3262,223
"US-Mo1","hourly","ET + all core drivers",72342,68607,0.948370241353571,"2015-09-30","2023-12-31",72341,0.948383351073389,4139,184
"US-Mo1","hourly","ET + all drivers including net radiation",72342,67841,0.937781648281773,"2015-10-01","2023-12-31",72335,0.937872399253473,3262,239
"US-Mo2","hourly","ET + soil water potential",52584,42237,0.803229119123688,"2018-01-01","2023-01-29",44502,0.949103411082648,1655,271
"US-Mo2","hourly","ET + VPD",52584,47714,0.907386277194584,"2018-01-01","2023-12-31",52583,0.907403533461385,1655,300
"US-Mo2","hourly","ET + air temperature",52584,47714,0.907386277194584,"2018-01-01","2023-12-31",52583,0.907403533461385,1655,300
"US-Mo2","hourly","ET + net radiation",52584,48675,0.925661798265632,"2018-01-01","2023-12-31",52583,0.925679402088127,1461,300
"US-Mo2","hourly","ET + all core drivers",52584,40879,0.777403773010802,"2018-01-01","2023-01-29",44502,0.918587928632421,1655,270
"US-Mo2","hourly","ET + all drivers including net radiation",52584,40557,0.77128023733455,"2018-01-01","2023-01-28",44495,0.911495673671199,1461,268
"US-Mo3","hourly","ET + soil water potential",48965,47776,0.975717349126927,"2016-05-31","2021-12-31",48964,0.97573727636631,5461,85
"US-Mo3","hourly","ET + VPD",48965,47997,0.980230777085673,"2016-05-31","2021-12-31",48964,0.980250796503554,5461,78
"US-Mo3","hourly","ET + air temperature",48965,47997,0.980230777085673,"2016-05-31","2021-12-31",48964,0.980250796503554,5461,78
"US-Mo3","hourly","ET + net radiation",48965,47505,0.970182783620954,"2016-06-01","2021-12-31",48959,0.970301680998386,5461,94
"US-Mo3","hourly","ET + all core drivers",48965,47776,0.975717349126927,"2016-05-31","2021-12-31",48964,0.97573727636631,5461,85
"US-Mo3","hourly","ET + all drivers including net radiation",48965,47284,0.965669355662208,"2016-06-01","2021-12-31",48959,0.965787699912171,5461,101
"US-Mpj","hourly","ET + soil water potential",113976,0,0,NA,NA,0,NA,0,0
"US-Mpj","hourly","ET + VPD",113976,111719,0.980197585456587,"2008-01-01","2020-12-31",113972,0.980231986803776,2568,290
"US-Mpj","hourly","ET + air temperature",113976,111803,0.980934582719169,"2008-01-01","2020-12-31",113972,0.980969009932264,2568,291
"US-Mpj","hourly","ET + net radiation",113976,105674,0.927160103881519,"2008-06-19","2020-12-31",109882,0.961704373782785,1893,636
"US-Mpj","hourly","ET + all core drivers",113976,0,0,NA,NA,0,NA,0,0
"US-Mpj","hourly","ET + all drivers including net radiation",113976,0,0,NA,NA,0,NA,0,0
"US-NC1","hourly","ET + soil water potential",70128,60365,0.860783139402236,"2005-01-01","2012-12-31",70120,0.860881346263548,913,1284
"US-NC1","hourly","ET + VPD",70128,60671,0.865146589094228,"2005-01-01","2012-12-31",70120,0.865245293782088,704,1265
"US-NC1","hourly","ET + air temperature",70128,61074,0.870893223819302,"2005-01-01","2012-12-31",70120,0.870992584141472,792,1260
"US-NC1","hourly","ET + net radiation",70128,59444,0.847650011407712,"2005-01-01","2012-12-31",70120,0.847746719908728,704,1234
"US-NC1","hourly","ET + all core drivers",70128,59752,0.852041980378736,"2005-01-01","2012-12-31",70120,0.852139189960068,704,1293
"US-NC1","hourly","ET + all drivers including net radiation",70128,57937,0.826160734656628,"2005-01-01","2012-12-31",70120,0.82625499144324,704,1266
"US-NC3","hourly","ET + soil water potential",76113,55731,0.732213945055378,"2013-03-19","2020-10-06",66175,0.84217604835663,6175,380
"US-NC3","hourly","ET + VPD",76113,56106,0.737140830081589,"2013-02-20","2020-10-06",66826,0.839583395684315,6175,330
"US-NC3","hourly","ET + air temperature",76113,56106,0.737140830081589,"2013-02-20","2020-10-06",66826,0.839583395684315,6175,330
"US-NC3","hourly","ET + net radiation",76113,51982,0.682958233153338,"2013-02-20","2020-10-05",66814,0.778010596581555,6175,281
"US-NC3","hourly","ET + all core drivers",76113,55193,0.725145507337774,"2013-03-19","2020-10-06",66175,0.834046089913109,6175,371
"US-NC3","hourly","ET + all drivers including net radiation",76113,51068,0.670949772049453,"2013-03-19","2020-10-05",66163,0.771851336849901,6175,322
"US-NR1","hourly","ET + soil water potential",159182,116549,0.732174492090814,"2001-12-26","2016-12-31",131621,0.885489397588531,5730,646
"US-NR1","hourly","ET + VPD",159182,143122,0.89910919576334,"1998-11-04","2016-12-31",159180,0.899120492524186,5730,769
"US-NR1","hourly","ET + air temperature",159182,143142,0.899234838109837,"1998-11-04","2016-12-31",159180,0.899246136449303,5730,764
"US-NR1","hourly","ET + net radiation",159182,140950,0.885464436933824,"1998-11-04","2016-12-31",159180,0.885475562256565,5730,890
"US-NR1","hourly","ET + all core drivers",159182,116531,0.732061413978968,"2001-12-26","2016-12-31",131621,0.885352641295842,5730,651
"US-NR1","hourly","ET + all drivers including net radiation",159182,114692,0.720508600218618,"2001-12-26","2016-12-31",131621,0.87138070672613,5730,789
"US-Ne1","hourly","ET + soil water potential",171864,168369,0.97966415305125,"2001-06-12","2020-12-31",171420,0.982201610080504,3259,935
"US-Ne1","hourly","ET + VPD",171864,169426,0.985814364846623,"2001-05-25","2020-12-31",171853,0.985877465042798,3259,819
"US-Ne1","hourly","ET + air temperature",171864,169428,0.985826001955034,"2001-05-25","2020-12-31",171853,0.98588910289608,3259,818
"US-Ne1","hourly","ET + net radiation",171864,164615,0.957821300563236,"2001-06-21","2020-12-31",171200,0.961536214953271,2196,1543
"US-Ne1","hourly","ET + all core drivers",171864,168304,0.979285947027883,"2001-06-12","2020-12-31",171420,0.981822424454556,3259,940
"US-Ne1","hourly","ET + all drivers including net radiation",171864,163883,0.9535621188847,"2001-06-21","2020-12-31",171200,0.957260514018692,2196,1660
"US-ONA","hourly","ET + soil water potential",61368,53386,0.869932212227871,"2016-04-14","2022-12-31",58870,0.906845591982334,8278,136
"US-ONA","hourly","ET + VPD",61368,52488,0.855299178725068,"2016-04-14","2022-12-31",58870,0.891591642602344,17561,99
"US-ONA","hourly","ET + air temperature",61368,52488,0.855299178725068,"2016-04-14","2022-12-31",58870,0.891591642602344,17561,99
"US-ONA","hourly","ET + net radiation",61368,50321,0.819987615695477,"2016-04-14","2022-12-31",58870,0.854781722439273,5841,132
"US-ONA","hourly","ET + all core drivers",61368,52317,0.852512710207274,"2016-04-14","2022-12-31",58870,0.888686937319518,8278,129
"US-ONA","hourly","ET + all drivers including net radiation",61368,50203,0.818064789466823,"2016-04-14","2022-12-31",58870,0.852777305928317,5841,146
"US-Oho","hourly","ET + soil water potential",87672,78225,0.892246099096633,"2004-01-01","2013-12-23",87460,0.894408872627487,4317,632
"US-Oho","hourly","ET + VPD",87672,79742,0.909549228944247,"2004-01-01","2013-12-23",87460,0.911753944660416,4317,496
"US-Oho","hourly","ET + air temperature",87672,79743,0.909560635094443,"2004-01-01","2013-12-23",87460,0.911765378458724,4317,496
"US-Oho","hourly","ET + net radiation",87672,78516,0.895565288803723,"2004-01-01","2013-12-23",87459,0.897746372586012,4317,480
"US-Oho","hourly","ET + all core drivers",87672,78224,0.892234692946437,"2004-01-01","2013-12-23",87460,0.894397438829179,4317,632
"US-Oho","hourly","ET + all drivers including net radiation",87672,77001,0.878284971256502,"2004-01-01","2013-12-23",87459,0.880423970088842,4317,614
"US-PFL","hourly","ET + soil water potential",2731,2256,0.826071036250458,"2019-06-27","2019-10-12",2559,0.881594372801876,93,49
"US-PFL","hourly","ET + VPD",2731,2386,0.873672647381911,"2019-06-20","2019-10-12",2729,0.874312935141077,93,56
"US-PFL","hourly","ET + air temperature",2731,2386,0.873672647381911,"2019-06-20","2019-10-12",2729,0.874312935141077,93,56
"US-PFL","hourly","ET + net radiation",2731,1126,0.412303185646283,"2019-07-15","2019-10-02",1888,0.596398305084746,64,92
"US-PFL","hourly","ET + all core drivers",2731,2233,0.817649212742585,"2019-06-27","2019-10-12",2559,0.872606486908949,93,54
"US-PFL","hourly","ET + all drivers including net radiation",2731,1126,0.412303185646283,"2019-07-15","2019-10-02",1888,0.596398305084746,64,92
"US-PFb","hourly","ET + soil water potential",2719,2160,0.794409709452004,"2019-06-21","2019-10-12",2717,0.794994479205006,92,78
"US-PFb","hourly","ET + VPD",2719,1912,0.703199705774182,"2019-07-05","2019-10-12",2375,0.805052631578947,89,74
"US-PFb","hourly","ET + air temperature",2719,1912,0.703199705774182,"2019-07-05","2019-10-12",2375,0.805052631578947,89,74
"US-PFb","hourly","ET + net radiation",2719,1463,0.538065465244575,"2019-06-21","2019-10-12",2705,0.540850277264325,78,112
"US-PFb","hourly","ET + all core drivers",2719,1909,0.702096358955498,"2019-07-05","2019-10-12",2375,0.80378947368421,89,75
"US-PFb","hourly","ET + all drivers including net radiation",2719,1364,0.501655020228025,"2019-07-06","2019-10-12",2352,0.579931972789116,78,107
"US-PFc","hourly","ET + soil water potential",2749,2236,0.813386686067661,"2019-06-28","2019-10-14",2580,0.866666666666667,141,44
"US-PFc","hourly","ET + VPD",2749,2345,0.853037468170244,"2019-06-23","2019-10-14",2706,0.866592756836659,141,48
"US-PFc","hourly","ET + air temperature",2749,2345,0.853037468170244,"2019-06-23","2019-10-14",2706,0.866592756836659,141,48
"US-PFc","hourly","ET + net radiation",2749,1864,0.67806475081848,"2019-07-14","2019-10-14",2193,0.849977200182399,129,36
"US-PFc","hourly","ET + all core drivers",2749,2236,0.813386686067661,"2019-06-28","2019-10-14",2580,0.866666666666667,141,44
"US-PFc","hourly","ET + all drivers including net radiation",2749,1864,0.67806475081848,"2019-07-14","2019-10-14",2193,0.849977200182399,129,36
"US-PFk","hourly","ET + soil water potential",2637,2245,0.851346226772848,"2019-07-01","2019-10-15",2531,0.887001185302252,96,55
"US-PFk","hourly","ET + VPD",2637,2258,0.856276071293136,"2019-07-01","2019-10-15",2532,0.891785150078989,96,51
"US-PFk","hourly","ET + air temperature",2637,2258,0.856276071293136,"2019-07-01","2019-10-15",2532,0.891785150078989,96,51
"US-PFk","hourly","ET + net radiation",2637,1604,0.608266970041714,"2019-07-01","2019-10-14",2519,0.63676061929337,80,97
"US-PFk","hourly","ET + all core drivers",2637,2233,0.846795601061813,"2019-07-01","2019-10-15",2531,0.882259976293955,96,58
"US-PFk","hourly","ET + all drivers including net radiation",2637,1591,0.603337125521426,"2019-07-01","2019-10-14",2519,0.631599841206828,80,102
"US-PFm","hourly","ET + soil water potential",2749,1521,0.553292106220444,"2019-07-31","2019-10-12",1736,0.876152073732719,91,38
"US-PFm","hourly","ET + VPD",2749,2471,0.898872317206257,"2019-06-19","2019-10-12",2748,0.89919941775837,117,49
"US-PFm","hourly","ET + air temperature",2749,2494,0.907238995998545,"2019-06-19","2019-10-12",2748,0.907569141193595,117,46
"US-PFm","hourly","ET + net radiation",2749,1912,0.695525645689342,"2019-06-19","2019-10-12",2744,0.696793002915452,88,108
"US-PFm","hourly","ET + all core drivers",2749,1520,0.552928337577301,"2019-07-31","2019-10-12",1736,0.875576036866359,91,38
"US-PFm","hourly","ET + all drivers including net radiation",2749,1145,0.41651509639869,"2019-07-31","2019-10-12",1733,0.660703981534911,72,76
"US-PFn","hourly","ET + soil water potential",2749,2346,0.853401236813387,"2019-06-19","2019-10-12",2747,0.854022570076447,94,76
"US-PFn","hourly","ET + VPD",2749,2064,0.750818479447072,"2019-06-19","2019-10-12",2748,0.751091703056769,90,66
"US-PFn","hourly","ET + air temperature",2749,2065,0.751182248090215,"2019-06-19","2019-10-12",2748,0.751455604075691,90,66
"US-PFn","hourly","ET + net radiation",2749,1733,0.630411058566752,"2019-06-19","2019-10-11",2739,0.632712668857247,88,85
"US-PFn","hourly","ET + all core drivers",2749,2006,0.72971989814478,"2019-06-19","2019-10-12",2747,0.730251183108846,89,77
"US-PFn","hourly","ET + all drivers including net radiation",2749,1538,0.559476173153874,"2019-06-19","2019-10-11",2739,0.561518802482658,67,88
"US-PFp","hourly","ET + soil water potential",2764,1732,0.626628075253256,"2019-07-22","2019-10-12",1973,0.877850988342625,94,48
"US-PFp","hourly","ET + VPD",2764,1256,0.454413892908828,"2019-06-19","2019-10-12",2763,0.454578356858487,94,42
"US-PFp","hourly","ET + air temperature",2764,1256,0.454413892908828,"2019-06-19","2019-10-12",2763,0.454578356858487,94,42
"US-PFp","hourly","ET + net radiation",2764,1752,0.633863965267728,"2019-06-19","2019-10-12",2750,0.637090909090909,75,110
"US-PFp","hourly","ET + all core drivers",2764,1124,0.406657018813314,"2019-08-19","2019-10-12",1296,0.867283950617284,94,36
"US-PFp","hourly","ET + all drivers including net radiation",2764,767,0.277496382054993,"2019-08-19","2019-10-12",1284,0.597352024922118,72,66
"US-PFq","hourly","ET + soil water potential",2699,2256,0.835865135235272,"2019-06-23","2019-10-12",2664,0.846846846846847,90,79
"US-PFq","hourly","ET + VPD",2699,2328,0.862541682104483,"2019-06-23","2019-10-12",2664,0.873873873873874,111,59
"US-PFq","hourly","ET + air temperature",2699,2328,0.862541682104483,"2019-06-23","2019-10-12",2664,0.873873873873874,111,59
"US-PFq","hourly","ET + net radiation",2699,1725,0.639125602074842,"2019-06-22","2019-10-12",2686,0.642218912881608,98,99
"US-PFq","hourly","ET + all core drivers",2699,2256,0.835865135235272,"2019-06-23","2019-10-12",2664,0.846846846846847,90,79
"US-PFq","hourly","ET + all drivers including net radiation",2699,1642,0.608373471656169,"2019-06-23","2019-10-12",2652,0.619155354449472,71,116
"US-PFt","hourly","ET + soil water potential",2742,2349,0.856673960612692,"2019-06-21","2019-10-12",2712,0.866150442477876,109,65
"US-PFt","hourly","ET + VPD",2742,2088,0.761487964989059,"2019-07-04","2019-10-12",2400,0.87,109,57
"US-PFt","hourly","ET + air temperature",2742,2406,0.87746170678337,"2019-06-20","2019-10-12",2741,0.877781831448377,109,61
"US-PFt","hourly","ET + net radiation",2742,1675,0.610867979576951,"2019-06-20","2019-10-12",2729,0.613777940637596,75,110
"US-PFt","hourly","ET + all core drivers",2742,2088,0.761487964989059,"2019-07-04","2019-10-12",2400,0.87,109,57
"US-PFt","hourly","ET + all drivers including net radiation",2742,1442,0.525893508388038,"2019-07-05","2019-10-12",2376,0.606902356902357,75,99
"US-PSH","hourly","ET + soil water potential",1892,0,0,NA,NA,0,NA,0,0
"US-PSH","hourly","ET + VPD",1892,1881,0.994186046511628,"2016-10-14","2016-12-31",1891,0.994711792702274,1879,2
"US-PSH","hourly","ET + air temperature",1892,1881,0.994186046511628,"2016-10-14","2016-12-31",1891,0.994711792702274,1879,2
"US-PSH","hourly","ET + net radiation",1892,1848,0.976744186046512,"2016-10-14","2016-12-31",1879,0.983501862692922,886,9
"US-PSH","hourly","ET + all core drivers",1892,0,0,NA,NA,0,NA,0,0
"US-PSH","hourly","ET + all drivers including net radiation",1892,0,0,NA,NA,0,NA,0,0
"US-PSL","hourly","ET + soil water potential",2213,0,0,NA,NA,0,NA,0,0
"US-PSL","hourly","ET + VPD",2213,2103,0.950293718933574,"2016-09-30","2016-12-31",2212,0.950723327305606,659,39
"US-PSL","hourly","ET + air temperature",2213,2105,0.951197469498418,"2016-09-30","2016-12-31",2212,0.951627486437613,659,39
"US-PSL","hourly","ET + net radiation",2213,1746,0.788974243108902,"2016-10-01","2016-12-31",2205,0.791836734693877,292,64
"US-PSL","hourly","ET + all core drivers",2213,0,0,NA,NA,0,NA,0,0
"US-PSL","hourly","ET + all drivers including net radiation",2213,0,0,NA,NA,0,NA,0,0
"US-RGA","hourly","ET + soil water potential",21228,16927,0.797390239306576,"2021-05-20","2023-09-13",20307,0.833554931796917,3413,67
"US-RGA","hourly","ET + VPD",21228,20020,0.943094026757113,"2021-04-11","2023-09-13",21227,0.943138455740331,3413,56
"US-RGA","hourly","ET + air temperature",21228,20020,0.943094026757113,"2021-04-11","2023-09-13",21227,0.943138455740331,3413,56
"US-RGA","hourly","ET + net radiation",21228,18703,0.881053325796118,"2021-04-12","2023-09-12",21215,0.881593212349753,1175,181
"US-RGA","hourly","ET + all core drivers",21228,16927,0.797390239306576,"2021-05-20","2023-09-13",20307,0.833554931796917,3413,67
"US-RGA","hourly","ET + all drivers including net radiation",21228,15833,0.745854531750518,"2021-05-20","2023-09-12",20300,0.779950738916256,1175,174
"US-RGB","hourly","ET + soil water potential",23453,20548,0.876135249221848,"2021-04-25","2023-09-28",21251,0.966919203802174,4870,110
"US-RGB","hourly","ET + VPD",23453,22731,0.969215025796273,"2021-01-24","2023-09-28",23452,0.969256353402695,4870,109
"US-RGB","hourly","ET + air temperature",23453,22732,0.9692576642647,"2021-01-24","2023-09-28",23452,0.969298993689238,4870,109
"US-RGB","hourly","ET + net radiation",23453,21676,0.924231441606618,"2021-01-24","2023-09-27",23430,0.925138711054204,2098,187
"US-RGB","hourly","ET + all core drivers",23453,20546,0.876049972284995,"2021-04-25","2023-09-28",21251,0.966825090583972,4870,110
"US-RGB","hourly","ET + all drivers including net radiation",23453,19518,0.832217626742847,"2021-04-25","2023-09-27",21240,0.918926553672316,2098,187
"US-RGF","hourly","ET + soil water potential",7182,7162,0.997215260373155,"2023-03-07","2023-12-31",7181,0.9973541289514,3272,10
"US-RGF","hourly","ET + VPD",7182,7162,0.997215260373155,"2023-03-07","2023-12-31",7181,0.9973541289514,3272,10
"US-RGF","hourly","ET + air temperature",7182,7162,0.997215260373155,"2023-03-07","2023-12-31",7181,0.9973541289514,3272,10
"US-RGF","hourly","ET + net radiation",7182,7152,0.995822890559733,"2023-03-08","2023-12-31",7175,0.996794425087108,3013,11
"US-RGF","hourly","ET + all core drivers",7182,7162,0.997215260373155,"2023-03-07","2023-12-31",7181,0.9973541289514,3272,10
"US-RGF","hourly","ET + all drivers including net radiation",7182,7152,0.995822890559733,"2023-03-08","2023-12-31",7175,0.996794425087108,3013,11
"US-RGW","hourly","ET + soil water potential",12780,12590,0.985133020344288,"2022-04-12","2023-09-27",12779,0.985210110337272,4075,28
"US-RGW","hourly","ET + VPD",12780,12590,0.985133020344288,"2022-04-12","2023-09-27",12779,0.985210110337272,4075,28
"US-RGW","hourly","ET + air temperature",12780,12590,0.985133020344288,"2022-04-12","2023-09-27",12779,0.985210110337272,4075,28
"US-RGW","hourly","ET + net radiation",12780,11402,0.892175273865415,"2022-04-13","2023-09-26",12750,0.894274509803922,1108,83
"US-RGW","hourly","ET + all core drivers",12780,12590,0.985133020344288,"2022-04-12","2023-09-27",12779,0.985210110337272,4075,28
"US-RGW","hourly","ET + all drivers including net radiation",12780,11402,0.892175273865415,"2022-04-13","2023-09-26",12750,0.894274509803922,1108,83
"US-RGo","hourly","ET + soil water potential",19570,19086,0.975268267756771,"2021-06-20","2023-09-14",19569,0.975318105166335,2819,46
"US-RGo","hourly","ET + VPD",19570,19086,0.975268267756771,"2021-06-20","2023-09-14",19569,0.975318105166335,2819,46
"US-RGo","hourly","ET + air temperature",19570,19086,0.975268267756771,"2021-06-20","2023-09-14",19569,0.975318105166335,2819,46
"US-RGo","hourly","ET + net radiation",19570,18983,0.970005109862034,"2021-06-21","2023-09-13",19559,0.970550641648346,2819,42
"US-RGo","hourly","ET + all core drivers",19570,19086,0.975268267756771,"2021-06-20","2023-09-14",19569,0.975318105166335,2819,46
"US-RGo","hourly","ET + all drivers including net radiation",19570,18983,0.970005109862034,"2021-06-21","2023-09-13",19559,0.970550641648346,2819,42
"US-Rls","hourly","ET + soil water potential",79396,73394,0.924404252103381,"2014-09-10","2023-10-01",79395,0.924415895207507,11472,124
"US-Rls","hourly","ET + VPD",79396,76093,0.958398407980251,"2014-09-10","2023-10-01",79395,0.958410479249323,11472,108
"US-Rls","hourly","ET + air temperature",79396,76093,0.958398407980251,"2014-09-10","2023-10-01",79395,0.958410479249323,11472,108
"US-Rls","hourly","ET + net radiation",79396,75850,0.955337800392967,"2014-09-10","2023-09-30",79377,0.955566473915618,10151,101
"US-Rls","hourly","ET + all core drivers",79396,73393,0.924391657010429,"2014-09-10","2023-10-01",79395,0.924403299955917,11472,124
"US-Rls","hourly","ET + all drivers including net radiation",79396,73215,0.922149730465011,"2014-09-10","2023-09-30",79377,0.922370459956914,10151,117
"US-Rms","hourly","ET + soil water potential",79257,72980,0.920801948092913,"2014-10-24","2023-10-01",78327,0.931734906226461,5105,217
"US-Rms","hourly","ET + VPD",79257,75833,0.956798768563029,"2014-09-15","2023-10-01",79256,0.956810840819623,6910,201
"US-Rms","hourly","ET + air temperature",79257,75833,0.956798768563029,"2014-09-15","2023-10-01",79256,0.956810840819623,6910,201
"US-Rms","hourly","ET + net radiation",79257,75484,0.952395372017614,"2014-09-16","2023-09-30",79237,0.95263576359529,6334,180
"US-Rms","hourly","ET + all core drivers",79257,72979,0.920789330910834,"2014-10-24","2023-10-01",78327,0.931722139236789,5105,217
"US-Rms","hourly","ET + all drivers including net radiation",79257,72639,0.916499489004126,"2014-10-24","2023-09-30",78320,0.927464249233912,5100,197
"US-Ro1","hourly","ET + soil water potential",113976,8886,0.0779637818488103,"2015-12-25","2016-12-31",8934,0.994627266621894,2779,18
"US-Ro1","hourly","ET + VPD",113976,108457,0.951577525093002,"2004-01-01","2016-12-31",113975,0.951585874095196,5065,305
"US-Ro1","hourly","ET + air temperature",113976,109083,0.957069909454622,"2004-01-01","2016-12-31",113975,0.957078306646194,5065,314
"US-Ro1","hourly","ET + net radiation",113976,103552,0.908542149224398,"2004-01-01","2016-12-31",113975,0.908550120640491,5065,261
"US-Ro1","hourly","ET + all core drivers",113976,8886,0.0779637818488103,"2015-12-25","2016-12-31",8934,0.994627266621894,2779,18
"US-Ro1","hourly","ET + all drivers including net radiation",113976,8649,0.0758843967150979,"2015-12-25","2016-12-31",8934,0.968099395567495,2758,19
"US-Ro2","hourly","ET + soil water potential",78912,0,0,NA,NA,0,NA,0,0
"US-Ro2","hourly","ET + VPD",78912,51702,0.655185523114355,"2008-01-01","2016-12-31",78911,0.655193825955824,4738,315
"US-Ro2","hourly","ET + air temperature",78912,51702,0.655185523114355,"2008-01-01","2016-12-31",78911,0.655193825955824,4738,315
"US-Ro2","hourly","ET + net radiation",78912,14000,0.177412814274128,"2015-05-08","2016-12-31",14481,0.96678406187418,3530,40
"US-Ro2","hourly","ET + all core drivers",78912,0,0,NA,NA,0,NA,0,0
"US-Ro2","hourly","ET + all drivers including net radiation",78912,0,0,NA,NA,0,NA,0,0
"US-Ro3","hourly","ET + soil water potential",35064,0,0,NA,NA,0,NA,0,0
"US-Ro3","hourly","ET + VPD",35064,30666,0.874572210814511,"2004-06-26","2007-12-31",30802,0.995584702292059,5409,37
"US-Ro3","hourly","ET + air temperature",35064,30666,0.874572210814511,"2004-06-26","2007-12-31",30802,0.995584702292059,5409,37
"US-Ro3","hourly","ET + net radiation",35064,30670,0.874686287930641,"2004-06-26","2007-12-31",30802,0.995714563989351,10655,35
"US-Ro3","hourly","ET + all core drivers",35064,0,0,NA,NA,0,NA,0,0
"US-Ro3","hourly","ET + all drivers including net radiation",35064,0,0,NA,NA,0,NA,0,0
"US-Ro4","hourly","ET + soil water potential",87432,58872,0.673346143288499,"2016-08-03","2023-12-31",64954,0.906364504110601,3166,294
"US-Ro4","hourly","ET + VPD",87432,82818,0.947227559703541,"2014-01-10","2023-12-31",87431,0.94723839370475,5218,189
"US-Ro4","hourly","ET + air temperature",87432,82818,0.947227559703541,"2014-01-10","2023-12-31",87431,0.94723839370475,5218,189
"US-Ro4","hourly","ET + net radiation",87432,79889,0.913727239454662,"2014-05-29","2023-12-31",84080,0.950154614652712,3284,158
"US-Ro4","hourly","ET + all core drivers",87432,58872,0.673346143288499,"2016-08-03","2023-12-31",64954,0.906364504110601,3166,294
"US-Ro4","hourly","ET + all drivers including net radiation",87432,58814,0.672682770610303,"2016-08-03","2023-12-31",64954,0.905471564491794,3166,292
"US-Ro5","hourly","ET + soil water potential",61344,55121,0.898555685967658,"2017-06-02","2023-12-31",57675,0.955717381881231,3139,140
"US-Ro5","hourly","ET + VPD",61344,60641,0.988540036515389,"2017-01-01","2023-12-31",61343,0.988556151476126,4697,128
"US-Ro5","hourly","ET + air temperature",61344,60671,0.9890290818988,"2017-01-01","2023-12-31",61343,0.989045204831847,4697,127
"US-Ro5","hourly","ET + net radiation",61344,60290,0.982818205529473,"2017-01-01","2023-12-31",61343,0.982834227214189,4626,130
"US-Ro5","hourly","ET + all core drivers",61344,55091,0.898066640584246,"2017-06-02","2023-12-31",57675,0.955197225834417,3139,141
"US-Ro5","hourly","ET + all drivers including net radiation",61344,54972,0.89612676056338,"2017-06-02","2023-12-31",57675,0.953133940182055,3139,145
"US-Ro6","hourly","ET + soil water potential",61344,54501,0.888448748043818,"2017-06-19","2023-12-31",57266,0.951716550832955,3284,151
"US-Ro6","hourly","ET + VPD",61344,60466,0.985687271778821,"2017-01-01","2023-12-31",61334,0.985847979913262,3745,141
"US-Ro6","hourly","ET + air temperature",61344,60466,0.985687271778821,"2017-01-01","2023-12-31",61334,0.985847979913262,3745,141
"US-Ro6","hourly","ET + net radiation",61344,59692,0.973069900886802,"2017-01-12","2023-12-31",61067,0.977483747359458,3745,145
"US-Ro6","hourly","ET + all core drivers",61344,54501,0.888448748043818,"2017-06-19","2023-12-31",57266,0.951716550832955,3284,151
"US-Ro6","hourly","ET + all drivers including net radiation",61344,54034,0.880835941575378,"2017-06-19","2023-12-31",57266,0.943561624698774,3284,159
"US-Rwe","hourly","ET + soil water potential",40813,0,0,NA,NA,0,NA,0,0
"US-Rwe","hourly","ET + VPD",40813,38660,0.947247200646853,"2003-02-03","2007-10-01",40812,0.94727041066353,2516,203
"US-Rwe","hourly","ET + air temperature",40813,38660,0.947247200646853,"2003-02-03","2007-10-01",40812,0.94727041066353,2516,203
"US-Rwe","hourly","ET + net radiation",40813,16215,0.397299879940215,"2005-09-29","2007-09-30",17556,0.923615857826384,2516,61
"US-Rwe","hourly","ET + all core drivers",40813,0,0,NA,NA,0,NA,0,0
"US-Rwe","hourly","ET + all drivers including net radiation",40813,0,0,NA,NA,0,NA,0,0
"US-Rwf","hourly","ET + soil water potential",81753,0,0,NA,NA,0,NA,0,0
"US-Rwf","hourly","ET + VPD",81753,77542,0.94849118686776,"2014-06-03","2023-10-01",81752,0.948502788922595,8830,150
"US-Rwf","hourly","ET + air temperature",81753,77542,0.94849118686776,"2014-06-03","2023-10-01",81752,0.948502788922595,8830,150
"US-Rwf","hourly","ET + net radiation",81753,77103,0.943121353344831,"2014-06-04","2023-09-30",81733,0.943352134388803,8827,154
"US-Rwf","hourly","ET + all core drivers",81753,0,0,NA,NA,0,NA,0,0
"US-Rwf","hourly","ET + all drivers including net radiation",81753,0,0,NA,NA,0,NA,0,0
"US-Rws","hourly","ET + soil water potential",79257,70220,0.885978525556102,"2015-07-25","2023-10-01",71747,0.978716880148299,7147,158
"US-Rws","hourly","ET + VPD",79257,77360,0.976065205596982,"2014-09-15","2023-10-01",79256,0.976077520944787,9815,152
"US-Rws","hourly","ET + air temperature",79257,77360,0.976065205596982,"2014-09-15","2023-10-01",79256,0.976077520944787,9815,152
"US-Rws","hourly","ET + net radiation",79257,77076,0.972481925886672,"2014-09-16","2023-09-30",79237,0.97272738745788,9815,148
"US-Rws","hourly","ET + all core drivers",79257,69901,0.881953644473043,"2015-07-25","2023-10-01",71747,0.974270701213988,7147,163
"US-Rws","hourly","ET + all drivers including net radiation",79257,69366,0.875203452061017,"2015-07-25","2023-09-30",71740,0.966908279899638,7147,166
"US-SP1","hourly","ET + soil water potential",179593,49169,0.273780158469428,"2014-09-17","2020-12-31",55133,0.891825222643426,5428,450
"US-SP1","hourly","ET + VPD",179593,149984,0.835132772435451,"2000-07-07","2020-12-31",179585,0.835169975220648,5428,1984
"US-SP1","hourly","ET + air temperature",179593,151221,0.842020568730407,"2000-07-07","2020-12-31",179585,0.842058078347301,5428,1960
"US-SP1","hourly","ET + net radiation",179593,147625,0.821997516606995,"2000-07-07","2020-12-31",179585,0.822034134253974,5256,1988
"US-SP1","hourly","ET + all core drivers",179593,49169,0.273780158469428,"2014-09-17","2020-12-31",55133,0.891825222643426,5428,450
"US-SP1","hourly","ET + all drivers including net radiation",179593,48936,0.272482780509263,"2014-09-18","2020-12-31",55127,0.887695684510313,4924,437
"US-SRC","hourly","ET + soil water potential",55014,43877,0.797560620932853,"2008-03-14","2014-06-23",54993,0.797865182841453,6591,139
"US-SRC","hourly","ET + VPD",55014,40882,0.743119933107936,"2008-03-14","2014-06-23",55013,0.743133441186629,6591,81
"US-SRC","hourly","ET + air temperature",55014,44261,0.80454066237685,"2008-03-14","2014-06-23",55013,0.80455528693218,6591,89
"US-SRC","hourly","ET + net radiation",55014,43398,0.788853746319119,"2008-03-14","2014-06-23",55000,0.789054545454545,6590,62
"US-SRC","hourly","ET + all core drivers",55014,40498,0.73613989166394,"2008-03-14","2014-06-23",54993,0.736420999036241,6591,131
"US-SRC","hourly","ET + all drivers including net radiation",55014,39672,0.721125531682844,"2008-03-14","2014-06-23",54992,0.721414023858016,6590,107
"US-SRG","hourly","ET + soil water potential",138660,136258,0.982677051781336,"2008-03-07","2023-12-31",138656,0.982705400415417,10268,165
"US-SRG","hourly","ET + VPD",138660,136783,0.986463291504399,"2008-03-07","2023-12-31",138658,0.98647752022963,10273,129
"US-SRG","hourly","ET + air temperature",138660,136783,0.986463291504399,"2008-03-07","2023-12-31",138658,0.98647752022963,10273,129
"US-SRG","hourly","ET + net radiation",138660,135364,0.976229626424347,"2008-04-11","2023-12-31",137817,0.982201034705443,10273,115
"US-SRG","hourly","ET + all core drivers",138660,136258,0.982677051781336,"2008-03-07","2023-12-31",138656,0.982705400415417,10268,165
"US-SRG","hourly","ET + all drivers including net radiation",138660,134870,0.972666955142074,"2008-04-11","2023-12-31",137817,0.978616571250281,10268,148
"US-SRM","hourly","ET + soil water potential",175320,173050,0.987052247319188,"2004-01-06","2023-12-31",175195,0.987756499900111,12940,205
"US-SRM","hourly","ET + VPD",175320,173208,0.987953456536619,"2004-01-06","2023-12-31",175195,0.988658352121921,12940,182
"US-SRM","hourly","ET + air temperature",175320,173208,0.987953456536619,"2004-01-06","2023-12-31",175195,0.988658352121921,12940,182
"US-SRM","hourly","ET + net radiation",175320,170648,0.973351585671914,"2004-01-06","2023-12-31",175187,0.974090543248072,12938,153
"US-SRM","hourly","ET + all core drivers",175320,172995,0.986738535249829,"2004-01-06","2023-12-31",175195,0.987442564000114,12940,214
"US-SRM","hourly","ET + all drivers including net radiation",175320,170382,0.971834360027379,"2004-01-06","2023-12-31",175187,0.972572165742892,12938,194
"US-SRS","hourly","ET + soil water potential",66701,62551,0.937782042248242,"2011-05-23","2018-11-29",65919,0.948906991914319,8826,286
"US-SRS","hourly","ET + VPD",66701,63633,0.954003688100628,"2011-05-23","2018-11-29",65919,0.965321075865835,12404,153
"US-SRS","hourly","ET + air temperature",66701,63633,0.954003688100628,"2011-05-23","2018-11-29",65919,0.965321075865835,12404,153
"US-SRS","hourly","ET + net radiation",66701,60076,0.900676151781832,"2011-05-24","2018-11-29",65914,0.911430045210426,11585,166
"US-SRS","hourly","ET + all core drivers",66701,62551,0.937782042248242,"2011-05-23","2018-11-29",65919,0.948906991914319,8826,286
"US-SRS","hourly","ET + all drivers including net radiation",66701,59038,0.885114166204405,"2011-05-24","2018-11-29",65914,0.895682252632218,8826,284
"US-SSH","hourly","ET + soil water potential",51151,22178,0.433579011163027,"2016-01-01","2020-07-27",40068,0.55350903464111,1407,230
"US-SSH","hourly","ET + VPD",51151,38807,0.758675294715646,"2016-01-01","2021-11-01",51150,0.758690127077224,2158,236
"US-SSH","hourly","ET + air temperature",51151,38807,0.758675294715646,"2016-01-01","2021-11-01",51150,0.758690127077224,2158,236
"US-SSH","hourly","ET + net radiation",51151,38284,0.748450665676135,"2016-01-01","2021-10-31",51138,0.748640932379053,1940,224
"US-SSH","hourly","ET + all core drivers",51151,22178,0.433579011163027,"2016-01-01","2020-07-27",40068,0.55350903464111,1407,230
"US-SSH","hourly","ET + all drivers including net radiation",51151,21843,0.427029774588962,"2016-01-01","2020-07-27",40068,0.545148247978437,1403,223
"US-Seg","hourly","ET + soil water potential",131496,0,0,NA,NA,0,NA,0,0
"US-Seg","hourly","ET + VPD",131496,127875,0.972463040700858,"2007-01-01","2021-12-31",131495,0.972470436138256,9766,154
"US-Seg","hourly","ET + air temperature",131496,128472,0.977003102755977,"2007-01-01","2021-12-31",131495,0.977010532719875,9767,139
"US-Seg","hourly","ET + net radiation",131496,125667,0.955671655411572,"2007-01-01","2021-12-31",131494,0.955686191004913,2384,420
"US-Seg","hourly","ET + all core drivers",131496,0,0,NA,NA,0,NA,0,0
"US-Seg","hourly","ET + all drivers including net radiation",131496,0,0,NA,NA,0,NA,0,0
"US-Ses","hourly","ET + soil water potential",131328,0,0,NA,NA,0,NA,0,0
"US-Ses","hourly","ET + VPD",131328,128435,0.977971186647174,"2007-01-08","2021-12-31",131327,0.977978633487402,7099,139
"US-Ses","hourly","ET + air temperature",131328,129035,0.982539900097466,"2007-01-08","2021-12-31",131327,0.98254738172653,7099,126
"US-Ses","hourly","ET + net radiation",131328,127145,0.968148452729045,"2007-01-08","2021-12-31",131315,0.968244298061912,2267,484
"US-Ses","hourly","ET + all core drivers",131328,0,0,NA,NA,0,NA,0,0
"US-Ses","hourly","ET + all drivers including net radiation",131328,0,0,NA,NA,0,NA,0,0
"US-Sne","hourly","ET + soil water potential",40361,0,0,NA,NA,0,NA,0,0
"US-Sne","hourly","ET + VPD",40361,38183,0.946037015931221,"2016-05-24","2020-12-31",40359,0.946083897024208,2612,206
"US-Sne","hourly","ET + air temperature",40361,38183,0.946037015931221,"2016-05-24","2020-12-31",40359,0.946083897024208,2612,206
"US-Sne","hourly","ET + net radiation",40361,39057,0.96769158345928,"2016-05-24","2020-12-30",40347,0.968027362629192,4388,200
"US-Sne","hourly","ET + all core drivers",40361,0,0,NA,NA,0,NA,0,0
"US-Sne","hourly","ET + all drivers including net radiation",40361,0,0,NA,NA,0,NA,0,0
"US-Snf","hourly","ET + soil water potential",17314,17027,0.983423818874899,"2018-07-18","2020-07-09",17313,0.983480621498296,3131,45
"US-Snf","hourly","ET + VPD",17314,16020,0.925262793115398,"2018-07-18","2020-07-09",17313,0.925316236354185,3131,50
"US-Snf","hourly","ET + air temperature",17314,16389,0.946575025990528,"2018-07-18","2020-07-09",17313,0.946629700225264,3131,50
"US-Snf","hourly","ET + net radiation",17314,15189,0.877266951599861,"2018-07-19","2020-07-08",17301,0.877926131437489,1525,55
"US-Snf","hourly","ET + all core drivers",17314,16018,0.92514727965808,"2018-07-18","2020-07-09",17313,0.925200716224802,3131,51
"US-Snf","hourly","ET + all drivers including net radiation",17314,14180,0.818990412383043,"2018-07-19","2020-07-08",17301,0.819605803132767,1525,61
"US-Syv","hourly","ET + soil water potential",196660,127389,0.64776263602156,"2001-08-12","2023-12-31",196246,0.649129154224799,5580,717
"US-Syv","hourly","ET + VPD",196660,88857,0.451830570527815,"2012-05-02","2023-12-31",102260,0.868932133776648,2434,423
"US-Syv","hourly","ET + air temperature",196660,133188,0.677250076273772,"2001-08-12","2023-12-31",196246,0.678678801096583,5580,727
"US-Syv","hourly","ET + net radiation",196660,120356,0.612000406793451,"2001-08-19","2023-12-31",196073,0.613832603163108,5556,471
"US-Syv","hourly","ET + all core drivers",196660,83057,0.42233804535747,"2012-05-02","2023-12-31",102260,0.812213964404459,2434,413
"US-Syv","hourly","ET + all drivers including net radiation",196660,73465,0.373563510627479,"2012-05-02","2023-12-31",102243,0.718533298123099,2349,375
"US-Ton","hourly","ET + soil water potential",198743,167949,0.845056178079228,"2001-05-17","2021-01-07",172202,0.975302261297778,11465,516
"US-Ton","hourly","ET + VPD",198743,193834,0.975299758985222,"2001-05-17","2023-12-31",198315,0.977404634041802,11465,563
"US-Ton","hourly","ET + air temperature",198743,193834,0.975299758985222,"2001-05-17","2023-12-31",198315,0.977404634041802,11465,563
"US-Ton","hourly","ET + net radiation",198743,188949,0.950720276940571,"2001-05-18","2023-12-31",198294,0.952873006747557,7124,821
"US-Ton","hourly","ET + all core drivers",198743,167949,0.845056178079228,"2001-05-17","2021-01-07",172202,0.975302261297778,11465,516
"US-Ton","hourly","ET + all drivers including net radiation",198743,163298,0.821654095993318,"2001-05-18","2021-01-07",172181,0.948408941753155,7124,730
"US-Tw2","hourly","ET + soil water potential",8458,7713,0.9119177110428,"2012-05-21","2013-05-09",8457,0.912025540971976,3787,38
"US-Tw2","hourly","ET + VPD",8458,8319,0.983565854812012,"2012-05-21","2013-05-09",8457,0.983682156793189,3995,32
"US-Tw2","hourly","ET + air temperature",8458,8319,0.983565854812012,"2012-05-21","2013-05-09",8457,0.983682156793189,3995,32
"US-Tw2","hourly","ET + net radiation",8458,7175,0.848309292977063,"2012-05-22","2013-05-08",8447,0.849413993133657,1340,39
"US-Tw2","hourly","ET + all core drivers",8458,7713,0.9119177110428,"2012-05-21","2013-05-09",8457,0.912025540971976,3787,38
"US-Tw2","hourly","ET + all drivers including net radiation",8458,7175,0.848309292977063,"2012-05-22","2013-05-08",8447,0.849413993133657,1340,39
"US-Tw3","hourly","ET + soil water potential",44116,41094,0.931498775954302,"2013-05-24","2018-06-05",44115,0.931519891193472,4734,154
"US-Tw3","hourly","ET + VPD",44116,42360,0.960195847311633,"2013-05-24","2018-06-05",44115,0.960217613056783,4734,151
"US-Tw3","hourly","ET + air temperature",44116,42861,0.971552271284795,"2013-05-24","2018-06-05",44115,0.971574294457667,4734,153
"US-Tw3","hourly","ET + net radiation",44116,37810,0.857058663523438,"2013-05-24","2018-06-04",44099,0.857389056441189,3566,154
"US-Tw3","hourly","ET + all core drivers",44116,40552,0.919212983951401,"2013-05-24","2018-06-05",44115,0.919233820695908,4734,152
"US-Tw3","hourly","ET + all drivers including net radiation",44116,35658,0.80827817571856,"2013-05-24","2018-06-04",44099,0.808589763940225,3566,157
"US-UC1","hourly","ET + soil water potential",40583,38657,0.952541704654658,"2019-05-16","2023-12-31",40582,0.952565176679316,6039,63
"US-UC1","hourly","ET + VPD",40583,38657,0.952541704654658,"2019-05-16","2023-12-31",40582,0.952565176679316,6039,63
"US-UC1","hourly","ET + air temperature",40583,38657,0.952541704654658,"2019-05-16","2023-12-31",40582,0.952565176679316,6039,63
"US-UC1","hourly","ET + net radiation",40583,38619,0.951605351994678,"2019-05-16","2023-12-31",40570,0.951910278530934,6039,64
"US-UC1","hourly","ET + all core drivers",40583,38657,0.952541704654658,"2019-05-16","2023-12-31",40582,0.952565176679316,6039,63
"US-UC1","hourly","ET + all drivers including net radiation",40583,38619,0.951605351994678,"2019-05-16","2023-12-31",40570,0.951910278530934,6039,64
"US-UC2","hourly","ET + soil water potential",40391,38266,0.947389269886856,"2019-05-24","2023-12-31",40390,0.947412725922258,6955,71
"US-UC2","hourly","ET + VPD",40391,38266,0.947389269886856,"2019-05-24","2023-12-31",40390,0.947412725922258,6955,71
"US-UC2","hourly","ET + air temperature",40391,38266,0.947389269886856,"2019-05-24","2023-12-31",40390,0.947412725922258,6955,71
"US-UC2","hourly","ET + net radiation",40391,38052,0.942091059889579,"2019-05-24","2023-12-31",40378,0.94239437317351,6940,64
"US-UC2","hourly","ET + all core drivers",40391,38266,0.947389269886856,"2019-05-24","2023-12-31",40390,0.947412725922258,6955,71
"US-UC2","hourly","ET + all drivers including net radiation",40391,38052,0.942091059889579,"2019-05-24","2023-12-31",40378,0.94239437317351,6940,64
"US-UMB","hourly","ET + soil water potential",131496,123130,0.936378292875829,"2007-01-01","2021-12-31",131479,0.936499364917591,11049,227
"US-UMB","hourly","ET + VPD",131496,128971,0.980797894993004,"2007-01-01","2021-12-31",131479,0.980924710410027,9787,215
"US-UMB","hourly","ET + air temperature",131496,129000,0.981018434020807,"2007-01-01","2021-12-31",131479,0.981145277953133,9787,211
"US-UMB","hourly","ET + net radiation",131496,124640,0.947861531909716,"2007-01-01","2021-12-30",131471,0.948041773470956,4533,311
"US-UMB","hourly","ET + all core drivers",131496,122284,0.929944637099227,"2007-01-01","2021-12-31",131479,0.930064877280782,9787,287
"US-UMB","hourly","ET + all drivers including net radiation",131496,117996,0.897335280160613,"2007-01-01","2021-12-30",131471,0.897505913851724,4533,387
"US-UMd","hourly","ET + soil water potential",145561,141400,0.971414046344831,"2007-06-15","2023-12-31",145056,0.974795940878006,14134,201
"US-UMd","hourly","ET + VPD",145561,140899,0.967972190353185,"2007-05-25","2023-12-31",145560,0.967978840340753,14134,266
"US-UMd","hourly","ET + air temperature",145561,141170,0.969833952775812,"2007-05-25","2023-12-31",145560,0.969840615553724,14134,232
"US-UMd","hourly","ET + net radiation",145561,125394,0.861453273885175,"2007-05-25","2022-08-17",133520,0.939140203714799,9094,799
"US-UMd","hourly","ET + all core drivers",145561,140348,0.964186835759578,"2007-06-15","2023-12-31",145056,0.967543569380101,14134,285
"US-UMd","hourly","ET + all drivers including net radiation",145561,124584,0.855888596533412,"2007-06-15","2022-08-17",133017,0.936602088454859,9094,852
"US-UTB","hourly","ET + soil water potential",19628,314,0.0159975545139596,"2022-10-26","2023-04-18",4178,0.0751555768310196,42,49
"US-UTB","hourly","ET + VPD",19628,14046,0.715610352557571,"2021-10-05","2023-12-31",19627,0.715646813063637,3094,52
"US-UTB","hourly","ET + air temperature",19628,14046,0.715610352557571,"2021-10-05","2023-12-31",19627,0.715646813063637,3094,52
"US-UTB","hourly","ET + net radiation",19628,13782,0.702160179335643,"2021-10-05","2023-12-31",19616,0.702589722675367,1681,87
"US-UTB","hourly","ET + all core drivers",19628,314,0.0159975545139596,"2022-10-26","2023-04-18",4178,0.0751555768310196,42,49
"US-UTB","hourly","ET + all drivers including net radiation",19628,309,0.0157428163847565,"2022-10-27","2023-04-18",4147,0.0745116952013504,42,46
"US-Var","hourly","ET + soil water potential",184189,180225,0.978478627931093,"2000-10-29","2021-10-26",184012,0.979419820446493,17199,369
"US-Var","hourly","ET + VPD",184189,180981,0.982583107568856,"2000-10-29","2021-10-26",184012,0.983528248157729,17199,305
"US-Var","hourly","ET + air temperature",184189,180981,0.982583107568856,"2000-10-29","2021-10-26",184012,0.983528248157729,17199,305
"US-Var","hourly","ET + net radiation",184189,136164,0.739262388090494,"2000-10-29","2021-10-25",184000,0.740021739130435,6977,5286
"US-Var","hourly","ET + all core drivers",184189,180225,0.978478627931093,"2000-10-29","2021-10-26",184012,0.979419820446493,17199,369
"US-Var","hourly","ET + all drivers including net radiation",184189,135563,0.735999435362589,"2000-10-29","2021-10-25",184000,0.736755434782609,6977,5317
"US-Vcm","hourly","ET + soil water potential",131496,0,0,NA,NA,0,NA,0,0
"US-Vcm","hourly","ET + VPD",131496,118052,0.897761148628095,"2007-01-01","2021-12-31",131495,0.897767975968668,3459,559
"US-Vcm","hourly","ET + air temperature",131496,118835,0.90371570237878,"2007-01-01","2021-12-31",131495,0.903722575002852,3459,546
"US-Vcm","hourly","ET + net radiation",131496,97651,0.742615744965626,"2009-05-06","2021-12-31",110937,0.880238333468545,2073,1007
"US-Vcm","hourly","ET + all core drivers",131496,0,0,NA,NA,0,NA,0,0
"US-Vcm","hourly","ET + all drivers including net radiation",131496,0,0,NA,NA,0,NA,0,0
"US-Vcp","hourly","ET + soil water potential",148999,0,0,NA,NA,0,NA,0,0
"US-Vcp","hourly","ET + VPD",148999,136098,0.9134155262787,"2007-01-01","2023-12-31",148998,0.913421656666532,3765,628
"US-Vcp","hourly","ET + air temperature",148999,138399,0.92885858294351,"2007-01-01","2023-12-31",148998,0.928864816977409,3765,618
"US-Vcp","hourly","ET + net radiation",148999,110229,0.739796911388667,"2007-01-01","2023-12-30",148991,0.739836634427583,1438,1770
"US-Vcp","hourly","ET + all core drivers",148999,0,0,NA,NA,0,NA,0,0
"US-Vcp","hourly","ET + all drivers including net radiation",148999,0,0,NA,NA,0,NA,0,0
"US-Whs","hourly","ET + soil water potential",118439,114626,0.967806212480686,"2007-06-29","2020-12-31",118438,0.96781438389706,13864,356
"US-Whs","hourly","ET + VPD",118439,105168,0.887950759462677,"2008-12-25","2020-12-31",105358,0.998196624841018,20339,39
"US-Whs","hourly","ET + air temperature",118439,105168,0.887950759462677,"2008-12-25","2020-12-31",105358,0.998196624841018,20339,39
"US-Whs","hourly","ET + net radiation",118439,116535,0.983924214152433,"2007-06-29","2020-12-31",118426,0.984032222653809,14541,85
"US-Whs","hourly","ET + all core drivers",118439,101663,0.858357466712823,"2008-12-25","2020-12-31",105358,0.964929098881907,13864,353
"US-Whs","hourly","ET + all drivers including net radiation",118439,100126,0.845380322360033,"2008-12-25","2020-12-31",105358,0.950340742990565,13726,385
"US-Wi0","hourly","ET + soil water potential",5572,0,0,NA,NA,0,NA,0,0
"US-Wi0","hourly","ET + VPD",5572,4606,0.826633165829146,"2002-04-26","2002-12-14",5571,0.82678154729851,1294,14
"US-Wi0","hourly","ET + air temperature",5572,4606,0.826633165829146,"2002-04-26","2002-12-14",5571,0.82678154729851,1294,14
"US-Wi0","hourly","ET + net radiation",5572,4567,0.819633883704236,"2002-04-26","2002-12-14",5571,0.819781008795548,1294,9
"US-Wi0","hourly","ET + all core drivers",5572,0,0,NA,NA,0,NA,0,0
"US-Wi0","hourly","ET + all drivers including net radiation",5572,0,0,NA,NA,0,NA,0,0
"US-Wi1","hourly","ET + soil water potential",8630,0,0,NA,NA,0,NA,0,0
"US-Wi1","hourly","ET + VPD",8630,3723,0.431402085747393,"2003-05-17","2003-12-23",5282,0.704846648996592,482,122
"US-Wi1","hourly","ET + air temperature",8630,3723,0.431402085747393,"2003-05-17","2003-12-23",5282,0.704846648996592,482,122
"US-Wi1","hourly","ET + net radiation",8630,3000,0.347624565469293,"2003-05-17","2003-12-22",5259,0.570450656018254,344,209
"US-Wi1","hourly","ET + all core drivers",8630,0,0,NA,NA,0,NA,0,0
"US-Wi1","hourly","ET + all drivers including net radiation",8630,0,0,NA,NA,0,NA,0,0
"US-Wi3","hourly","ET + soil water potential",23278,0,0,NA,NA,0,NA,0,0
"US-Wi3","hourly","ET + VPD",23278,11794,0.506658647650142,"2002-05-07","2004-12-13",22824,0.516736768314055,3135,155
"US-Wi3","hourly","ET + air temperature",23278,11794,0.506658647650142,"2002-05-07","2004-12-13",22824,0.516736768314055,3135,155
"US-Wi3","hourly","ET + net radiation",23278,11004,0.472721024142968,"2002-05-07","2004-12-13",22812,0.4823776959495,3124,162
"US-Wi3","hourly","ET + all core drivers",23278,0,0,NA,NA,0,NA,0,0
"US-Wi3","hourly","ET + all drivers including net radiation",23278,0,0,NA,NA,0,NA,0,0
"US-Wi4","hourly","ET + soil water potential",30743,0,0,NA,NA,0,NA,0,0
"US-Wi4","hourly","ET + VPD",30743,15661,0.509416777803077,"2002-05-07","2005-11-08",30742,0.509433348513434,3469,215
"US-Wi4","hourly","ET + air temperature",30743,15661,0.509416777803077,"2002-05-07","2005-11-08",30742,0.509433348513434,3469,215
"US-Wi4","hourly","ET + net radiation",30743,13695,0.445467260839866,"2002-05-07","2005-11-01",30574,0.447929613397004,2553,351
"US-Wi4","hourly","ET + all core drivers",30743,0,0,NA,NA,0,NA,0,0
"US-Wi4","hourly","ET + all drivers including net radiation",30743,0,0,NA,NA,0,NA,0,0
"US-Wi5","hourly","ET + soil water potential",5735,0,0,NA,NA,0,NA,0,0
"US-Wi5","hourly","ET + VPD",5735,5436,0.947863993025283,"2004-04-19","2004-12-14",5734,0.94802929891873,1791,39
"US-Wi5","hourly","ET + air temperature",5735,5436,0.947863993025283,"2004-04-19","2004-12-14",5734,0.94802929891873,1791,39
"US-Wi5","hourly","ET + net radiation",5735,4547,0.792850915431561,"2004-04-19","2004-12-07",5573,0.81589808002871,1262,31
"US-Wi5","hourly","ET + all core drivers",5735,0,0,NA,NA,0,NA,0,0
"US-Wi5","hourly","ET + all drivers including net radiation",5735,0,0,NA,NA,0,NA,0,0
"US-Wi6","hourly","ET + soil water potential",12965,0,0,NA,NA,0,NA,0,0
"US-Wi6","hourly","ET + VPD",12965,6384,0.492402622445044,"2002-05-05","2003-10-27",12964,0.49244060475162,995,207
"US-Wi6","hourly","ET + air temperature",12965,6384,0.492402622445044,"2002-05-05","2003-10-27",12964,0.49244060475162,995,207
"US-Wi6","hourly","ET + net radiation",12965,5850,0.451214809101427,"2002-05-05","2003-10-27",12951,0.451702571230021,995,232
"US-Wi6","hourly","ET + all core drivers",12965,0,0,NA,NA,0,NA,0,0
"US-Wi6","hourly","ET + all drivers including net radiation",12965,0,0,NA,NA,0,NA,0,0
"US-Wi7","hourly","ET + soil water potential",4101,0,0,NA,NA,0,NA,0,0
"US-Wi7","hourly","ET + VPD",4101,4068,0.991953182150695,"2005-05-21","2005-11-08",4099,0.992437179799951,2768,11
"US-Wi7","hourly","ET + air temperature",4101,4068,0.991953182150695,"2005-05-21","2005-11-08",4099,0.992437179799951,2768,11
"US-Wi7","hourly","ET + net radiation",4101,3742,0.912460375518166,"2005-05-28","2005-11-01",3767,0.993363419166445,2624,8
"US-Wi7","hourly","ET + all core drivers",4101,0,0,NA,NA,0,NA,0,0
"US-Wi7","hourly","ET + all drivers including net radiation",4101,0,0,NA,NA,0,NA,0,0
"US-Wi8","hourly","ET + soil water potential",4201,0,0,NA,NA,0,NA,0,0
"US-Wi8","hourly","ET + VPD",4201,4166,0.991668650321352,"2002-05-16","2002-11-07",4200,0.991904761904762,2784,4
"US-Wi8","hourly","ET + air temperature",4201,4166,0.991668650321352,"2002-05-16","2002-11-07",4200,0.991904761904762,2784,4
"US-Wi8","hourly","ET + net radiation",4201,4164,0.991192573196858,"2002-05-16","2002-11-07",4198,0.991900905192949,2783,4
"US-Wi8","hourly","ET + all core drivers",4201,0,0,NA,NA,0,NA,0,0
"US-Wi8","hourly","ET + all drivers including net radiation",4201,0,0,NA,NA,0,NA,0,0
"US-Wi9","hourly","ET + soil water potential",13459,0,0,NA,NA,0,NA,0,0
"US-Wi9","hourly","ET + VPD",13459,7862,0.584144438665577,"2004-05-01","2005-11-01",13185,0.596283655669321,1343,62
"US-Wi9","hourly","ET + air temperature",13459,7862,0.584144438665577,"2004-05-01","2005-11-01",13185,0.596283655669321,1343,62
"US-Wi9","hourly","ET + net radiation",13459,6306,0.468534066423954,"2004-06-01","2005-08-26",10832,0.582163958641064,1046,48
"US-Wi9","hourly","ET + all core drivers",13459,0,0,NA,NA,0,NA,0,0
"US-Wi9","hourly","ET + all drivers including net radiation",13459,0,0,NA,NA,0,NA,0,0
"US-Wjs","hourly","ET + soil water potential",128532,0,0,NA,NA,0,NA,0,0
"US-Wjs","hourly","ET + VPD",128532,123007,0.957014595587091,"2007-05-04","2021-12-31",128531,0.957022041375232,11709,129
"US-Wjs","hourly","ET + air temperature",128532,124560,0.969097189804873,"2007-05-04","2021-12-31",128531,0.969104729598307,13918,106
"US-Wjs","hourly","ET + net radiation",128532,107847,0.839067313976286,"2007-07-18","2021-12-31",126730,0.850998185117967,2735,688
"US-Wjs","hourly","ET + all core drivers",128532,0,0,NA,NA,0,NA,0,0
"US-Wjs","hourly","ET + all drivers including net radiation",128532,0,0,NA,NA,0,NA,0,0
"US-Wkg","hourly","ET + soil water potential",154777,154486,0.998119875692125,"2004-05-06","2021-12-31",154776,0.998126324494754,14857,89
"US-Wkg","hourly","ET + VPD",154777,154490,0.998145719325223,"2004-05-06","2021-12-31",154776,0.998152168294826,14857,89
"US-Wkg","hourly","ET + air temperature",154777,154492,0.998158641141772,"2004-05-06","2021-12-31",154776,0.998165090194862,14857,88
"US-Wkg","hourly","ET + net radiation",154777,152864,0.98764028247091,"2004-05-06","2021-12-31",154764,0.987723243131478,7875,169
"US-Wkg","hourly","ET + all core drivers",154777,154484,0.998106953875576,"2004-05-06","2021-12-31",154776,0.998113402594717,14857,90
"US-Wkg","hourly","ET + all drivers including net radiation",154777,152856,0.987588595204714,"2004-05-06","2021-12-31",154764,0.98767155152361,7875,171
"US-xAB","hourly","ET + soil water potential",56265,46328,0.823389318403981,"2017-07-31","2023-12-31",56264,0.823403952793971,2285,306
"US-xAB","hourly","ET + VPD",56265,44399,0.78910512752155,"2017-11-29","2023-12-31",53358,0.832096405412497,2602,254
"US-xAB","hourly","ET + air temperature",56265,46102,0.819372611747978,"2017-08-17","2023-12-31",55858,0.825342833613806,2602,275
"US-xAB","hourly","ET + net radiation",56265,45415,0.807162534435262,"2017-09-07","2023-12-31",55345,0.820579998193152,2602,298
"US-xAB","hourly","ET + all core drivers",56265,44244,0.786350306584911,"2017-11-29","2023-12-31",53358,0.829191498931744,2285,269
"US-xAB","hourly","ET + all drivers including net radiation",56265,44028,0.782511330311917,"2017-11-29","2023-12-31",53350,0.825267104029991,1815,299
"US-xAE","hourly","ET + soil water potential",37999,16551,0.435564093791942,"2019-01-25","2021-08-20",22520,0.734946714031972,1380,298
"US-xAE","hourly","ET + VPD",37999,21307,0.56072528224427,"2017-09-08","2021-12-31",37816,0.563438756082082,1501,263
"US-xAE","hourly","ET + air temperature",37999,22378,0.588910234479855,"2017-09-08","2021-12-31",37816,0.59176010154432,1511,260
"US-xAE","hourly","ET + net radiation",37999,22335,0.587778625753309,"2017-09-08","2021-12-31",37816,0.590623016712503,1380,269
"US-xAE","hourly","ET + all core drivers",37999,16549,0.435511460827917,"2019-01-25","2021-08-20",22520,0.734857904085258,1380,299
"US-xAE","hourly","ET + all drivers including net radiation",37999,16516,0.434643016921498,"2019-01-25","2021-08-20",22520,0.733392539964476,1380,304
"US-xBL","hourly","ET + soil water potential",26304,14570,0.553908150851582,"2019-10-01","2021-12-31",19733,0.738357066842345,2408,150
"US-xBL","hourly","ET + VPD",26304,15121,0.574855535279805,"2019-10-01","2021-12-31",19733,0.766279835808037,2408,147
"US-xBL","hourly","ET + air temperature",26304,15121,0.574855535279805,"2019-10-01","2021-12-31",19733,0.766279835808037,2408,147
"US-xBL","hourly","ET + net radiation",26304,14418,0.548129562043796,"2019-10-01","2021-12-31",19733,0.730654234024223,1203,139
"US-xBL","hourly","ET + all core drivers",26304,14570,0.553908150851582,"2019-10-01","2021-12-31",19733,0.738357066842345,2408,150
"US-xBL","hourly","ET + all drivers including net radiation",26304,13871,0.527334245742092,"2019-10-01","2021-12-31",19733,0.702934171185324,1203,144
"US-xBR","hourly","ET + soil water potential",43087,20055,0.465453617100285,"2017-02-28","2021-11-24",41525,0.482962071041541,913,443
"US-xBR","hourly","ET + VPD",43087,35605,0.826351335669692,"2017-01-31","2021-12-31",43086,0.826370514784385,1413,302
"US-xBR","hourly","ET + air temperature",43087,35605,0.826351335669692,"2017-01-31","2021-12-31",43086,0.826370514784385,1413,302
"US-xBR","hourly","ET + net radiation",43087,35157,0.815953767957853,"2017-01-31","2021-12-31",43084,0.81601058397549,808,350
"US-xBR","hourly","ET + all core drivers",43087,20055,0.465453617100285,"2017-02-28","2021-11-24",41525,0.482962071041541,913,443
"US-xBR","hourly","ET + all drivers including net radiation",43087,19987,0.46387541485831,"2017-02-28","2021-11-24",41525,0.481324503311258,785,455
"US-xCL","hourly","ET + soil water potential",36535,11135,0.304776241959765,"2018-09-20","2020-12-24",19813,0.562004744359764,1323,156
"US-xCL","hourly","ET + VPD",36535,22412,0.613439167921171,"2018-09-13","2021-12-31",28936,0.774536909040641,2190,196
"US-xCL","hourly","ET + air temperature",36535,22412,0.613439167921171,"2018-09-13","2021-12-31",28936,0.774536909040641,2190,196
"US-xCL","hourly","ET + net radiation",36535,21723,0.594580539208978,"2018-09-13","2021-12-31",28936,0.750725739563174,2190,207
"US-xCL","hourly","ET + all core drivers",36535,11135,0.304776241959765,"2018-09-20","2020-12-24",19813,0.562004744359764,1323,156
"US-xCL","hourly","ET + all drivers including net radiation",36535,10654,0.291610784179554,"2018-09-20","2020-12-24",19813,0.537727754504618,1181,168
"US-xCP","hourly","ET + soil water potential",44587,10161,0.227891537892211,"2017-02-08","2021-04-25",36868,0.275604860583704,1046,259
"US-xCP","hourly","ET + VPD",44587,28640,0.642339695426918,"2017-02-08","2021-12-31",42901,0.667583506211976,1198,423
"US-xCP","hourly","ET + air temperature",44587,28641,0.642362123488909,"2017-02-08","2021-12-31",42901,0.667606815691942,1198,423
"US-xCP","hourly","ET + net radiation",44587,26908,0.603494292058223,"2017-02-08","2021-12-31",42901,0.627211486911727,1046,429
"US-xCP","hourly","ET + all core drivers",44587,9919,0.222463946890349,"2017-02-08","2021-04-25",36868,0.269040902679831,1046,256
"US-xCP","hourly","ET + all drivers including net radiation",44587,9734,0.218314755421984,"2017-02-08","2021-04-25",36868,0.264023000976457,1046,259
"US-xDC","hourly","ET + soil water potential",37999,23619,0.621568988657596,"2017-10-24","2021-09-13",34064,0.693371301080319,3453,224
"US-xDC","hourly","ET + VPD",37999,34075,0.896734124582226,"2017-08-31","2021-12-31",37997,0.896781324841435,3450,195
"US-xDC","hourly","ET + air temperature",37999,34280,0.902129003394826,"2017-08-31","2021-12-31",37997,0.902176487617444,3450,194
"US-xDC","hourly","ET + net radiation",37999,34164,0.899076291481355,"2017-08-31","2021-12-31",37997,0.899123615022239,3450,221
"US-xDC","hourly","ET + all core drivers",37999,23260,0.612121371615043,"2017-10-24","2021-09-13",34064,0.682832315641146,3450,224
"US-xDC","hourly","ET + all drivers including net radiation",37999,23201,0.610568699176294,"2017-10-24","2021-09-13",34064,0.681100281822452,3450,231
"US-xDL","hourly","ET + soil water potential",42413,11261,0.265508216820315,"2018-09-06","2021-07-16",25058,0.449397398036555,1870,154
"US-xDL","hourly","ET + VPD",42413,25789,0.608044703274939,"2017-11-14","2021-12-31",36197,0.712462358759013,1870,288
"US-xDL","hourly","ET + air temperature",42413,26783,0.631480913870747,"2017-11-14","2021-12-31",36197,0.739923198055087,2617,277
"US-xDL","hourly","ET + net radiation",42413,26935,0.63506472072242,"2017-04-06","2021-12-31",41523,0.648676637044529,2310,315
"US-xDL","hourly","ET + all core drivers",42413,10971,0.258670690590149,"2018-09-06","2021-07-16",25058,0.437824247745231,1870,162
"US-xDL","hourly","ET + all drivers including net radiation",42413,10931,0.25772758352392,"2018-09-06","2021-07-16",25058,0.436227951153324,1408,168
"US-xDS","hourly","ET + soil water potential",42414,4043,0.0953222992408167,"2019-09-12","2021-02-09",12370,0.326839126919968,1341,67
"US-xDS","hourly","ET + VPD",42414,22519,0.530933182439761,"2018-11-30","2021-12-31",27051,0.832464603896344,2560,128
"US-xDS","hourly","ET + air temperature",42414,22599,0.532819352100722,"2018-11-30","2021-12-31",27051,0.835421980703116,2993,109
"US-xDS","hourly","ET + net radiation",42414,22496,0.530390908662234,"2018-11-30","2021-12-31",27051,0.831614358064397,2524,121
"US-xDS","hourly","ET + all core drivers",42414,4043,0.0953222992408167,"2019-09-12","2021-02-09",12370,0.326839126919968,1341,67
"US-xDS","hourly","ET + all drivers including net radiation",42414,4030,0.0950157966709105,"2019-09-12","2021-02-09",12370,0.325788197251415,976,68
"US-xGR","hourly","ET + soil water potential",37278,15295,0.410295616717635,"2017-10-24","2021-10-18",34919,0.438013688822704,2159,118
"US-xGR","hourly","ET + VPD",37278,20226,0.542572026396266,"2017-09-30","2021-12-31",37277,0.542586581538214,2159,156
"US-xGR","hourly","ET + air temperature",37278,20288,0.544235205751382,"2017-09-30","2021-12-31",37277,0.5442498055101,2159,147
"US-xGR","hourly","ET + net radiation",37278,17207,0.461585921991523,"2019-04-04","2021-12-31",24059,0.715200133006359,2159,152
"US-xGR","hourly","ET + all core drivers",37278,15233,0.408632437362519,"2017-10-24","2021-10-18",34919,0.436238151149804,2159,127
"US-xGR","hourly","ET + all drivers including net radiation",37278,15095,0.404930522023714,"2019-04-17","2021-10-18",21972,0.687010740943018,2159,155
"US-xHA","hourly","ET + soil water potential",42414,1484,0.0349884472108266,"2017-12-09","2020-11-01",25401,0.058422896736349,245,105
"US-xHA","hourly","ET + VPD",42414,33168,0.782005941434432,"2017-02-28","2021-12-31",42413,0.782024379317662,1320,404
"US-xHA","hourly","ET + air temperature",42414,36611,0.863181968218041,"2017-02-28","2021-12-31",42413,0.863202320043383,1320,406
"US-xHA","hourly","ET + net radiation",42414,35371,0.833946338473146,"2017-02-28","2021-12-31",42412,0.833985664434594,959,405
"US-xHA","hourly","ET + all core drivers",42414,1484,0.0349884472108266,"2017-12-09","2020-11-01",25401,0.058422896736349,245,105
"US-xHA","hourly","ET + all drivers including net radiation",42414,1377,0.0324656952892913,"2017-12-09","2020-10-20",25107,0.0548452622774525,245,90
"US-xJE","hourly","ET + soil water potential",42414,19601,0.462135144056208,"2019-09-08","2021-12-31",20281,0.966471081307628,1546,127
"US-xJE","hourly","ET + VPD",42414,25890,0.610411656528505,"2017-10-31","2021-12-31",36538,0.70857737150364,1546,268
"US-xJE","hourly","ET + air temperature",42414,25890,0.610411656528505,"2017-10-31","2021-12-31",36538,0.70857737150364,1546,268
"US-xJE","hourly","ET + net radiation",42414,25772,0.607629556278587,"2017-10-31","2021-12-31",36533,0.70544439274081,1332,287
"US-xJE","hourly","ET + all core drivers",42414,19600,0.462111566935446,"2019-09-08","2021-12-31",20281,0.966421774074257,1546,127
"US-xJE","hourly","ET + all drivers including net radiation",42414,19507,0.459918894704579,"2019-09-08","2021-12-31",20276,0.962073387255869,1332,139
"US-xJR","hourly","ET + soil water potential",55520,38412,0.69185878962536,"2017-11-24","2023-12-31",53480,0.718249813014211,2944,371
"US-xJR","hourly","ET + VPD",55520,49526,0.892038904899135,"2017-11-24","2023-12-31",53480,0.926065818997756,2944,498
"US-xJR","hourly","ET + air temperature",55520,49526,0.892038904899135,"2017-11-24","2023-12-31",53480,0.926065818997756,2944,498
"US-xJR","hourly","ET + net radiation",55520,44018,0.792831412103746,"2017-11-24","2023-12-31",53473,0.823181792680418,2600,466
"US-xJR","hourly","ET + all core drivers",55520,38410,0.691822766570605,"2017-11-24","2023-12-31",53480,0.718212415856395,2944,371
"US-xJR","hourly","ET + all drivers including net radiation",55520,35757,0.64403818443804,"2017-11-24","2023-12-31",53473,0.668692611224356,2600,392
"US-xKA","hourly","ET + soil water potential",38743,13060,0.337093152311385,"2017-09-24","2020-12-27",28563,0.457234884290866,1277,259
"US-xKA","hourly","ET + VPD",38743,26529,0.684743050357484,"2017-07-31","2021-12-31",38742,0.684760724794796,1277,493
"US-xKA","hourly","ET + air temperature",38743,26961,0.695893451720311,"2017-07-31","2021-12-31",38742,0.695911413969336,1277,489
"US-xKA","hourly","ET + net radiation",38743,29634,0.764886560152802,"2017-07-31","2021-12-31",38741,0.764926047340027,3120,496
"US-xKA","hourly","ET + all core drivers",38743,12323,0.318070361097489,"2017-09-24","2020-12-27",28563,0.431432272520394,1277,245
"US-xKA","hourly","ET + all drivers including net radiation",38743,11860,0.306119815192422,"2017-09-24","2020-12-27",28563,0.415222490634737,1277,248
"US-xKZ","hourly","ET + soil water potential",38743,18114,0.467542523810753,"2017-11-21","2021-01-27",27932,0.648503508520693,1410,260
"US-xKZ","hourly","ET + VPD",38743,32032,0.826781612162197,"2017-08-07","2021-12-31",38573,0.830425427112229,1410,484
"US-xKZ","hourly","ET + air temperature",38743,32032,0.826781612162197,"2017-08-07","2021-12-31",38573,0.830425427112229,1410,484
"US-xKZ","hourly","ET + net radiation",38743,31669,0.817412177683711,"2017-08-07","2021-12-31",38573,0.821014699401135,993,506
"US-xKZ","hourly","ET + all core drivers",38743,18111,0.467465090467955,"2017-11-21","2021-01-27",27932,0.648396104826006,1410,260
"US-xKZ","hourly","ET + all drivers including net radiation",38743,17934,0.462896523242908,"2017-11-21","2021-01-27",27932,0.642059286839467,993,272
"US-xMB","hourly","ET + soil water potential",38744,11902,0.307195952921743,"2020-03-05","2021-08-09",12535,0.949501396090945,2536,76
"US-xMB","hourly","ET + VPD",38744,16024,0.413586619863721,"2019-01-26","2021-12-31",25686,0.623841781515222,2536,133
"US-xMB","hourly","ET + air temperature",38744,16024,0.413586619863721,"2019-01-26","2021-12-31",25686,0.623841781515222,2536,133
"US-xMB","hourly","ET + net radiation",38744,15046,0.388344001651869,"2019-01-26","2021-12-31",25686,0.585766565444211,2307,147
"US-xMB","hourly","ET + all core drivers",38744,11900,0.307144332025604,"2020-03-05","2021-08-09",12535,0.949341842840048,2536,76
"US-xMB","hourly","ET + all drivers including net radiation",38744,10960,0.282882510840388,"2020-03-05","2021-08-09",12535,0.874351814918229,2307,87
"US-xML","hourly","ET + soil water potential",37998,19773,0.520369493131217,"2019-05-03","2021-12-31",23353,0.846700638033657,1837,111
"US-xML","hourly","ET + VPD",37998,16423,0.432206958260961,"2019-05-03","2021-12-31",23353,0.70325011775789,1837,129
"US-xML","hourly","ET + air temperature",37998,19787,0.520737933575451,"2019-05-03","2021-12-31",23353,0.847300132745258,1837,108
"US-xML","hourly","ET + net radiation",37998,19531,0.514000736880888,"2019-05-03","2021-12-31",23353,0.836337943733139,1837,110
"US-xML","hourly","ET + all core drivers",37998,16404,0.431706931943787,"2019-05-03","2021-12-31",23353,0.702436517792147,1837,133
"US-xML","hourly","ET + all drivers including net radiation",37998,16153,0.425101321122164,"2019-05-03","2021-12-31",23353,0.691688434034171,1837,133
"US-xNG","hourly","ET + soil water potential",37279,21614,0.579790230424636,"2017-10-07","2021-12-31",37108,0.58246200280263,2373,176
"US-xNG","hourly","ET + VPD",37279,33987,0.911692910217549,"2017-10-04","2021-12-31",37198,0.913678154739502,2606,191
"US-xNG","hourly","ET + air temperature",37279,33987,0.911692910217549,"2017-10-04","2021-12-31",37198,0.913678154739502,2606,191
"US-xNG","hourly","ET + net radiation",37279,32429,0.869899943668017,"2017-10-04","2021-12-31",37198,0.871794182482929,2373,221
"US-xNG","hourly","ET + all core drivers",37279,21614,0.579790230424636,"2017-10-07","2021-12-31",37108,0.58246200280263,2373,176
"US-xNG","hourly","ET + all drivers including net radiation",37279,20282,0.544059658252636,"2017-10-07","2021-12-31",37108,0.54656677805325,2373,192
"US-xNQ","hourly","ET + soil water potential",38011,3265,0.0858961879455947,"2019-01-15","2019-06-18",3696,0.883387445887446,1798,50
"US-xNQ","hourly","ET + VPD",38011,18108,0.476388413880193,"2018-10-08","2021-12-31",28323,0.639339053066412,2075,241
"US-xNQ","hourly","ET + air temperature",38011,20085,0.528399673778643,"2018-10-08","2021-12-31",28323,0.709140980828302,2075,233
"US-xNQ","hourly","ET + net radiation",38011,19882,0.523059114466865,"2018-10-08","2021-12-31",28323,0.701973660982241,1068,275
"US-xNQ","hourly","ET + all core drivers",38011,3265,0.0858961879455947,"2019-01-15","2019-06-18",3696,0.883387445887446,1798,50
"US-xNQ","hourly","ET + all drivers including net radiation",38011,3217,0.0846333955960117,"2019-01-15","2019-06-18",3696,0.870400432900433,755,51
"US-xRM","hourly","ET + soil water potential",42427,18518,0.43646734390836,"2019-01-24","2021-09-09",23000,0.805130434782609,1912,127
"US-xRM","hourly","ET + VPD",42427,34311,0.8087067197775,"2017-04-07","2021-12-31",41507,0.826631652492351,1843,261
"US-xRM","hourly","ET + air temperature",42427,34328,0.809107408018479,"2017-04-07","2021-12-31",41507,0.827041221962561,1912,256
"US-xRM","hourly","ET + net radiation",42427,33905,0.79913734178707,"2017-04-07","2021-12-31",41507,0.816850169850869,1596,264
"US-xRM","hourly","ET + all core drivers",42427,18323,0.43187121408537,"2019-01-24","2021-09-09",23000,0.796652173913043,1842,134
"US-xRM","hourly","ET + all drivers including net radiation",42427,18014,0.42458811605817,"2019-01-24","2021-09-09",23000,0.783217391304348,1407,137
"US-xSB","hourly","ET + soil water potential",43086,10427,0.242004363366291,"2019-05-18","2021-11-16",21924,0.475597518700967,1941,127
"US-xSB","hourly","ET + VPD",43086,17563,0.407626607250615,"2019-05-18","2021-12-31",23006,0.763409545335999,1941,186
"US-xSB","hourly","ET + air temperature",43086,18692,0.433830014389825,"2019-05-18","2021-12-31",23006,0.812483699904373,1949,184
"US-xSB","hourly","ET + net radiation",43086,18179,0.421923594671123,"2019-05-18","2021-12-31",23006,0.790185169086325,1948,187
"US-xSB","hourly","ET + all core drivers",43086,10384,0.241006359374275,"2019-05-18","2021-11-16",21924,0.473636197774129,1941,125
"US-xSB","hourly","ET + all drivers including net radiation",43086,10025,0.2326741865107,"2019-05-18","2021-11-16",21924,0.457261448640759,1941,121
"US-xSC","hourly","ET + soil water potential",26304,6154,0.233956812652068,"2021-02-28","2021-12-31",7348,0.837506804572673,1636,87
"US-xSC","hourly","ET + VPD",26304,8824,0.335462287104623,"2020-08-14","2021-12-31",12103,0.729075435842353,1636,138
"US-xSC","hourly","ET + air temperature",26304,8824,0.335462287104623,"2020-08-14","2021-12-31",12103,0.729075435842353,1636,138
"US-xSC","hourly","ET + net radiation",26304,8668,0.329531630170316,"2020-08-14","2021-12-31",12103,0.716186069569528,1614,132
"US-xSC","hourly","ET + all core drivers",26304,6154,0.233956812652068,"2021-02-28","2021-12-31",7348,0.837506804572673,1636,87
"US-xSC","hourly","ET + all drivers including net radiation",26304,6054,0.230155109489051,"2021-02-28","2021-12-31",7348,0.823897659227001,1614,82
"US-xSE","hourly","ET + soil water potential",40206,18490,0.459881609709994,"2019-06-05","2021-12-31",22580,0.818866253321524,988,209
"US-xSE","hourly","ET + VPD",40206,25264,0.628363925782222,"2017-09-15","2021-12-31",37655,0.670933474970123,2397,167
"US-xSE","hourly","ET + air temperature",40206,25275,0.628637516788539,"2017-09-15","2021-12-31",37655,0.671225600849821,2397,165
"US-xSE","hourly","ET + net radiation",40206,25046,0.622941849475203,"2017-09-15","2021-12-31",37655,0.665144071172487,1048,166
"US-xSE","hourly","ET + all core drivers",40206,18473,0.459458787245685,"2019-06-05","2021-12-31",22580,0.818113374667848,988,212
"US-xSE","hourly","ET + all drivers including net radiation",40206,18281,0.454683380589962,"2019-06-05","2021-12-31",22580,0.809610274579274,988,212
"US-xSJ","hourly","ET + soil water potential",26304,18664,0.709549878345499,"2019-07-09","2021-12-01",21024,0.887747336377473,1433,137
"US-xSJ","hourly","ET + VPD",26304,18662,0.709473844282238,"2019-07-09","2021-12-01",21024,0.887652207001522,1433,138
"US-xSJ","hourly","ET + air temperature",26304,18662,0.709473844282238,"2019-07-09","2021-12-01",21024,0.887652207001522,1433,138
"US-xSJ","hourly","ET + net radiation",26304,18616,0.707725060827251,"2019-07-09","2021-12-01",21024,0.885464231354642,1409,141
"US-xSJ","hourly","ET + all core drivers",26304,18662,0.709473844282238,"2019-07-09","2021-12-01",21024,0.887652207001522,1433,138
"US-xSJ","hourly","ET + all drivers including net radiation",26304,18616,0.707725060827251,"2019-07-09","2021-12-01",21024,0.885464231354642,1409,141
"US-xSL","hourly","ET + soil water potential",57008,42090,0.738317429132753,"2017-06-30","2023-12-31",57007,0.73833038047959,3022,508
"US-xSL","hourly","ET + VPD",57008,41883,0.73468635980915,"2017-06-30","2023-12-31",57007,0.734699247460838,3022,492
"US-xSL","hourly","ET + air temperature",57008,42168,0.739685658153242,"2017-06-30","2023-12-31",57007,0.739698633501149,3022,497
"US-xSL","hourly","ET + net radiation",57008,41570,0.729195902329498,"2017-06-30","2023-12-31",56999,0.729311040544571,2127,515
"US-xSL","hourly","ET + all core drivers",57008,41751,0.732370895312939,"2017-06-30","2023-12-31",57007,0.732383742347431,3022,508
"US-xSL","hourly","ET + all drivers including net radiation",57008,41262,0.723793151838338,"2017-06-30","2023-12-31",56999,0.723907436972578,2127,530
"US-xSR","hourly","ET + soil water potential",38011,13905,0.36581515876983,"2019-04-18","2021-06-24",19150,0.726109660574413,2022,204
"US-xSR","hourly","ET + VPD",38011,25853,0.680145221120202,"2017-10-08","2021-12-31",37082,0.697184617873901,1732,420
"US-xSR","hourly","ET + air temperature",38011,25853,0.680145221120202,"2017-10-08","2021-12-31",37082,0.697184617873901,1732,420
"US-xSR","hourly","ET + net radiation",38011,25618,0.673962800242035,"2017-10-08","2021-12-31",37082,0.690847311364004,1371,492
"US-xSR","hourly","ET + all core drivers",38011,13849,0.36434190102865,"2019-04-18","2021-06-24",19150,0.723185378590078,1732,208
"US-xSR","hourly","ET + all drivers including net radiation",38011,13679,0.35986951145721,"2019-04-18","2021-06-24",19150,0.714308093994778,1371,260
"US-xST","hourly","ET + soil water potential",37999,20296,0.534119318929446,"2018-12-21","2021-09-21",24115,0.841633837860253,2300,96
"US-xST","hourly","ET + VPD",37999,35501,0.934261427932314,"2017-08-31","2021-12-31",37998,0.934286015053424,2302,160
"US-xST","hourly","ET + air temperature",37999,35501,0.934261427932314,"2017-08-31","2021-12-31",37998,0.934286015053424,2302,160
"US-xST","hourly","ET + net radiation",37999,28801,0.757940998447328,"2018-08-21","2021-12-31",29477,0.977066865691895,2302,95
"US-xST","hourly","ET + all core drivers",37999,20296,0.534119318929446,"2018-12-21","2021-09-21",24115,0.841633837860253,2300,96
"US-xST","hourly","ET + all drivers including net radiation",37999,20266,0.533329824469065,"2018-12-21","2021-09-21",24115,0.840389798880365,2300,95
"US-xTA","hourly","ET + soil water potential",37999,12412,0.326640174741441,"2018-05-31","2021-06-29",27009,0.459550520196971,1433,179
"US-xTA","hourly","ET + VPD",37999,30840,0.811600305271191,"2017-08-31","2021-12-31",37997,0.811643024449299,1674,379
"US-xTA","hourly","ET + air temperature",37999,30844,0.811705571199242,"2017-08-31","2021-12-31",37997,0.811748295918099,1674,378
"US-xTA","hourly","ET + net radiation",37999,26276,0.691491881365299,"2017-08-31","2021-12-31",37997,0.691528278548306,1433,321
"US-xTA","hourly","ET + all core drivers",37999,12412,0.326640174741441,"2018-05-31","2021-06-29",27009,0.459550520196971,1433,179
"US-xTA","hourly","ET + all drivers including net radiation",37999,10928,0.287586515434617,"2018-05-31","2020-12-18",22364,0.488642461098194,1433,151
"US-xTR","hourly","ET + soil water potential",38743,18908,0.4880365485378,"2017-11-09","2021-12-01",35585,0.531347477869889,2560,122
"US-xTR","hourly","ET + VPD",38743,33699,0.86980873964329,"2017-07-31","2021-08-16",35437,0.950955216299348,2562,117
"US-xTR","hourly","ET + air temperature",38743,37038,0.955992050176806,"2017-07-31","2021-12-31",38741,0.956041403164606,3193,113
"US-xTR","hourly","ET + net radiation",38743,36903,0.952507549750923,"2017-07-31","2021-12-31",38741,0.952556722851759,2562,132
"US-xTR","hourly","ET + all core drivers",38743,18088,0.466871434839842,"2017-11-09","2021-08-16",33011,0.547938565932568,2560,104
"US-xTR","hourly","ET + all drivers including net radiation",38743,18001,0.464625867898717,"2017-11-09","2021-08-16",33011,0.545303080791251,2079,116
"US-xUK","hourly","ET + soil water potential",38743,12300,0.317476705469375,"2019-03-20","2021-02-09",16613,0.740384036597845,1418,140
"US-xUK","hourly","ET + VPD",38743,27603,0.712464187078956,"2017-07-31","2021-12-31",38741,0.712500967966754,1699,245
"US-xUK","hourly","ET + air temperature",38743,27796,0.717445732132256,"2017-07-31","2021-12-31",38741,0.717482770191787,1699,239
"US-xUK","hourly","ET + net radiation",38743,26708,0.689363239811063,"2017-07-31","2021-12-31",38741,0.689398828114917,1273,261
"US-xUK","hourly","ET + all core drivers",38743,12167,0.314043827272023,"2019-03-20","2021-02-09",16613,0.73237825799073,1418,144
"US-xUK","hourly","ET + all drivers including net radiation",38743,11172,0.288361768577549,"2019-03-20","2021-02-09",16613,0.672485402997652,1273,154
"US-xUN","hourly","ET + soil water potential",43098,23159,0.537356721889647,"2018-08-19","2021-12-31",29527,0.784332983371152,3448,179
"US-xUN","hourly","ET + VPD",43098,36762,0.852986217457887,"2017-03-04","2021-12-31",42325,0.868564678086237,3449,248
"US-xUN","hourly","ET + air temperature",43098,37421,0.868276950206506,"2017-03-04","2021-12-31",42325,0.884134672179563,3449,241
"US-xUN","hourly","ET + net radiation",43098,37084,0.860457561835816,"2017-03-04","2021-12-31",42325,0.876172474896633,2264,248
"US-xUN","hourly","ET + all core drivers",43098,23157,0.537310316023945,"2018-08-19","2021-12-31",29527,0.784265248755376,3448,180
"US-xUN","hourly","ET + all drivers including net radiation",43098,23047,0.534757993410367,"2018-08-19","2021-12-31",29527,0.78053984488773,2264,184
"US-xWD","hourly","ET + soil water potential",55519,45878,0.826347736810822,"2017-09-01","2023-12-31",55496,0.826690211907165,2975,356
"US-xWD","hourly","ET + VPD",55519,48008,0.864712981141591,"2017-09-01","2023-12-31",55496,0.865071356494162,2975,357
"US-xWD","hourly","ET + air temperature",55519,48010,0.864749004845188,"2017-09-01","2023-12-31",55496,0.865107395127577,2975,356
"US-xWD","hourly","ET + net radiation",55519,47553,0.856517588573281,"2017-09-01","2023-12-31",55490,0.856965218958371,2975,376
"US-xWD","hourly","ET + all core drivers",55519,45858,0.825987499774852,"2017-09-01","2023-12-31",55496,0.826329825573014,2975,362
"US-xWD","hourly","ET + all drivers including net radiation",55519,45405,0.817828130910139,"2017-09-01","2023-12-31",55490,0.818255541539016,2975,378
"US-xYE","hourly","ET + soil water potential",28531,10809,0.378851074270092,"2019-07-27","2021-12-12",20851,0.518392403242051,1155,301
"US-xYE","hourly","ET + VPD",28531,19797,0.693876835722547,"2019-01-01","2021-12-31",26285,0.753167205630588,1362,253
"US-xYE","hourly","ET + air temperature",28531,19797,0.693876835722547,"2019-01-01","2021-12-31",26285,0.753167205630588,1362,253
"US-xYE","hourly","ET + net radiation",28531,18844,0.660474571518699,"2019-01-01","2021-12-31",26285,0.716910785619174,1045,504
"US-xYE","hourly","ET + all core drivers",28531,10809,0.378851074270092,"2019-07-27","2021-12-12",20851,0.518392403242051,1155,301
"US-xYE","hourly","ET + all drivers including net radiation",28531,10171,0.356489432547054,"2019-07-27","2021-12-12",20851,0.487794350390869,524,482
"US-A32","6_hourly","ET + soil water potential",2919,2208,0.756423432682426,"2015-06-17","2017-06-14",2914,0.757721345229925,466,29
"US-A32","6_hourly","ET + VPD",2919,2208,0.756423432682426,"2015-06-17","2017-06-14",2914,0.757721345229925,466,29
"US-A32","6_hourly","ET + air temperature",2919,2208,0.756423432682426,"2015-06-17","2017-06-14",2914,0.757721345229925,466,29
"US-A32","6_hourly","ET + net radiation",2919,2195,0.751969852689277,"2015-06-17","2017-06-14",2914,0.753260123541524,466,28
"US-A32","6_hourly","ET + all core drivers",2919,2208,0.756423432682426,"2015-06-17","2017-06-14",2914,0.757721345229925,466,29
"US-A32","6_hourly","ET + all drivers including net radiation",2919,2195,0.751969852689277,"2015-06-17","2017-06-14",2914,0.753260123541524,466,28
"US-A74","6_hourly","ET + soil water potential",2560,1876,0.7328125,"2016-01-28","2017-10-23",2537,0.739456050453291,538,18
"US-A74","6_hourly","ET + VPD",2560,1876,0.7328125,"2016-01-28","2017-10-23",2537,0.739456050453291,538,18
"US-A74","6_hourly","ET + air temperature",2560,1876,0.7328125,"2016-01-28","2017-10-23",2537,0.739456050453291,538,18
"US-A74","6_hourly","ET + net radiation",2560,1788,0.6984375,"2016-01-28","2017-10-22",2536,0.705047318611987,538,11
"US-A74","6_hourly","ET + all core drivers",2560,1876,0.7328125,"2016-01-28","2017-10-23",2537,0.739456050453291,538,18
"US-A74","6_hourly","ET + all drivers including net radiation",2560,1788,0.6984375,"2016-01-28","2017-10-22",2536,0.705047318611987,538,11
"US-AR1","6_hourly","ET + soil water potential",5370,4865,0.905959031657356,"2009-04-29","2012-12-31",5366,0.906634364517331,1545,17
"US-AR1","6_hourly","ET + VPD",5370,4865,0.905959031657356,"2009-04-29","2012-12-31",5366,0.906634364517331,1545,17
"US-AR1","6_hourly","ET + air temperature",5370,4865,0.905959031657356,"2009-04-29","2012-12-31",5366,0.906634364517331,1545,17
"US-AR1","6_hourly","ET + net radiation",5370,4698,0.874860335195531,"2009-06-04","2012-12-30",5222,0.899655304481042,1545,17
"US-AR1","6_hourly","ET + all core drivers",5370,4865,0.905959031657356,"2009-04-29","2012-12-31",5366,0.906634364517331,1545,17
"US-AR1","6_hourly","ET + all drivers including net radiation",5370,4698,0.874860335195531,"2009-06-04","2012-12-30",5222,0.899655304481042,1545,17
"US-AR2","6_hourly","ET + soil water potential",4769,4173,0.875026210945691,"2009-04-30","2012-04-13",4317,0.966643502432245,1225,24
"US-AR2","6_hourly","ET + VPD",4769,4454,0.93394841685888,"2009-04-30","2012-08-03",4765,0.934732423924449,1225,25
"US-AR2","6_hourly","ET + air temperature",4769,4454,0.93394841685888,"2009-04-30","2012-08-03",4765,0.934732423924449,1225,25
"US-AR2","6_hourly","ET + net radiation",4769,4449,0.932899979031243,"2009-04-30","2012-08-02",4763,0.934075162712576,1225,25
"US-AR2","6_hourly","ET + all core drivers",4769,4173,0.875026210945691,"2009-04-30","2012-04-13",4317,0.966643502432245,1225,24
"US-AR2","6_hourly","ET + all drivers including net radiation",4769,4170,0.874397148249109,"2009-04-30","2012-04-12",4315,0.966396292004635,1225,24
"US-ARM","6_hourly","ET + soil water potential",30678,25372,0.827042180063889,"2003-01-02","2023-12-31",30676,0.827096101186595,1099,317
"US-ARM","6_hourly","ET + VPD",30678,27535,0.897548731990351,"2003-01-02","2023-12-31",30676,0.897607249967401,1661,281
"US-ARM","6_hourly","ET + air temperature",30678,27549,0.898005085077254,"2003-01-02","2023-12-31",30676,0.898063632807406,1661,276
"US-ARM","6_hourly","ET + net radiation",30678,21149,0.689386531064607,"2007-04-22","2023-12-31",24392,0.867046572646769,861,142
"US-ARM","6_hourly","ET + all core drivers",30678,24626,0.80272507986179,"2003-01-02","2023-12-31",30676,0.802777415569175,984,324
"US-ARM","6_hourly","ET + all drivers including net radiation",30678,18500,0.603038007692809,"2007-04-22","2023-12-31",24392,0.758445391931781,861,197
"US-ARb","6_hourly","ET + soil water potential",2410,0,0,NA,NA,0,NA,0,0
"US-ARb","6_hourly","ET + VPD",2410,2359,0.978838174273859,"2005-03-09","2006-11-01",2406,0.980465502909393,1850,11
"US-ARb","6_hourly","ET + air temperature",2410,2359,0.978838174273859,"2005-03-09","2006-11-01",2406,0.980465502909393,1850,11
"US-ARb","6_hourly","ET + net radiation",2410,2350,0.975103734439834,"2005-03-09","2006-10-31",2404,0.977537437603993,1848,14
"US-ARb","6_hourly","ET + all core drivers",2410,0,0,NA,NA,0,NA,0,0
"US-ARb","6_hourly","ET + all drivers including net radiation",2410,0,0,NA,NA,0,NA,0,0
"US-ARc","6_hourly","ET + soil water potential",2414,0,0,NA,NA,0,NA,0,0
"US-ARc","6_hourly","ET + VPD",2414,2410,0.9983429991715,"2005-03-08","2006-11-01",2410,1,2410,1
"US-ARc","6_hourly","ET + air temperature",2414,2410,0.9983429991715,"2005-03-08","2006-11-01",2410,1,2410,1
"US-ARc","6_hourly","ET + net radiation",2414,2408,0.997514498757249,"2005-03-08","2006-10-31",2408,1,2408,1
"US-ARc","6_hourly","ET + all core drivers",2414,0,0,NA,NA,0,NA,0,0
"US-ARc","6_hourly","ET + all drivers including net radiation",2414,0,0,NA,NA,0,NA,0,0
"US-ASH","6_hourly","ET + soil water potential",369,0,0,NA,NA,0,NA,0,0
"US-ASH","6_hourly","ET + VPD",369,324,0.878048780487805,"2016-10-12","2016-12-31",324,1,324,1
"US-ASH","6_hourly","ET + air temperature",369,324,0.878048780487805,"2016-10-12","2016-12-31",324,1,324,1
"US-ASH","6_hourly","ET + net radiation",369,320,0.867208672086721,"2016-10-12","2016-12-31",324,0.987654320987654,296,2
"US-ASH","6_hourly","ET + all core drivers",369,0,0,NA,NA,0,NA,0,0
"US-ASH","6_hourly","ET + all drivers including net radiation",369,0,0,NA,NA,0,NA,0,0
"US-ASM","6_hourly","ET + soil water potential",369,0,0,NA,NA,0,NA,0,0
"US-ASM","6_hourly","ET + VPD",369,368,0.997289972899729,"2016-10-01","2016-12-31",368,1,368,1
"US-ASM","6_hourly","ET + air temperature",369,368,0.997289972899729,"2016-10-01","2016-12-31",368,1,368,1
"US-ASM","6_hourly","ET + net radiation",369,360,0.975609756097561,"2016-10-01","2016-12-31",367,0.980926430517711,296,3
"US-ASM","6_hourly","ET + all core drivers",369,0,0,NA,NA,0,NA,0,0
"US-ASM","6_hourly","ET + all drivers including net radiation",369,0,0,NA,NA,0,NA,0,0
"US-Akn","6_hourly","ET + soil water potential",16355,0,0,NA,NA,0,NA,0,0
"US-Akn","6_hourly","ET + VPD",16355,7722,0.472149189850199,"2016-01-01","2022-04-27",9231,0.836529086772831,1593,67
"US-Akn","6_hourly","ET + air temperature",16355,7722,0.472149189850199,"2016-01-01","2022-04-27",9231,0.836529086772831,1593,67
"US-Akn","6_hourly","ET + net radiation",16355,0,0,NA,NA,0,NA,0,0
"US-Akn","6_hourly","ET + all core drivers",16355,0,0,NA,NA,0,NA,0,0
"US-Akn","6_hourly","ET + all drivers including net radiation",16355,0,0,NA,NA,0,NA,0,0
"US-BRG","6_hourly","ET + soil water potential",7095,3957,0.557716701902748,"2017-04-20","2020-11-12",5208,0.759792626728111,726,49
"US-BRG","6_hourly","ET + VPD",7095,3864,0.5446088794926,"2017-04-20","2020-11-12",5208,0.741935483870968,726,48
"US-BRG","6_hourly","ET + air temperature",7095,3864,0.5446088794926,"2017-04-20","2020-11-12",5208,0.741935483870968,726,48
"US-BRG","6_hourly","ET + net radiation",7095,0,0,NA,NA,0,NA,0,0
"US-BRG","6_hourly","ET + all core drivers",7095,3863,0.54446793516561,"2017-04-20","2020-11-12",5208,0.741743471582181,726,48
"US-BRG","6_hourly","ET + all drivers including net radiation",7095,0,0,NA,NA,0,NA,0,0
"US-Bar","6_hourly","ET + soil water potential",27646,23107,0.835817116400203,"2004-06-05","2022-10-04",26784,0.862716547192354,1177,443
"US-Bar","6_hourly","ET + VPD",27646,23495,0.849851696447949,"2004-02-28","2022-10-04",27174,0.864613233237654,1071,446
"US-Bar","6_hourly","ET + air temperature",27646,23509,0.850358098820806,"2004-02-26","2022-10-04",27182,0.864873813553087,1071,444
"US-Bar","6_hourly","ET + net radiation",27646,23430,0.847500542573971,"2004-02-26","2022-10-04",27182,0.861967478478405,1177,468
"US-Bar","6_hourly","ET + all core drivers",27646,23103,0.835672430007958,"2004-06-05","2022-10-04",26784,0.862567204301075,1071,445
"US-Bar","6_hourly","ET + all drivers including net radiation",27646,23022,0.832742530565,"2004-06-05","2022-10-04",26784,0.859543010752688,1071,470
"US-Bi1","6_hourly","ET + soil water potential",7869,7671,0.974837971788029,"2016-08-13","2021-12-31",7868,0.974961870869344,2778,65
"US-Bi1","6_hourly","ET + VPD",7869,7704,0.979031643156691,"2016-08-13","2021-12-31",7868,0.979156075241485,1644,32
"US-Bi1","6_hourly","ET + air temperature",7869,7704,0.979031643156691,"2016-08-13","2021-12-31",7868,0.979156075241485,1644,32
"US-Bi1","6_hourly","ET + net radiation",7869,7773,0.987800228745711,"2016-08-13","2021-12-31",7867,0.988051353756197,1287,27
"US-Bi1","6_hourly","ET + all core drivers",7869,7588,0.964290252891092,"2016-08-13","2021-12-31",7868,0.9644128113879,1644,72
"US-Bi1","6_hourly","ET + all drivers including net radiation",7869,7574,0.962511119583174,"2016-08-14","2021-12-31",7864,0.963123092573754,1287,73
"US-Bi2","6_hourly","ET + soil water potential",6841,6500,0.950153486332408,"2017-04-27","2021-12-31",6840,0.950292397660819,606,75
"US-Bi2","6_hourly","ET + VPD",6841,6403,0.935974272767139,"2017-04-27","2021-12-31",6840,0.936111111111111,606,81
"US-Bi2","6_hourly","ET + air temperature",6841,6408,0.936705160064318,"2017-04-27","2021-12-31",6840,0.936842105263158,606,81
"US-Bi2","6_hourly","ET + net radiation",6841,6581,0.961993860546704,"2017-04-27","2021-12-31",6839,0.962275186430765,606,62
"US-Bi2","6_hourly","ET + all core drivers",6841,6323,0.924280076012279,"2017-04-27","2021-12-31",6840,0.924415204678363,606,94
"US-Bi2","6_hourly","ET + all drivers including net radiation",6841,6322,0.924133898552843,"2017-04-27","2021-12-31",6839,0.924404152653897,606,94
"US-CF1","6_hourly","ET + soil water potential",6780,2785,0.410766961651917,"2019-09-28","2021-12-31",3304,0.842917675544794,476,47
"US-CF1","6_hourly","ET + VPD",6780,5945,0.876843657817109,"2017-05-12","2021-12-31",6777,0.877231813486794,1131,58
"US-CF1","6_hourly","ET + air temperature",6780,5955,0.878318584070796,"2017-05-12","2021-12-31",6777,0.878707392651616,1131,56
"US-CF1","6_hourly","ET + net radiation",6780,5183,0.764454277286136,"2017-05-12","2021-12-31",6777,0.764792681127342,946,192
"US-CF1","6_hourly","ET + all core drivers",6780,2775,0.40929203539823,"2019-09-28","2021-12-31",3304,0.839891041162228,442,49
"US-CF1","6_hourly","ET + all drivers including net radiation",6780,2080,0.306784660766962,"2019-09-28","2021-12-31",3304,0.62953995157385,277,167
"US-CF2","6_hourly","ET + soil water potential",5329,3366,0.63163820604241,"2017-11-08","2020-12-07",4498,0.748332592263228,745,44
"US-CF2","6_hourly","ET + VPD",5329,4499,0.844248451867142,"2017-05-10","2020-12-31",5328,0.844406906906907,745,67
"US-CF2","6_hourly","ET + air temperature",5329,4499,0.844248451867142,"2017-05-10","2020-12-31",5328,0.844406906906907,745,67
"US-CF2","6_hourly","ET + net radiation",5329,4415,0.828485644586226,"2017-05-10","2020-12-31",5327,0.828796696076591,717,90
"US-CF2","6_hourly","ET + all core drivers",5329,3366,0.63163820604241,"2017-11-08","2020-12-07",4498,0.748332592263228,745,44
"US-CF2","6_hourly","ET + all drivers including net radiation",5329,3296,0.618502533308313,"2017-11-08","2020-12-07",4498,0.732770120053357,717,62
"US-CF3","6_hourly","ET + soil water potential",6696,2134,0.318697729988053,"2019-10-01","2021-12-31",3292,0.64823815309842,895,19
"US-CF3","6_hourly","ET + VPD",6696,4336,0.647550776583035,"2017-06-02","2021-12-31",6693,0.647841027939638,895,41
"US-CF3","6_hourly","ET + air temperature",6696,4340,0.648148148148148,"2017-06-02","2021-12-31",6693,0.648438667264306,895,39
"US-CF3","6_hourly","ET + net radiation",6696,4215,0.629480286738351,"2017-06-02","2021-12-28",6681,0.630893578805568,699,47
"US-CF3","6_hourly","ET + all core drivers",6696,2130,0.318100358422939,"2019-10-01","2021-12-31",3292,0.647023086269745,895,21
"US-CF3","6_hourly","ET + all drivers including net radiation",6696,2101,0.313769414575866,"2019-10-01","2021-12-28",3279,0.640744129307716,699,26
"US-CF4","6_hourly","ET + soil water potential",6694,2081,0.310875410815656,"2019-09-26","2021-12-31",3312,0.628321256038647,442,25
"US-CF4","6_hourly","ET + VPD",6694,4756,0.710487003286525,"2017-06-14","2021-12-31",6645,0.715726109857035,569,45
"US-CF4","6_hourly","ET + air temperature",6694,4760,0.711084553331341,"2017-06-14","2021-12-31",6645,0.716328066215199,569,43
"US-CF4","6_hourly","ET + net radiation",6694,4501,0.672393187929489,"2017-06-14","2021-12-25",6621,0.679806675728742,544,96
"US-CF4","6_hourly","ET + all core drivers",6694,2077,0.31027786077084,"2019-09-26","2021-12-31",3312,0.627113526570048,442,27
"US-CF4","6_hourly","ET + all drivers including net radiation",6694,1837,0.274424858081864,"2019-09-26","2021-12-25",3288,0.558698296836983,200,74
"US-CGG","6_hourly","ET + soil water potential",3661,2300,0.628243649276154,"2019-09-16","2021-12-31",3349,0.686772170797253,1489,30
"US-CGG","6_hourly","ET + VPD",3661,3094,0.845124282982792,"2019-08-14","2021-12-31",3481,0.88882505027291,1651,58
"US-CGG","6_hourly","ET + air temperature",3661,3094,0.845124282982792,"2019-08-14","2021-12-31",3481,0.88882505027291,1651,58
"US-CGG","6_hourly","ET + net radiation",3661,3086,0.842939087680961,"2019-07-01","2021-12-31",3659,0.843399836020771,1142,56
"US-CGG","6_hourly","ET + all core drivers",3661,2280,0.622780661021579,"2019-09-16","2021-12-31",3349,0.680800238877277,1489,28
"US-CGG","6_hourly","ET + all drivers including net radiation",3661,2271,0.62032231630702,"2019-09-16","2021-12-31",3349,0.678112869513288,1142,32
"US-CRT","6_hourly","ET + soil water potential",4384,4345,0.99110401459854,"2011-01-01","2013-12-31",4383,0.991330139174082,1620,15
"US-CRT","6_hourly","ET + VPD",4384,4345,0.99110401459854,"2011-01-01","2013-12-31",4383,0.991330139174082,1620,15
"US-CRT","6_hourly","ET + air temperature",4384,4345,0.99110401459854,"2011-01-01","2013-12-31",4383,0.991330139174082,1620,15
"US-CRT","6_hourly","ET + net radiation",4384,4304,0.981751824817518,"2011-01-01","2013-12-31",4383,0.98197581565138,1482,20
"US-CRT","6_hourly","ET + all core drivers",4384,4345,0.99110401459854,"2011-01-01","2013-12-31",4383,0.991330139174082,1620,15
"US-CRT","6_hourly","ET + all drivers including net radiation",4384,4304,0.981751824817518,"2011-01-01","2013-12-31",4383,0.98197581565138,1482,20
"US-CS1","6_hourly","ET + soil water potential",1210,0,0,NA,NA,0,NA,0,0
"US-CS1","6_hourly","ET + VPD",1210,1164,0.96198347107438,"2018-06-30","2019-04-26",1201,0.969192339716903,469,10
"US-CS1","6_hourly","ET + air temperature",1210,1164,0.96198347107438,"2018-06-30","2019-04-26",1201,0.969192339716903,469,10
"US-CS1","6_hourly","ET + net radiation",1210,1161,0.959504132231405,"2018-06-30","2019-04-25",1200,0.9675,315,11
"US-CS1","6_hourly","ET + all core drivers",1210,0,0,NA,NA,0,NA,0,0
"US-CS1","6_hourly","ET + all drivers including net radiation",1210,0,0,NA,NA,0,NA,0,0
"US-CS2","6_hourly","ET + soil water potential",5663,237,0.0418506092177291,"2021-07-17","2022-08-27",1625,0.145846153846154,74,53
"US-CS2","6_hourly","ET + VPD",5663,2770,0.489140031785273,"2018-10-12","2022-08-27",5661,0.489312842254019,290,365
"US-CS2","6_hourly","ET + air temperature",5663,2770,0.489140031785273,"2018-10-12","2022-08-27",5661,0.489312842254019,290,365
"US-CS2","6_hourly","ET + net radiation",5663,2290,0.404379304255695,"2018-10-12","2022-08-26",5657,0.404808202227329,290,104
"US-CS2","6_hourly","ET + all core drivers",5663,237,0.0418506092177291,"2021-07-17","2022-08-27",1625,0.145846153846154,74,53
"US-CS2","6_hourly","ET + all drivers including net radiation",5663,165,0.0291365000882924,"2021-07-17","2022-08-26",1624,0.101600985221675,73,13
"US-CS3","6_hourly","ET + soil water potential",1406,0,0,NA,NA,0,NA,0,0
"US-CS3","6_hourly","ET + VPD",1406,1399,0.9950213371266,"2019-04-26","2020-04-11",1405,0.995729537366548,634,4
"US-CS3","6_hourly","ET + air temperature",1406,1399,0.9950213371266,"2019-04-26","2020-04-11",1405,0.995729537366548,634,4
"US-CS3","6_hourly","ET + net radiation",1406,1394,0.991465149359886,"2019-04-26","2020-04-10",1403,0.993585174625802,633,5
"US-CS3","6_hourly","ET + all core drivers",1406,0,0,NA,NA,0,NA,0,0
"US-CS3","6_hourly","ET + all drivers including net radiation",1406,0,0,NA,NA,0,NA,0,0
"US-CS4","6_hourly","ET + soil water potential",1526,0,0,NA,NA,0,NA,0,0
"US-CS4","6_hourly","ET + VPD",1526,1219,0.798820445609436,"2020-04-11","2021-02-15",1241,0.982272360999194,666,7
"US-CS4","6_hourly","ET + air temperature",1526,1219,0.798820445609436,"2020-04-11","2021-02-15",1241,0.982272360999194,666,7
"US-CS4","6_hourly","ET + net radiation",1526,1101,0.721494102228047,"2020-04-11","2021-01-16",1122,0.981283422459893,508,6
"US-CS4","6_hourly","ET + all core drivers",1526,0,0,NA,NA,0,NA,0,0
"US-CS4","6_hourly","ET + all drivers including net radiation",1526,0,0,NA,NA,0,NA,0,0
"US-CS5","6_hourly","ET + soil water potential",997,364,0.365095285857573,"2021-06-17","2021-09-22",386,0.94300518134715,142,10
"US-CS5","6_hourly","ET + VPD",997,887,0.889669007021063,"2021-05-19","2021-12-31",906,0.979028697571744,505,9
"US-CS5","6_hourly","ET + air temperature",997,887,0.889669007021063,"2021-05-19","2021-12-31",906,0.979028697571744,505,9
"US-CS5","6_hourly","ET + net radiation",997,776,0.778335005015045,"2021-06-18","2021-12-31",787,0.986022871664549,505,6
"US-CS5","6_hourly","ET + all core drivers",997,364,0.365095285857573,"2021-06-17","2021-09-22",386,0.94300518134715,142,10
"US-CS5","6_hourly","ET + all drivers including net radiation",997,362,0.36308926780341,"2021-06-18","2021-09-22",385,0.94025974025974,142,10
"US-CS6","6_hourly","ET + soil water potential",1622,1049,0.646732429099877,"2022-06-22","2023-05-22",1334,0.786356821589205,346,31
"US-CS6","6_hourly","ET + VPD",1622,1049,0.646732429099877,"2022-06-22","2023-05-22",1334,0.786356821589205,346,31
"US-CS6","6_hourly","ET + air temperature",1622,1049,0.646732429099877,"2022-06-22","2023-05-22",1334,0.786356821589205,346,31
"US-CS6","6_hourly","ET + net radiation",1622,1023,0.630702836004932,"2022-06-22","2023-05-22",1334,0.766866566716642,346,11
"US-CS6","6_hourly","ET + all core drivers",1622,1049,0.646732429099877,"2022-06-22","2023-05-22",1334,0.786356821589205,346,31
"US-CS6","6_hourly","ET + all drivers including net radiation",1622,1023,0.630702836004932,"2022-06-22","2023-05-22",1334,0.766866566716642,346,11
"US-CS8","6_hourly","ET + soil water potential",567,0,0,NA,NA,0,NA,0,0
"US-CS8","6_hourly","ET + VPD",567,554,0.977072310405644,"2023-06-19","2023-11-07",564,0.982269503546099,353,5
"US-CS8","6_hourly","ET + air temperature",567,554,0.977072310405644,"2023-06-19","2023-11-07",564,0.982269503546099,353,5
"US-CS8","6_hourly","ET + net radiation",567,546,0.962962962962963,"2023-06-19","2023-11-06",563,0.969804618117229,352,4
"US-CS8","6_hourly","ET + all core drivers",567,0,0,NA,NA,0,NA,0,0
"US-CS8","6_hourly","ET + all drivers including net radiation",567,0,0,NA,NA,0,NA,0,0
"US-CdM","6_hourly","ET + soil water potential",6359,5464,0.85925459977984,"2019-06-15","2023-10-21",6356,0.859660163624921,970,106
"US-CdM","6_hourly","ET + VPD",6359,5772,0.907689888347224,"2019-06-15","2023-10-21",6356,0.908118313404657,1111,115
"US-CdM","6_hourly","ET + air temperature",6359,5773,0.907847145777638,"2019-06-15","2023-10-21",6356,0.908275645059786,1111,115
"US-CdM","6_hourly","ET + net radiation",6359,0,0,NA,NA,0,NA,0,0
"US-CdM","6_hourly","ET + all core drivers",6359,5464,0.85925459977984,"2019-06-15","2023-10-21",6356,0.859660163624921,970,106
"US-CdM","6_hourly","ET + all drivers including net radiation",6359,0,0,NA,NA,0,NA,0,0
"US-Cop","6_hourly","ET + soil water potential",10224,5350,0.523278560250391,"2001-03-31","2007-11-22",9710,0.550978372811535,450,170
"US-Cop","6_hourly","ET + VPD",10224,5015,0.490512519561815,"2001-03-31","2007-11-22",9710,0.516477857878476,450,137
"US-Cop","6_hourly","ET + air temperature",10224,5015,0.490512519561815,"2001-03-31","2007-11-22",9710,0.516477857878476,450,137
"US-Cop","6_hourly","ET + net radiation",10224,4945,0.483665884194053,"2001-04-03","2007-11-16",9673,0.51121678900031,450,129
"US-Cop","6_hourly","ET + all core drivers",10224,5015,0.490512519561815,"2001-03-31","2007-11-22",9710,0.516477857878476,450,137
"US-Cop","6_hourly","ET + all drivers including net radiation",10224,4609,0.450802034428795,"2001-04-03","2007-11-16",9673,0.476480926289672,450,95
"US-Cst","6_hourly","ET + soil water potential",6825,5731,0.83970695970696,"2013-05-01","2017-12-31",6823,0.839953099809468,1042,58
"US-Cst","6_hourly","ET + VPD",6825,5741,0.841172161172161,"2013-05-01","2017-12-31",6823,0.841418730763594,1042,54
"US-Cst","6_hourly","ET + air temperature",6825,5741,0.841172161172161,"2013-05-01","2017-12-31",6823,0.841418730763594,1042,54
"US-Cst","6_hourly","ET + net radiation",6825,4951,0.725421245421245,"2013-05-01","2017-12-31",6823,0.725633885387659,701,37
"US-Cst","6_hourly","ET + all core drivers",6825,5731,0.83970695970696,"2013-05-01","2017-12-31",6823,0.839953099809468,1042,58
"US-Cst","6_hourly","ET + all drivers including net radiation",6825,4951,0.725421245421245,"2013-05-01","2017-12-31",6823,0.725633885387659,701,37
"US-DFC","6_hourly","ET + soil water potential",6156,3710,0.602664067576348,"2018-10-16","2022-12-31",6152,0.603055916775033,801,104
"US-DFC","6_hourly","ET + VPD",6156,5578,0.906107862248213,"2018-10-16","2022-12-31",6152,0.906697009102731,861,102
"US-DFC","6_hourly","ET + air temperature",6156,5578,0.906107862248213,"2018-10-16","2022-12-31",6152,0.906697009102731,861,102
"US-DFC","6_hourly","ET + net radiation",6156,3919,0.636614684860299,"2018-10-18","2022-12-31",6144,0.637858072916667,551,92
"US-DFC","6_hourly","ET + all core drivers",6156,3710,0.602664067576348,"2018-10-16","2022-12-31",6152,0.603055916775033,801,104
"US-DFC","6_hourly","ET + all drivers including net radiation",6156,3019,0.490415854450942,"2018-10-18","2022-12-31",6144,0.491373697916667,526,107
"US-DS3","6_hourly","ET + soil water potential",3086,2739,0.887556707712249,"2021-08-04","2023-09-08",3058,0.89568345323741,960,38
"US-DS3","6_hourly","ET + VPD",3086,2739,0.887556707712249,"2021-08-04","2023-09-08",3058,0.89568345323741,960,38
"US-DS3","6_hourly","ET + air temperature",3086,2739,0.887556707712249,"2021-08-04","2023-09-08",3058,0.89568345323741,960,38
"US-DS3","6_hourly","ET + net radiation",3086,2422,0.784834737524303,"2021-08-04","2023-09-08",3058,0.792020928711576,654,49
"US-DS3","6_hourly","ET + all core drivers",3086,2739,0.887556707712249,"2021-08-04","2023-09-08",3058,0.89568345323741,960,38
"US-DS3","6_hourly","ET + all drivers including net radiation",3086,2422,0.784834737524303,"2021-08-04","2023-09-08",3058,0.792020928711576,654,49
"US-Fmf","6_hourly","ET + soil water potential",7928,6998,0.882694248234107,"2005-08-26","2010-12-31",7816,0.895342886386899,1932,44
"US-Fmf","6_hourly","ET + VPD",7928,7135,0.899974772956609,"2005-07-30","2010-12-31",7924,0.900429076224129,1874,58
"US-Fmf","6_hourly","ET + air temperature",7928,7137,0.900227043390515,"2005-07-30","2010-12-31",7924,0.900681474003029,1932,57
"US-Fmf","6_hourly","ET + net radiation",7928,7243,0.913597376387487,"2005-07-30","2010-12-31",7924,0.914058556284705,1932,59
"US-Fmf","6_hourly","ET + all core drivers",7928,6770,0.85393541876892,"2005-08-26","2010-12-31",7816,0.866171954964176,1874,49
"US-Fmf","6_hourly","ET + all drivers including net radiation",7928,6706,0.845862764883956,"2005-08-26","2010-12-31",7816,0.857983623336745,1874,55
"US-Fuf","6_hourly","ET + soil water potential",7772,6730,0.865928975810602,"2005-09-09","2010-12-23",7726,0.871084649236345,1094,58
"US-Fuf","6_hourly","ET + VPD",7772,6517,0.838522902727741,"2005-09-09","2010-10-13",7441,0.8758231420508,831,50
"US-Fuf","6_hourly","ET + air temperature",7772,6919,0.890247040658775,"2005-09-07","2010-12-23",7734,0.894621153348849,1094,56
"US-Fuf","6_hourly","ET + net radiation",7772,6664,0.857436953165208,"2005-09-07","2010-12-23",7734,0.861649857770882,822,55
"US-Fuf","6_hourly","ET + all core drivers",7772,6306,0.811374163664436,"2005-09-09","2010-10-13",7441,0.847466738341621,831,58
"US-Fuf","6_hourly","ET + all drivers including net radiation",7772,6159,0.792460113226969,"2005-09-09","2010-10-13",7441,0.82771132912243,762,64
"US-Fwf","6_hourly","ET + soil water potential",8102,7158,0.883485559121205,"2005-06-16","2010-12-31",8100,0.883703703703704,1130,53
"US-Fwf","6_hourly","ET + VPD",8102,7450,0.919526042952357,"2005-06-23","2010-12-31",8069,0.923286652621143,958,42
"US-Fwf","6_hourly","ET + air temperature",8102,7450,0.919526042952357,"2005-06-23","2010-12-31",8069,0.923286652621143,958,42
"US-Fwf","6_hourly","ET + net radiation",8102,7404,0.913848432485806,"2005-06-16","2010-12-31",8100,0.914074074074074,958,46
"US-Fwf","6_hourly","ET + all core drivers",8102,7123,0.879165638114046,"2005-06-23","2010-12-31",8069,0.882761184781262,958,55
"US-Fwf","6_hourly","ET + all drivers including net radiation",8102,7059,0.87126635398667,"2005-06-23","2010-12-31",8069,0.874829594745322,958,56
"US-GLE","6_hourly","ET + soil water potential",23009,18812,0.81759311573732,"2005-01-01","2020-10-01",23008,0.817628650904033,762,231
"US-GLE","6_hourly","ET + VPD",23009,20065,0.872050067364944,"2006-08-02","2020-10-01",20697,0.969464173551722,1271,173
"US-GLE","6_hourly","ET + air temperature",23009,22319,0.970011734538659,"2005-01-01","2020-10-01",23008,0.970053894297636,1271,195
"US-GLE","6_hourly","ET + net radiation",23009,21930,0.953105306619149,"2005-04-19","2020-09-30",22573,0.971514641385726,1271,177
"US-GLE","6_hourly","ET + all core drivers",23009,16558,0.719631448563606,"2006-08-02","2020-10-01",20697,0.800019326472436,762,209
"US-GLE","6_hourly","ET + all drivers including net radiation",23009,16552,0.719370681037855,"2006-08-02","2020-09-30",20696,0.799768071124855,762,210
"US-HB2","6_hourly","ET + soil water potential",1460,1388,0.950684931506849,"2019-01-01","2019-12-31",1459,0.951336531871145,710,9
"US-HB2","6_hourly","ET + VPD",1460,1388,0.950684931506849,"2019-01-01","2019-12-31",1459,0.951336531871145,710,9
"US-HB2","6_hourly","ET + air temperature",1460,1388,0.950684931506849,"2019-01-01","2019-12-31",1459,0.951336531871145,710,9
"US-HB2","6_hourly","ET + net radiation",1460,1381,0.945890410958904,"2019-01-01","2019-12-31",1459,0.946538725154215,710,8
"US-HB2","6_hourly","ET + all core drivers",1460,1388,0.950684931506849,"2019-01-01","2019-12-31",1459,0.951336531871145,710,9
"US-HB2","6_hourly","ET + all drivers including net radiation",1460,1381,0.945890410958904,"2019-01-01","2019-12-31",1459,0.946538725154215,710,8
"US-HB3","6_hourly","ET + soil water potential",5839,5723,0.980133584517897,"2019-01-03","2022-12-31",5836,0.980637422892392,2918,27
"US-HB3","6_hourly","ET + VPD",5839,5615,0.961637266655249,"2019-02-19","2022-12-31",5647,0.994333274304941,2881,14
"US-HB3","6_hourly","ET + air temperature",5839,5615,0.961637266655249,"2019-02-19","2022-12-31",5647,0.994333274304941,2881,14
"US-HB3","6_hourly","ET + net radiation",5839,5750,0.984757663983559,"2019-01-05","2022-12-31",5825,0.987124463519313,2932,14
"US-HB3","6_hourly","ET + all core drivers",5839,5590,0.957355711594451,"2019-02-19","2022-12-31",5647,0.989906144855676,2881,20
"US-HB3","6_hourly","ET + all drivers including net radiation",5839,5564,0.952902894331221,"2019-02-19","2022-12-31",5647,0.98530193022844,2880,19
"US-HWB","6_hourly","ET + soil water potential",4544,4371,0.961927816901408,"2015-07-17","2018-08-24",4537,0.963411946219969,1121,18
"US-HWB","6_hourly","ET + VPD",4544,4371,0.961927816901408,"2015-07-17","2018-08-24",4537,0.963411946219969,1121,18
"US-HWB","6_hourly","ET + air temperature",4544,4371,0.961927816901408,"2015-07-17","2018-08-24",4537,0.963411946219969,1121,18
"US-HWB","6_hourly","ET + net radiation",4544,4357,0.958846830985915,"2015-07-17","2018-08-24",4537,0.960326206744545,1092,20
"US-HWB","6_hourly","ET + all core drivers",4544,4371,0.961927816901408,"2015-07-17","2018-08-24",4537,0.963411946219969,1121,18
"US-HWB","6_hourly","ET + all drivers including net radiation",4544,4357,0.958846830985915,"2015-07-17","2018-08-24",4537,0.960326206744545,1092,20
"US-Ha1","6_hourly","ET + soil water potential",42634,0,0,NA,NA,0,NA,0,0
"US-Ha1","6_hourly","ET + VPD",42634,40216,0.943284702350237,"1991-10-28","2020-12-31",42629,0.943395341199653,13109,98
"US-Ha1","6_hourly","ET + air temperature",42634,42632,0.99995308908383,"1991-10-28","2020-12-31",42632,1,42632,1
"US-Ha1","6_hourly","ET + net radiation",42634,30740,0.721020781535863,"1991-10-28","2020-10-31",42387,0.72522235591101,1301,837
"US-Ha1","6_hourly","ET + all core drivers",42634,0,0,NA,NA,0,NA,0,0
"US-Ha1","6_hourly","ET + all drivers including net radiation",42634,0,0,NA,NA,0,NA,0,0
"US-Hn2","6_hourly","ET + soil water potential",4494,1870,0.416110369381397,"2016-01-05","2018-05-12",3432,0.544871794871795,403,94
"US-Hn2","6_hourly","ET + VPD",4494,2331,0.518691588785047,"2016-01-05","2018-12-31",4366,0.533898305084746,403,95
"US-Hn2","6_hourly","ET + air temperature",4494,2331,0.518691588785047,"2016-01-05","2018-12-31",4366,0.533898305084746,403,95
"US-Hn2","6_hourly","ET + net radiation",4494,2831,0.629951045838896,"2016-01-05","2018-12-31",4366,0.648419606046725,525,118
"US-Hn2","6_hourly","ET + all core drivers",4494,1811,0.402981753449043,"2016-01-05","2018-05-12",3432,0.527680652680653,403,90
"US-Hn2","6_hourly","ET + all drivers including net radiation",4494,1811,0.402981753449043,"2016-01-05","2018-05-12",3432,0.527680652680653,403,90
"US-Hn3","6_hourly","ET + soil water potential",1644,24,0.0145985401459854,"2018-07-20","2018-07-31",42,0.571428571428571,11,6
"US-Hn3","6_hourly","ET + VPD",1644,1063,0.646593673965937,"2017-11-17","2018-12-31",1640,0.648170731707317,563,10
"US-Hn3","6_hourly","ET + air temperature",1644,1063,0.646593673965937,"2017-11-17","2018-12-31",1640,0.648170731707317,563,10
"US-Hn3","6_hourly","ET + net radiation",1644,1178,0.71654501216545,"2017-11-17","2018-12-31",1640,0.718292682926829,563,11
"US-Hn3","6_hourly","ET + all core drivers",1644,24,0.0145985401459854,"2018-07-20","2018-07-31",42,0.571428571428571,11,6
"US-Hn3","6_hourly","ET + all drivers including net radiation",1644,24,0.0145985401459854,"2018-07-20","2018-07-31",42,0.571428571428571,11,6
"US-Ho1","6_hourly","ET + soil water potential",40908,23499,0.574435318275154,"1999-10-26","2023-12-31",35329,0.665147612443035,2819,1711
"US-Ho1","6_hourly","ET + VPD",40908,5829,0.142490466412438,"2017-09-07","2021-10-19",6013,0.96939963412606,1502,26
"US-Ho1","6_hourly","ET + air temperature",40908,15888,0.38838369023174,"1996-01-28","2021-10-19",37584,0.422733077905492,2819,1096
"US-Ho1","6_hourly","ET + net radiation",40908,9987,0.244133176884717,"2000-04-20","2023-12-31",34621,0.288466537650559,1502,115
"US-Ho1","6_hourly","ET + all core drivers",40908,5829,0.142490466412438,"2017-09-07","2021-10-19",6013,0.96939963412606,1502,26
"US-Ho1","6_hourly","ET + all drivers including net radiation",40908,4983,0.121809914931065,"2017-09-07","2021-10-19",6013,0.828704473640446,1502,25
"US-Ho2","6_hourly","ET + soil water potential",36524,0,0,NA,NA,0,NA,0,0
"US-Ho2","6_hourly","ET + VPD",36524,7694,0.21065600700909,"2017-09-07","2023-12-31",9228,0.833766796705678,1670,84
"US-Ho2","6_hourly","ET + air temperature",36524,23785,0.651215639031869,"2002-06-14","2023-12-31",31484,0.755463092364376,2742,568
"US-Ho2","6_hourly","ET + net radiation",36524,25720,0.704194502245099,"1999-07-21","2023-12-31",35717,0.720105271999328,2723,625
"US-Ho2","6_hourly","ET + all core drivers",36524,0,0,NA,NA,0,NA,0,0
"US-Ho2","6_hourly","ET + all drivers including net radiation",36524,0,0,NA,NA,0,NA,0,0
"US-Jo1","6_hourly","ET + soil water potential",18599,13902,0.747459540835529,"2010-07-28","2022-10-01",17793,0.781318496037768,1479,282
"US-Jo1","6_hourly","ET + VPD",18599,15075,0.810527447712243,"2010-06-22","2022-10-01",17935,0.840535266239197,1799,208
"US-Jo1","6_hourly","ET + air temperature",18599,15075,0.810527447712243,"2010-06-22","2022-10-01",17935,0.840535266239197,1799,208
"US-Jo1","6_hourly","ET + net radiation",18599,13262,0.713049088660681,"2011-07-14","2022-09-30",16388,0.809250671222846,1799,170
"US-Jo1","6_hourly","ET + all core drivers",18599,13261,0.712995322329158,"2010-07-28","2022-10-01",17793,0.745293092789299,1479,273
"US-Jo1","6_hourly","ET + all drivers including net radiation",18599,11935,0.641701166729394,"2011-07-14","2022-09-30",16388,0.728276787893581,1479,176
"US-Jo2","6_hourly","ET + soil water potential",15221,12958,0.85132382892057,"2010-08-02","2020-12-31",15219,0.85143570536829,1368,91
"US-Jo2","6_hourly","ET + VPD",15221,12831,0.842980093292162,"2010-08-02","2020-12-31",15219,0.843090873250542,1368,98
"US-Jo2","6_hourly","ET + air temperature",15221,12841,0.843637080349517,"2010-08-02","2020-12-31",15219,0.84374794664564,1368,96
"US-Jo2","6_hourly","ET + net radiation",15221,12824,0.842520202352014,"2010-08-02","2020-12-31",15219,0.842630921873973,1366,98
"US-Jo2","6_hourly","ET + all core drivers",15221,12831,0.842980093292162,"2010-08-02","2020-12-31",15219,0.843090873250542,1368,98
"US-Jo2","6_hourly","ET + all drivers including net radiation",15221,12698,0.834242165429341,"2010-08-02","2020-12-31",15219,0.834351797095736,1366,105
"US-KFS","6_hourly","ET + soil water potential",18329,12284,0.670194773310055,"2007-06-16","2018-12-31",16867,0.72828600225292,1198,223
"US-KFS","6_hourly","ET + VPD",18329,14170,0.773091821703312,"2007-06-16","2019-12-30",18323,0.773344976259346,1198,537
"US-KFS","6_hourly","ET + air temperature",18329,15572,0.849582628621311,"2007-06-16","2019-12-31",18324,0.849814450993233,1198,417
"US-KFS","6_hourly","ET + net radiation",18329,12330,0.672704457417208,"2007-06-16","2018-12-31",16867,0.731013221082587,1022,336
"US-KFS","6_hourly","ET + all core drivers",18329,11587,0.632167603251678,"2007-06-16","2018-12-31",16867,0.686962708246873,1198,331
"US-KFS","6_hourly","ET + all drivers including net radiation",18329,10613,0.579027770200229,"2007-06-16","2018-12-31",16867,0.629216813896959,1022,397
"US-KLS","6_hourly","ET + soil water potential",11217,7255,0.646786128198271,"2012-04-28","2019-12-31",11213,0.647016855435655,532,207
"US-KLS","6_hourly","ET + VPD",11217,8277,0.73789783364536,"2012-04-28","2019-12-31",11212,0.738226899750268,532,212
"US-KLS","6_hourly","ET + air temperature",11217,8714,0.776856557011679,"2012-04-28","2019-12-31",11213,0.77713368411665,532,210
"US-KLS","6_hourly","ET + net radiation",11217,6652,0.593028438976553,"2012-04-28","2019-12-31",11210,0.593398751115076,497,348
"US-KLS","6_hourly","ET + all core drivers",11217,6858,0.611393420700722,"2012-04-28","2019-12-31",11212,0.611666072065644,532,206
"US-KLS","6_hourly","ET + all drivers including net radiation",11217,5539,0.493804047428011,"2012-04-28","2019-12-31",11210,0.494112399643176,497,311
"US-KS1","6_hourly","ET + soil water potential",1437,0,0,NA,NA,0,NA,0,0
"US-KS1","6_hourly","ET + VPD",1437,1177,0.819067501739736,"2002-03-07","2003-02-10",1361,0.864805290227774,529,27
"US-KS1","6_hourly","ET + air temperature",1437,1177,0.819067501739736,"2002-03-07","2003-02-10",1361,0.864805290227774,529,27
"US-KS1","6_hourly","ET + net radiation",1437,1177,0.819067501739736,"2002-03-07","2003-02-10",1361,0.864805290227774,529,27
"US-KS1","6_hourly","ET + all core drivers",1437,0,0,NA,NA,0,NA,0,0
"US-KS1","6_hourly","ET + all drivers including net radiation",1437,0,0,NA,NA,0,NA,0,0
"US-KS2","6_hourly","ET + soil water potential",9866,0,0,NA,NA,0,NA,0,0
"US-KS2","6_hourly","ET + VPD",9866,5980,0.606122035272654,"2002-03-06","2006-12-31",7048,0.848467650397276,2930,181
"US-KS2","6_hourly","ET + air temperature",9866,7633,0.773667139671599,"2000-04-01","2006-12-31",9863,0.773902463753422,2930,274
"US-KS2","6_hourly","ET + net radiation",9866,7515,0.761706872085952,"2000-04-01","2006-12-31",9864,0.761861313868613,1830,270
"US-KS2","6_hourly","ET + all core drivers",9866,0,0,NA,NA,0,NA,0,0
"US-KS2","6_hourly","ET + all drivers including net radiation",9866,0,0,NA,NA,0,NA,0,0
"US-Kon","6_hourly","ET + soil water potential",23374,14960,0.640027380850518,"2004-01-01","2018-12-31",21915,0.682637462924937,3634,152
"US-Kon","6_hourly","ET + VPD",23374,17812,0.762043295969881,"2004-01-01","2019-12-31",23372,0.762108505904501,2146,348
"US-Kon","6_hourly","ET + air temperature",23374,19510,0.834688114999572,"2004-01-01","2019-12-31",23372,0.834759541331508,2954,335
"US-Kon","6_hourly","ET + net radiation",23374,17098,0.731496534611106,"2004-01-01","2018-10-25",21644,0.789964886342635,2146,149
"US-Kon","6_hourly","ET + all core drivers",23374,14223,0.608496620176264,"2004-01-01","2018-12-31",21915,0.649007529089665,2146,175
"US-Kon","6_hourly","ET + all drivers including net radiation",23374,13135,0.561949174296227,"2004-01-01","2018-10-25",21644,0.6068656440584,2146,144
"US-LS2","6_hourly","ET + soil water potential",7303,6235,0.853758729289333,"2003-06-27","2007-12-31",6593,0.945699984832398,1718,71
"US-LS2","6_hourly","ET + VPD",7303,6630,0.907846090647679,"2003-03-07","2007-12-31",7043,0.941360215817123,1718,93
"US-LS2","6_hourly","ET + air temperature",7303,6630,0.907846090647679,"2003-03-07","2007-12-31",7043,0.941360215817123,1718,93
"US-LS2","6_hourly","ET + net radiation",7303,6585,0.90168423935369,"2003-03-07","2007-12-31",7043,0.934970893085333,1718,92
"US-LS2","6_hourly","ET + all core drivers",7303,6235,0.853758729289333,"2003-06-27","2007-12-31",6593,0.945699984832398,1718,71
"US-LS2","6_hourly","ET + all drivers including net radiation",7303,6190,0.847596877995344,"2003-06-27","2007-12-31",6593,0.938874563931442,1718,70
"US-Lin","6_hourly","ET + soil water potential",1492,1480,0.991957104557641,"2009-11-09","2010-11-16",1489,0.993955674949631,910,5
"US-Lin","6_hourly","ET + VPD",1492,1482,0.993297587131367,"2009-11-09","2010-11-16",1489,0.995298858294157,917,4
"US-Lin","6_hourly","ET + air temperature",1492,1482,0.993297587131367,"2009-11-09","2010-11-16",1489,0.995298858294157,917,4
"US-Lin","6_hourly","ET + net radiation",1492,1474,0.987935656836461,"2009-11-09","2010-11-15",1487,0.991257565568258,794,6
"US-Lin","6_hourly","ET + all core drivers",1492,1480,0.991957104557641,"2009-11-09","2010-11-16",1489,0.993955674949631,910,5
"US-Lin","6_hourly","ET + all drivers including net radiation",1492,1472,0.986595174262735,"2009-11-09","2010-11-15",1487,0.989912575655683,787,7
"US-MMS","6_hourly","ET + soil water potential",32144,29354,0.913203086112494,"1999-01-01","2020-12-31",32143,0.913231496748903,1985,336
"US-MMS","6_hourly","ET + VPD",32144,30067,0.935384519661523,"1999-01-20","2020-12-31",32068,0.937601347137333,1985,287
"US-MMS","6_hourly","ET + air temperature",32144,30590,0.951655052264808,"1999-01-20","2020-12-31",32068,0.953910440314332,1985,324
"US-MMS","6_hourly","ET + net radiation",32144,21287,0.662238675958188,"1999-01-01","2014-12-31",23375,0.910673796791444,1985,286
"US-MMS","6_hourly","ET + all core drivers",32144,28382,0.882964161274266,"1999-01-20","2020-12-31",32068,0.885056754396907,1985,305
"US-MMS","6_hourly","ET + all drivers including net radiation",32144,20488,0.637381781981085,"1999-01-20","2014-12-31",23300,0.87931330472103,1985,258
"US-MOz","6_hourly","ET + soil water potential",25657,23463,0.914487274428031,"2004-06-14","2021-12-31",25640,0.91509360374415,3182,99
"US-MOz","6_hourly","ET + VPD",25657,23928,0.932610983357368,"2004-06-14","2021-12-31",25640,0.933229329173167,3182,147
"US-MOz","6_hourly","ET + air temperature",25657,23928,0.932610983357368,"2004-06-14","2021-12-31",25640,0.933229329173167,3182,147
"US-MOz","6_hourly","ET + net radiation",25657,23288,0.9076665237557,"2004-06-14","2021-12-31",25639,0.908303755996724,1453,103
"US-MOz","6_hourly","ET + all core drivers",25657,23044,0.898156448532564,"2004-06-14","2021-12-31",25640,0.898751950078003,3182,98
"US-MOz","6_hourly","ET + all drivers including net radiation",25657,22852,0.890673110652064,"2004-06-14","2021-12-31",25639,0.891298412574593,1453,108
"US-Me1","6_hourly","ET + soil water potential",1462,1235,0.844733242134063,"2004-05-17","2005-05-16",1457,0.847632120796156,541,13
"US-Me1","6_hourly","ET + VPD",1462,1130,0.772913816689466,"2004-06-12","2005-05-16",1353,0.835181079083518,541,5
"US-Me1","6_hourly","ET + air temperature",1462,1130,0.772913816689466,"2004-06-12","2005-05-16",1353,0.835181079083518,541,5
"US-Me1","6_hourly","ET + net radiation",1462,1169,0.799589603283174,"2004-06-15","2005-05-15",1337,0.87434554973822,238,14
"US-Me1","6_hourly","ET + all core drivers",1462,1062,0.72640218878249,"2004-06-12","2005-05-16",1353,0.784922394678492,541,7
"US-Me1","6_hourly","ET + all drivers including net radiation",1462,1022,0.699042407660739,"2004-06-15","2005-05-15",1337,0.764397905759162,209,14
"US-Me2","6_hourly","ET + soil water potential",30662,26945,0.878775030982976,"2002-01-01","2022-07-13",29992,0.898406241664444,2933,143
"US-Me2","6_hourly","ET + VPD",30662,27739,0.904670275911552,"2002-01-01","2022-07-13",29992,0.924879967991464,2933,141
"US-Me2","6_hourly","ET + air temperature",30662,27966,0.912073576413802,"2002-01-01","2022-07-13",29992,0.932448652974126,2933,136
"US-Me2","6_hourly","ET + net radiation",30662,27149,0.885428217337421,"2002-01-01","2022-07-12",29991,0.905238238138108,2681,141
"US-Me2","6_hourly","ET + all core drivers",30662,26696,0.87065422999152,"2002-01-01","2022-07-13",29992,0.890104027740731,2933,148
"US-Me2","6_hourly","ET + all drivers including net radiation",30662,25879,0.844008870915139,"2002-01-01","2022-07-12",29991,0.862892200993631,2681,153
"US-Me3","6_hourly","ET + soil water potential",8404,6533,0.777367920038077,"2004-01-02","2009-09-23",8364,0.781085604973697,1176,256
"US-Me3","6_hourly","ET + VPD",8404,6221,0.740242741551642,"2004-01-02","2009-10-01",8396,0.740948070509767,674,255
"US-Me3","6_hourly","ET + air temperature",8404,6343,0.754759638267492,"2004-01-02","2009-10-01",8396,0.755478799428299,674,246
"US-Me3","6_hourly","ET + net radiation",8404,6031,0.717634459781057,"2004-01-02","2009-10-01",8396,0.718318246784183,543,258
"US-Me3","6_hourly","ET + all core drivers",8404,6180,0.735364112327463,"2004-01-02","2009-09-23",8364,0.738880918220947,674,258
"US-Me3","6_hourly","ET + all drivers including net radiation",8404,5868,0.698238933841028,"2004-01-02","2009-09-23",8364,0.701578192252511,543,270
"US-Me6","6_hourly","ET + soil water potential",18858,15199,0.805970940714816,"2011-01-20","2022-12-31",17453,0.870853148455853,2074,241
"US-Me6","6_hourly","ET + VPD",18858,16179,0.85793827553293,"2010-02-04","2022-12-31",18853,0.858165809155042,1225,199
"US-Me6","6_hourly","ET + air temperature",18858,16614,0.881005408845053,"2010-02-04","2022-12-31",18853,0.881239060096536,2426,204
"US-Me6","6_hourly","ET + net radiation",18858,15049,0.798016756814084,"2010-02-04","2022-12-30",18852,0.798270740504986,1223,238
"US-Me6","6_hourly","ET + all core drivers",18858,14671,0.77797221338424,"2011-01-20","2022-12-31",17453,0.840600469833267,1189,233
"US-Me6","6_hourly","ET + all drivers including net radiation",18858,13428,0.712058542793509,"2011-01-20","2022-12-30",17452,0.769424707769883,1160,271
"US-Mo1","6_hourly","ET + soil water potential",12057,11321,0.9389566227088,"2015-10-01","2023-12-31",12056,0.939034505640345,867,88
"US-Mo1","6_hourly","ET + VPD",12057,11354,0.941693621962346,"2015-10-01","2023-12-31",12056,0.941771731917717,1100,79
"US-Mo1","6_hourly","ET + air temperature",12057,11354,0.941693621962346,"2015-10-01","2023-12-31",12056,0.941771731917717,1100,79
"US-Mo1","6_hourly","ET + net radiation",12057,11175,0.926847474496143,"2015-10-01","2023-12-31",12055,0.927001244296972,773,129
"US-Mo1","6_hourly","ET + all core drivers",12057,11321,0.9389566227088,"2015-10-01","2023-12-31",12056,0.939034505640345,867,88
"US-Mo1","6_hourly","ET + all drivers including net radiation",12057,11146,0.924442232727876,"2015-10-01","2023-12-31",12055,0.924595603484031,773,135
"US-Mo2","6_hourly","ET + soil water potential",8764,6881,0.785143769968051,"2018-01-01","2023-01-28",7413,0.92823418319169,419,120
"US-Mo2","6_hourly","ET + VPD",8764,7775,0.887151985394797,"2018-01-01","2023-12-31",8763,0.88725322378181,454,136
"US-Mo2","6_hourly","ET + air temperature",8764,7775,0.887151985394797,"2018-01-01","2023-12-31",8763,0.88725322378181,454,136
"US-Mo2","6_hourly","ET + net radiation",8764,7942,0.906207211319032,"2018-01-01","2023-12-31",8763,0.906310624215451,454,139
"US-Mo2","6_hourly","ET + all core drivers",8764,6657,0.759584664536741,"2018-01-01","2023-01-28",7413,0.898016997167139,419,119
"US-Mo2","6_hourly","ET + all drivers including net radiation",8764,6609,0.754107713372889,"2018-01-01","2023-01-28",7413,0.891541885876163,419,117
"US-Mo3","6_hourly","ET + soil water potential",8161,7905,0.968631295184414,"2016-06-01","2021-12-31",8160,0.96875,1249,38
"US-Mo3","6_hourly","ET + VPD",8161,7948,0.973900257321407,"2016-06-01","2021-12-31",8160,0.974019607843137,1253,37
"US-Mo3","6_hourly","ET + air temperature",8161,7948,0.973900257321407,"2016-06-01","2021-12-31",8160,0.974019607843137,1253,37
"US-Mo3","6_hourly","ET + net radiation",8161,7846,0.961401788996446,"2016-06-01","2021-12-31",8159,0.961637455570536,1044,55
"US-Mo3","6_hourly","ET + all core drivers",8161,7905,0.968631295184414,"2016-06-01","2021-12-31",8160,0.96875,1249,38
"US-Mo3","6_hourly","ET + all drivers including net radiation",8161,7803,0.956132826859453,"2016-06-01","2021-12-31",8159,0.956367201862973,975,56
"US-Mpj","6_hourly","ET + soil water potential",18996,0,0,NA,NA,0,NA,0,0
"US-Mpj","6_hourly","ET + VPD",18996,18505,0.974152453148031,"2008-01-02","2020-12-31",18991,0.974408930546048,1514,112
"US-Mpj","6_hourly","ET + air temperature",18996,18520,0.974942093072226,"2008-01-02","2020-12-31",18991,0.975198778368701,1514,112
"US-Mpj","6_hourly","ET + net radiation",18996,17472,0.919772583701832,"2008-06-19","2020-12-31",18313,0.954076339212581,714,194
"US-Mpj","6_hourly","ET + all core drivers",18996,0,0,NA,NA,0,NA,0,0
"US-Mpj","6_hourly","ET + all drivers including net radiation",18996,0,0,NA,NA,0,NA,0,0
"US-NC1","6_hourly","ET + soil water potential",11688,9520,0.8145106091718,"2005-01-01","2012-12-31",11686,0.814650008557248,437,484
"US-NC1","6_hourly","ET + VPD",11688,9596,0.821013004791239,"2005-01-01","2012-12-31",11686,0.821153517028923,437,474
"US-NC1","6_hourly","ET + air temperature",11688,9666,0.82700205338809,"2005-01-01","2012-12-31",11686,0.827143590621256,437,473
"US-NC1","6_hourly","ET + net radiation",11688,9398,0.804072553045859,"2005-01-01","2012-12-31",11686,0.804210166010611,437,473
"US-NC1","6_hourly","ET + all core drivers",11688,9415,0.805527036276523,"2005-01-01","2012-12-31",11686,0.805664898168749,437,486
"US-NC1","6_hourly","ET + all drivers including net radiation",11688,9118,0.780116358658453,"2005-01-01","2012-12-31",11686,0.78024987164128,437,484
"US-NC3","6_hourly","ET + soil water potential",12686,9097,0.71708970518682,"2013-03-21","2020-10-06",11025,0.825124716553288,1280,137
"US-NC3","6_hourly","ET + VPD",12686,9177,0.7233958694624,"2013-02-21","2020-10-06",11137,0.824010056568196,1280,118
"US-NC3","6_hourly","ET + air temperature",12686,9177,0.7233958694624,"2013-02-21","2020-10-06",11137,0.824010056568196,1280,118
"US-NC3","6_hourly","ET + net radiation",12686,8495,0.669635819013085,"2013-02-21","2020-10-05",11135,0.762909744050292,1280,113
"US-NC3","6_hourly","ET + all core drivers",12686,9010,0.710231751537128,"2013-03-21","2020-10-06",11025,0.817233560090703,1280,131
"US-NC3","6_hourly","ET + all drivers including net radiation",12686,8326,0.656314046980924,"2013-03-21","2020-10-05",11023,0.755329765036741,1280,127
"US-NR1","6_hourly","ET + soil water potential",26531,19017,0.716784139308733,"2001-12-27","2016-12-31",21933,0.867049651210505,1701,308
"US-NR1","6_hourly","ET + VPD",26531,23365,0.880667897930723,"1998-11-04","2016-12-31",26526,0.880833898816256,1701,368
"US-NR1","6_hourly","ET + air temperature",26531,23373,0.880969431985225,"1998-11-04","2016-12-31",26526,0.881135489708211,1701,365
"US-NR1","6_hourly","ET + net radiation",26531,22942,0.864724284798914,"1998-11-04","2016-12-31",26526,0.864887280404132,1701,403
"US-NR1","6_hourly","ET + all core drivers",26531,19011,0.716557988767856,"2001-12-27","2016-12-31",21933,0.866776090822049,1701,310
"US-NR1","6_hourly","ET + all drivers including net radiation",26531,18633,0.702310504692624,"2001-12-27","2016-12-31",21933,0.849541786349337,1701,349
"US-Ne1","6_hourly","ET + soil water potential",28644,27844,0.972070939812875,"2001-06-12","2020-12-31",28569,0.97462284294165,2652,281
"US-Ne1","6_hourly","ET + VPD",28644,28071,0.979995810640972,"2001-05-25","2020-12-31",28641,0.980098460249293,2652,235
"US-Ne1","6_hourly","ET + air temperature",28644,28071,0.979995810640972,"2001-05-25","2020-12-31",28641,0.980098460249293,2652,235
"US-Ne1","6_hourly","ET + net radiation",28644,26859,0.937683284457478,"2001-06-22","2020-12-31",28532,0.941364082433759,690,603
"US-Ne1","6_hourly","ET + all core drivers",28644,27828,0.971512358609133,"2001-06-12","2020-12-31",28569,0.974062795337604,2652,281
"US-Ne1","6_hourly","ET + all drivers including net radiation",28644,26678,0.931364334590141,"2001-06-22","2020-12-31",28532,0.935020328052713,690,649
"US-ONA","6_hourly","ET + soil water potential",10228,8843,0.864587407117716,"2016-04-15","2022-12-31",9808,0.901610929853181,2369,44
"US-ONA","6_hourly","ET + VPD",10228,8702,0.850801720766523,"2016-04-15","2022-12-31",9808,0.887234910277325,3920,31
"US-ONA","6_hourly","ET + air temperature",10228,8702,0.850801720766523,"2016-04-15","2022-12-31",9808,0.887234910277325,3920,31
"US-ONA","6_hourly","ET + net radiation",10228,8336,0.815017598748533,"2016-04-15","2022-12-31",9808,0.849918433931484,972,48
"US-ONA","6_hourly","ET + all core drivers",10228,8668,0.847477512710207,"2016-04-15","2022-12-31",9808,0.883768352365416,2369,40
"US-ONA","6_hourly","ET + all drivers including net radiation",10228,8309,0.812377786468518,"2016-04-15","2022-12-31",9808,0.847165579119086,972,54
"US-Oho","6_hourly","ET + soil water potential",14612,12769,0.873870791130578,"2004-01-01","2013-12-23",14576,0.876029088913282,1348,206
"US-Oho","6_hourly","ET + VPD",14612,13101,0.89659184232138,"2004-01-01","2013-12-23",14576,0.898806256860593,1348,160
"US-Oho","6_hourly","ET + air temperature",14612,13101,0.89659184232138,"2004-01-01","2013-12-23",14576,0.898806256860593,1348,160
"US-Oho","6_hourly","ET + net radiation",14612,12879,0.88139885026006,"2004-01-01","2013-12-23",14576,0.883575740944018,1348,176
"US-Oho","6_hourly","ET + all core drivers",14612,12769,0.873870791130578,"2004-01-01","2013-12-23",14576,0.876029088913282,1348,206
"US-Oho","6_hourly","ET + all drivers including net radiation",14612,12551,0.858951546673967,"2004-01-01","2013-12-23",14576,0.861072996706916,1348,222
"US-PFL","6_hourly","ET + soil water potential",456,334,0.732456140350877,"2019-06-28","2019-10-12",424,0.787735849056604,21,34
"US-PFL","6_hourly","ET + VPD",456,350,0.767543859649123,"2019-06-21","2019-10-12",453,0.772626931567329,22,37
"US-PFL","6_hourly","ET + air temperature",456,350,0.767543859649123,"2019-06-21","2019-10-12",453,0.772626931567329,22,37
"US-PFL","6_hourly","ET + net radiation",456,103,0.225877192982456,"2019-07-16","2019-10-01",308,0.334415584415584,10,37
"US-PFL","6_hourly","ET + all core drivers",456,326,0.714912280701754,"2019-06-28","2019-10-12",424,0.768867924528302,21,36
"US-PFL","6_hourly","ET + all drivers including net radiation",456,103,0.225877192982456,"2019-07-16","2019-10-01",308,0.334415584415584,10,37
"US-PFb","6_hourly","ET + soil water potential",454,301,0.662995594713656,"2019-06-22","2019-10-12",449,0.670378619153675,18,48
"US-PFb","6_hourly","ET + VPD",454,269,0.592511013215859,"2019-07-07","2019-10-12",389,0.691516709511568,18,43
"US-PFb","6_hourly","ET + air temperature",454,269,0.592511013215859,"2019-07-07","2019-10-12",389,0.691516709511568,18,43
"US-PFb","6_hourly","ET + net radiation",454,154,0.33920704845815,"2019-06-22","2019-10-12",449,0.342984409799555,14,41
"US-PFb","6_hourly","ET + all core drivers",454,267,0.588105726872247,"2019-07-07","2019-10-12",389,0.686375321336761,18,44
"US-PFb","6_hourly","ET + all drivers including net radiation",454,142,0.312775330396476,"2019-07-07","2019-10-12",389,0.365038560411311,14,38
"US-PFc","6_hourly","ET + soil water potential",459,331,0.721132897603486,"2019-06-29","2019-10-14",427,0.775175644028103,29,33
"US-PFc","6_hourly","ET + VPD",459,347,0.75599128540305,"2019-06-23","2019-10-14",450,0.771111111111111,29,35
"US-PFc","6_hourly","ET + air temperature",459,347,0.75599128540305,"2019-06-23","2019-10-14",450,0.771111111111111,29,35
"US-PFc","6_hourly","ET + net radiation",459,279,0.607843137254902,"2019-07-15","2019-10-13",364,0.766483516483517,22,29
"US-PFc","6_hourly","ET + all core drivers",459,331,0.721132897603486,"2019-06-29","2019-10-14",427,0.775175644028103,29,33
"US-PFc","6_hourly","ET + all drivers including net radiation",459,279,0.607843137254902,"2019-07-15","2019-10-13",364,0.766483516483517,22,29
"US-PFk","6_hourly","ET + soil water potential",440,324,0.736363636363636,"2019-07-02","2019-10-15",418,0.77511961722488,18,38
"US-PFk","6_hourly","ET + VPD",440,327,0.743181818181818,"2019-07-02","2019-10-15",421,0.776722090261283,18,40
"US-PFk","6_hourly","ET + air temperature",440,327,0.743181818181818,"2019-07-02","2019-10-15",421,0.776722090261283,18,40
"US-PFk","6_hourly","ET + net radiation",440,168,0.381818181818182,"2019-07-02","2019-10-14",416,0.403846153846154,12,53
"US-PFk","6_hourly","ET + all core drivers",440,320,0.727272727272727,"2019-07-02","2019-10-15",418,0.76555023923445,18,40
"US-PFk","6_hourly","ET + all drivers including net radiation",440,167,0.379545454545455,"2019-07-02","2019-10-14",416,0.401442307692308,12,53
"US-PFm","6_hourly","ET + soil water potential",459,221,0.481481481481481,"2019-08-02","2019-10-12",285,0.775438596491228,14,28
"US-PFm","6_hourly","ET + VPD",459,363,0.790849673202614,"2019-06-20","2019-10-12",457,0.794310722100656,18,39
"US-PFm","6_hourly","ET + air temperature",459,371,0.808278867102396,"2019-06-20","2019-10-12",457,0.811816192560175,18,38
"US-PFm","6_hourly","ET + net radiation",459,224,0.4880174291939,"2019-06-20","2019-10-11",456,0.491228070175439,14,58
"US-PFm","6_hourly","ET + all core drivers",459,221,0.481481481481481,"2019-08-02","2019-10-12",285,0.775438596491228,14,28
"US-PFm","6_hourly","ET + all drivers including net radiation",459,128,0.278867102396514,"2019-08-02","2019-10-11",284,0.450704225352113,14,38
"US-PFn","6_hourly","ET + soil water potential",459,335,0.729847494553377,"2019-06-20","2019-10-12",457,0.733041575492341,22,44
"US-PFn","6_hourly","ET + VPD",459,296,0.644880174291939,"2019-06-20","2019-10-12",457,0.647702407002188,22,41
"US-PFn","6_hourly","ET + air temperature",459,296,0.644880174291939,"2019-06-20","2019-10-12",457,0.647702407002188,22,41
"US-PFn","6_hourly","ET + net radiation",459,215,0.468409586056645,"2019-06-20","2019-10-11",455,0.472527472527473,14,46
"US-PFn","6_hourly","ET + all core drivers",459,279,0.607843137254902,"2019-06-20","2019-10-12",457,0.610503282275711,22,42
"US-PFn","6_hourly","ET + all drivers including net radiation",459,183,0.398692810457516,"2019-06-20","2019-10-11",455,0.402197802197802,11,41
"US-PFp","6_hourly","ET + soil water potential",462,257,0.556277056277056,"2019-07-23","2019-10-12",322,0.798136645962733,18,28
"US-PFp","6_hourly","ET + VPD",462,182,0.393939393939394,"2019-06-20","2019-10-12",457,0.398249452954048,21,23
"US-PFp","6_hourly","ET + air temperature",462,182,0.393939393939394,"2019-06-20","2019-10-12",457,0.398249452954048,21,23
"US-PFp","6_hourly","ET + net radiation",462,189,0.409090909090909,"2019-06-20","2019-10-12",457,0.413566739606127,11,56
"US-PFp","6_hourly","ET + all core drivers",462,165,0.357142857142857,"2019-08-20","2019-10-12",210,0.785714285714286,18,20
"US-PFp","6_hourly","ET + all drivers including net radiation",462,75,0.162337662337662,"2019-08-21","2019-10-12",206,0.364077669902913,11,24
"US-PFq","6_hourly","ET + soil water potential",451,316,0.700665188470067,"2019-06-24","2019-10-12",440,0.718181818181818,18,51
"US-PFq","6_hourly","ET + VPD",451,334,0.740576496674058,"2019-06-24","2019-10-12",440,0.759090909090909,18,45
"US-PFq","6_hourly","ET + air temperature",451,334,0.740576496674058,"2019-06-24","2019-10-12",440,0.759090909090909,18,45
"US-PFq","6_hourly","ET + net radiation",451,190,0.421286031042129,"2019-06-22","2019-10-12",446,0.426008968609865,15,52
"US-PFq","6_hourly","ET + all core drivers",451,316,0.700665188470067,"2019-06-24","2019-10-12",440,0.718181818181818,18,51
"US-PFq","6_hourly","ET + all drivers including net radiation",451,179,0.39689578713969,"2019-06-24","2019-10-12",440,0.406818181818182,15,52
"US-PFt","6_hourly","ET + soil water potential",458,345,0.753275109170306,"2019-06-22","2019-10-12",446,0.773542600896861,29,36
"US-PFt","6_hourly","ET + VPD",458,315,0.687772925764192,"2019-07-06","2019-10-12",393,0.801526717557252,29,31
"US-PFt","6_hourly","ET + air temperature",458,362,0.790393013100437,"2019-06-21","2019-10-12",453,0.799116997792494,29,36
"US-PFt","6_hourly","ET + net radiation",458,171,0.373362445414847,"2019-06-21","2019-10-12",453,0.377483443708609,12,53
"US-PFt","6_hourly","ET + all core drivers",458,315,0.687772925764192,"2019-07-06","2019-10-12",393,0.801526717557252,29,31
"US-PFt","6_hourly","ET + all drivers including net radiation",458,147,0.320960698689956,"2019-07-06","2019-10-12",393,0.374045801526718,12,45
"US-PSH","6_hourly","ET + soil water potential",316,0,0,NA,NA,0,NA,0,0
"US-PSH","6_hourly","ET + VPD",316,312,0.987341772151899,"2016-10-15","2016-12-31",312,1,312,1
"US-PSH","6_hourly","ET + air temperature",316,312,0.987341772151899,"2016-10-15","2016-12-31",312,1,312,1
"US-PSH","6_hourly","ET + net radiation",316,303,0.958860759493671,"2016-10-15","2016-12-31",311,0.97427652733119,147,4
"US-PSH","6_hourly","ET + all core drivers",316,0,0,NA,NA,0,NA,0,0
"US-PSH","6_hourly","ET + all drivers including net radiation",316,0,0,NA,NA,0,NA,0,0
"US-PSL","6_hourly","ET + soil water potential",369,0,0,NA,NA,0,NA,0,0
"US-PSL","6_hourly","ET + VPD",369,320,0.867208672086721,"2016-10-01","2016-12-31",368,0.869565217391304,109,25
"US-PSL","6_hourly","ET + air temperature",369,322,0.872628726287263,"2016-10-01","2016-12-31",368,0.875,109,24
"US-PSL","6_hourly","ET + net radiation",369,222,0.601626016260163,"2016-10-01","2016-12-30",363,0.611570247933884,67,46
"US-PSL","6_hourly","ET + all core drivers",369,0,0,NA,NA,0,NA,0,0
"US-PSL","6_hourly","ET + all drivers including net radiation",369,0,0,NA,NA,0,NA,0,0
"US-RGA","6_hourly","ET + soil water potential",3538,2785,0.787167891464104,"2021-05-21","2023-09-13",3381,0.823720792664892,573,35
"US-RGA","6_hourly","ET + VPD",3538,3304,0.933860938383267,"2021-04-12","2023-09-13",3537,0.934124964659316,573,31
"US-RGA","6_hourly","ET + air temperature",3538,3304,0.933860938383267,"2021-04-12","2023-09-13",3537,0.934124964659316,573,31
"US-RGA","6_hourly","ET + net radiation",3538,3006,0.849632560768796,"2021-04-12","2023-09-12",3535,0.85035360678925,439,89
"US-RGA","6_hourly","ET + all core drivers",3538,2785,0.787167891464104,"2021-05-21","2023-09-13",3381,0.823720792664892,573,35
"US-RGA","6_hourly","ET + all drivers including net radiation",3538,2531,0.715375918598078,"2021-05-21","2023-09-12",3380,0.748816568047337,439,85
"US-RGB","6_hourly","ET + soil water potential",3909,3388,0.866717830647224,"2021-04-26","2023-09-27",3539,0.957332579824809,918,38
"US-RGB","6_hourly","ET + VPD",3909,3748,0.958812995651062,"2021-01-24","2023-09-27",3904,0.960040983606557,918,40
"US-RGB","6_hourly","ET + air temperature",3909,3750,0.959324635456638,"2021-01-24","2023-09-27",3904,0.960553278688525,918,39
"US-RGB","6_hourly","ET + net radiation",3909,3514,0.898951138398567,"2021-01-24","2023-09-27",3904,0.900102459016393,519,66
"US-RGB","6_hourly","ET + all core drivers",3909,3386,0.866206190841648,"2021-04-26","2023-09-27",3539,0.95676744843176,918,39
"US-RGB","6_hourly","ET + all drivers including net radiation",3909,3157,0.807623433103095,"2021-04-26","2023-09-27",3539,0.892059903927663,519,64
"US-RGF","6_hourly","ET + soil water potential",1197,1192,0.995822890559733,"2023-03-08","2023-12-31",1196,0.996655518394649,638,3
"US-RGF","6_hourly","ET + VPD",1197,1192,0.995822890559733,"2023-03-08","2023-12-31",1196,0.996655518394649,638,3
"US-RGF","6_hourly","ET + air temperature",1197,1192,0.995822890559733,"2023-03-08","2023-12-31",1196,0.996655518394649,638,3
"US-RGF","6_hourly","ET + net radiation",1197,1189,0.993316624895572,"2023-03-08","2023-12-31",1195,0.994979079497908,637,4
"US-RGF","6_hourly","ET + all core drivers",1197,1192,0.995822890559733,"2023-03-08","2023-12-31",1196,0.996655518394649,638,3
"US-RGF","6_hourly","ET + all drivers including net radiation",1197,1189,0.993316624895572,"2023-03-08","2023-12-31",1195,0.994979079497908,637,4
"US-RGW","6_hourly","ET + soil water potential",2130,2083,0.977934272300469,"2022-04-13","2023-09-27",2129,0.978393612024425,678,16
"US-RGW","6_hourly","ET + VPD",2130,2083,0.977934272300469,"2022-04-13","2023-09-27",2129,0.978393612024425,678,16
"US-RGW","6_hourly","ET + air temperature",2130,2083,0.977934272300469,"2022-04-13","2023-09-27",2129,0.978393612024425,678,16
"US-RGW","6_hourly","ET + net radiation",2130,1825,0.856807511737089,"2022-04-13","2023-09-26",2124,0.859227871939736,215,62
"US-RGW","6_hourly","ET + all core drivers",2130,2083,0.977934272300469,"2022-04-13","2023-09-27",2129,0.978393612024425,678,16
"US-RGW","6_hourly","ET + all drivers including net radiation",2130,1825,0.856807511737089,"2022-04-13","2023-09-26",2124,0.859227871939736,215,62
"US-RGo","6_hourly","ET + soil water potential",3262,3158,0.968117719190681,"2021-06-21","2023-09-14",3260,0.968711656441718,468,22
"US-RGo","6_hourly","ET + VPD",3262,3158,0.968117719190681,"2021-06-21","2023-09-14",3260,0.968711656441718,468,22
"US-RGo","6_hourly","ET + air temperature",3262,3158,0.968117719190681,"2021-06-21","2023-09-14",3260,0.968711656441718,468,22
"US-RGo","6_hourly","ET + net radiation",3262,3143,0.963519313304721,"2021-06-21","2023-09-13",3259,0.964406259588831,468,22
"US-RGo","6_hourly","ET + all core drivers",3262,3158,0.968117719190681,"2021-06-21","2023-09-14",3260,0.968711656441718,468,22
"US-RGo","6_hourly","ET + all drivers including net radiation",3262,3143,0.963519313304721,"2021-06-21","2023-09-13",3259,0.964406259588831,468,22
"US-Rls","6_hourly","ET + soil water potential",13234,12154,0.918392020553121,"2014-09-11","2023-10-01",13229,0.91873913372137,3339,56
"US-Rls","6_hourly","ET + VPD",13234,12617,0.953377663593774,"2014-09-11","2023-10-01",13229,0.953737999848817,3339,50
"US-Rls","6_hourly","ET + air temperature",13234,12617,0.953377663593774,"2014-09-11","2023-10-01",13229,0.953737999848817,3339,50
"US-Rls","6_hourly","ET + net radiation",13234,12576,0.95027958289255,"2014-09-11","2023-09-30",13228,0.95071061384941,3339,49
"US-Rls","6_hourly","ET + all core drivers",13234,12154,0.918392020553121,"2014-09-11","2023-10-01",13229,0.91873913372137,3339,56
"US-Rls","6_hourly","ET + all drivers including net radiation",13234,12124,0.916125132235152,"2014-09-11","2023-09-30",13228,0.916540671303296,3339,59
"US-Rms","6_hourly","ET + soil water potential",13211,12022,0.90999924305503,"2014-10-25","2023-10-01",13053,0.921014326208534,1694,95
"US-Rms","6_hourly","ET + VPD",13211,12510,0.946938157595943,"2014-09-16","2023-10-01",13206,0.947296683325761,2602,87
"US-Rms","6_hourly","ET + air temperature",13211,12510,0.946938157595943,"2014-09-16","2023-10-01",13206,0.947296683325761,2602,87
"US-Rms","6_hourly","ET + net radiation",13211,12476,0.9443645446976,"2014-09-16","2023-09-30",13205,0.944793638773192,2602,84
"US-Rms","6_hourly","ET + all core drivers",13211,12022,0.90999924305503,"2014-10-25","2023-10-01",13053,0.921014326208534,1694,95
"US-Rms","6_hourly","ET + all drivers including net radiation",13211,11988,0.907425630156688,"2014-10-25","2023-09-30",13052,0.918479926448054,1694,92
"US-Ro1","6_hourly","ET + soil water potential",18996,1476,0.0777005685407454,"2015-12-26","2016-12-31",1488,0.991935483870968,1375,7
"US-Ro1","6_hourly","ET + VPD",18996,17976,0.946304485154769,"2004-01-01","2016-12-31",18995,0.946354303764148,1946,91
"US-Ro1","6_hourly","ET + air temperature",18996,18073,0.951410823331228,"2004-01-01","2016-12-31",18995,0.951460910765991,1946,97
"US-Ro1","6_hourly","ET + net radiation",18996,17168,0.903769214571489,"2004-01-01","2016-12-31",18995,0.90381679389313,1946,89
"US-Ro1","6_hourly","ET + all core drivers",18996,1476,0.0777005685407454,"2015-12-26","2016-12-31",1488,0.991935483870968,1375,7
"US-Ro1","6_hourly","ET + all drivers including net radiation",18996,1434,0.0754895767530006,"2015-12-26","2016-12-31",1488,0.963709677419355,543,9
"US-Ro2","6_hourly","ET + soil water potential",13152,0,0,NA,NA,0,NA,0,0
"US-Ro2","6_hourly","ET + VPD",13152,8464,0.643552311435523,"2008-01-01","2016-12-31",13151,0.643601247053456,1132,102
"US-Ro2","6_hourly","ET + air temperature",13152,8464,0.643552311435523,"2008-01-01","2016-12-31",13151,0.643601247053456,1132,102
"US-Ro2","6_hourly","ET + net radiation",13152,2318,0.17624695863747,"2015-05-09","2016-12-31",2412,0.961028192371476,1069,15
"US-Ro2","6_hourly","ET + all core drivers",13152,0,0,NA,NA,0,NA,0,0
"US-Ro2","6_hourly","ET + all drivers including net radiation",13152,0,0,NA,NA,0,NA,0,0
"US-Ro3","6_hourly","ET + soil water potential",5844,0,0,NA,NA,0,NA,0,0
"US-Ro3","6_hourly","ET + VPD",5844,5105,0.873545516769336,"2004-06-29","2007-12-31",5121,0.996875610232376,2970,8
"US-Ro3","6_hourly","ET + air temperature",5844,5105,0.873545516769336,"2004-06-29","2007-12-31",5121,0.996875610232376,2970,8
"US-Ro3","6_hourly","ET + net radiation",5844,5105,0.873545516769336,"2004-06-29","2007-12-31",5121,0.996875610232376,2970,8
"US-Ro3","6_hourly","ET + all core drivers",5844,0,0,NA,NA,0,NA,0,0
"US-Ro3","6_hourly","ET + all drivers including net radiation",5844,0,0,NA,NA,0,NA,0,0
"US-Ro4","6_hourly","ET + soil water potential",14572,9671,0.663670052154817,"2016-08-05","2023-12-31",10820,0.893807763401109,1053,105
"US-Ro4","6_hourly","ET + VPD",14572,13719,0.94146307987922,"2014-01-10","2023-12-31",14569,0.941656942823804,1278,73
"US-Ro4","6_hourly","ET + air temperature",14572,13719,0.94146307987922,"2014-01-10","2023-12-31",14569,0.941656942823804,1278,73
"US-Ro4","6_hourly","ET + net radiation",14572,13259,0.909895690365084,"2014-05-30","2023-12-31",14012,0.946260348272909,1053,60
"US-Ro4","6_hourly","ET + all core drivers",14572,9671,0.663670052154817,"2016-08-05","2023-12-31",10820,0.893807763401109,1053,105
"US-Ro4","6_hourly","ET + all drivers including net radiation",14572,9662,0.663052429316497,"2016-08-05","2023-12-31",10820,0.892975970425139,1053,106
"US-Ro5","6_hourly","ET + soil water potential",10224,9139,0.893877151799687,"2017-06-04","2023-12-31",9606,0.95138455132209,1152,44
"US-Ro5","6_hourly","ET + VPD",10224,10064,0.984350547730829,"2017-01-01","2023-12-31",10223,0.984446835566859,1420,41
"US-Ro5","6_hourly","ET + air temperature",10224,10070,0.984937402190923,"2017-01-01","2023-12-31",10223,0.985033747432261,1420,40
"US-Ro5","6_hourly","ET + net radiation",10224,10003,0.978384194053208,"2017-01-01","2023-12-31",10223,0.97847989826861,1150,47
"US-Ro5","6_hourly","ET + all core drivers",10224,9133,0.893290297339593,"2017-06-04","2023-12-31",9606,0.950759941703102,1152,45
"US-Ro5","6_hourly","ET + all drivers including net radiation",10224,9109,0.890942879499218,"2017-06-04","2023-12-31",9606,0.94826150322715,1150,51
"US-Ro6","6_hourly","ET + soil water potential",10224,9017,0.881944444444444,"2017-06-20","2023-12-31",9541,0.94507913216644,1205,43
"US-Ro6","6_hourly","ET + VPD",10224,10028,0.980829420970266,"2017-01-04","2023-12-31",10212,0.981981981981982,1502,35
"US-Ro6","6_hourly","ET + air temperature",10224,10028,0.980829420970266,"2017-01-04","2023-12-31",10212,0.981981981981982,1502,35
"US-Ro6","6_hourly","ET + net radiation",10224,9894,0.967723004694836,"2017-01-12","2023-12-31",10177,0.972192198093741,1467,40
"US-Ro6","6_hourly","ET + all core drivers",10224,9017,0.881944444444444,"2017-06-20","2023-12-31",9541,0.94507913216644,1205,43
"US-Ro6","6_hourly","ET + all drivers including net radiation",10224,8935,0.873924100156495,"2017-06-20","2023-12-31",9541,0.936484645215386,1205,46
"US-Rwe","6_hourly","ET + soil water potential",6803,0,0,NA,NA,0,NA,0,0
"US-Rwe","6_hourly","ET + VPD",6803,6346,0.932823754226077,"2003-02-04","2007-10-01",6801,0.933098073812675,1142,70
"US-Rwe","6_hourly","ET + air temperature",6803,6346,0.932823754226077,"2003-02-04","2007-10-01",6801,0.933098073812675,1142,70
"US-Rwe","6_hourly","ET + net radiation",6803,2681,0.394090842275467,"2005-09-29","2007-09-30",2925,0.916581196581197,647,25
"US-Rwe","6_hourly","ET + all core drivers",6803,0,0,NA,NA,0,NA,0,0
"US-Rwe","6_hourly","ET + all drivers including net radiation",6803,0,0,NA,NA,0,NA,0,0
"US-Rwf","6_hourly","ET + soil water potential",13627,0,0,NA,NA,0,NA,0,0
"US-Rwf","6_hourly","ET + VPD",13627,12840,0.942247009613268,"2014-06-04","2023-10-01",13622,0.942592864483923,1578,61
"US-Rwf","6_hourly","ET + air temperature",13627,12840,0.942247009613268,"2014-06-04","2023-10-01",13622,0.942592864483923,1578,61
"US-Rwf","6_hourly","ET + net radiation",13627,12760,0.936376311734057,"2014-06-04","2023-09-30",13621,0.936788782027751,1520,72
"US-Rwf","6_hourly","ET + all core drivers",13627,0,0,NA,NA,0,NA,0,0
"US-Rwf","6_hourly","ET + all drivers including net radiation",13627,0,0,NA,NA,0,NA,0,0
"US-Rws","6_hourly","ET + soil water potential",13211,11623,0.879797138748013,"2015-07-28","2023-10-01",11948,0.972798794777369,2742,59
"US-Rws","6_hourly","ET + VPD",13211,12813,0.969873590189993,"2014-09-16","2023-10-01",13206,0.970240799636529,2742,60
"US-Rws","6_hourly","ET + air temperature",13211,12813,0.969873590189993,"2014-09-16","2023-10-01",13206,0.970240799636529,2742,60
"US-Rws","6_hourly","ET + net radiation",13211,12746,0.964802058890319,"2014-09-16","2023-09-30",13205,0.965240439227565,2576,69
"US-Rws","6_hourly","ET + all core drivers",13211,11566,0.875482552418439,"2015-07-28","2023-10-01",11948,0.968028121861399,2742,60
"US-Rws","6_hourly","ET + all drivers including net radiation",13211,11454,0.867004768753312,"2015-07-28","2023-09-30",11947,0.958734410312212,1659,68
"US-SP1","6_hourly","ET + soil water potential",29933,7921,0.264624327665119,"2014-09-18","2020-12-31",9188,0.86210274270788,903,178
"US-SP1","6_hourly","ET + VPD",29933,24028,0.802726088263789,"2000-07-19","2020-12-31",29882,0.804096111371394,1152,703
"US-SP1","6_hourly","ET + air temperature",29933,24247,0.8100424280894,"2000-07-19","2020-12-31",29882,0.81142493808982,1152,696
"US-SP1","6_hourly","ET + net radiation",29933,23652,0.790164701165937,"2000-07-19","2020-12-31",29882,0.791513285589987,1151,709
"US-SP1","6_hourly","ET + all core drivers",29933,7921,0.264624327665119,"2014-09-18","2020-12-31",9188,0.86210274270788,903,178
"US-SP1","6_hourly","ET + all drivers including net radiation",29933,7896,0.263789129054889,"2014-09-18","2020-12-31",9187,0.859475345597039,903,173
"US-SRC","6_hourly","ET + soil water potential",9170,7223,0.787677208287895,"2008-03-17","2014-06-23",9157,0.788795457027411,1550,44
"US-SRC","6_hourly","ET + VPD",9170,6754,0.736532170119956,"2008-03-14","2014-06-23",9166,0.736853589351953,1550,33
"US-SRC","6_hourly","ET + air temperature",9170,7314,0.797600872410033,"2008-03-14","2014-06-23",9166,0.797948941741218,1550,35
"US-SRC","6_hourly","ET + net radiation",9170,7192,0.784296619411123,"2008-03-15","2014-06-23",9165,0.784724495362793,1549,33
"US-SRC","6_hourly","ET + all core drivers",9170,6663,0.726608505997819,"2008-03-17","2014-06-23",9157,0.727640056787157,1550,42
"US-SRC","6_hourly","ET + all drivers including net radiation",9170,6547,0.713958560523446,"2008-03-17","2014-06-23",9157,0.714972152451676,1549,39
"US-SRG","6_hourly","ET + soil water potential",23110,22634,0.979402855906534,"2008-03-08","2023-12-31",23108,0.97948762333391,4253,59
"US-SRG","6_hourly","ET + VPD",23110,22741,0.984032886196452,"2008-03-07","2023-12-31",23109,0.984075468432213,4253,49
"US-SRG","6_hourly","ET + air temperature",23110,22741,0.984032886196452,"2008-03-07","2023-12-31",23109,0.984075468432213,4253,49
"US-SRG","6_hourly","ET + net radiation",23110,22510,0.974037213327564,"2008-04-12","2023-12-31",22968,0.980059212817833,4253,52
"US-SRG","6_hourly","ET + all core drivers",23110,22634,0.979402855906534,"2008-03-08","2023-12-31",23108,0.97948762333391,4253,59
"US-SRG","6_hourly","ET + all drivers including net radiation",23110,22413,0.969839896148853,"2008-04-12","2023-12-31",22968,0.975835945663532,4253,60
"US-SRM","6_hourly","ET + soil water potential",29220,28762,0.984325804243669,"2004-01-06","2023-12-31",29197,0.985101209028325,3479,66
"US-SRM","6_hourly","ET + VPD",29220,28792,0.985352498288843,"2004-01-06","2023-12-31",29197,0.986128711853958,3479,61
"US-SRM","6_hourly","ET + air temperature",29220,28792,0.985352498288843,"2004-01-06","2023-12-31",29197,0.986128711853958,3479,61
"US-SRM","6_hourly","ET + net radiation",29220,28370,0.970910335386721,"2004-01-06","2023-12-31",29197,0.971675172106723,2587,68
"US-SRM","6_hourly","ET + all core drivers",29220,28740,0.983572895277207,"2004-01-06","2023-12-31",29197,0.984347706956194,3479,74
"US-SRM","6_hourly","ET + all drivers including net radiation",29220,28299,0.968480492813142,"2004-01-06","2023-12-31",29197,0.969243415419392,2587,87
"US-SRS","6_hourly","ET + soil water potential",11117,10292,0.925789331654223,"2011-05-24","2018-11-29",10986,0.936828691061351,1473,97
"US-SRS","6_hourly","ET + VPD",11117,10534,0.947557794368984,"2011-05-24","2018-11-29",10986,0.958856726743128,2066,48
"US-SRS","6_hourly","ET + air temperature",11117,10534,0.947557794368984,"2011-05-24","2018-11-29",10986,0.958856726743128,2066,48
"US-SRS","6_hourly","ET + net radiation",11117,9928,0.893046685256814,"2011-05-24","2018-11-29",10985,0.903777878925808,1930,63
"US-SRS","6_hourly","ET + all core drivers",11117,10292,0.925789331654223,"2011-05-24","2018-11-29",10986,0.936828691061351,1473,97
"US-SRS","6_hourly","ET + all drivers including net radiation",11117,9697,0.872267698119996,"2011-05-24","2018-11-29",10985,0.882749203459263,1473,107
"US-SSH","6_hourly","ET + soil water potential",8526,3584,0.420361247947455,"2016-01-01","2020-07-25",6668,0.5374925014997,276,76
"US-SSH","6_hourly","ET + VPD",8526,6358,0.745718977246071,"2016-01-01","2021-11-01",8524,0.745893946503989,691,91
"US-SSH","6_hourly","ET + air temperature",8526,6358,0.745718977246071,"2016-01-01","2021-11-01",8524,0.745893946503989,691,91
"US-SSH","6_hourly","ET + net radiation",8526,6266,0.734928454140277,"2016-01-01","2021-10-31",8522,0.735273409997653,362,89
"US-SSH","6_hourly","ET + all core drivers",8526,3584,0.420361247947455,"2016-01-01","2020-07-25",6668,0.5374925014997,276,76
"US-SSH","6_hourly","ET + all drivers including net radiation",8526,3530,0.414027680037532,"2016-01-01","2020-07-25",6668,0.529394121175765,276,75
"US-Seg","6_hourly","ET + soil water potential",21916,0,0,NA,NA,0,NA,0,0
"US-Seg","6_hourly","ET + VPD",21916,21224,0.968424895053842,"2007-01-01","2021-12-31",21915,0.968469085101529,3049,55
"US-Seg","6_hourly","ET + air temperature",21916,21335,0.973489687899252,"2007-01-01","2021-12-31",21915,0.973534109057723,3056,50
"US-Seg","6_hourly","ET + net radiation",21916,20885,0.952956743931374,"2007-01-01","2021-12-31",21915,0.953000228154232,1394,107
"US-Seg","6_hourly","ET + all core drivers",21916,0,0,NA,NA,0,NA,0,0
"US-Seg","6_hourly","ET + all drivers including net radiation",21916,0,0,NA,NA,0,NA,0,0
"US-Ses","6_hourly","ET + soil water potential",21888,0,0,NA,NA,0,NA,0,0
"US-Ses","6_hourly","ET + VPD",21888,21363,0.976014254385965,"2007-01-08","2021-12-31",21885,0.976148046607265,4951,42
"US-Ses","6_hourly","ET + air temperature",21888,21480,0.981359649122807,"2007-01-08","2021-12-31",21885,0.981494174091844,4964,36
"US-Ses","6_hourly","ET + net radiation",21888,21147,0.966145833333333,"2007-01-08","2021-12-31",21885,0.966278272789582,1753,114
"US-Ses","6_hourly","ET + all core drivers",21888,0,0,NA,NA,0,NA,0,0
"US-Ses","6_hourly","ET + all drivers including net radiation",21888,0,0,NA,NA,0,NA,0,0
"US-Sne","6_hourly","ET + soil water potential",6728,0,0,NA,NA,0,NA,0,0
"US-Sne","6_hourly","ET + VPD",6728,6263,0.930885850178359,"2016-05-25","2020-12-31",6725,0.931301115241636,806,86
"US-Sne","6_hourly","ET + air temperature",6728,6263,0.930885850178359,"2016-05-25","2020-12-31",6725,0.931301115241636,806,86
"US-Sne","6_hourly","ET + net radiation",6728,6409,0.952586206896552,"2016-05-25","2020-12-30",6721,0.95357833655706,730,84
"US-Sne","6_hourly","ET + all core drivers",6728,0,0,NA,NA,0,NA,0,0
"US-Sne","6_hourly","ET + all drivers including net radiation",6728,0,0,NA,NA,0,NA,0,0
"US-Snf","6_hourly","ET + soil water potential",2886,2800,0.97020097020097,"2018-07-19","2020-07-08",2883,0.971210544571627,752,26
"US-Snf","6_hourly","ET + VPD",2886,2630,0.911295911295911,"2018-07-19","2020-07-08",2883,0.912244190079778,752,27
"US-Snf","6_hourly","ET + air temperature",2886,2691,0.932432432432432,"2018-07-19","2020-07-08",2883,0.933402705515088,752,28
"US-Snf","6_hourly","ET + net radiation",2886,2494,0.864171864171864,"2018-07-19","2020-07-08",2882,0.865371269951423,498,32
"US-Snf","6_hourly","ET + all core drivers",2886,2630,0.911295911295911,"2018-07-19","2020-07-08",2883,0.912244190079778,752,27
"US-Snf","6_hourly","ET + all drivers including net radiation",2886,2324,0.805266805266805,"2018-07-19","2020-07-08",2882,0.806384455239417,498,33
"US-Syv","6_hourly","ET + soil water potential",32777,20736,0.632638740580285,"2001-08-13","2023-12-31",32704,0.634050880626223,929,425
"US-Syv","6_hourly","ET + VPD",32777,14626,0.446227537602587,"2012-05-02","2023-12-31",17041,0.858282964614753,533,161
"US-Syv","6_hourly","ET + air temperature",32777,21711,0.662385209140556,"2001-08-13","2023-12-31",32704,0.663863747553816,929,425
"US-Syv","6_hourly","ET + net radiation",32777,19795,0.603929584769808,"2001-08-19","2023-12-31",32678,0.605759226390844,925,221
"US-Syv","6_hourly","ET + all core drivers",32777,13651,0.416481069042316,"2012-05-03","2023-12-31",17040,0.801115023474178,533,161
"US-Syv","6_hourly","ET + all drivers including net radiation",32777,12058,0.367879915794612,"2012-05-03","2023-12-31",17039,0.707670637948236,470,160
"US-Ton","6_hourly","ET + soil water potential",33124,27731,0.837187537736988,"2001-05-18","2021-01-07",28694,0.966438976789573,2470,201
"US-Ton","6_hourly","ET + VPD",33124,32058,0.967817896389325,"2001-05-18","2023-12-31",33049,0.970014221307755,3814,209
"US-Ton","6_hourly","ET + air temperature",33124,32058,0.967817896389325,"2001-05-18","2023-12-31",33049,0.970014221307755,3814,209
"US-Ton","6_hourly","ET + net radiation",33124,31024,0.936601859678783,"2001-05-19","2023-12-31",33048,0.938755749213266,2218,334
"US-Ton","6_hourly","ET + all core drivers",33124,27731,0.837187537736988,"2001-05-18","2021-01-07",28694,0.966438976789573,2470,201
"US-Ton","6_hourly","ET + all drivers including net radiation",33124,26780,0.808477237048666,"2001-05-19","2021-01-07",28693,0.933328686439201,2218,293
"US-Tw2","6_hourly","ET + soil water potential",1410,1261,0.894326241134752,"2012-05-22","2013-05-09",1409,0.894960965223563,634,20
"US-Tw2","6_hourly","ET + VPD",1410,1365,0.968085106382979,"2012-05-22","2013-05-09",1409,0.968772178850248,740,19
"US-Tw2","6_hourly","ET + air temperature",1410,1365,0.968085106382979,"2012-05-22","2013-05-09",1409,0.968772178850248,740,19
"US-Tw2","6_hourly","ET + net radiation",1410,1175,0.833333333333333,"2012-05-22","2013-05-08",1407,0.835110163468372,332,17
"US-Tw2","6_hourly","ET + all core drivers",1410,1261,0.894326241134752,"2012-05-22","2013-05-09",1409,0.894960965223563,634,20
"US-Tw2","6_hourly","ET + all drivers including net radiation",1410,1175,0.833333333333333,"2012-05-22","2013-05-08",1407,0.835110163468372,332,17
"US-Tw3","6_hourly","ET + soil water potential",7353,6722,0.914184686522508,"2013-05-24","2018-06-05",7350,0.914557823129252,1221,81
"US-Tw3","6_hourly","ET + VPD",7353,6941,0.943968448252414,"2013-05-24","2018-06-05",7350,0.944353741496599,1221,76
"US-Tw3","6_hourly","ET + air temperature",7353,7017,0.954304365565075,"2013-05-24","2018-06-05",7350,0.95469387755102,1221,80
"US-Tw3","6_hourly","ET + net radiation",7353,6150,0.836393308853529,"2013-05-24","2018-06-04",7349,0.836848550823241,984,87
"US-Tw3","6_hourly","ET + all core drivers",7353,6641,0.903168774649803,"2013-05-24","2018-06-05",7350,0.903537414965986,1221,77
"US-Tw3","6_hourly","ET + all drivers including net radiation",7353,5795,0.788113695090439,"2013-05-24","2018-06-04",7349,0.788542658865152,984,87
"US-UC1","6_hourly","ET + soil water potential",6764,6413,0.948107628622117,"2019-05-16","2023-12-31",6761,0.948528324212395,1551,24
"US-UC1","6_hourly","ET + VPD",6764,6413,0.948107628622117,"2019-05-16","2023-12-31",6761,0.948528324212395,1551,24
"US-UC1","6_hourly","ET + air temperature",6764,6413,0.948107628622117,"2019-05-16","2023-12-31",6761,0.948528324212395,1551,24
"US-UC1","6_hourly","ET + net radiation",6764,6404,0.946777054997043,"2019-05-16","2023-12-31",6761,0.947197160183405,1551,26
"US-UC1","6_hourly","ET + all core drivers",6764,6413,0.948107628622117,"2019-05-16","2023-12-31",6761,0.948528324212395,1551,24
"US-UC1","6_hourly","ET + all drivers including net radiation",6764,6404,0.946777054997043,"2019-05-16","2023-12-31",6761,0.947197160183405,1551,26
"US-UC2","6_hourly","ET + soil water potential",6732,6345,0.942513368983957,"2019-05-24","2023-12-31",6729,0.94293357111012,2078,27
"US-UC2","6_hourly","ET + VPD",6732,6345,0.942513368983957,"2019-05-24","2023-12-31",6729,0.94293357111012,2078,27
"US-UC2","6_hourly","ET + air temperature",6732,6345,0.942513368983957,"2019-05-24","2023-12-31",6729,0.94293357111012,2078,27
"US-UC2","6_hourly","ET + net radiation",6732,6312,0.937611408199644,"2019-05-24","2023-12-31",6729,0.938029424877396,1385,26
"US-UC2","6_hourly","ET + all core drivers",6732,6345,0.942513368983957,"2019-05-24","2023-12-31",6729,0.94293357111012,2078,27
"US-UC2","6_hourly","ET + all drivers including net radiation",6732,6312,0.937611408199644,"2019-05-24","2023-12-31",6729,0.938029424877396,1385,26
"US-UMB","6_hourly","ET + soil water potential",21916,20377,0.929777331629859,"2007-01-01","2021-12-31",21912,0.929947060971157,1870,101
"US-UMB","6_hourly","ET + VPD",21916,21319,0.972759627669283,"2007-01-01","2021-12-31",21912,0.97293720335889,1629,134
"US-UMB","6_hourly","ET + air temperature",21916,21325,0.973033400255521,"2007-01-01","2021-12-31",21912,0.973211025921869,1629,132
"US-UMB","6_hourly","ET + net radiation",21916,20609,0.94036320496441,"2007-01-01","2021-12-30",21911,0.940577791976633,1629,162
"US-UMB","6_hourly","ET + all core drivers",21916,20168,0.92024091987589,"2007-01-01","2021-12-31",21912,0.920408908360716,1629,155
"US-UMB","6_hourly","ET + all drivers including net radiation",21916,19459,0.88789012593539,"2007-01-01","2021-12-30",21911,0.888092738806992,1629,186
"US-UMd","6_hourly","ET + soil water potential",24261,23465,0.9671901405548,"2007-06-15","2023-12-31",24175,0.970630816959669,3611,96
"US-UMd","6_hourly","ET + VPD",24261,23306,0.960636412349038,"2007-05-25","2023-12-31",24259,0.960715610701183,3611,145
"US-UMd","6_hourly","ET + air temperature",24261,23369,0.963233172581509,"2007-05-25","2023-12-31",24259,0.963312585019993,3611,134
"US-UMd","6_hourly","ET + net radiation",24261,20434,0.842257120481431,"2007-05-25","2022-08-17",22252,0.918299478698544,1514,333
"US-UMd","6_hourly","ET + all core drivers",24261,23208,0.95659700754297,"2007-06-15","2023-12-31",24175,0.96,3611,152
"US-UMd","6_hourly","ET + all drivers including net radiation",24261,20274,0.83566217385928,"2007-06-15","2022-08-17",22168,0.914561530133526,1514,351
"US-UTB","6_hourly","ET + soil water potential",3272,27,0.0082518337408313,"2022-10-30","2023-04-18",678,0.0398230088495575,7,9
"US-UTB","6_hourly","ET + VPD",3272,2300,0.702933985330073,"2021-10-06","2023-12-31",3268,0.703794369645043,537,25
"US-UTB","6_hourly","ET + air temperature",3272,2300,0.702933985330073,"2021-10-06","2023-12-31",3268,0.703794369645043,537,25
"US-UTB","6_hourly","ET + net radiation",3272,2227,0.680623471882641,"2021-10-06","2023-12-31",3268,0.681456548347613,279,43
"US-UTB","6_hourly","ET + all core drivers",3272,27,0.0082518337408313,"2022-10-30","2023-04-18",678,0.0398230088495575,7,9
"US-UTB","6_hourly","ET + all drivers including net radiation",3272,27,0.0082518337408313,"2022-10-30","2023-04-18",678,0.0398230088495575,7,9
"US-Var","6_hourly","ET + soil water potential",30699,29868,0.972930714355516,"2000-10-30","2021-10-26",30665,0.974009457035709,5254,129
"US-Var","6_hourly","ET + VPD",30699,30040,0.978533502719958,"2000-10-30","2021-10-26",30665,0.979618457524865,5254,100
"US-Var","6_hourly","ET + air temperature",30699,30040,0.978533502719958,"2000-10-30","2021-10-26",30665,0.979618457524865,5254,100
"US-Var","6_hourly","ET + net radiation",30699,18461,0.601355092999772,"2000-10-30","2021-10-25",30663,0.602061116003,2009,3892
"US-Var","6_hourly","ET + all core drivers",30699,29868,0.972930714355516,"2000-10-30","2021-10-26",30665,0.974009457035709,5254,129
"US-Var","6_hourly","ET + all drivers including net radiation",30699,18336,0.597283299130265,"2000-10-30","2021-10-25",30663,0.597984541629977,2009,3905
"US-Vcm","6_hourly","ET + soil water potential",21916,0,0,NA,NA,0,NA,0,0
"US-Vcm","6_hourly","ET + VPD",21916,19356,0.883190363204964,"2007-01-01","2021-12-31",21915,0.883230663928816,1130,215
"US-Vcm","6_hourly","ET + air temperature",21916,19488,0.889213360102208,"2007-01-01","2021-12-31",21915,0.889253935660506,1130,212
"US-Vcm","6_hourly","ET + net radiation",21916,15925,0.726638072640993,"2009-05-07","2021-12-31",18488,0.861369536996971,671,384
"US-Vcm","6_hourly","ET + all core drivers",21916,0,0,NA,NA,0,NA,0,0
"US-Vcm","6_hourly","ET + all drivers including net radiation",21916,0,0,NA,NA,0,NA,0,0
"US-Vcp","6_hourly","ET + soil water potential",24834,0,0,NA,NA,0,NA,0,0
"US-Vcp","6_hourly","ET + VPD",24834,22431,0.903237496979947,"2007-01-01","2023-12-31",24832,0.903310244845361,1039,218
"US-Vcp","6_hourly","ET + air temperature",24834,22866,0.920753805266973,"2007-01-01","2023-12-31",24832,0.920827963917526,1039,188
"US-Vcp","6_hourly","ET + net radiation",24834,18063,0.727349601352984,"2007-01-01","2023-12-30",24831,0.727437477346865,679,393
"US-Vcp","6_hourly","ET + all core drivers",24834,0,0,NA,NA,0,NA,0,0
"US-Vcp","6_hourly","ET + all drivers including net radiation",24834,0,0,NA,NA,0,NA,0,0
"US-Whs","6_hourly","ET + soil water potential",19740,18790,0.951874366767984,"2007-06-29","2020-12-31",19737,0.952019050514262,4521,90
"US-Whs","6_hourly","ET + VPD",19740,17522,0.887639311043566,"2008-12-25","2020-12-31",17559,0.997892818497637,6409,12
"US-Whs","6_hourly","ET + air temperature",19740,17522,0.887639311043566,"2008-12-25","2020-12-31",17559,0.997892818497637,6409,12
"US-Whs","6_hourly","ET + net radiation",19740,19379,0.981712259371834,"2007-06-29","2020-12-31",19737,0.981861478441506,3110,54
"US-Whs","6_hourly","ET + all core drivers",19740,16631,0.842502532928065,"2008-12-25","2020-12-31",17559,0.947149609886668,4521,89
"US-Whs","6_hourly","ET + all drivers including net radiation",19740,16351,0.828318135764944,"2008-12-25","2020-12-31",17559,0.931203371490404,2807,120
"US-Wi0","6_hourly","ET + soil water potential",930,0,0,NA,NA,0,NA,0,0
"US-Wi0","6_hourly","ET + VPD",930,757,0.813978494623656,"2002-04-27","2002-12-14",927,0.816612729234088,426,8
"US-Wi0","6_hourly","ET + air temperature",930,757,0.813978494623656,"2002-04-27","2002-12-14",927,0.816612729234088,426,8
"US-Wi0","6_hourly","ET + net radiation",930,752,0.808602150537634,"2002-04-27","2002-12-14",927,0.811218985976268,425,7
"US-Wi0","6_hourly","ET + all core drivers",930,0,0,NA,NA,0,NA,0,0
"US-Wi0","6_hourly","ET + all drivers including net radiation",930,0,0,NA,NA,0,NA,0,0
"US-Wi1","6_hourly","ET + soil water potential",1439,0,0,NA,NA,0,NA,0,0
"US-Wi1","6_hourly","ET + VPD",1439,543,0.377345378735233,"2003-05-18","2003-12-21",869,0.624856156501726,79,55
"US-Wi1","6_hourly","ET + air temperature",1439,543,0.377345378735233,"2003-05-18","2003-12-21",869,0.624856156501726,79,55
"US-Wi1","6_hourly","ET + net radiation",1439,420,0.29186935371786,"2003-05-23","2003-12-18",840,0.5,58,57
"US-Wi1","6_hourly","ET + all core drivers",1439,0,0,NA,NA,0,NA,0,0
"US-Wi1","6_hourly","ET + all drivers including net radiation",1439,0,0,NA,NA,0,NA,0,0
"US-Wi3","6_hourly","ET + soil water potential",3880,0,0,NA,NA,0,NA,0,0
"US-Wi3","6_hourly","ET + VPD",3880,1847,0.476030927835052,"2002-05-07","2004-12-12",3801,0.485924756642989,521,58
"US-Wi3","6_hourly","ET + air temperature",3880,1847,0.476030927835052,"2002-05-07","2004-12-12",3801,0.485924756642989,521,58
"US-Wi3","6_hourly","ET + net radiation",3880,1723,0.444072164948454,"2002-05-08","2004-12-12",3800,0.453421052631579,519,51
"US-Wi3","6_hourly","ET + all core drivers",3880,0,0,NA,NA,0,NA,0,0
"US-Wi3","6_hourly","ET + all drivers including net radiation",3880,0,0,NA,NA,0,NA,0,0
"US-Wi4","6_hourly","ET + soil water potential",5125,0,0,NA,NA,0,NA,0,0
"US-Wi4","6_hourly","ET + VPD",5125,2466,0.481170731707317,"2002-05-08","2005-11-08",5122,0.48145255759469,577,104
"US-Wi4","6_hourly","ET + air temperature",5125,2466,0.481170731707317,"2002-05-08","2005-11-08",5122,0.48145255759469,577,104
"US-Wi4","6_hourly","ET + net radiation",5125,2132,0.416,"2002-05-08","2005-11-01",5094,0.418531605810758,576,81
"US-Wi4","6_hourly","ET + all core drivers",5125,0,0,NA,NA,0,NA,0,0
"US-Wi4","6_hourly","ET + all drivers including net radiation",5125,0,0,NA,NA,0,NA,0,0
"US-Wi5","6_hourly","ET + soil water potential",957,0,0,NA,NA,0,NA,0,0
"US-Wi5","6_hourly","ET + VPD",957,873,0.912225705329154,"2004-04-19","2004-12-14",954,0.915094339622642,344,24
"US-Wi5","6_hourly","ET + air temperature",957,873,0.912225705329154,"2004-04-19","2004-12-14",954,0.915094339622642,344,24
"US-Wi5","6_hourly","ET + net radiation",957,734,0.766980146290491,"2004-04-19","2004-12-07",927,0.791801510248112,209,16
"US-Wi5","6_hourly","ET + all core drivers",957,0,0,NA,NA,0,NA,0,0
"US-Wi5","6_hourly","ET + all drivers including net radiation",957,0,0,NA,NA,0,NA,0,0
"US-Wi6","6_hourly","ET + soil water potential",2162,0,0,NA,NA,0,NA,0,0
"US-Wi6","6_hourly","ET + VPD",2162,880,0.407030527289547,"2002-05-06","2003-10-27",2157,0.407974038015763,251,93
"US-Wi6","6_hourly","ET + air temperature",2162,880,0.407030527289547,"2002-05-06","2003-10-27",2157,0.407974038015763,251,93
"US-Wi6","6_hourly","ET + net radiation",2162,817,0.377890841813136,"2002-05-06","2003-10-27",2157,0.378766805748725,251,45
"US-Wi6","6_hourly","ET + all core drivers",2162,0,0,NA,NA,0,NA,0,0
"US-Wi6","6_hourly","ET + all drivers including net radiation",2162,0,0,NA,NA,0,NA,0,0
"US-Wi7","6_hourly","ET + soil water potential",684,0,0,NA,NA,0,NA,0,0
"US-Wi7","6_hourly","ET + VPD",684,673,0.983918128654971,"2005-05-22","2005-11-08",681,0.988252569750367,491,4
"US-Wi7","6_hourly","ET + air temperature",684,673,0.983918128654971,"2005-05-22","2005-11-08",681,0.988252569750367,491,4
"US-Wi7","6_hourly","ET + net radiation",684,621,0.907894736842105,"2005-05-29","2005-11-01",627,0.990430622009569,467,3
"US-Wi7","6_hourly","ET + all core drivers",684,0,0,NA,NA,0,NA,0,0
"US-Wi7","6_hourly","ET + all drivers including net radiation",684,0,0,NA,NA,0,NA,0,0
"US-Wi8","6_hourly","ET + soil water potential",701,0,0,NA,NA,0,NA,0,0
"US-Wi8","6_hourly","ET + VPD",701,690,0.984308131241084,"2002-05-17","2002-11-07",698,0.988538681948424,663,2
"US-Wi8","6_hourly","ET + air temperature",701,690,0.984308131241084,"2002-05-17","2002-11-07",698,0.988538681948424,663,2
"US-Wi8","6_hourly","ET + net radiation",701,690,0.984308131241084,"2002-05-17","2002-11-07",698,0.988538681948424,663,2
"US-Wi8","6_hourly","ET + all core drivers",701,0,0,NA,NA,0,NA,0,0
"US-Wi8","6_hourly","ET + all drivers including net radiation",701,0,0,NA,NA,0,NA,0,0
"US-Wi9","6_hourly","ET + soil water potential",2244,0,0,NA,NA,0,NA,0,0
"US-Wi9","6_hourly","ET + VPD",2244,1267,0.564616755793226,"2004-05-01","2005-11-01",2196,0.57695810564663,308,27
"US-Wi9","6_hourly","ET + air temperature",2244,1267,0.564616755793226,"2004-05-01","2005-11-01",2196,0.57695810564663,308,27
"US-Wi9","6_hourly","ET + net radiation",2244,1024,0.45632798573975,"2004-06-02","2005-08-22",1786,0.573348264277716,181,17
"US-Wi9","6_hourly","ET + all core drivers",2244,0,0,NA,NA,0,NA,0,0
"US-Wi9","6_hourly","ET + all drivers including net radiation",2244,0,0,NA,NA,0,NA,0,0
"US-Wjs","6_hourly","ET + soil water potential",21422,0,0,NA,NA,0,NA,0,0
"US-Wjs","6_hourly","ET + VPD",21422,20414,0.952945569974792,"2007-05-04","2021-12-31",21421,0.952990056486625,6135,53
"US-Wjs","6_hourly","ET + air temperature",21422,20684,0.965549435160116,"2007-05-04","2021-12-31",21421,0.965594510060221,6285,46
"US-Wjs","6_hourly","ET + net radiation",21422,17523,0.817990850527495,"2007-07-18","2021-12-31",21121,0.829648217413948,1048,319
"US-Wjs","6_hourly","ET + all core drivers",21422,0,0,NA,NA,0,NA,0,0
"US-Wjs","6_hourly","ET + all drivers including net radiation",21422,0,0,NA,NA,0,NA,0,0
"US-Wkg","6_hourly","ET + soil water potential",25797,25712,0.99670504322208,"2004-05-06","2021-12-31",25793,0.996859613073314,3798,37
"US-Wkg","6_hourly","ET + VPD",25797,25714,0.996782571616855,"2004-05-06","2021-12-31",25793,0.996937153491257,3798,36
"US-Wkg","6_hourly","ET + air temperature",25797,25714,0.996782571616855,"2004-05-06","2021-12-31",25793,0.996937153491257,3798,36
"US-Wkg","6_hourly","ET + net radiation",25797,25387,0.98410667907121,"2004-05-06","2021-12-31",25793,0.984259295157601,2077,79
"US-Wkg","6_hourly","ET + all core drivers",25797,25712,0.99670504322208,"2004-05-06","2021-12-31",25793,0.996859613073314,3798,37
"US-Wkg","6_hourly","ET + all drivers including net radiation",25797,25385,0.984029150676435,"2004-05-06","2021-12-31",25793,0.984181754739658,2077,80
"US-xAB","6_hourly","ET + soil water potential",9378,7526,0.802516528044359,"2017-08-01","2023-12-31",9374,0.80285897162364,615,118
"US-xAB","6_hourly","ET + VPD",9378,7248,0.772872680742163,"2017-11-30","2023-12-31",8892,0.815114709851552,686,90
"US-xAB","6_hourly","ET + air temperature",9378,7506,0.800383877159309,"2017-08-17","2023-12-31",9309,0.806316467934257,686,107
"US-xAB","6_hourly","ET + net radiation",9378,7376,0.786521646406483,"2017-09-08","2023-12-31",9222,0.799826501843418,587,126
"US-xAB","6_hourly","ET + all core drivers",9378,7216,0.769460439326082,"2017-11-30","2023-12-31",8892,0.811515969410706,615,94
"US-xAB","6_hourly","ET + all drivers including net radiation",9378,7158,0.763275751759437,"2017-11-30","2023-12-31",8890,0.805174353205849,587,118
"US-xAE","6_hourly","ET + soil water potential",6334,2609,0.4119040101042,"2019-01-26","2021-08-19",3748,0.696104589114194,434,90
"US-xAE","6_hourly","ET + VPD",6334,3414,0.53899589516893,"2019-01-02","2021-12-31",4380,0.779452054794521,434,82
"US-xAE","6_hourly","ET + air temperature",6334,3595,0.567571834543732,"2019-01-02","2021-12-31",4380,0.820776255707763,514,80
"US-xAE","6_hourly","ET + net radiation",6334,3588,0.566466687717082,"2019-01-02","2021-12-31",4380,0.819178082191781,514,83
"US-xAE","6_hourly","ET + all core drivers",6334,2609,0.4119040101042,"2019-01-26","2021-08-19",3748,0.696104589114194,434,90
"US-xAE","6_hourly","ET + all drivers including net radiation",6334,2604,0.411114619513735,"2019-01-26","2021-08-19",3748,0.694770544290288,434,92
"US-xBL","6_hourly","ET + soil water potential",4384,2341,0.533987226277372,"2019-10-02","2021-12-31",3288,0.71198296836983,424,58
"US-xBL","6_hourly","ET + VPD",4384,2442,0.557025547445255,"2019-10-02","2021-12-31",3288,0.742700729927007,424,56
"US-xBL","6_hourly","ET + air temperature",4384,2442,0.557025547445255,"2019-10-02","2021-12-31",3288,0.742700729927007,424,56
"US-xBL","6_hourly","ET + net radiation",4384,2331,0.531706204379562,"2019-10-02","2021-12-31",3288,0.708941605839416,424,53
"US-xBL","6_hourly","ET + all core drivers",4384,2341,0.533987226277372,"2019-10-02","2021-12-31",3288,0.71198296836983,424,58
"US-xBL","6_hourly","ET + all drivers including net radiation",4384,2230,0.508667883211679,"2019-10-02","2021-12-31",3288,0.678223844282238,424,55
"US-xBR","6_hourly","ET + soil water potential",7182,3017,0.420077972709552,"2017-03-01","2021-11-24",6917,0.436171750759,440,233
"US-xBR","6_hourly","ET + VPD",7182,5799,0.807435254803676,"2017-02-01","2021-12-31",7180,0.807660167130919,440,111
"US-xBR","6_hourly","ET + air temperature",7182,5799,0.807435254803676,"2017-02-01","2021-12-31",7180,0.807660167130919,440,111
"US-xBR","6_hourly","ET + net radiation",7182,5703,0.79406850459482,"2017-02-01","2021-12-31",7180,0.794289693593315,350,129
"US-xBR","6_hourly","ET + all core drivers",7182,3017,0.420077972709552,"2017-03-01","2021-11-24",6917,0.436171750759,440,233
"US-xBR","6_hourly","ET + all drivers including net radiation",7182,3003,0.41812865497076,"2017-03-01","2021-11-24",6917,0.43414775191557,350,237
"US-xCL","6_hourly","ET + soil water potential",6090,1763,0.289490968801314,"2018-09-22","2020-12-21",3286,0.536518563603165,549,63
"US-xCL","6_hourly","ET + VPD",6090,3623,0.594909688013136,"2018-09-13","2021-12-31",4821,0.751503837378137,766,78
"US-xCL","6_hourly","ET + air temperature",6090,3623,0.594909688013136,"2018-09-13","2021-12-31",4821,0.751503837378137,766,78
"US-xCL","6_hourly","ET + net radiation",6090,3512,0.576683087027915,"2018-09-13","2021-12-31",4821,0.728479568554242,766,81
"US-xCL","6_hourly","ET + all core drivers",6090,1763,0.289490968801314,"2018-09-22","2020-12-21",3286,0.536518563603165,549,63
"US-xCL","6_hourly","ET + all drivers including net radiation",6090,1681,0.276026272577997,"2018-09-22","2020-12-21",3286,0.511564211807669,294,67
"US-xCP","6_hourly","ET + soil water potential",7432,1543,0.207615715823466,"2017-02-10","2020-11-16",5501,0.280494455553536,269,96
"US-xCP","6_hourly","ET + VPD",7432,4559,0.613428417653391,"2017-02-10","2021-12-31",7144,0.638157894736842,377,155
"US-xCP","6_hourly","ET + air temperature",7432,4561,0.613697524219591,"2017-02-10","2021-12-31",7144,0.638437849944009,377,154
"US-xCP","6_hourly","ET + net radiation",7432,4286,0.576695371367061,"2017-02-10","2021-12-31",7144,0.599944008958567,267,151
"US-xCP","6_hourly","ET + all core drivers",7432,1503,0.202233584499462,"2017-02-10","2020-11-16",5501,0.273223050354481,269,94
"US-xCP","6_hourly","ET + all drivers including net radiation",7432,1479,0.199004305705059,"2017-02-10","2020-11-14",5493,0.269251774986346,267,95
"US-xDC","6_hourly","ET + soil water potential",6334,3770,0.595200505209978,"2017-10-27","2021-09-12",5668,0.665137614678899,574,91
"US-xDC","6_hourly","ET + VPD",6334,5581,0.881117777076097,"2017-09-01","2021-12-31",6332,0.881396083385976,574,67
"US-xDC","6_hourly","ET + air temperature",6334,5614,0.886327754973161,"2017-09-01","2021-12-31",6332,0.88660770688566,574,67
"US-xDC","6_hourly","ET + net radiation",6334,5598,0.883801705083675,"2017-09-01","2021-12-31",6332,0.884080859128238,574,72
"US-xDC","6_hourly","ET + all core drivers",6334,3711,0.585885696242501,"2017-10-27","2021-09-12",5668,0.654728299223712,574,91
"US-xDC","6_hourly","ET + all drivers including net radiation",6334,3704,0.584780549415851,"2017-10-27","2021-09-12",5668,0.653493295695131,574,92
"US-xDL","6_hourly","ET + soil water potential",7069,1801,0.254774366954308,"2018-09-07","2021-07-16",4173,0.431583992331656,468,52
"US-xDL","6_hourly","ET + VPD",7069,4147,0.586645918800396,"2017-11-15","2021-12-31",6032,0.6875,539,104
"US-xDL","6_hourly","ET + air temperature",7069,4317,0.610694581977649,"2017-11-15","2021-12-31",6032,0.715683023872679,777,100
"US-xDL","6_hourly","ET + net radiation",7069,4314,0.610270193803933,"2017-04-08","2021-12-31",6916,0.623770965876229,777,128
"US-xDL","6_hourly","ET + all core drivers",7069,1750,0.247559768001132,"2018-09-07","2021-07-16",4173,0.419362568895279,468,55
"US-xDL","6_hourly","ET + all drivers including net radiation",7069,1740,0.246145140755411,"2018-09-07","2021-07-16",4173,0.416966211358735,468,57
"US-xDS","6_hourly","ET + soil water potential",7069,638,0.090253218276984,"2019-09-14","2021-02-08",2053,0.310764734534827,262,23
"US-xDS","6_hourly","ET + VPD",7069,3686,0.521431602772669,"2018-12-02","2021-12-31",4504,0.818383658969805,885,51
"US-xDS","6_hourly","ET + air temperature",7069,3712,0.525109633611543,"2018-12-02","2021-12-31",4504,0.824156305506217,957,42
"US-xDS","6_hourly","ET + net radiation",7069,3687,0.521573065497241,"2018-12-02","2021-12-31",4504,0.81860568383659,957,47
"US-xDS","6_hourly","ET + all core drivers",7069,638,0.090253218276984,"2019-09-14","2021-02-08",2053,0.310764734534827,262,23
"US-xDS","6_hourly","ET + all drivers including net radiation",7069,636,0.0899702928278399,"2019-09-14","2021-02-08",2053,0.309790550414028,262,24
"US-xGR","6_hourly","ET + soil water potential",6213,2512,0.404313536133913,"2019-04-18","2021-10-18",3658,0.686714051394204,445,35
"US-xGR","6_hourly","ET + VPD",6213,3299,0.530983421857396,"2017-10-01","2021-12-31",6212,0.531068898905344,445,53
"US-xGR","6_hourly","ET + air temperature",6213,3321,0.534524384355384,"2017-10-01","2021-12-31",6212,0.534610431423052,445,46
"US-xGR","6_hourly","ET + net radiation",6213,2816,0.453243199742475,"2019-04-06","2021-12-31",4002,0.703648175912044,370,51
"US-xGR","6_hourly","ET + all core drivers",6213,2490,0.400772573635925,"2019-04-18","2021-10-18",3658,0.680699835975943,445,42
"US-xGR","6_hourly","ET + all drivers including net radiation",6213,2453,0.394817318525672,"2019-04-18","2021-10-18",3658,0.67058501913614,370,58
"US-xHA","6_hourly","ET + soil water potential",7069,153,0.0216437968595275,"2017-12-10","2020-10-30",4224,0.0362215909090909,61,53
"US-xHA","6_hourly","ET + VPD",7069,5330,0.753996321969161,"2017-03-01","2021-12-31",7068,0.754102999434069,333,138
"US-xHA","6_hourly","ET + air temperature",7069,5905,0.835337388598104,"2017-03-01","2021-12-31",7068,0.835455574419921,333,138
"US-xHA","6_hourly","ET + net radiation",7069,5699,0.806196067336257,"2017-03-01","2021-12-31",7068,0.80631013016412,325,148
"US-xHA","6_hourly","ET + all core drivers",7069,153,0.0216437968595275,"2017-12-10","2020-10-30",4224,0.0362215909090909,61,53
"US-xHA","6_hourly","ET + all drivers including net radiation",7069,143,0.0202291696138068,"2017-12-10","2020-10-20",4181,0.0342023439368572,61,51
"US-xJE","6_hourly","ET + soil water potential",7069,3206,0.453529494978073,"2019-09-10","2021-12-31",3376,0.949644549763033,434,51
"US-xJE","6_hourly","ET + VPD",7069,4167,0.589475173291838,"2017-11-02","2021-12-31",6081,0.685249136655155,434,106
"US-xJE","6_hourly","ET + air temperature",7069,4167,0.589475173291838,"2017-11-02","2021-12-31",6081,0.685249136655155,434,106
"US-xJE","6_hourly","ET + net radiation",7069,4133,0.584665440656387,"2017-11-02","2021-12-31",6080,0.679769736842105,401,116
"US-xJE","6_hourly","ET + all core drivers",7069,3206,0.453529494978073,"2019-09-10","2021-12-31",3376,0.949644549763033,434,51
"US-xJE","6_hourly","ET + all drivers including net radiation",7069,3175,0.449144150516339,"2019-09-10","2021-12-31",3375,0.940740740740741,401,61
"US-xJR","6_hourly","ET + soil water potential",9254,6237,0.673978819969743,"2017-11-25","2023-12-31",8912,0.699842908438061,583,134
"US-xJR","6_hourly","ET + VPD",9254,8011,0.865679706073049,"2017-11-25","2023-12-31",8912,0.898900359066427,607,178
"US-xJR","6_hourly","ET + air temperature",9254,8011,0.865679706073049,"2017-11-25","2023-12-31",8912,0.898900359066427,607,178
"US-xJR","6_hourly","ET + net radiation",9254,7143,0.771882429219797,"2017-11-25","2023-12-31",8911,0.801593536079004,489,161
"US-xJR","6_hourly","ET + all core drivers",9254,6237,0.673978819969743,"2017-11-25","2023-12-31",8912,0.699842908438061,583,134
"US-xJR","6_hourly","ET + all drivers including net radiation",9254,5811,0.627944672574022,"2017-11-25","2023-12-31",8911,0.652115363034452,489,129
"US-xKA","6_hourly","ET + soil water potential",6458,1981,0.306751316196965,"2017-09-25","2020-12-27",4757,0.416438932100063,417,142
"US-xKA","6_hourly","ET + VPD",6458,4110,0.636419944255187,"2017-08-01","2021-12-31",6456,0.636617100371747,417,214
"US-xKA","6_hourly","ET + air temperature",6458,4189,0.648652833694642,"2017-08-01","2021-12-31",6456,0.648853779429988,417,214
"US-xKA","6_hourly","ET + net radiation",6458,4643,0.718953236296067,"2017-08-01","2021-12-31",6456,0.719175960346964,537,210
"US-xKA","6_hourly","ET + all core drivers",6458,1880,0.291111799318675,"2017-09-25","2020-12-27",4757,0.395207063275173,417,122
"US-xKA","6_hourly","ET + all drivers including net radiation",6458,1810,0.280272530195107,"2017-09-25","2020-12-27",4757,0.380491906663864,417,122
"US-xKZ","6_hourly","ET + soil water potential",6458,2840,0.439764633013317,"2017-11-22","2021-01-27",4650,0.610752688172043,374,115
"US-xKZ","6_hourly","ET + VPD",6458,5051,0.78213069061629,"2017-08-08","2021-12-31",6428,0.785780958307405,405,201
"US-xKZ","6_hourly","ET + air temperature",6458,5051,0.78213069061629,"2017-08-08","2021-12-31",6428,0.785780958307405,405,201
"US-xKZ","6_hourly","ET + net radiation",6458,4989,0.772530195106844,"2017-08-08","2021-12-31",6428,0.7761356565028,405,206
"US-xKZ","6_hourly","ET + all core drivers",6458,2840,0.439764633013317,"2017-11-22","2021-01-27",4650,0.610752688172043,374,115
"US-xKZ","6_hourly","ET + all drivers including net radiation",6458,2813,0.435583772065655,"2017-11-22","2021-01-27",4650,0.60494623655914,374,116
"US-xMB","6_hourly","ET + soil water potential",6458,1946,0.301331681635181,"2020-03-07","2021-08-09",2081,0.935127342623739,421,24
"US-xMB","6_hourly","ET + VPD",6458,2602,0.402911117993187,"2019-01-28","2021-12-31",4276,0.608512628624883,421,49
"US-xMB","6_hourly","ET + air temperature",6458,2602,0.402911117993187,"2019-01-28","2021-12-31",4276,0.608512628624883,421,49
"US-xMB","6_hourly","ET + net radiation",6458,2431,0.376432331991329,"2019-01-28","2021-12-31",4276,0.568521983161833,383,57
"US-xMB","6_hourly","ET + all core drivers",6458,1946,0.301331681635181,"2020-03-07","2021-08-09",2081,0.935127342623739,421,24
"US-xMB","6_hourly","ET + all drivers including net radiation",6458,1786,0.276556209352741,"2020-03-07","2021-08-09",2081,0.858241230177799,383,29
"US-xML","6_hourly","ET + soil water potential",6333,3238,0.51129006789831,"2019-05-05","2021-12-31",3888,0.832818930041152,493,45
"US-xML","6_hourly","ET + VPD",6333,2656,0.419390494236539,"2019-05-05","2021-12-31",3888,0.683127572016461,493,55
"US-xML","6_hourly","ET + air temperature",6333,3242,0.511921680088426,"2019-05-05","2021-12-31",3888,0.833847736625514,493,44
"US-xML","6_hourly","ET + net radiation",6333,3193,0.504184430759514,"2019-05-05","2021-12-31",3888,0.821244855967078,493,49
"US-xML","6_hourly","ET + all core drivers",6333,2650,0.418443075951366,"2019-05-05","2021-12-31",3888,0.681584362139918,493,57
"US-xML","6_hourly","ET + all drivers including net radiation",6333,2603,0.411021632717511,"2019-05-05","2021-12-31",3888,0.669495884773663,493,61
"US-xNG","6_hourly","ET + soil water potential",6214,3491,0.561795944641133,"2017-10-08","2021-12-31",6184,0.564521345407503,499,76
"US-xNG","6_hourly","ET + VPD",6214,5580,0.897972320566463,"2017-10-05","2021-12-31",6196,0.900581020012912,573,63
"US-xNG","6_hourly","ET + air temperature",6214,5580,0.897972320566463,"2017-10-05","2021-12-31",6196,0.900581020012912,573,63
"US-xNG","6_hourly","ET + net radiation",6214,5306,0.853878339233988,"2017-10-05","2021-12-31",6196,0.856358941252421,499,79
"US-xNG","6_hourly","ET + all core drivers",6214,3491,0.561795944641133,"2017-10-08","2021-12-31",6184,0.564521345407503,499,76
"US-xNG","6_hourly","ET + all drivers including net radiation",6214,3260,0.524621821692951,"2017-10-08","2021-12-31",6184,0.527166882276843,499,81
"US-xNQ","6_hourly","ET + soil water potential",6336,512,0.0808080808080808,"2019-01-16","2019-06-14",597,0.857621440536013,491,17
"US-xNQ","6_hourly","ET + VPD",6336,2892,0.456439393939394,"2018-10-10","2021-12-31",4716,0.61323155216285,613,83
"US-xNQ","6_hourly","ET + air temperature",6336,3228,0.509469696969697,"2018-10-10","2021-12-31",4716,0.684478371501272,613,77
"US-xNQ","6_hourly","ET + net radiation",6336,3198,0.504734848484849,"2018-10-10","2021-12-31",4716,0.678117048346056,463,80
"US-xNQ","6_hourly","ET + all core drivers",6336,512,0.0808080808080808,"2019-01-16","2019-06-14",597,0.857621440536013,491,17
"US-xNQ","6_hourly","ET + all drivers including net radiation",6336,507,0.0800189393939394,"2019-01-16","2019-06-11",585,0.866666666666667,450,16
"US-xRM","6_hourly","ET + soil water potential",7072,3025,0.427743212669683,"2019-01-27","2021-07-10",3584,0.844029017857143,327,50
"US-xRM","6_hourly","ET + VPD",7072,5605,0.79256221719457,"2017-04-08","2021-12-31",6916,0.81043956043956,490,85
"US-xRM","6_hourly","ET + air temperature",7072,5612,0.793552036199095,"2017-04-08","2021-12-31",6916,0.811451706188548,490,82
"US-xRM","6_hourly","ET + net radiation",7072,5544,0.78393665158371,"2017-04-08","2021-12-31",6916,0.801619433198381,370,92
"US-xRM","6_hourly","ET + all core drivers",7072,2987,0.422369909502262,"2019-01-27","2021-07-10",3584,0.833426339285714,327,53
"US-xRM","6_hourly","ET + all drivers including net radiation",7072,2941,0.415865384615385,"2019-01-27","2021-07-10",3584,0.820591517857143,327,54
"US-xSB","6_hourly","ET + soil water potential",7181,1659,0.231026319454115,"2019-08-19","2021-11-15",3274,0.506719609040928,721,54
"US-xSB","6_hourly","ET + VPD",7181,2825,0.393399248015597,"2019-08-19","2021-12-31",3461,0.816238081479341,721,79
"US-xSB","6_hourly","ET + air temperature",7181,3013,0.419579445759644,"2019-08-19","2021-12-31",3461,0.870557642299913,721,79
"US-xSB","6_hourly","ET + net radiation",7181,2925,0.407324885113494,"2019-08-19","2021-12-31",3461,0.845131464894539,719,73
"US-xSB","6_hourly","ET + all core drivers",7181,1655,0.230469293970199,"2019-08-19","2021-11-15",3274,0.505497861942578,721,50
"US-xSB","6_hourly","ET + all drivers including net radiation",7181,1594,0.221974655340482,"2019-08-19","2021-11-15",3274,0.486866218692731,719,47
"US-xSC","6_hourly","ET + soil water potential",4384,985,0.224680656934307,"2021-03-01","2021-12-31",1224,0.804738562091503,279,27
"US-xSC","6_hourly","ET + VPD",4384,1404,0.320255474452555,"2020-08-15","2021-12-31",2014,0.697120158887785,279,34
"US-xSC","6_hourly","ET + air temperature",4384,1404,0.320255474452555,"2020-08-15","2021-12-31",2014,0.697120158887785,279,34
"US-xSC","6_hourly","ET + net radiation",4384,1385,0.315921532846715,"2020-08-15","2021-12-31",2014,0.687686196623635,267,31
"US-xSC","6_hourly","ET + all core drivers",4384,985,0.224680656934307,"2021-03-01","2021-12-31",1224,0.804738562091503,279,27
"US-xSC","6_hourly","ET + all drivers including net radiation",4384,972,0.221715328467153,"2021-03-01","2021-12-31",1224,0.794117647058823,267,26
"US-xSE","6_hourly","ET + soil water potential",6701,2961,0.441874347112371,"2019-06-08","2021-12-31",3752,0.789179104477612,332,83
"US-xSE","6_hourly","ET + VPD",6701,4119,0.614684375466348,"2017-09-16","2021-12-31",6272,0.656728316326531,548,67
"US-xSE","6_hourly","ET + air temperature",6701,4123,0.615281301298314,"2017-09-16","2021-12-31",6272,0.657366071428571,548,65
"US-xSE","6_hourly","ET + net radiation",6701,4086,0.609759737352634,"2017-09-16","2021-12-31",6272,0.651466836734694,548,69
"US-xSE","6_hourly","ET + all core drivers",6701,2956,0.441128189822415,"2019-06-08","2021-12-31",3752,0.787846481876333,332,85
"US-xSE","6_hourly","ET + all drivers including net radiation",6701,2923,0.4362035517087,"2019-06-08","2021-12-31",3752,0.779051172707889,328,87
"US-xSJ","6_hourly","ET + soil water potential",4384,3058,0.697536496350365,"2019-07-11","2021-11-30",3493,0.875465216146579,554,42
"US-xSJ","6_hourly","ET + VPD",4384,3058,0.697536496350365,"2019-07-11","2021-11-30",3493,0.875465216146579,554,42
"US-xSJ","6_hourly","ET + air temperature",4384,3058,0.697536496350365,"2019-07-11","2021-11-30",3493,0.875465216146579,554,42
"US-xSJ","6_hourly","ET + net radiation",4384,3049,0.695483576642336,"2019-07-11","2021-11-30",3493,0.872888634411681,508,45
"US-xSJ","6_hourly","ET + all core drivers",4384,3058,0.697536496350365,"2019-07-11","2021-11-30",3493,0.875465216146579,554,42
"US-xSJ","6_hourly","ET + all drivers including net radiation",4384,3049,0.695483576642336,"2019-07-11","2021-11-30",3493,0.872888634411681,508,45
"US-xSL","6_hourly","ET + soil water potential",9502,6757,0.711113449800042,"2017-07-01","2023-12-31",9500,0.711263157894737,833,192
"US-xSL","6_hourly","ET + VPD",9502,6729,0.708166701747001,"2017-07-01","2023-12-31",9500,0.708315789473684,833,191
"US-xSL","6_hourly","ET + air temperature",9502,6774,0.712902546832246,"2017-07-01","2023-12-31",9500,0.713052631578947,833,194
"US-xSL","6_hourly","ET + net radiation",9502,6682,0.703220374657967,"2017-07-01","2023-12-31",9499,0.703442467628171,732,196
"US-xSL","6_hourly","ET + all core drivers",9502,6700,0.705114712692065,"2017-07-01","2023-12-31",9500,0.705263157894737,833,192
"US-xSL","6_hourly","ET + all drivers including net radiation",9502,6621,0.696800673542412,"2017-07-01","2023-12-31",9499,0.697020739025161,732,198
"US-xSR","6_hourly","ET + soil water potential",6336,2190,0.345643939393939,"2019-04-20","2021-02-20",2688,0.814732142857143,487,76
"US-xSR","6_hourly","ET + VPD",6336,4068,0.642045454545455,"2017-10-11","2021-12-31",6172,0.659105638366818,460,146
"US-xSR","6_hourly","ET + air temperature",6336,4068,0.642045454545455,"2017-10-11","2021-12-31",6172,0.659105638366818,460,146
"US-xSR","6_hourly","ET + net radiation",6336,4027,0.635574494949495,"2017-10-11","2021-12-31",6172,0.652462734931951,460,155
"US-xSR","6_hourly","ET + all core drivers",6336,2179,0.343907828282828,"2019-04-20","2021-02-20",2688,0.810639880952381,431,77
"US-xSR","6_hourly","ET + all drivers including net radiation",6336,2151,0.339488636363636,"2019-04-20","2021-02-20",2688,0.800223214285714,431,82
"US-xST","6_hourly","ET + soil water potential",6334,3311,0.522734449005368,"2018-12-22","2021-09-20",4016,0.82445219123506,838,44
"US-xST","6_hourly","ET + VPD",6334,5818,0.918534891064098,"2017-09-01","2021-12-31",6332,0.918825015792799,838,61
"US-xST","6_hourly","ET + air temperature",6334,5818,0.918534891064098,"2017-09-01","2021-12-31",6332,0.918825015792799,838,61
"US-xST","6_hourly","ET + net radiation",6334,4738,0.74802652352384,"2018-08-23","2021-12-31",4907,0.96555940493173,838,41
"US-xST","6_hourly","ET + all core drivers",6334,3311,0.522734449005368,"2018-12-22","2021-09-20",4016,0.82445219123506,838,44
"US-xST","6_hourly","ET + all drivers including net radiation",6334,3306,0.521945058414904,"2018-12-22","2021-09-20",4016,0.823207171314741,838,44
"US-xTA","6_hourly","ET + soil water potential",6334,1959,0.309283233343859,"2018-08-23","2021-06-29",4165,0.470348139255702,300,75
"US-xTA","6_hourly","ET + VPD",6334,4909,0.775023681717714,"2017-09-01","2021-12-31",6332,0.775268477574226,305,155
"US-xTA","6_hourly","ET + air temperature",6334,4911,0.7753394379539,"2017-09-01","2021-12-31",6332,0.775584333543904,305,154
"US-xTA","6_hourly","ET + net radiation",6334,4181,0.660088411746132,"2017-09-01","2021-12-31",6332,0.660296904611497,300,131
"US-xTA","6_hourly","ET + all core drivers",6334,1959,0.309283233343859,"2018-08-23","2021-06-29",4165,0.470348139255702,300,75
"US-xTA","6_hourly","ET + all drivers including net radiation",6334,1729,0.272971266182507,"2018-08-23","2020-12-18",3393,0.509578544061303,300,63
"US-xTR","6_hourly","ET + soil water potential",6458,3030,0.469185506348715,"2017-11-11","2021-11-19",5877,0.515569167942828,786,67
"US-xTR","6_hourly","ET + VPD",6458,5524,0.855373180551254,"2017-08-01","2021-08-15",5901,0.936112523301135,786,65
"US-xTR","6_hourly","ET + air temperature",6458,6085,0.942242180241561,"2017-08-01","2021-12-31",6456,0.942534076827757,786,63
"US-xTR","6_hourly","ET + net radiation",6458,6051,0.936977392381542,"2017-08-01","2021-12-31",6456,0.937267657992565,601,75
"US-xTR","6_hourly","ET + all core drivers",6458,2912,0.450913595540415,"2017-11-11","2021-08-15",5493,0.530129255415984,786,59
"US-xTR","6_hourly","ET + all drivers including net radiation",6458,2887,0.447042427996284,"2017-11-11","2021-08-15",5493,0.525578008374295,601,69
"US-xUK","6_hourly","ET + soil water potential",6458,1992,0.308454629916383,"2019-03-22","2021-02-09",2762,0.721216509775525,361,39
"US-xUK","6_hourly","ET + VPD",6458,4471,0.692319603592443,"2017-08-01","2021-12-31",6456,0.692534076827757,361,89
"US-xUK","6_hourly","ET + air temperature",6458,4507,0.697894084855993,"2017-08-01","2021-12-31",6456,0.698110285006196,361,87
"US-xUK","6_hourly","ET + net radiation",6458,4326,0.669866831836482,"2017-08-01","2021-12-31",6456,0.670074349442379,295,92
"US-xUK","6_hourly","ET + all core drivers",6458,1965,0.304273768968721,"2019-03-22","2021-02-09",2762,0.711440984793628,361,42
"US-xUK","6_hourly","ET + all drivers including net radiation",6458,1802,0.279033756580985,"2019-03-22","2021-02-09",2762,0.652425778421434,295,41
"US-xUN","6_hourly","ET + soil water potential",7183,3702,0.515383544480022,"2018-08-21","2021-12-31",4916,0.753051261187958,756,95
"US-xUN","6_hourly","ET + VPD",7183,5975,0.831825142698037,"2017-04-03","2021-12-31",6935,0.861571737563086,757,94
"US-xUN","6_hourly","ET + air temperature",7183,6090,0.847835166365029,"2017-04-03","2021-12-31",6935,0.878154289834174,757,90
"US-xUN","6_hourly","ET + net radiation",7183,6029,0.839342892941668,"2017-04-03","2021-12-31",6935,0.869358327325162,756,98
"US-xUN","6_hourly","ET + all core drivers",7183,3702,0.515383544480022,"2018-08-21","2021-12-31",4916,0.753051261187958,756,95
"US-xUN","6_hourly","ET + all drivers including net radiation",7183,3685,0.51301684532925,"2018-08-21","2021-12-31",4916,0.749593165174939,756,98
"US-xWD","6_hourly","ET + soil water potential",9254,7450,0.805057272530798,"2017-09-02","2023-12-31",9244,0.80592816962354,646,139
"US-xWD","6_hourly","ET + VPD",9254,7801,0.842986816511779,"2017-09-02","2023-12-31",9244,0.843898745131977,726,143
"US-xWD","6_hourly","ET + air temperature",9254,7801,0.842986816511779,"2017-09-02","2023-12-31",9244,0.843898745131977,726,143
"US-xWD","6_hourly","ET + net radiation",9254,7744,0.836827317916577,"2017-09-02","2023-12-31",9244,0.837732583297274,615,138
"US-xWD","6_hourly","ET + all core drivers",9254,7443,0.804300842878755,"2017-09-02","2023-12-31",9244,0.805170921678927,646,142
"US-xWD","6_hourly","ET + all drivers including net radiation",9254,7384,0.797925221525827,"2017-09-02","2023-12-31",9244,0.79878840328862,615,138
"US-xYE","6_hourly","ET + soil water potential",4756,1612,0.338940285954584,"2019-07-29","2021-12-04",3437,0.469013674716322,203,131
"US-xYE","6_hourly","ET + VPD",4756,3133,0.658746846089151,"2019-01-02","2021-12-31",4380,0.715296803652968,390,115
"US-xYE","6_hourly","ET + air temperature",4756,3133,0.658746846089151,"2019-01-02","2021-12-31",4380,0.715296803652968,390,115
"US-xYE","6_hourly","ET + net radiation",4756,2939,0.617956265769554,"2019-01-02","2021-12-31",4380,0.671004566210046,182,166
"US-xYE","6_hourly","ET + all core drivers",4756,1612,0.338940285954584,"2019-07-29","2021-12-04",3437,0.469013674716322,203,131
"US-xYE","6_hourly","ET + all drivers including net radiation",4756,1476,0.310344827586207,"2019-07-29","2021-11-13",3354,0.440071556350626,153,159
"US-A32","daily","ET + soil water potential",731,560,0.766073871409029,"2015-06-17","2017-06-13",728,0.769230769230769,189,11
"US-A32","daily","ET + VPD",731,560,0.766073871409029,"2015-06-17","2017-06-13",728,0.769230769230769,189,11
"US-A32","daily","ET + air temperature",731,560,0.766073871409029,"2015-06-17","2017-06-13",728,0.769230769230769,189,11
"US-A32","daily","ET + net radiation",731,554,0.757865937072503,"2015-06-17","2017-06-13",728,0.760989010989011,189,12
"US-A32","daily","ET + all core drivers",731,560,0.766073871409029,"2015-06-17","2017-06-13",728,0.769230769230769,189,11
"US-A32","daily","ET + all drivers including net radiation",731,554,0.757865937072503,"2015-06-17","2017-06-13",728,0.760989010989011,189,12
"US-A74","daily","ET + soil water potential",641,473,0.737909516380655,"2016-01-28","2017-10-22",634,0.746056782334385,279,6
"US-A74","daily","ET + VPD",641,473,0.737909516380655,"2016-01-28","2017-10-22",634,0.746056782334385,279,6
"US-A74","daily","ET + air temperature",641,473,0.737909516380655,"2016-01-28","2017-10-22",634,0.746056782334385,279,6
"US-A74","daily","ET + net radiation",641,449,0.700468018720749,"2016-01-28","2017-10-22",634,0.70820189274448,273,6
"US-A74","daily","ET + all core drivers",641,473,0.737909516380655,"2016-01-28","2017-10-22",634,0.746056782334385,279,6
"US-A74","daily","ET + all drivers including net radiation",641,449,0.700468018720749,"2016-01-28","2017-10-22",634,0.70820189274448,273,6
"US-AR1","daily","ET + soil water potential",1344,1220,0.907738095238095,"2009-04-29","2012-12-30",1342,0.909090909090909,480,6
"US-AR1","daily","ET + VPD",1344,1220,0.907738095238095,"2009-04-29","2012-12-30",1342,0.909090909090909,480,6
"US-AR1","daily","ET + air temperature",1344,1220,0.907738095238095,"2009-04-29","2012-12-30",1342,0.909090909090909,480,6
"US-AR1","daily","ET + net radiation",1344,1174,0.873511904761905,"2009-06-04","2012-12-30",1306,0.898928024502297,480,7
"US-AR1","daily","ET + all core drivers",1344,1220,0.907738095238095,"2009-04-29","2012-12-30",1342,0.909090909090909,480,6
"US-AR1","daily","ET + all drivers including net radiation",1344,1174,0.873511904761905,"2009-06-04","2012-12-30",1306,0.898928024502297,480,7
"US-AR2","daily","ET + soil water potential",1193,1052,0.881810561609388,"2009-04-30","2012-04-12",1079,0.974976830398517,517,6
"US-AR2","daily","ET + VPD",1193,1122,0.940486169321039,"2009-04-30","2012-08-02",1191,0.942065491183879,517,7
"US-AR2","daily","ET + air temperature",1193,1122,0.940486169321039,"2009-04-30","2012-08-02",1191,0.942065491183879,517,7
"US-AR2","daily","ET + net radiation",1193,1122,0.940486169321039,"2009-04-30","2012-08-02",1191,0.942065491183879,517,7
"US-AR2","daily","ET + all core drivers",1193,1052,0.881810561609388,"2009-04-30","2012-04-12",1079,0.974976830398517,517,6
"US-AR2","daily","ET + all drivers including net radiation",1193,1052,0.881810561609388,"2009-04-30","2012-04-12",1079,0.974976830398517,517,6
"US-ARM","daily","ET + soil water potential",7670,6408,0.835462842242503,"2003-01-02","2023-12-31",7669,0.835571782500978,413,148
"US-ARM","daily","ET + VPD",7670,6930,0.903520208604954,"2003-01-02","2023-12-31",7669,0.903638023210327,415,150
"US-ARM","daily","ET + air temperature",7670,6932,0.903780964797914,"2003-01-02","2023-12-31",7669,0.903898813404616,415,148
"US-ARM","daily","ET + net radiation",7670,5321,0.69374185136897,"2007-04-22","2023-12-31",6098,0.872581174155461,290,92
"US-ARM","daily","ET + all core drivers",7670,6224,0.811473272490222,"2003-01-02","2023-12-31",7669,0.811579084626418,329,149
"US-ARM","daily","ET + all drivers including net radiation",7670,4679,0.610039113428944,"2007-04-22","2023-12-31",6098,0.767300754345687,290,99
"US-ARb","daily","ET + soil water potential",604,0,0,NA,NA,0,NA,0,0
"US-ARb","daily","ET + VPD",604,592,0.980132450331126,"2005-03-10","2006-10-31",601,0.985024958402662,463,3
"US-ARb","daily","ET + air temperature",604,592,0.980132450331126,"2005-03-10","2006-10-31",601,0.985024958402662,463,3
"US-ARb","daily","ET + net radiation",604,592,0.980132450331126,"2005-03-10","2006-10-31",601,0.985024958402662,463,3
"US-ARb","daily","ET + all core drivers",604,0,0,NA,NA,0,NA,0,0
"US-ARb","daily","ET + all drivers including net radiation",604,0,0,NA,NA,0,NA,0,0
"US-ARc","daily","ET + soil water potential",605,0,0,NA,NA,0,NA,0,0
"US-ARc","daily","ET + VPD",605,603,0.996694214876033,"2005-03-08","2006-10-31",603,1,603,1
"US-ARc","daily","ET + air temperature",605,603,0.996694214876033,"2005-03-08","2006-10-31",603,1,603,1
"US-ARc","daily","ET + net radiation",605,602,0.99504132231405,"2005-03-09","2006-10-31",602,1,602,1
"US-ARc","daily","ET + all core drivers",605,0,0,NA,NA,0,NA,0,0
"US-ARc","daily","ET + all drivers including net radiation",605,0,0,NA,NA,0,NA,0,0
"US-ASH","daily","ET + soil water potential",93,0,0,NA,NA,0,NA,0,0
"US-ASH","daily","ET + VPD",93,81,0.870967741935484,"2016-10-12","2016-12-31",81,1,81,1
"US-ASH","daily","ET + air temperature",93,81,0.870967741935484,"2016-10-12","2016-12-31",81,1,81,1
"US-ASH","daily","ET + net radiation",93,80,0.860215053763441,"2016-10-12","2016-12-31",81,0.987654320987654,74,2
"US-ASH","daily","ET + all core drivers",93,0,0,NA,NA,0,NA,0,0
"US-ASH","daily","ET + all drivers including net radiation",93,0,0,NA,NA,0,NA,0,0
"US-ASM","daily","ET + soil water potential",93,0,0,NA,NA,0,NA,0,0
"US-ASM","daily","ET + VPD",93,92,0.989247311827957,"2016-10-01","2016-12-31",92,1,92,1
"US-ASM","daily","ET + air temperature",93,92,0.989247311827957,"2016-10-01","2016-12-31",92,1,92,1
"US-ASM","daily","ET + net radiation",93,90,0.967741935483871,"2016-10-01","2016-12-31",92,0.978260869565217,74,3
"US-ASM","daily","ET + all core drivers",93,0,0,NA,NA,0,NA,0,0
"US-ASM","daily","ET + all drivers including net radiation",93,0,0,NA,NA,0,NA,0,0
"US-Akn","daily","ET + soil water potential",4090,0,0,NA,NA,0,NA,0,0
"US-Akn","daily","ET + VPD",4090,1962,0.479706601466993,"2016-01-01","2022-04-26",2308,0.850086655112652,546,22
"US-Akn","daily","ET + air temperature",4090,1962,0.479706601466993,"2016-01-01","2022-04-26",2308,0.850086655112652,546,22
"US-Akn","daily","ET + net radiation",4090,0,0,NA,NA,0,NA,0,0
"US-Akn","daily","ET + all core drivers",4090,0,0,NA,NA,0,NA,0,0
"US-Akn","daily","ET + all drivers including net radiation",4090,0,0,NA,NA,0,NA,0,0
"US-BRG","daily","ET + soil water potential",1775,1008,0.567887323943662,"2017-04-20","2020-11-11",1302,0.774193548387097,460,20
"US-BRG","daily","ET + VPD",1775,984,0.554366197183099,"2017-04-20","2020-11-11",1302,0.755760368663594,460,19
"US-BRG","daily","ET + air temperature",1775,984,0.554366197183099,"2017-04-20","2020-11-11",1302,0.755760368663594,460,19
"US-BRG","daily","ET + net radiation",1775,0,0,NA,NA,0,NA,0,0
"US-BRG","daily","ET + all core drivers",1775,984,0.554366197183099,"2017-04-20","2020-11-11",1302,0.755760368663594,460,19
"US-BRG","daily","ET + all drivers including net radiation",1775,0,0,NA,NA,0,NA,0,0
"US-Bar","daily","ET + soil water potential",6912,5929,0.857783564814815,"2004-06-05","2022-10-04",6696,0.885454002389486,413,108
"US-Bar","daily","ET + VPD",6912,6027,0.871961805555556,"2004-02-29","2022-10-04",6793,0.887236861475048,413,109
"US-Bar","daily","ET + air temperature",6912,6029,0.872251157407407,"2004-02-29","2022-10-04",6793,0.887531282202267,413,109
"US-Bar","daily","ET + net radiation",6912,6019,0.870804398148148,"2004-02-29","2022-10-04",6793,0.886059178566171,413,111
"US-Bar","daily","ET + all core drivers",6912,5929,0.857783564814815,"2004-06-05","2022-10-04",6696,0.885454002389486,413,108
"US-Bar","daily","ET + all drivers including net radiation",6912,5919,0.856336805555556,"2004-06-05","2022-10-04",6696,0.883960573476703,413,110
"US-Bi1","daily","ET + soil water potential",1968,1920,0.975609756097561,"2016-09-18","2021-12-31",1931,0.994303469704816,1231,5
"US-Bi1","daily","ET + VPD",1968,1938,0.984756097560976,"2016-08-13","2021-12-31",1967,0.985256736146416,919,7
"US-Bi1","daily","ET + air temperature",1968,1938,0.984756097560976,"2016-08-13","2021-12-31",1967,0.985256736146416,919,7
"US-Bi1","daily","ET + net radiation",1968,1952,0.991869918699187,"2016-08-13","2021-12-31",1967,0.992374173868836,509,7
"US-Bi1","daily","ET + all core drivers",1968,1902,0.966463414634146,"2016-09-18","2021-12-31",1931,0.984981874676333,919,7
"US-Bi1","daily","ET + all drivers including net radiation",1968,1898,0.964430894308943,"2016-09-18","2021-12-31",1931,0.982910409114448,509,9
"US-Bi2","daily","ET + soil water potential",1711,1650,0.964348334307423,"2017-04-27","2021-12-31",1710,0.964912280701754,456,16
"US-Bi2","daily","ET + VPD",1711,1627,0.950905902980713,"2017-04-27","2021-12-31",1710,0.951461988304094,380,23
"US-Bi2","daily","ET + air temperature",1711,1629,0.952074810052601,"2017-04-27","2021-12-31",1710,0.952631578947368,380,23
"US-Bi2","daily","ET + net radiation",1711,1667,0.974284044418469,"2017-04-27","2021-12-31",1710,0.974853801169591,501,13
"US-Bi2","daily","ET + all core drivers",1711,1610,0.940970192869667,"2017-04-27","2021-12-31",1710,0.941520467836257,335,26
"US-Bi2","daily","ET + all drivers including net radiation",1711,1610,0.940970192869667,"2017-04-27","2021-12-31",1710,0.941520467836257,335,26
"US-CF1","daily","ET + soil water potential",1695,716,0.422418879056047,"2019-09-28","2021-12-31",826,0.86682808716707,224,11
"US-CF1","daily","ET + VPD",1695,1513,0.892625368731563,"2017-05-13","2021-12-31",1694,0.893152302243211,284,15
"US-CF1","daily","ET + air temperature",1695,1513,0.892625368731563,"2017-05-13","2021-12-31",1694,0.893152302243211,284,15
"US-CF1","daily","ET + net radiation",1695,1338,0.789380530973451,"2017-05-13","2021-12-31",1694,0.789846517119244,236,60
"US-CF1","daily","ET + all core drivers",1695,716,0.422418879056047,"2019-09-28","2021-12-31",826,0.86682808716707,224,11
"US-CF1","daily","ET + all drivers including net radiation",1695,556,0.328023598820059,"2019-09-28","2021-12-31",826,0.673123486682809,93,54
"US-CF2","daily","ET + soil water potential",1333,859,0.644411102775694,"2017-11-08","2020-12-06",1125,0.763555555555556,209,16
"US-CF2","daily","ET + VPD",1333,1154,0.865716429107277,"2017-05-10","2020-12-31",1332,0.866366366366366,209,19
"US-CF2","daily","ET + air temperature",1333,1154,0.865716429107277,"2017-05-10","2020-12-31",1332,0.866366366366366,209,19
"US-CF2","daily","ET + net radiation",1333,1131,0.848462115528882,"2017-05-10","2020-12-31",1332,0.849099099099099,189,23
"US-CF2","daily","ET + all core drivers",1333,859,0.644411102775694,"2017-11-08","2020-12-06",1125,0.763555555555556,209,16
"US-CF2","daily","ET + all drivers including net radiation",1333,839,0.629407351837959,"2017-11-08","2020-12-06",1125,0.745777777777778,189,20
"US-CF3","daily","ET + soil water potential",1674,540,0.32258064516129,"2019-10-01","2021-12-31",823,0.656136087484812,280,5
"US-CF3","daily","ET + VPD",1674,1103,0.658900836320191,"2017-06-03","2021-12-31",1673,0.659294680215182,280,13
"US-CF3","daily","ET + air temperature",1674,1103,0.658900836320191,"2017-06-03","2021-12-31",1673,0.659294680215182,280,13
"US-CF3","daily","ET + net radiation",1674,1061,0.633811230585424,"2017-06-03","2021-12-28",1670,0.635329341317365,280,19
"US-CF3","daily","ET + all core drivers",1674,540,0.32258064516129,"2019-10-01","2021-12-31",823,0.656136087484812,280,5
"US-CF3","daily","ET + all drivers including net radiation",1674,528,0.315412186379928,"2019-10-01","2021-12-28",820,0.64390243902439,280,11
"US-CF4","daily","ET + soil water potential",1674,530,0.316606929510155,"2019-09-26","2021-12-31",828,0.640096618357488,133,7
"US-CF4","daily","ET + VPD",1674,1206,0.720430107526882,"2017-06-15","2021-12-31",1661,0.726068633353402,197,13
"US-CF4","daily","ET + air temperature",1674,1206,0.720430107526882,"2017-06-15","2021-12-31",1661,0.726068633353402,197,13
"US-CF4","daily","ET + net radiation",1674,1150,0.686977299880526,"2017-06-15","2021-12-09",1639,0.701647345942648,197,24
"US-CF4","daily","ET + all core drivers",1674,530,0.316606929510155,"2019-09-26","2021-12-31",828,0.640096618357488,133,7
"US-CF4","daily","ET + all drivers including net radiation",1674,477,0.28494623655914,"2019-09-26","2021-12-09",806,0.59181141439206,94,18
"US-CGG","daily","ET + soil water potential",916,582,0.635371179039301,"2019-11-27","2021-12-31",766,0.759791122715405,372,11
"US-CGG","daily","ET + VPD",916,784,0.85589519650655,"2019-08-15","2021-12-31",870,0.901149425287356,413,16
"US-CGG","daily","ET + air temperature",916,784,0.85589519650655,"2019-08-15","2021-12-31",870,0.901149425287356,413,16
"US-CGG","daily","ET + net radiation",916,784,0.85589519650655,"2019-07-01","2021-12-31",915,0.856830601092896,413,17
"US-CGG","daily","ET + all core drivers",916,577,0.629912663755459,"2019-12-06","2021-12-31",757,0.76221928665786,372,9
"US-CGG","daily","ET + all drivers including net radiation",916,577,0.629912663755459,"2019-12-06","2021-12-31",757,0.76221928665786,372,9
"US-CRT","daily","ET + soil water potential",1096,1093,0.997262773722628,"2011-01-01","2013-12-31",1096,0.997262773722628,1043,3
"US-CRT","daily","ET + VPD",1096,1093,0.997262773722628,"2011-01-01","2013-12-31",1096,0.997262773722628,1043,3
"US-CRT","daily","ET + air temperature",1096,1093,0.997262773722628,"2011-01-01","2013-12-31",1096,0.997262773722628,1043,3
"US-CRT","daily","ET + net radiation",1096,1083,0.988138686131387,"2011-01-01","2013-12-31",1096,0.988138686131387,618,7
"US-CRT","daily","ET + all core drivers",1096,1093,0.997262773722628,"2011-01-01","2013-12-31",1096,0.997262773722628,1043,3
"US-CRT","daily","ET + all drivers including net radiation",1096,1083,0.988138686131387,"2011-01-01","2013-12-31",1096,0.988138686131387,618,7
"US-CS1","daily","ET + soil water potential",304,0,0,NA,NA,0,NA,0,0
"US-CS1","daily","ET + VPD",304,295,0.970394736842105,"2018-06-30","2019-04-25",300,0.983333333333333,194,3
"US-CS1","daily","ET + air temperature",304,295,0.970394736842105,"2018-06-30","2019-04-25",300,0.983333333333333,194,3
"US-CS1","daily","ET + net radiation",304,295,0.970394736842105,"2018-06-30","2019-04-25",300,0.983333333333333,194,3
"US-CS1","daily","ET + all core drivers",304,0,0,NA,NA,0,NA,0,0
"US-CS1","daily","ET + all drivers including net radiation",304,0,0,NA,NA,0,NA,0,0
"US-CS2","daily","ET + soil water potential",1417,70,0.0494001411432604,"2021-07-18","2022-08-26",405,0.172839506172839,19,10
"US-CS2","daily","ET + VPD",1417,741,0.522935779816514,"2018-10-12","2022-08-26",1415,0.523674911660777,104,61
"US-CS2","daily","ET + air temperature",1417,741,0.522935779816514,"2018-10-12","2022-08-26",1415,0.523674911660777,104,61
"US-CS2","daily","ET + net radiation",1417,570,0.402258292166549,"2018-10-13","2022-08-26",1414,0.403111739745403,93,38
"US-CS2","daily","ET + all core drivers",1417,70,0.0494001411432604,"2021-07-18","2022-08-26",405,0.172839506172839,19,10
"US-CS2","daily","ET + all drivers including net radiation",1417,38,0.0268172194777699,"2021-07-18","2022-08-26",405,0.0938271604938272,18,3
"US-CS3","daily","ET + soil water potential",353,0,0,NA,NA,0,NA,0,0
"US-CS3","daily","ET + VPD",353,350,0.991501416430595,"2019-04-26","2020-04-10",351,0.997150997150997,182,2
"US-CS3","daily","ET + air temperature",353,350,0.991501416430595,"2019-04-26","2020-04-10",351,0.997150997150997,182,2
"US-CS3","daily","ET + net radiation",353,349,0.988668555240793,"2019-04-26","2020-04-10",351,0.994301994301994,168,3
"US-CS3","daily","ET + all core drivers",353,0,0,NA,NA,0,NA,0,0
"US-CS3","daily","ET + all drivers including net radiation",353,0,0,NA,NA,0,NA,0,0
"US-CS4","daily","ET + soil water potential",383,0,0,NA,NA,0,NA,0,0
"US-CS4","daily","ET + VPD",383,307,0.801566579634465,"2020-04-11","2021-02-14",310,0.990322580645161,215,2
"US-CS4","daily","ET + air temperature",383,307,0.801566579634465,"2020-04-11","2021-02-14",310,0.990322580645161,215,2
"US-CS4","daily","ET + net radiation",383,277,0.723237597911227,"2020-04-11","2021-01-16",281,0.98576512455516,143,3
"US-CS4","daily","ET + all core drivers",383,0,0,NA,NA,0,NA,0,0
"US-CS4","daily","ET + all drivers including net radiation",383,0,0,NA,NA,0,NA,0,0
"US-CS5","daily","ET + soil water potential",250,95,0.38,"2021-06-17","2021-09-20",96,0.989583333333333,93,2
"US-CS5","daily","ET + VPD",250,226,0.904,"2021-05-19","2021-12-31",227,0.995594713656388,218,2
"US-CS5","daily","ET + air temperature",250,226,0.904,"2021-05-19","2021-12-31",227,0.995594713656388,218,2
"US-CS5","daily","ET + net radiation",250,196,0.784,"2021-06-18","2021-12-31",197,0.99492385786802,189,2
"US-CS5","daily","ET + all core drivers",250,95,0.38,"2021-06-17","2021-09-20",96,0.989583333333333,93,2
"US-CS5","daily","ET + all drivers including net radiation",250,93,0.372,"2021-06-18","2021-09-20",95,0.978947368421053,84,3
"US-CS6","daily","ET + soil water potential",407,260,0.638820638820639,"2022-06-22","2023-05-21",334,0.778443113772455,87,5
"US-CS6","daily","ET + VPD",407,260,0.638820638820639,"2022-06-22","2023-05-21",334,0.778443113772455,87,5
"US-CS6","daily","ET + air temperature",407,260,0.638820638820639,"2022-06-22","2023-05-21",334,0.778443113772455,87,5
"US-CS6","daily","ET + net radiation",407,258,0.633906633906634,"2022-06-22","2023-05-21",334,0.772455089820359,86,6
"US-CS6","daily","ET + all core drivers",407,260,0.638820638820639,"2022-06-22","2023-05-21",334,0.778443113772455,87,5
"US-CS6","daily","ET + all drivers including net radiation",407,258,0.633906633906634,"2022-06-22","2023-05-21",334,0.772455089820359,86,6
"US-CS8","daily","ET + soil water potential",143,0,0,NA,NA,0,NA,0,0
"US-CS8","daily","ET + VPD",143,138,0.965034965034965,"2023-06-19","2023-11-06",141,0.978723404255319,88,2
"US-CS8","daily","ET + air temperature",143,138,0.965034965034965,"2023-06-19","2023-11-06",141,0.978723404255319,88,2
"US-CS8","daily","ET + net radiation",143,137,0.958041958041958,"2023-06-19","2023-11-06",141,0.971631205673759,88,2
"US-CS8","daily","ET + all core drivers",143,0,0,NA,NA,0,NA,0,0
"US-CS8","daily","ET + all drivers including net radiation",143,0,0,NA,NA,0,NA,0,0
"US-CdM","daily","ET + soil water potential",1591,1411,0.88686360779384,"2019-06-15","2023-10-20",1589,0.887979861548143,333,21
"US-CdM","daily","ET + VPD",1591,1491,0.937146448774356,"2019-06-15","2023-10-20",1589,0.938325991189427,451,23
"US-CdM","daily","ET + air temperature",1591,1492,0.937774984286612,"2019-06-15","2023-10-20",1589,0.938955317809943,451,22
"US-CdM","daily","ET + net radiation",1591,0,0,NA,NA,0,NA,0,0
"US-CdM","daily","ET + all core drivers",1591,1411,0.88686360779384,"2019-06-15","2023-10-20",1589,0.887979861548143,333,21
"US-CdM","daily","ET + all drivers including net radiation",1591,0,0,NA,NA,0,NA,0,0
"US-Cop","daily","ET + soil water potential",2556,1379,0.539514866979656,"2001-04-01","2007-11-22",2427,0.568191182529872,252,34
"US-Cop","daily","ET + VPD",2556,1285,0.502738654147105,"2001-04-01","2007-11-22",2427,0.529460238978162,252,24
"US-Cop","daily","ET + air temperature",2556,1285,0.502738654147105,"2001-04-01","2007-11-22",2427,0.529460238978162,252,24
"US-Cop","daily","ET + net radiation",2556,1270,0.496870109546166,"2001-04-03","2007-11-15",2418,0.525227460711332,125,36
"US-Cop","daily","ET + all core drivers",2556,1285,0.502738654147105,"2001-04-01","2007-11-22",2427,0.529460238978162,252,24
"US-Cop","daily","ET + all drivers including net radiation",2556,1176,0.460093896713615,"2001-04-03","2007-11-15",2418,0.486352357320099,125,26
"US-Cst","daily","ET + soil water potential",1707,1442,0.844756883421207,"2013-05-01","2017-12-31",1706,0.845252051582649,264,25
"US-Cst","daily","ET + VPD",1707,1444,0.845928529584066,"2013-05-01","2017-12-31",1706,0.846424384525205,264,25
"US-Cst","daily","ET + air temperature",1707,1444,0.845928529584066,"2013-05-01","2017-12-31",1706,0.846424384525205,264,25
"US-Cst","daily","ET + net radiation",1707,1237,0.724663151728178,"2013-05-01","2017-12-31",1706,0.725087924970692,184,28
"US-Cst","daily","ET + all core drivers",1707,1442,0.844756883421207,"2013-05-01","2017-12-31",1706,0.845252051582649,264,25
"US-Cst","daily","ET + all drivers including net radiation",1707,1237,0.724663151728178,"2013-05-01","2017-12-31",1706,0.725087924970692,184,28
"US-DFC","daily","ET + soil water potential",1539,955,0.62053281351527,"2018-10-18","2022-12-31",1536,0.621744791666667,454,31
"US-DFC","daily","ET + VPD",1539,1438,0.934372969460689,"2018-10-18","2022-12-31",1536,0.936197916666667,630,20
"US-DFC","daily","ET + air temperature",1539,1438,0.934372969460689,"2018-10-18","2022-12-31",1536,0.936197916666667,630,20
"US-DFC","daily","ET + net radiation",1539,1000,0.649772579597141,"2018-10-18","2022-12-30",1535,0.651465798045603,229,28
"US-DFC","daily","ET + all core drivers",1539,955,0.62053281351527,"2018-10-18","2022-12-31",1536,0.621744791666667,454,31
"US-DFC","daily","ET + all drivers including net radiation",1539,765,0.497076023391813,"2018-10-18","2022-12-30",1535,0.498371335504886,229,36
"US-DS3","daily","ET + soil water potential",773,689,0.891332470892626,"2021-08-04","2023-09-06",764,0.901832460732984,296,22
"US-DS3","daily","ET + VPD",773,689,0.891332470892626,"2021-08-04","2023-09-06",764,0.901832460732984,296,22
"US-DS3","daily","ET + air temperature",773,689,0.891332470892626,"2021-08-04","2023-09-06",764,0.901832460732984,296,22
"US-DS3","daily","ET + net radiation",773,619,0.800776196636481,"2021-08-05","2023-09-06",763,0.81127129750983,165,26
"US-DS3","daily","ET + all core drivers",773,689,0.891332470892626,"2021-08-04","2023-09-06",764,0.901832460732984,296,22
"US-DS3","daily","ET + all drivers including net radiation",773,619,0.800776196636481,"2021-08-05","2023-09-06",763,0.81127129750983,165,26
"US-Fmf","daily","ET + soil water potential",1982,1760,0.887991927346115,"2005-08-26","2010-12-31",1954,0.9007164790174,484,15
"US-Fmf","daily","ET + VPD",1982,1799,0.907669021190716,"2005-07-30","2010-12-31",1981,0.908127208480565,484,19
"US-Fmf","daily","ET + air temperature",1982,1799,0.907669021190716,"2005-07-30","2010-12-31",1981,0.908127208480565,484,19
"US-Fmf","daily","ET + net radiation",1982,1817,0.916750756811302,"2005-07-30","2010-12-31",1981,0.917213528520949,484,23
"US-Fmf","daily","ET + all core drivers",1982,1706,0.860746720484359,"2005-08-26","2010-12-31",1954,0.873080859774821,484,15
"US-Fmf","daily","ET + all drivers including net radiation",1982,1685,0.850151362260343,"2005-08-26","2010-12-31",1954,0.862333674513818,484,20
"US-Fuf","daily","ET + soil water potential",1943,1696,0.872876994338652,"2005-09-10","2010-12-22",1930,0.878756476683938,325,22
"US-Fuf","daily","ET + VPD",1943,1650,0.849202264539372,"2005-09-09","2010-10-12",1860,0.887096774193548,266,13
"US-Fuf","daily","ET + air temperature",1943,1749,0.900154400411734,"2005-09-07","2010-12-22",1933,0.904811174340403,274,20
"US-Fuf","daily","ET + net radiation",1943,1677,0.863098301595471,"2005-09-07","2010-12-22",1933,0.867563372995344,273,17
"US-Fuf","daily","ET + all core drivers",1943,1594,0.820380854348945,"2005-09-10","2010-10-12",1859,0.857450242065627,231,16
"US-Fuf","daily","ET + all drivers including net radiation",1943,1549,0.79722079258878,"2005-09-10","2010-10-12",1859,0.833243679397526,208,19
"US-Fwf","daily","ET + soil water potential",2026,1804,0.890424481737414,"2005-06-16","2010-12-31",2025,0.890864197530864,655,15
"US-Fwf","daily","ET + VPD",2026,1875,0.925468904244817,"2005-06-23","2010-12-31",2018,0.929137760158573,655,13
"US-Fwf","daily","ET + air temperature",2026,1875,0.925468904244817,"2005-06-23","2010-12-31",2018,0.929137760158573,655,13
"US-Fwf","daily","ET + net radiation",2026,1861,0.918558736426456,"2005-06-16","2010-12-31",2025,0.919012345679012,655,15
"US-Fwf","daily","ET + all core drivers",2026,1797,0.886969397828233,"2005-06-23","2010-12-31",2018,0.890485629335976,655,15
"US-Fwf","daily","ET + all drivers including net radiation",2026,1778,0.877591312931886,"2005-06-23","2010-12-31",2018,0.881070366699703,655,17
"US-GLE","daily","ET + soil water potential",5753,4787,0.832087606466192,"2005-01-01","2020-09-30",5752,0.832232267037552,513,59
"US-GLE","daily","ET + VPD",5753,5088,0.884408134886146,"2006-08-02","2020-09-30",5174,0.983378430614611,543,37
"US-GLE","daily","ET + air temperature",5753,5659,0.983660698765861,"2005-01-01","2020-09-30",5752,0.983831710709319,768,41
"US-GLE","daily","ET + net radiation",5753,5556,0.965756996349731,"2005-04-20","2020-09-30",5643,0.984582668793195,744,37
"US-GLE","daily","ET + all core drivers",5753,4216,0.732835042586477,"2006-08-02","2020-09-30",5174,0.814843448009277,392,55
"US-GLE","daily","ET + all drivers including net radiation",5753,4215,0.732661220232922,"2006-08-02","2020-09-30",5174,0.814650173946656,392,55
"US-HB2","daily","ET + soil water potential",365,349,0.956164383561644,"2019-01-01","2019-12-31",365,0.956164383561644,222,5
"US-HB2","daily","ET + VPD",365,349,0.956164383561644,"2019-01-01","2019-12-31",365,0.956164383561644,222,5
"US-HB2","daily","ET + air temperature",365,349,0.956164383561644,"2019-01-01","2019-12-31",365,0.956164383561644,222,5
"US-HB2","daily","ET + net radiation",365,344,0.942465753424658,"2019-01-01","2019-12-31",365,0.942465753424658,177,5
"US-HB2","daily","ET + all core drivers",365,349,0.956164383561644,"2019-01-01","2019-12-31",365,0.956164383561644,222,5
"US-HB2","daily","ET + all drivers including net radiation",365,344,0.942465753424658,"2019-01-01","2019-12-31",365,0.942465753424658,177,5
"US-HB3","daily","ET + soil water potential",1460,1432,0.980821917808219,"2019-01-05","2022-12-31",1457,0.982841455044612,745,6
"US-HB3","daily","ET + VPD",1460,1407,0.963698630136986,"2019-02-19","2022-12-31",1412,0.996458923512748,772,3
"US-HB3","daily","ET + air temperature",1460,1407,0.963698630136986,"2019-02-19","2022-12-31",1412,0.996458923512748,772,3
"US-HB3","daily","ET + net radiation",1460,1436,0.983561643835616,"2019-01-06","2022-12-31",1456,0.986263736263736,733,8
"US-HB3","daily","ET + all core drivers",1460,1401,0.95958904109589,"2019-02-19","2022-12-31",1412,0.992209631728045,742,5
"US-HB3","daily","ET + all drivers including net radiation",1460,1393,0.954109589041096,"2019-02-19","2022-12-31",1412,0.986543909348442,727,8
"US-HWB","daily","ET + soil water potential",1136,1100,0.96830985915493,"2015-07-17","2018-08-23",1134,0.970017636684303,357,7
"US-HWB","daily","ET + VPD",1136,1100,0.96830985915493,"2015-07-17","2018-08-23",1134,0.970017636684303,357,7
"US-HWB","daily","ET + air temperature",1136,1100,0.96830985915493,"2015-07-17","2018-08-23",1134,0.970017636684303,357,7
"US-HWB","daily","ET + net radiation",1136,1097,0.965669014084507,"2015-07-17","2018-08-23",1134,0.967372134038801,357,8
"US-HWB","daily","ET + all core drivers",1136,1100,0.96830985915493,"2015-07-17","2018-08-23",1134,0.970017636684303,357,7
"US-HWB","daily","ET + all drivers including net radiation",1136,1097,0.965669014084507,"2015-07-17","2018-08-23",1134,0.967372134038801,357,8
"US-Ha1","daily","ET + soil water potential",10659,0,0,NA,NA,0,NA,0,0
"US-Ha1","daily","ET + VPD",10659,10096,0.947180786190074,"1991-10-28","2020-12-31",10658,0.947269656595984,3405,16
"US-Ha1","daily","ET + air temperature",10659,10658,0.999906182568721,"1991-10-28","2020-12-31",10658,1,10658,1
"US-Ha1","daily","ET + net radiation",10659,7712,0.723520030021578,"1991-10-28","2020-10-28",10594,0.727959222201246,325,454
"US-Ha1","daily","ET + all core drivers",10659,0,0,NA,NA,0,NA,0,0
"US-Ha1","daily","ET + all drivers including net radiation",10659,0,0,NA,NA,0,NA,0,0
"US-Hn2","daily","ET + soil water potential",1124,492,0.437722419928826,"2016-01-07","2018-05-12",857,0.574095682613769,102,32
"US-Hn2","daily","ET + VPD",1124,608,0.540925266903915,"2016-01-07","2018-12-31",1090,0.557798165137615,103,33
"US-Hn2","daily","ET + air temperature",1124,608,0.540925266903915,"2016-01-07","2018-12-31",1090,0.557798165137615,103,33
"US-Hn2","daily","ET + net radiation",1124,734,0.653024911032028,"2016-01-07","2018-12-31",1090,0.673394495412844,176,39
"US-Hn2","daily","ET + all core drivers",1124,475,0.422597864768683,"2016-01-07","2018-05-12",857,0.554259043173862,102,31
"US-Hn2","daily","ET + all drivers including net radiation",1124,473,0.420818505338078,"2016-01-07","2018-05-11",856,0.552570093457944,100,31
"US-Hn3","daily","ET + soil water potential",411,0,0,NA,NA,0,NA,0,0
"US-Hn3","daily","ET + VPD",411,271,0.659367396593674,"2017-11-17","2018-12-31",410,0.660975609756098,147,3
"US-Hn3","daily","ET + air temperature",411,271,0.659367396593674,"2017-11-17","2018-12-31",410,0.660975609756098,147,3
"US-Hn3","daily","ET + net radiation",411,299,0.727493917274939,"2017-11-17","2018-12-31",410,0.729268292682927,146,3
"US-Hn3","daily","ET + all core drivers",411,0,0,NA,NA,0,NA,0,0
"US-Hn3","daily","ET + all drivers including net radiation",411,0,0,NA,NA,0,NA,0,0
"US-Ho1","daily","ET + soil water potential",10227,6361,0.621981030605261,"1999-10-27","2023-12-31",8832,0.720221920289855,1056,618
"US-Ho1","daily","ET + VPD",10227,1463,0.143052703627652,"2017-09-07","2021-10-18",1503,0.973386560212907,522,8
"US-Ho1","daily","ET + air temperature",10227,4250,0.415566637332551,"1996-01-28","2021-10-18",9396,0.452320136228182,744,419
"US-Ho1","daily","ET + net radiation",10227,2522,0.246602131612399,"2000-04-21","2023-12-31",8655,0.291392258809936,731,40
"US-Ho1","daily","ET + all core drivers",10227,1463,0.143052703627652,"2017-09-07","2021-10-18",1503,0.973386560212907,522,8
"US-Ho1","daily","ET + all drivers including net radiation",10227,1249,0.122127701183143,"2017-09-07","2021-10-18",1503,0.831004657351963,522,9
"US-Ho2","daily","ET + soil water potential",9131,0,0,NA,NA,0,NA,0,0
"US-Ho2","daily","ET + VPD",9131,1957,0.214324827510678,"2017-09-07","2023-12-31",2307,0.848287819679237,932,19
"US-Ho2","daily","ET + air temperature",9131,6125,0.670791808126164,"2002-06-14","2023-12-31",7871,0.778173040274425,932,193
"US-Ho2","daily","ET + net radiation",9131,6622,0.725221771985544,"1999-07-22","2023-12-31",8929,0.741628401836712,932,222
"US-Ho2","daily","ET + all core drivers",9131,0,0,NA,NA,0,NA,0,0
"US-Ho2","daily","ET + all drivers including net radiation",9131,0,0,NA,NA,0,NA,0,0
"US-Jo1","daily","ET + soil water potential",4651,3558,0.764996774887121,"2010-07-28","2022-09-30",4448,0.799910071942446,489,59
"US-Jo1","daily","ET + VPD",4651,3834,0.824338851859815,"2010-06-23","2022-09-30",4483,0.855230872183805,516,37
"US-Jo1","daily","ET + air temperature",4651,3834,0.824338851859815,"2010-06-23","2022-09-30",4483,0.855230872183805,516,37
"US-Jo1","daily","ET + net radiation",4651,3360,0.722425284884971,"2011-07-14","2022-09-30",4097,0.820112277276056,476,31
"US-Jo1","daily","ET + all core drivers",4651,3395,0.729950548269189,"2010-07-28","2022-09-30",4448,0.763264388489209,489,56
"US-Jo1","daily","ET + all drivers including net radiation",4651,3032,0.651902816598581,"2011-07-14","2022-09-30",4097,0.740053697827679,427,34
"US-Jo2","daily","ET + soil water potential",3806,3268,0.858644245927483,"2010-08-24","2020-12-31",3783,0.863864657679091,342,34
"US-Jo2","daily","ET + VPD",3806,3239,0.851024697845507,"2010-08-24","2020-12-31",3783,0.856198784033836,342,37
"US-Jo2","daily","ET + air temperature",3806,3241,0.851550183920126,"2010-08-24","2020-12-31",3783,0.856727464974888,342,36
"US-Jo2","daily","ET + net radiation",3806,3221,0.846295323173936,"2010-08-24","2020-12-31",3783,0.851440655564367,341,40
"US-Jo2","daily","ET + all core drivers",3806,3239,0.851024697845507,"2010-08-24","2020-12-31",3783,0.856198784033836,342,37
"US-Jo2","daily","ET + all drivers including net radiation",3806,3192,0.83867577509196,"2010-08-24","2020-12-31",3783,0.843774781919112,341,43
"US-KFS","daily","ET + soil water potential",4583,3159,0.689286493563168,"2007-06-16","2018-12-31",4217,0.749110742233815,470,62
"US-KFS","daily","ET + VPD",4583,3738,0.815622954396683,"2007-06-16","2019-12-30",4581,0.815979043876883,470,152
"US-KFS","daily","ET + air temperature",4583,4076,0.88937377263801,"2007-06-16","2019-12-31",4582,0.889567874290703,549,86
"US-KFS","daily","ET + net radiation",4583,3227,0.704123936286275,"2007-06-16","2018-12-31",4217,0.765235949727294,469,57
"US-KFS","daily","ET + all core drivers",4583,2997,0.653938468252237,"2007-06-16","2018-12-31",4217,0.710694806734645,470,109
"US-KFS","daily","ET + all drivers including net radiation",4583,2798,0.610517128518438,"2007-06-16","2018-12-31",4217,0.663504861275788,469,94
"US-KLS","daily","ET + soil water potential",2805,1890,0.67379679144385,"2012-04-28","2019-12-31",2804,0.674037089871612,215,54
"US-KLS","daily","ET + VPD",2805,2146,0.7650623885918,"2012-04-28","2019-12-31",2804,0.765335235378031,235,77
"US-KLS","daily","ET + air temperature",2805,2266,0.807843137254902,"2012-04-28","2019-12-31",2804,0.808131241084165,245,51
"US-KLS","daily","ET + net radiation",2805,1785,0.636363636363636,"2012-04-29","2019-12-30",2802,0.637044967880086,213,83
"US-KLS","daily","ET + all core drivers",2805,1786,0.636720142602496,"2012-04-28","2019-12-31",2804,0.636947218259629,215,75
"US-KLS","daily","ET + all drivers including net radiation",2805,1497,0.533689839572193,"2012-04-29","2019-12-30",2802,0.534261241970021,213,80
"US-KS1","daily","ET + soil water potential",360,0,0,NA,NA,0,NA,0,0
"US-KS1","daily","ET + VPD",360,305,0.847222222222222,"2002-03-07","2003-02-10",341,0.894428152492669,138,6
"US-KS1","daily","ET + air temperature",360,305,0.847222222222222,"2002-03-07","2003-02-10",341,0.894428152492669,138,6
"US-KS1","daily","ET + net radiation",360,304,0.844444444444444,"2002-03-07","2003-02-09",340,0.894117647058824,138,6
"US-KS1","daily","ET + all core drivers",360,0,0,NA,NA,0,NA,0,0
"US-KS1","daily","ET + all drivers including net radiation",360,0,0,NA,NA,0,NA,0,0
"US-KS2","daily","ET + soil water potential",2467,0,0,NA,NA,0,NA,0,0
"US-KS2","daily","ET + VPD",2467,1527,0.618970409404135,"2002-03-06","2006-12-31",1762,0.866628830874007,740,55
"US-KS2","daily","ET + air temperature",2467,1954,0.792055127685448,"2000-04-04","2006-12-31",2463,0.793341453511977,740,93
"US-KS2","daily","ET + net radiation",2467,1920,0.77827320632347,"2000-04-04","2006-12-31",2463,0.779537149817296,458,94
"US-KS2","daily","ET + all core drivers",2467,0,0,NA,NA,0,NA,0,0
"US-KS2","daily","ET + all drivers including net radiation",2467,0,0,NA,NA,0,NA,0,0
"US-Kon","daily","ET + soil water potential",5844,3770,0.645106091718001,"2004-01-01","2018-12-31",5479,0.688081766745756,909,58
"US-Kon","daily","ET + VPD",5844,4586,0.784736481861738,"2004-01-01","2019-12-30",5843,0.784870785555365,739,85
"US-Kon","daily","ET + air temperature",5844,5008,0.856947296372348,"2004-01-01","2019-12-30",5843,0.85709395858292,739,74
"US-Kon","daily","ET + net radiation",5844,4302,0.736139630390144,"2004-01-01","2018-10-24",5411,0.795047126224358,870,66
"US-Kon","daily","ET + all core drivers",5844,3595,0.615160848733744,"2004-01-01","2018-12-31",5479,0.656141631684614,732,65
"US-Kon","daily","ET + all drivers including net radiation",5844,3313,0.566906228610541,"2004-01-01","2018-10-24",5411,0.612271299205323,732,57
"US-LS2","daily","ET + soil water potential",1826,1587,0.869112814895947,"2003-06-28","2007-12-31",1648,0.962985436893204,1133,23
"US-LS2","daily","ET + VPD",1826,1684,0.92223439211391,"2003-03-07","2007-12-31",1761,0.956274843838728,1133,26
"US-LS2","daily","ET + air temperature",1826,1684,0.92223439211391,"2003-03-07","2007-12-31",1761,0.956274843838728,1133,26
"US-LS2","daily","ET + net radiation",1826,1671,0.915115005476451,"2003-03-07","2007-12-31",1761,0.948892674616695,1133,25
"US-LS2","daily","ET + all core drivers",1826,1587,0.869112814895947,"2003-06-28","2007-12-31",1648,0.962985436893204,1133,23
"US-LS2","daily","ET + all drivers including net radiation",1826,1574,0.861993428258488,"2003-06-28","2007-12-31",1648,0.955097087378641,1133,22
"US-Lin","daily","ET + soil water potential",374,371,0.991978609625668,"2009-11-09","2010-11-15",372,0.997311827956989,330,2
"US-Lin","daily","ET + VPD",374,371,0.991978609625668,"2009-11-09","2010-11-15",372,0.997311827956989,330,2
"US-Lin","daily","ET + air temperature",374,371,0.991978609625668,"2009-11-09","2010-11-15",372,0.997311827956989,330,2
"US-Lin","daily","ET + net radiation",374,371,0.991978609625668,"2009-11-09","2010-11-15",372,0.997311827956989,330,2
"US-Lin","daily","ET + all core drivers",374,371,0.991978609625668,"2009-11-09","2010-11-15",372,0.997311827956989,330,2
"US-Lin","daily","ET + all drivers including net radiation",374,371,0.991978609625668,"2009-11-09","2010-11-15",372,0.997311827956989,330,2
"US-MMS","daily","ET + soil water potential",8036,7445,0.926455948232952,"1999-01-01","2020-12-31",8036,0.926455948232952,1063,97
"US-MMS","daily","ET + VPD",8036,7616,0.947735191637631,"1999-01-20","2020-12-31",8017,0.949981289759262,1316,83
"US-MMS","daily","ET + air temperature",8036,7754,0.964907914385266,"1999-01-20","2020-12-31",8017,0.967194711238618,1316,102
"US-MMS","daily","ET + net radiation",8036,5371,0.668367346938776,"1999-01-01","2014-12-31",5844,0.919062286105407,788,103
"US-MMS","daily","ET + all core drivers",8036,7197,0.895594823295172,"1999-01-20","2020-12-31",8017,0.897717350629911,1063,84
"US-MMS","daily","ET + all drivers including net radiation",8036,5178,0.644350423096068,"1999-01-20","2014-12-31",5825,0.888927038626609,788,82
"US-MOz","daily","ET + soil water potential",6415,5893,0.918628215120811,"2004-06-14","2021-12-31",6410,0.919344773790952,1519,39
"US-MOz","daily","ET + VPD",6415,6024,0.939049103663289,"2004-06-14","2021-12-31",6410,0.939781591263651,1519,59
"US-MOz","daily","ET + air temperature",6415,6024,0.939049103663289,"2004-06-14","2021-12-31",6410,0.939781591263651,1519,59
"US-MOz","daily","ET + net radiation",6415,5853,0.912392829306313,"2004-06-14","2021-12-31",6410,0.913104524180967,698,49
"US-MOz","daily","ET + all core drivers",6415,5787,0.902104442712393,"2004-06-14","2021-12-31",6410,0.902808112324493,1519,40
"US-MOz","daily","ET + all drivers including net radiation",6415,5745,0.895557287607171,"2004-06-14","2021-12-31",6410,0.896255850234009,698,51
"US-Me1","daily","ET + soil water potential",367,311,0.847411444141689,"2004-05-17","2005-05-15",364,0.854395604395604,135,6
"US-Me1","daily","ET + VPD",367,282,0.768392370572207,"2004-06-12","2005-05-15",338,0.834319526627219,135,3
"US-Me1","daily","ET + air temperature",367,282,0.768392370572207,"2004-06-12","2005-05-15",338,0.834319526627219,135,3
"US-Me1","daily","ET + net radiation",367,296,0.806539509536785,"2004-06-16","2005-05-15",334,0.88622754491018,135,5
"US-Me1","daily","ET + all core drivers",367,265,0.722070844686649,"2004-06-12","2005-05-15",338,0.784023668639053,135,4
"US-Me1","daily","ET + all drivers including net radiation",367,258,0.70299727520436,"2004-06-16","2005-05-15",334,0.772455089820359,135,5
"US-Me2","daily","ET + soil water potential",7666,6773,0.883511609705192,"2002-01-01","2022-07-12",7498,0.903307548679648,1462,52
"US-Me2","daily","ET + VPD",7666,6972,0.909470388729455,"2002-01-01","2022-07-12",7498,0.929847959455855,1462,48
"US-Me2","daily","ET + air temperature",7666,7029,0.916905817897208,"2002-01-01","2022-07-12",7498,0.93744998666311,1462,46
"US-Me2","daily","ET + net radiation",7666,6805,0.887685885729194,"2002-01-01","2022-07-12",7498,0.907575353427581,670,62
"US-Me2","daily","ET + all core drivers",7666,6711,0.875423949908688,"2002-01-01","2022-07-12",7498,0.895038676980528,1462,54
"US-Me2","daily","ET + all drivers including net radiation",7666,6487,0.846204017740673,"2002-01-01","2022-07-12",7498,0.865164043744999,670,70
"US-Me3","daily","ET + soil water potential",2101,1722,0.819609709662066,"2004-01-02","2009-09-22",2091,0.823529411764706,307,73
"US-Me3","daily","ET + VPD",2101,1650,0.785340314136126,"2004-01-02","2009-09-30",2099,0.786088613625536,181,77
"US-Me3","daily","ET + air temperature",2101,1675,0.797239409804855,"2004-01-02","2009-09-30",2099,0.797999047165317,181,68
"US-Me3","daily","ET + net radiation",2101,1591,0.757258448357925,"2004-01-02","2009-09-30",2099,0.757979990471653,135,71
"US-Me3","daily","ET + all core drivers",2101,1640,0.780580675868634,"2004-01-02","2009-09-22",2091,0.784313725490196,181,78
"US-Me3","daily","ET + all drivers including net radiation",2101,1556,0.740599714421704,"2004-01-02","2009-09-22",2091,0.744141559062649,135,81
"US-Me6","daily","ET + soil water potential",4715,3884,0.823753976670201,"2011-01-20","2022-12-30",4363,0.890213156085262,577,57
"US-Me6","daily","ET + VPD",4715,4101,0.869777306468717,"2010-02-04","2022-12-30",4713,0.870146403564608,553,56
"US-Me6","daily","ET + air temperature",4715,4213,0.893531283138918,"2010-02-04","2022-12-30",4713,0.893910460428602,665,56
"US-Me6","daily","ET + net radiation",4715,3781,0.801908801696713,"2010-02-04","2022-12-30",4713,0.802249098238914,591,80
"US-Me6","daily","ET + all core drivers",4715,3750,0.795334040296925,"2011-01-20","2022-12-30",4363,0.859500343800138,553,56
"US-Me6","daily","ET + all drivers including net radiation",4715,3401,0.721314952279958,"2011-01-20","2022-12-30",4363,0.779509511803805,553,81
"US-Mo1","daily","ET + soil water potential",3015,2854,0.946600331674958,"2015-10-01","2023-12-31",3014,0.946914399469144,843,35
"US-Mo1","daily","ET + VPD",3015,2861,0.948922056384743,"2015-10-01","2023-12-31",3014,0.949236894492369,843,32
"US-Mo1","daily","ET + air temperature",3015,2861,0.948922056384743,"2015-10-01","2023-12-31",3014,0.949236894492369,843,32
"US-Mo1","daily","ET + net radiation",3015,2822,0.935986733001658,"2015-10-01","2023-12-31",3014,0.936297279362973,469,43
"US-Mo1","daily","ET + all core drivers",3015,2854,0.946600331674958,"2015-10-01","2023-12-31",3014,0.946914399469144,843,35
"US-Mo1","daily","ET + all drivers including net radiation",3015,2815,0.933665008291874,"2015-10-01","2023-12-31",3014,0.933974784339748,469,46
"US-Mo2","daily","ET + soil water potential",2191,1765,0.80556823368325,"2018-01-01","2023-01-28",1854,0.951995685005394,216,29
"US-Mo2","daily","ET + VPD",2191,1996,0.910999543587403,"2018-01-01","2023-12-31",2191,0.910999543587403,216,33
"US-Mo2","daily","ET + air temperature",2191,1996,0.910999543587403,"2018-01-01","2023-12-31",2191,0.910999543587403,216,33
"US-Mo2","daily","ET + net radiation",2191,2020,0.921953445915107,"2018-01-01","2023-12-31",2191,0.921953445915107,215,45
"US-Mo2","daily","ET + all core drivers",2191,1708,0.779552715654952,"2018-01-01","2023-01-28",1854,0.921251348435814,216,29
"US-Mo2","daily","ET + all drivers including net radiation",2191,1681,0.767229575536285,"2018-01-01","2023-01-28",1854,0.906688241639698,215,39
"US-Mo3","daily","ET + soil water potential",2041,1986,0.973052425281725,"2016-06-01","2021-12-31",2040,0.973529411764706,558,19
"US-Mo3","daily","ET + VPD",2041,1996,0.977951984321411,"2016-06-01","2021-12-31",2040,0.97843137254902,639,18
"US-Mo3","daily","ET + air temperature",2041,1996,0.977951984321411,"2016-06-01","2021-12-31",2040,0.97843137254902,639,18
"US-Mo3","daily","ET + net radiation",2041,1972,0.966193042626164,"2016-06-01","2021-12-31",2040,0.966666666666667,635,21
"US-Mo3","daily","ET + all core drivers",2041,1986,0.973052425281725,"2016-06-01","2021-12-31",2040,0.973529411764706,558,19
"US-Mo3","daily","ET + all drivers including net radiation",2041,1962,0.961293483586477,"2016-06-01","2021-12-31",2040,0.961764705882353,558,22
"US-Mpj","daily","ET + soil water potential",4749,0,0,NA,NA,0,NA,0,0
"US-Mpj","daily","ET + VPD",4749,4681,0.985681196041272,"2008-01-02","2020-12-31",4748,0.985888795282224,2088,11
"US-Mpj","daily","ET + air temperature",4749,4683,0.986102337334176,"2008-01-02","2020-12-31",4748,0.9863100252738,2088,12
"US-Mpj","daily","ET + net radiation",4749,4440,0.934933670246368,"2008-06-20","2020-12-31",4578,0.969855832241153,683,26
"US-Mpj","daily","ET + all core drivers",4749,0,0,NA,NA,0,NA,0,0
"US-Mpj","daily","ET + all drivers including net radiation",4749,0,0,NA,NA,0,NA,0,0
"US-NC1","daily","ET + soil water potential",2922,2549,0.872347707049966,"2005-01-01","2012-12-23",2914,0.874742621825669,269,88
"US-NC1","daily","ET + VPD",2922,2563,0.877138945927447,"2005-01-01","2012-12-23",2914,0.879547014413178,290,88
"US-NC1","daily","ET + air temperature",2922,2579,0.882614647501711,"2005-01-01","2012-12-23",2914,0.885037748798902,290,87
"US-NC1","daily","ET + net radiation",2922,2509,0.858658453114305,"2005-01-01","2012-12-23",2914,0.861015785861359,249,97
"US-NC1","daily","ET + all core drivers",2922,2524,0.863791923340178,"2005-01-01","2012-12-23",2914,0.866163349347975,269,90
"US-NC1","daily","ET + all drivers including net radiation",2922,2445,0.836755646817248,"2005-01-01","2012-12-23",2914,0.839052848318463,249,101
"US-NC3","daily","ET + soil water potential",3172,2325,0.732976040353089,"2013-03-21","2020-10-05",2756,0.843613933236575,398,45
"US-NC3","daily","ET + VPD",3172,2338,0.737074401008827,"2013-02-21","2020-10-05",2784,0.839798850574713,398,42
"US-NC3","daily","ET + air temperature",3172,2338,0.737074401008827,"2013-02-21","2020-10-05",2784,0.839798850574713,398,42
"US-NC3","daily","ET + net radiation",3172,2163,0.681904161412358,"2013-02-21","2020-10-04",2783,0.777218828602228,398,40
"US-NC3","daily","ET + all core drivers",3172,2300,0.725094577553594,"2013-03-21","2020-10-05",2756,0.834542815674891,398,45
"US-NC3","daily","ET + all drivers including net radiation",3172,2125,0.669924337957125,"2013-03-21","2020-10-04",2755,0.771324863883848,398,43
"US-NR1","daily","ET + soil water potential",6633,4861,0.732850897030002,"2001-12-28","2016-12-31",5483,0.886558453401423,1708,94
"US-NR1","daily","ET + VPD",6633,5969,0.899894467058646,"1998-11-12","2016-12-31",6625,0.900981132075472,1708,113
"US-NR1","daily","ET + air temperature",6633,5969,0.899894467058646,"1998-11-12","2016-12-31",6625,0.900981132075472,1708,113
"US-NR1","daily","ET + net radiation",6633,5847,0.88150158299412,"1998-11-12","2016-12-31",6625,0.882566037735849,1406,149
"US-NR1","daily","ET + all core drivers",6633,4861,0.732850897030002,"2001-12-28","2016-12-31",5483,0.886558453401423,1708,94
"US-NR1","daily","ET + all drivers including net radiation",6633,4769,0.718980853309211,"2001-12-28","2016-12-31",5483,0.869779317891665,1406,122
"US-Ne1","daily","ET + soil water potential",7161,7086,0.989526602429828,"2001-06-13","2020-12-31",7142,0.99215905908709,2038,29
"US-Ne1","daily","ET + VPD",7161,7127,0.995252059768189,"2001-05-26","2020-12-31",7160,0.995391061452514,2034,23
"US-Ne1","daily","ET + air temperature",7161,7127,0.995252059768189,"2001-05-26","2020-12-31",7160,0.995391061452514,2034,23
"US-Ne1","daily","ET + net radiation",7161,6987,0.975701717637201,"2001-06-22","2020-12-31",7133,0.979531753820272,988,60
"US-Ne1","daily","ET + all core drivers",7161,7082,0.988968021226086,"2001-06-13","2020-12-31",7142,0.991598991879025,2034,29
"US-Ne1","daily","ET + all drivers including net radiation",7161,6956,0.971372713308197,"2001-06-22","2020-12-31",7133,0.975185756343754,988,68
"US-ONA","daily","ET + soil water potential",2557,2226,0.870551427454048,"2016-04-15","2022-12-31",2452,0.907830342577488,886,17
"US-ONA","daily","ET + VPD",2557,2187,0.855299178725068,"2016-04-15","2022-12-31",2452,0.891924959216966,1273,14
"US-ONA","daily","ET + air temperature",2557,2187,0.855299178725068,"2016-04-15","2022-12-31",2452,0.891924959216966,1273,14
"US-ONA","daily","ET + net radiation",2557,2077,0.812280015643332,"2016-04-15","2022-12-31",2452,0.847063621533442,285,33
"US-ONA","daily","ET + all core drivers",2557,2181,0.85295267892061,"2016-04-15","2022-12-31",2452,0.889477977161501,886,16
"US-ONA","daily","ET + all drivers including net radiation",2557,2072,0.810324599139617,"2016-04-15","2022-12-31",2452,0.845024469820555,285,34
"US-Oho","daily","ET + soil water potential",3653,3275,0.896523405420203,"2004-01-01","2013-12-22",3644,0.898737650933041,823,58
"US-Oho","daily","ET + VPD",3653,3340,0.914316999726252,"2004-01-01","2013-12-22",3644,0.916575192096597,823,45
"US-Oho","daily","ET + air temperature",3653,3340,0.914316999726252,"2004-01-01","2013-12-22",3644,0.916575192096597,823,45
"US-Oho","daily","ET + net radiation",3653,3267,0.894333424582535,"2004-01-01","2013-12-22",3644,0.896542261251372,823,63
"US-Oho","daily","ET + all core drivers",3653,3275,0.896523405420203,"2004-01-01","2013-12-22",3644,0.898737650933041,823,58
"US-Oho","daily","ET + all drivers including net radiation",3653,3203,0.876813577881194,"2004-01-01","2013-12-22",3644,0.878979143798024,823,75
"US-PFL","daily","ET + soil water potential",115,92,0.8,"2019-06-28","2019-10-11",106,0.867924528301887,15,12
"US-PFL","daily","ET + VPD",115,94,0.817391304347826,"2019-06-21","2019-10-11",113,0.831858407079646,15,15
"US-PFL","daily","ET + air temperature",115,94,0.817391304347826,"2019-06-21","2019-10-11",113,0.831858407079646,15,15
"US-PFL","daily","ET + net radiation",115,30,0.260869565217391,"2019-07-16","2019-10-01",78,0.384615384615385,3,20
"US-PFL","daily","ET + all core drivers",115,88,0.765217391304348,"2019-06-28","2019-10-11",106,0.830188679245283,15,14
"US-PFL","daily","ET + all drivers including net radiation",115,30,0.260869565217391,"2019-07-16","2019-10-01",78,0.384615384615385,3,20
"US-PFb","daily","ET + soil water potential",114,84,0.736842105263158,"2019-06-22","2019-10-11",112,0.75,14,19
"US-PFb","daily","ET + VPD",114,74,0.649122807017544,"2019-07-07","2019-10-11",97,0.762886597938144,14,18
"US-PFb","daily","ET + air temperature",114,74,0.649122807017544,"2019-07-07","2019-10-11",97,0.762886597938144,14,18
"US-PFb","daily","ET + net radiation",114,37,0.324561403508772,"2019-06-22","2019-10-11",112,0.330357142857143,4,21
"US-PFb","daily","ET + all core drivers",114,74,0.649122807017544,"2019-07-07","2019-10-11",97,0.762886597938144,14,18
"US-PFb","daily","ET + all drivers including net radiation",114,35,0.307017543859649,"2019-07-07","2019-10-11",97,0.360824742268041,4,19
"US-PFc","daily","ET + soil water potential",116,88,0.758620689655172,"2019-06-29","2019-10-13",107,0.822429906542056,15,15
"US-PFc","daily","ET + VPD",116,92,0.793103448275862,"2019-06-25","2019-10-13",111,0.828828828828829,15,15
"US-PFc","daily","ET + air temperature",116,92,0.793103448275862,"2019-06-25","2019-10-13",111,0.828828828828829,15,15
"US-PFc","daily","ET + net radiation",116,70,0.603448275862069,"2019-07-15","2019-10-13",91,0.769230769230769,9,17
"US-PFc","daily","ET + all core drivers",116,88,0.758620689655172,"2019-06-29","2019-10-13",107,0.822429906542056,15,15
"US-PFc","daily","ET + all drivers including net radiation",116,70,0.603448275862069,"2019-07-15","2019-10-13",91,0.769230769230769,9,17
"US-PFk","daily","ET + soil water potential",111,89,0.801801801801802,"2019-07-03","2019-10-14",104,0.855769230769231,13,15
"US-PFk","daily","ET + VPD",111,90,0.810810810810811,"2019-07-02","2019-10-14",105,0.857142857142857,13,15
"US-PFk","daily","ET + air temperature",111,90,0.810810810810811,"2019-07-02","2019-10-14",105,0.857142857142857,13,15
"US-PFk","daily","ET + net radiation",111,39,0.351351351351351,"2019-07-03","2019-10-14",104,0.375,4,24
"US-PFk","daily","ET + all core drivers",111,89,0.801801801801802,"2019-07-03","2019-10-14",104,0.855769230769231,13,15
"US-PFk","daily","ET + all drivers including net radiation",111,39,0.351351351351351,"2019-07-03","2019-10-14",104,0.375,4,24
"US-PFm","daily","ET + soil water potential",116,59,0.508620689655172,"2019-08-02","2019-10-11",71,0.830985915492958,13,13
"US-PFm","daily","ET + VPD",116,101,0.870689655172414,"2019-06-20","2019-10-11",114,0.885964912280702,20,14
"US-PFm","daily","ET + air temperature",116,102,0.879310344827586,"2019-06-20","2019-10-11",114,0.894736842105263,20,13
"US-PFm","daily","ET + net radiation",116,55,0.474137931034483,"2019-06-20","2019-10-10",113,0.486725663716814,10,25
"US-PFm","daily","ET + all core drivers",116,59,0.508620689655172,"2019-08-02","2019-10-11",71,0.830985915492958,13,13
"US-PFm","daily","ET + all drivers including net radiation",116,32,0.275862068965517,"2019-08-02","2019-10-10",70,0.457142857142857,10,16
"US-PFn","daily","ET + soil water potential",116,96,0.827586206896552,"2019-06-20","2019-10-11",114,0.842105263157895,18,15
"US-PFn","daily","ET + VPD",116,84,0.724137931034483,"2019-06-20","2019-10-11",114,0.736842105263158,18,15
"US-PFn","daily","ET + air temperature",116,85,0.732758620689655,"2019-06-20","2019-10-11",114,0.745614035087719,18,15
"US-PFn","daily","ET + net radiation",116,53,0.456896551724138,"2019-06-20","2019-10-11",114,0.464912280701754,7,25
"US-PFn","daily","ET + all core drivers",116,81,0.698275862068966,"2019-06-20","2019-10-11",114,0.710526315789474,18,16
"US-PFn","daily","ET + all drivers including net radiation",116,48,0.413793103448276,"2019-06-20","2019-10-11",114,0.421052631578947,7,22
"US-PFp","daily","ET + soil water potential",116,68,0.586206896551724,"2019-07-23","2019-10-11",81,0.839506172839506,13,13
"US-PFp","daily","ET + VPD",116,50,0.431034482758621,"2019-06-20","2019-10-11",114,0.43859649122807,13,10
"US-PFp","daily","ET + air temperature",116,50,0.431034482758621,"2019-06-20","2019-10-11",114,0.43859649122807,13,10
"US-PFp","daily","ET + net radiation",116,53,0.456896551724138,"2019-06-20","2019-10-10",113,0.469026548672566,4,27
"US-PFp","daily","ET + all core drivers",116,45,0.387931034482759,"2019-08-20","2019-10-11",53,0.849056603773585,13,8
"US-PFp","daily","ET + all drivers including net radiation",116,23,0.198275862068966,"2019-08-20","2019-10-10",52,0.442307692307692,3,14
"US-PFq","daily","ET + soil water potential",113,91,0.805309734513274,"2019-06-24","2019-10-11",110,0.827272727272727,18,18
"US-PFq","daily","ET + VPD",113,92,0.814159292035398,"2019-06-24","2019-10-11",110,0.836363636363636,18,17
"US-PFq","daily","ET + air temperature",113,92,0.814159292035398,"2019-06-24","2019-10-11",110,0.836363636363636,18,17
"US-PFq","daily","ET + net radiation",113,49,0.433628318584071,"2019-06-23","2019-10-10",110,0.445454545454545,7,24
"US-PFq","daily","ET + all core drivers",113,91,0.805309734513274,"2019-06-24","2019-10-11",110,0.827272727272727,18,18
"US-PFq","daily","ET + all drivers including net radiation",113,48,0.424778761061947,"2019-06-24","2019-10-10",109,0.440366972477064,6,24
"US-PFt","daily","ET + soil water potential",115,94,0.817391304347826,"2019-06-22","2019-10-11",112,0.839285714285714,11,19
"US-PFt","daily","ET + VPD",115,81,0.704347826086957,"2019-07-06","2019-10-11",98,0.826530612244898,11,18
"US-PFt","daily","ET + air temperature",115,95,0.826086956521739,"2019-06-21","2019-10-11",113,0.84070796460177,11,19
"US-PFt","daily","ET + net radiation",115,48,0.417391304347826,"2019-06-21","2019-10-11",113,0.424778761061947,4,26
"US-PFt","daily","ET + all core drivers",115,81,0.704347826086957,"2019-07-06","2019-10-11",98,0.826530612244898,11,18
"US-PFt","daily","ET + all drivers including net radiation",115,43,0.373913043478261,"2019-07-06","2019-10-11",98,0.438775510204082,4,22
"US-PSH","daily","ET + soil water potential",79,0,0,NA,NA,0,NA,0,0
"US-PSH","daily","ET + VPD",79,78,0.987341772151899,"2016-10-15","2016-12-31",78,1,78,1
"US-PSH","daily","ET + air temperature",79,78,0.987341772151899,"2016-10-15","2016-12-31",78,1,78,1
"US-PSH","daily","ET + net radiation",79,77,0.974683544303797,"2016-10-15","2016-12-31",78,0.987179487179487,76,2
"US-PSH","daily","ET + all core drivers",79,0,0,NA,NA,0,NA,0,0
"US-PSH","daily","ET + all drivers including net radiation",79,0,0,NA,NA,0,NA,0,0
"US-PSL","daily","ET + soil water potential",93,0,0,NA,NA,0,NA,0,0
"US-PSL","daily","ET + VPD",93,92,0.989247311827957,"2016-10-01","2016-12-31",92,1,92,1
"US-PSL","daily","ET + air temperature",93,92,0.989247311827957,"2016-10-01","2016-12-31",92,1,92,1
"US-PSL","daily","ET + net radiation",93,59,0.634408602150538,"2016-10-01","2016-12-30",91,0.648351648351648,27,16
"US-PSL","daily","ET + all core drivers",93,0,0,NA,NA,0,NA,0,0
"US-PSL","daily","ET + all drivers including net radiation",93,0,0,NA,NA,0,NA,0,0
"US-RGA","daily","ET + soil water potential",886,700,0.790067720090293,"2021-05-22","2023-09-12",844,0.829383886255924,193,18
"US-RGA","daily","ET + VPD",886,831,0.937923250564334,"2021-04-12","2023-09-12",884,0.940045248868778,273,17
"US-RGA","daily","ET + air temperature",886,831,0.937923250564334,"2021-04-12","2023-09-12",884,0.940045248868778,273,17
"US-RGA","daily","ET + net radiation",886,770,0.869074492099323,"2021-04-12","2023-09-12",884,0.8710407239819,129,46
"US-RGA","daily","ET + all core drivers",886,700,0.790067720090293,"2021-05-22","2023-09-12",844,0.829383886255924,193,18
"US-RGA","daily","ET + all drivers including net radiation",886,649,0.732505643340858,"2021-05-22","2023-09-12",844,0.768957345971564,129,43
"US-RGB","daily","ET + soil water potential",978,855,0.874233128834356,"2021-04-26","2023-09-27",885,0.966101694915254,268,12
"US-RGB","daily","ET + VPD",978,946,0.967280163599182,"2021-01-24","2023-09-27",977,0.968270214943705,268,13
"US-RGB","daily","ET + air temperature",978,946,0.967280163599182,"2021-01-24","2023-09-27",977,0.968270214943705,268,13
"US-RGB","daily","ET + net radiation",978,895,0.915132924335378,"2021-01-25","2023-09-27",976,0.917008196721312,136,24
"US-RGB","daily","ET + all core drivers",978,855,0.874233128834356,"2021-04-26","2023-09-27",885,0.966101694915254,268,12
"US-RGB","daily","ET + all drivers including net radiation",978,806,0.824130879345603,"2021-04-26","2023-09-27",885,0.910734463276836,136,22
"US-RGF","daily","ET + soil water potential",300,299,0.996666666666667,"2023-03-08","2023-12-31",299,1,299,1
"US-RGF","daily","ET + VPD",300,299,0.996666666666667,"2023-03-08","2023-12-31",299,1,299,1
"US-RGF","daily","ET + air temperature",300,299,0.996666666666667,"2023-03-08","2023-12-31",299,1,299,1
"US-RGF","daily","ET + net radiation",300,299,0.996666666666667,"2023-03-08","2023-12-31",299,1,299,1
"US-RGF","daily","ET + all core drivers",300,299,0.996666666666667,"2023-03-08","2023-12-31",299,1,299,1
"US-RGF","daily","ET + all drivers including net radiation",300,299,0.996666666666667,"2023-03-08","2023-12-31",299,1,299,1
"US-RGW","daily","ET + soil water potential",534,525,0.98314606741573,"2022-04-13","2023-09-26",532,0.986842105263158,292,5
"US-RGW","daily","ET + VPD",534,525,0.98314606741573,"2022-04-13","2023-09-26",532,0.986842105263158,292,5
"US-RGW","daily","ET + air temperature",534,525,0.98314606741573,"2022-04-13","2023-09-26",532,0.986842105263158,292,5
"US-RGW","daily","ET + net radiation",534,475,0.889513108614232,"2022-04-13","2023-09-19",525,0.904761904761905,54,30
"US-RGW","daily","ET + all core drivers",534,525,0.98314606741573,"2022-04-13","2023-09-26",532,0.986842105263158,292,5
"US-RGW","daily","ET + all drivers including net radiation",534,475,0.889513108614232,"2022-04-13","2023-09-19",525,0.904761904761905,54,30
"US-RGo","daily","ET + soil water potential",817,792,0.969400244798042,"2021-06-21","2023-09-13",815,0.971779141104295,226,13
"US-RGo","daily","ET + VPD",817,792,0.969400244798042,"2021-06-21","2023-09-13",815,0.971779141104295,226,13
"US-RGo","daily","ET + air temperature",817,792,0.969400244798042,"2021-06-21","2023-09-13",815,0.971779141104295,226,13
"US-RGo","daily","ET + net radiation",817,789,0.965728274173807,"2021-06-21","2023-09-13",815,0.968098159509202,226,14
"US-RGo","daily","ET + all core drivers",817,792,0.969400244798042,"2021-06-21","2023-09-13",815,0.971779141104295,226,13
"US-RGo","daily","ET + all drivers including net radiation",817,789,0.965728274173807,"2021-06-21","2023-09-13",815,0.968098159509202,226,14
"US-Rls","daily","ET + soil water potential",3309,3055,0.923239649440919,"2014-09-11","2023-09-30",3307,0.923798004233444,1422,17
"US-Rls","daily","ET + VPD",3309,3172,0.958597763674826,"2014-09-11","2023-09-30",3307,0.959177502267917,1422,14
"US-Rls","daily","ET + air temperature",3309,3172,0.958597763674826,"2014-09-11","2023-09-30",3307,0.959177502267917,1422,14
"US-Rls","daily","ET + net radiation",3309,3156,0.953762466001813,"2014-09-11","2023-09-30",3307,0.954339280314484,1420,18
"US-Rls","daily","ET + all core drivers",3309,3055,0.923239649440919,"2014-09-11","2023-09-30",3307,0.923798004233444,1422,17
"US-Rls","daily","ET + all drivers including net radiation",3309,3044,0.919915382290722,"2014-09-11","2023-09-30",3307,0.92047172664046,1420,19
"US-Rms","daily","ET + soil water potential",3304,3043,0.921004842615012,"2014-10-25","2023-09-30",3263,0.932577382776586,488,29
"US-Rms","daily","ET + VPD",3304,3163,0.957324455205811,"2014-09-16","2023-09-30",3302,0.957904300423985,730,26
"US-Rms","daily","ET + air temperature",3304,3163,0.957324455205811,"2014-09-16","2023-09-30",3302,0.957904300423985,730,26
"US-Rms","daily","ET + net radiation",3304,3135,0.948849878934625,"2014-09-17","2023-09-30",3301,0.94971220842169,730,28
"US-Rms","daily","ET + all core drivers",3304,3043,0.921004842615012,"2014-10-25","2023-09-30",3263,0.932577382776586,488,29
"US-Rms","daily","ET + all drivers including net radiation",3304,3016,0.912832929782082,"2014-10-25","2023-09-30",3263,0.924302788844621,488,31
"US-Ro1","daily","ET + soil water potential",4749,372,0.0783322804801011,"2015-12-26","2016-12-31",372,1,372,1
"US-Ro1","daily","ET + VPD",4749,4534,0.954727311012845,"2004-01-01","2016-12-31",4749,0.954727311012845,1766,18
"US-Ro1","daily","ET + air temperature",4749,4561,0.960412718467046,"2004-01-01","2016-12-31",4749,0.960412718467046,1766,21
"US-Ro1","daily","ET + net radiation",4749,4321,0.909875763318593,"2004-01-01","2016-12-31",4749,0.909875763318593,1766,26
"US-Ro1","daily","ET + all core drivers",4749,372,0.0783322804801011,"2015-12-26","2016-12-31",372,1,372,1
"US-Ro1","daily","ET + all drivers including net radiation",4749,360,0.0758054327226785,"2015-12-26","2016-12-31",372,0.967741935483871,148,3
"US-Ro2","daily","ET + soil water potential",3288,0,0,NA,NA,0,NA,0,0
"US-Ro2","daily","ET + VPD",3288,2153,0.654805352798054,"2008-01-01","2016-12-31",3288,0.654805352798054,579,32
"US-Ro2","daily","ET + air temperature",3288,2153,0.654805352798054,"2008-01-01","2016-12-31",3288,0.654805352798054,579,32
"US-Ro2","daily","ET + net radiation",3288,582,0.177007299270073,"2015-05-09","2016-12-31",603,0.965174129353234,416,7
"US-Ro2","daily","ET + all core drivers",3288,0,0,NA,NA,0,NA,0,0
"US-Ro2","daily","ET + all drivers including net radiation",3288,0,0,NA,NA,0,NA,0,0
"US-Ro3","daily","ET + soil water potential",1461,0,0,NA,NA,0,NA,0,0
"US-Ro3","daily","ET + VPD",1461,1280,0.876112251882272,"2004-06-30","2007-12-31",1280,1,1280,1
"US-Ro3","daily","ET + air temperature",1461,1280,0.876112251882272,"2004-06-30","2007-12-31",1280,1,1280,1
"US-Ro3","daily","ET + net radiation",1461,1280,0.876112251882272,"2004-06-30","2007-12-31",1280,1,1280,1
"US-Ro3","daily","ET + all core drivers",1461,0,0,NA,NA,0,NA,0,0
"US-Ro3","daily","ET + all drivers including net radiation",1461,0,0,NA,NA,0,NA,0,0
"US-Ro4","daily","ET + soil water potential",3643,2451,0.672797145209992,"2016-08-07","2023-12-31",2703,0.90677025527192,556,29
"US-Ro4","daily","ET + VPD",3643,3459,0.949492176777381,"2014-01-10","2023-12-31",3643,0.949492176777381,1036,12
"US-Ro4","daily","ET + air temperature",3643,3459,0.949492176777381,"2014-01-10","2023-12-31",3643,0.949492176777381,1036,12
"US-Ro4","daily","ET + net radiation",3643,3340,0.916826791106231,"2014-05-30","2023-12-31",3503,0.953468455609478,913,8
"US-Ro4","daily","ET + all core drivers",3643,2451,0.672797145209992,"2016-08-07","2023-12-31",2703,0.90677025527192,556,29
"US-Ro4","daily","ET + all drivers including net radiation",3643,2450,0.672522646170738,"2016-08-07","2023-12-31",2703,0.906400295967444,556,29
"US-Ro5","daily","ET + soil water potential",2556,2304,0.901408450704225,"2017-06-04","2023-12-31",2402,0.959200666111574,893,9
"US-Ro5","daily","ET + VPD",2556,2535,0.991784037558685,"2017-01-01","2023-12-31",2556,0.991784037558685,1051,9
"US-Ro5","daily","ET + air temperature",2556,2537,0.992566510172144,"2017-01-01","2023-12-31",2556,0.992566510172144,1051,8
"US-Ro5","daily","ET + net radiation",2556,2514,0.983568075117371,"2017-01-01","2023-12-31",2556,0.983568075117371,835,14
"US-Ro5","daily","ET + all core drivers",2556,2302,0.900625978090767,"2017-06-04","2023-12-31",2402,0.958368026644463,893,10
"US-Ro5","daily","ET + all drivers including net radiation",2556,2293,0.897104851330203,"2017-06-04","2023-12-31",2402,0.954621149042465,835,13
"US-Ro6","daily","ET + soil water potential",2556,2270,0.88810641627543,"2017-06-20","2023-12-31",2386,0.95138306789606,1098,8
"US-Ro6","daily","ET + VPD",2556,2519,0.985524256651017,"2017-01-04","2023-12-31",2553,0.986682334508421,1241,7
"US-Ro6","daily","ET + air temperature",2556,2519,0.985524256651017,"2017-01-04","2023-12-31",2553,0.986682334508421,1241,7
"US-Ro6","daily","ET + net radiation",2556,2483,0.971439749608764,"2017-01-13","2023-12-31",2544,0.976022012578616,625,13
"US-Ro6","daily","ET + all core drivers",2556,2270,0.88810641627543,"2017-06-20","2023-12-31",2386,0.95138306789606,1098,8
"US-Ro6","daily","ET + all drivers including net radiation",2556,2249,0.879890453834116,"2017-06-20","2023-12-31",2386,0.942581726739313,625,12
"US-Rwe","daily","ET + soil water potential",1702,0,0,NA,NA,0,NA,0,0
"US-Rwe","daily","ET + VPD",1702,1612,0.947121034077556,"2003-02-04","2007-09-30",1700,0.948235294117647,286,25
"US-Rwe","daily","ET + air temperature",1702,1612,0.947121034077556,"2003-02-04","2007-09-30",1700,0.948235294117647,286,25
"US-Rwe","daily","ET + net radiation",1702,674,0.396004700352526,"2005-09-30","2007-09-30",731,0.92202462380301,168,10
"US-Rwe","daily","ET + all core drivers",1702,0,0,NA,NA,0,NA,0,0
"US-Rwe","daily","ET + all drivers including net radiation",1702,0,0,NA,NA,0,NA,0,0
"US-Rwf","daily","ET + soil water potential",3408,0,0,NA,NA,0,NA,0,0
"US-Rwf","daily","ET + VPD",3408,3229,0.947476525821596,"2014-06-04","2023-09-30",3406,0.948032883147387,1033,23
"US-Rwf","daily","ET + air temperature",3408,3229,0.947476525821596,"2014-06-04","2023-09-30",3406,0.948032883147387,1033,23
"US-Rwf","daily","ET + net radiation",3408,3202,0.939553990610329,"2014-06-05","2023-09-30",3405,0.940381791483113,460,33
"US-Rwf","daily","ET + all core drivers",3408,0,0,NA,NA,0,NA,0,0
"US-Rwf","daily","ET + all drivers including net radiation",3408,0,0,NA,NA,0,NA,0,0
"US-Rws","daily","ET + soil water potential",3304,2924,0.88498789346247,"2015-07-30","2023-09-30",2985,0.979564489112228,1071,16
"US-Rws","daily","ET + VPD",3304,3226,0.976392251815981,"2014-09-16","2023-09-30",3302,0.976983646274985,1096,17
"US-Rws","daily","ET + air temperature",3304,3226,0.976392251815981,"2014-09-16","2023-09-30",3302,0.976983646274985,1096,17
"US-Rws","daily","ET + net radiation",3304,3194,0.966707021791768,"2014-09-17","2023-09-30",3301,0.967585580127234,722,28
"US-Rws","daily","ET + all core drivers",3304,2911,0.881053268765133,"2015-07-30","2023-09-30",2985,0.975209380234506,1071,17
"US-Rws","daily","ET + all drivers including net radiation",3304,2872,0.869249394673123,"2015-07-30","2023-09-30",2985,0.96214405360134,722,28
"US-SP1","daily","ET + soil water potential",7484,2033,0.271646178514164,"2014-09-18","2020-12-31",2297,0.885067479320853,227,51
"US-SP1","daily","ET + VPD",7484,6254,0.835649385355425,"2001-01-12","2020-12-31",7294,0.857417055113792,381,119
"US-SP1","daily","ET + air temperature",7484,6309,0.842998396579369,"2001-01-12","2020-12-31",7294,0.864957499314505,381,113
"US-SP1","daily","ET + net radiation",7484,6141,0.820550507749866,"2001-01-12","2020-12-31",7294,0.841924869755964,381,121
"US-SP1","daily","ET + all core drivers",7484,2033,0.271646178514164,"2014-09-18","2020-12-31",2297,0.885067479320853,227,51
"US-SP1","daily","ET + all drivers including net radiation",7484,2018,0.269641902725815,"2014-09-18","2020-12-31",2297,0.878537222464084,225,53
"US-SRC","daily","ET + soil water potential",2293,1818,0.792847797645007,"2008-03-21","2014-06-22",2285,0.79562363238512,388,26
"US-SRC","daily","ET + VPD",2293,1697,0.740078499781945,"2008-03-15","2014-06-22",2291,0.74072457442165,388,22
"US-SRC","daily","ET + air temperature",2293,1837,0.801133885739206,"2008-03-15","2014-06-22",2291,0.801833260584897,388,24
"US-SRC","daily","ET + net radiation",2293,1793,0.781945050152638,"2008-03-15","2014-06-22",2291,0.78262767350502,387,23
"US-SRC","daily","ET + all core drivers",2293,1678,0.731792411687745,"2008-03-21","2014-06-22",2285,0.734354485776805,388,24
"US-SRC","daily","ET + all drivers including net radiation",2293,1638,0.714348015699956,"2008-05-14","2014-06-22",2231,0.734199910354101,387,22
"US-SRG","daily","ET + soil water potential",5778,5674,0.982000692281066,"2008-03-08","2023-12-31",5777,0.98217067682188,1674,21
"US-SRG","daily","ET + VPD",5778,5698,0.986154378677743,"2008-03-08","2023-12-31",5777,0.986325082222607,1674,19
"US-SRG","daily","ET + air temperature",5778,5698,0.986154378677743,"2008-03-08","2023-12-31",5777,0.986325082222607,1674,19
"US-SRG","daily","ET + net radiation",5778,5633,0.974904811353409,"2008-04-12","2023-12-31",5742,0.981017067223964,1674,23
"US-SRG","daily","ET + all core drivers",5778,5674,0.982000692281066,"2008-03-08","2023-12-31",5777,0.98217067682188,1674,21
"US-SRG","daily","ET + all drivers including net radiation",5778,5611,0.971097265489789,"2008-04-12","2023-12-31",5742,0.977185649599443,1674,24
"US-SRM","daily","ET + soil water potential",7305,7210,0.986995208761123,"2004-01-07","2023-12-31",7299,0.987806548842307,1001,20
"US-SRM","daily","ET + VPD",7305,7218,0.988090349075975,"2004-01-07","2023-12-31",7299,0.988902589395808,1001,19
"US-SRM","daily","ET + air temperature",7305,7218,0.988090349075975,"2004-01-07","2023-12-31",7299,0.988902589395808,1001,19
"US-SRM","daily","ET + net radiation",7305,7087,0.97015742642026,"2004-01-07","2023-12-31",7299,0.970954925332237,919,43
"US-SRM","daily","ET + all core drivers",7305,7208,0.986721423682409,"2004-01-07","2023-12-31",7299,0.987532538703932,1001,21
"US-SRM","daily","ET + all drivers including net radiation",7305,7075,0.968514715947981,"2004-01-07","2023-12-31",7299,0.969310864501987,905,46
"US-SRS","daily","ET + soil water potential",2780,2602,0.935971223021583,"2011-05-24","2018-11-27",2745,0.947905282331512,448,22
"US-SRS","daily","ET + VPD",2780,2650,0.953237410071942,"2011-05-24","2018-11-27",2745,0.965391621129326,527,11
"US-SRS","daily","ET + air temperature",2780,2650,0.953237410071942,"2011-05-24","2018-11-27",2745,0.965391621129326,527,11
"US-SRS","daily","ET + net radiation",2780,2488,0.894964028776978,"2011-05-24","2018-11-27",2745,0.906375227686703,486,26
"US-SRS","daily","ET + all core drivers",2780,2602,0.935971223021583,"2011-05-24","2018-11-27",2745,0.947905282331512,448,22
"US-SRS","daily","ET + all drivers including net radiation",2780,2442,0.87841726618705,"2011-05-24","2018-11-27",2745,0.889617486338798,377,36
"US-SSH","daily","ET + soil water potential",2132,920,0.431519699812383,"2016-01-01","2020-07-25",1668,0.551558752997602,127,28
"US-SSH","daily","ET + VPD",2132,1616,0.75797373358349,"2016-01-01","2021-10-31",2131,0.758329422806194,206,32
"US-SSH","daily","ET + air temperature",2132,1616,0.75797373358349,"2016-01-01","2021-10-31",2131,0.758329422806194,206,32
"US-SSH","daily","ET + net radiation",2132,1592,0.74671669793621,"2016-01-01","2021-10-31",2131,0.747067104645706,127,37
"US-SSH","daily","ET + all core drivers",2132,920,0.431519699812383,"2016-01-01","2020-07-25",1668,0.551558752997602,127,28
"US-SSH","daily","ET + all drivers including net radiation",2132,903,0.423545966228893,"2016-01-01","2020-07-25",1668,0.54136690647482,127,29
"US-Seg","daily","ET + soil water potential",5479,0,0,NA,NA,0,NA,0,0
"US-Seg","daily","ET + VPD",5479,5324,0.971710166088702,"2007-01-01","2021-12-31",5479,0.971710166088702,880,23
"US-Seg","daily","ET + air temperature",5479,5350,0.976455557583501,"2007-01-01","2021-12-31",5479,0.976455557583501,1602,17
"US-Seg","daily","ET + net radiation",5479,5241,0.956561416316846,"2007-01-01","2021-12-31",5479,0.956561416316846,707,36
"US-Seg","daily","ET + all core drivers",5479,0,0,NA,NA,0,NA,0,0
"US-Seg","daily","ET + all drivers including net radiation",5479,0,0,NA,NA,0,NA,0,0
"US-Ses","daily","ET + soil water potential",5472,0,0,NA,NA,0,NA,0,0
"US-Ses","daily","ET + VPD",5472,5356,0.978801169590643,"2007-01-08","2021-12-31",5472,0.978801169590643,1612,20
"US-Ses","daily","ET + air temperature",5472,5382,0.983552631578947,"2007-01-08","2021-12-31",5472,0.983552631578947,1619,14
"US-Ses","daily","ET + net radiation",5472,5314,0.971125730994152,"2007-01-09","2021-12-31",5471,0.971303235240358,1610,39
"US-Ses","daily","ET + all core drivers",5472,0,0,NA,NA,0,NA,0,0
"US-Ses","daily","ET + all drivers including net radiation",5472,0,0,NA,NA,0,NA,0,0
"US-Sne","daily","ET + soil water potential",1683,0,0,NA,NA,0,NA,0,0
"US-Sne","daily","ET + VPD",1683,1600,0.95068330362448,"2016-05-25","2020-12-30",1681,0.951814396192742,393,14
"US-Sne","daily","ET + air temperature",1683,1600,0.95068330362448,"2016-05-25","2020-12-30",1681,0.951814396192742,393,14
"US-Sne","daily","ET + net radiation",1683,1636,0.972073677956031,"2016-05-25","2020-12-30",1681,0.973230220107079,295,15
"US-Sne","daily","ET + all core drivers",1683,0,0,NA,NA,0,NA,0,0
"US-Sne","daily","ET + all drivers including net radiation",1683,0,0,NA,NA,0,NA,0,0
"US-Snf","daily","ET + soil water potential",723,706,0.976486860304288,"2018-07-19","2020-07-06",719,0.98191933240612,251,9
"US-Snf","daily","ET + VPD",723,664,0.918395573997234,"2018-07-19","2020-07-06",719,0.923504867872045,208,10
"US-Snf","daily","ET + air temperature",723,679,0.939142461964039,"2018-07-19","2020-07-06",719,0.944367176634214,210,10
"US-Snf","daily","ET + net radiation",723,637,0.881051175656985,"2018-07-19","2020-07-06",719,0.885952712100139,249,4
"US-Snf","daily","ET + all core drivers",723,664,0.918395573997234,"2018-07-19","2020-07-06",719,0.923504867872045,208,10
"US-Snf","daily","ET + all drivers including net radiation",723,595,0.822959889349931,"2018-07-19","2020-07-06",719,0.827538247566064,198,5
"US-Syv","daily","ET + soil water potential",8195,5193,0.633679072605247,"2001-08-19","2023-12-31",8170,0.63561811505508,322,85
"US-Syv","daily","ET + VPD",8195,3709,0.452593044539353,"2012-05-03","2023-12-31",4260,0.870657276995305,525,46
"US-Syv","daily","ET + air temperature",8195,5434,0.663087248322148,"2001-08-19","2023-12-31",8170,0.665116279069767,525,86
"US-Syv","daily","ET + net radiation",8195,5007,0.61098230628432,"2001-08-19","2023-12-31",8170,0.612851897184822,322,100
"US-Syv","daily","ET + all core drivers",8195,3468,0.423184868822453,"2012-05-03","2023-12-31",4260,0.814084507042254,269,45
"US-Syv","daily","ET + all drivers including net radiation",8195,3064,0.373886516168395,"2012-05-03","2023-12-31",4260,0.71924882629108,249,57
"US-Ton","daily","ET + soil water potential",8281,6998,0.845067020891197,"2001-05-18","2021-01-06",7174,0.9754669640368,1290,33
"US-Ton","daily","ET + VPD",8281,8083,0.976089844221712,"2001-05-18","2023-12-31",8263,0.978216144257534,1290,35
"US-Ton","daily","ET + air temperature",8281,8083,0.976089844221712,"2001-05-18","2023-12-31",8263,0.978216144257534,1290,35
"US-Ton","daily","ET + net radiation",8281,7841,0.946866320492694,"2001-05-19","2023-12-31",8262,0.949043815056887,1111,82
"US-Ton","daily","ET + all core drivers",8281,6998,0.845067020891197,"2001-05-18","2021-01-06",7174,0.9754669640368,1290,33
"US-Ton","daily","ET + all drivers including net radiation",8281,6763,0.816688805699795,"2001-05-19","2021-01-06",7173,0.942841210093406,695,76
"US-Tw2","daily","ET + soil water potential",354,321,0.906779661016949,"2012-05-22","2013-05-08",352,0.911931818181818,159,3
"US-Tw2","daily","ET + VPD",354,347,0.980225988700565,"2012-05-22","2013-05-08",352,0.985795454545455,185,3
"US-Tw2","daily","ET + air temperature",354,347,0.980225988700565,"2012-05-22","2013-05-08",352,0.985795454545455,185,3
"US-Tw2","daily","ET + net radiation",354,298,0.84180790960452,"2012-05-22","2013-05-08",352,0.846590909090909,110,6
"US-Tw2","daily","ET + all core drivers",354,321,0.906779661016949,"2012-05-22","2013-05-08",352,0.911931818181818,159,3
"US-Tw2","daily","ET + all drivers including net radiation",354,298,0.84180790960452,"2012-05-22","2013-05-08",352,0.846590909090909,110,6
"US-Tw3","daily","ET + soil water potential",1839,1707,0.928221859706362,"2013-05-25","2018-06-04",1837,0.929232444202504,392,24
"US-Tw3","daily","ET + VPD",1839,1760,0.957041870581838,"2013-05-25","2018-06-04",1837,0.958083832335329,392,23
"US-Tw3","daily","ET + air temperature",1839,1780,0.967917346383904,"2013-05-25","2018-06-04",1837,0.968971148611867,392,24
"US-Tw3","daily","ET + net radiation",1839,1547,0.841218053289831,"2013-05-25","2018-06-04",1837,0.842133913990201,300,24
"US-Tw3","daily","ET + all core drivers",1839,1685,0.916258836324089,"2013-05-25","2018-06-04",1837,0.917256396298312,392,23
"US-Tw3","daily","ET + all drivers including net radiation",1839,1459,0.79336595976074,"2013-05-25","2018-06-04",1837,0.794229722373435,300,22
"US-UC1","daily","ET + soil water potential",1691,1613,0.953873447664104,"2019-05-17","2023-12-31",1690,0.954437869822485,875,5
"US-UC1","daily","ET + VPD",1691,1613,0.953873447664104,"2019-05-17","2023-12-31",1690,0.954437869822485,875,5
"US-UC1","daily","ET + air temperature",1691,1613,0.953873447664104,"2019-05-17","2023-12-31",1690,0.954437869822485,875,5
"US-UC1","daily","ET + net radiation",1691,1610,0.952099349497339,"2019-05-17","2023-12-31",1690,0.952662721893491,755,7
"US-UC1","daily","ET + all core drivers",1691,1613,0.953873447664104,"2019-05-17","2023-12-31",1690,0.954437869822485,875,5
"US-UC1","daily","ET + all drivers including net radiation",1691,1610,0.952099349497339,"2019-05-17","2023-12-31",1690,0.952662721893491,755,7
"US-UC2","daily","ET + soil water potential",1683,1599,0.950089126559715,"2019-05-25","2023-12-31",1682,0.950653983353151,604,5
"US-UC2","daily","ET + VPD",1683,1599,0.950089126559715,"2019-05-25","2023-12-31",1682,0.950653983353151,604,5
"US-UC2","daily","ET + air temperature",1683,1599,0.950089126559715,"2019-05-25","2023-12-31",1682,0.950653983353151,604,5
"US-UC2","daily","ET + net radiation",1683,1587,0.942959001782531,"2019-05-25","2023-12-31",1682,0.943519619500594,604,7
"US-UC2","daily","ET + all core drivers",1683,1599,0.950089126559715,"2019-05-25","2023-12-31",1682,0.950653983353151,604,5
"US-UC2","daily","ET + all drivers including net radiation",1683,1587,0.942959001782531,"2019-05-25","2023-12-31",1682,0.943519619500594,604,7
"US-UMB","daily","ET + soil water potential",5479,5115,0.933564519072824,"2007-01-01","2021-12-30",5478,0.933734939759036,673,48
"US-UMB","daily","ET + VPD",5479,5332,0.97317028654864,"2007-01-01","2021-12-30",5478,0.973347937203359,408,96
"US-UMB","daily","ET + air temperature",5479,5334,0.973535316663625,"2007-01-01","2021-12-30",5478,0.973713033953998,416,94
"US-UMB","daily","ET + net radiation",5479,5174,0.944332907464866,"2007-01-01","2021-12-30",5478,0.944505293902884,407,117
"US-UMB","daily","ET + all core drivers",5479,5055,0.922613615623289,"2007-01-01","2021-12-30",5478,0.922782037239869,408,95
"US-UMB","daily","ET + all drivers including net radiation",5479,4896,0.893593721482022,"2007-01-01","2021-12-30",5478,0.893756845564075,407,117
"US-UMd","daily","ET + soil water potential",6066,5887,0.970491262776129,"2007-06-15","2023-12-31",6044,0.974023825281271,1569,41
"US-UMd","daily","ET + VPD",6066,5838,0.962413452027695,"2007-05-25","2023-12-31",6065,0.962572135201979,1569,81
"US-UMd","daily","ET + air temperature",6066,5856,0.96538081107814,"2007-05-25","2023-12-31",6065,0.965539983511954,1569,80
"US-UMd","daily","ET + net radiation",6066,5203,0.857731618859215,"2007-05-25","2022-08-16",5563,0.935286715800827,428,140
"US-UMd","daily","ET + all core drivers",6066,5817,0.958951533135509,"2007-06-15","2023-12-31",6044,0.962442091330245,1569,81
"US-UMd","daily","ET + all drivers including net radiation",6066,5164,0.851302340916584,"2007-06-15","2022-08-16",5542,0.931793576326236,428,141
"US-UTB","daily","ET + soil water potential",818,0,0,NA,NA,0,NA,0,0
"US-UTB","daily","ET + VPD",818,585,0.715158924205379,"2021-10-06","2023-12-31",817,0.716034271725826,134,9
"US-UTB","daily","ET + air temperature",818,585,0.715158924205379,"2021-10-06","2023-12-31",817,0.716034271725826,134,9
"US-UTB","daily","ET + net radiation",818,572,0.699266503667482,"2021-10-06","2023-12-31",817,0.700122399020808,127,16
"US-UTB","daily","ET + all core drivers",818,0,0,NA,NA,0,NA,0,0
"US-UTB","daily","ET + all drivers including net radiation",818,0,0,NA,NA,0,NA,0,0
"US-Var","daily","ET + soil water potential",7676,7513,0.978764981761334,"2000-10-30","2021-10-25",7666,0.98004174276024,1870,26
"US-Var","daily","ET + VPD",7676,7543,0.982673267326733,"2000-10-30","2021-10-25",7666,0.983955126532742,1870,23
"US-Var","daily","ET + air temperature",7676,7543,0.982673267326733,"2000-10-30","2021-10-25",7666,0.983955126532742,1870,23
"US-Var","daily","ET + net radiation",7676,4260,0.554976550286608,"2000-10-30","2021-10-25",7666,0.555700495695278,692,269
"US-Var","daily","ET + all core drivers",7676,7513,0.978764981761334,"2000-10-30","2021-10-25",7666,0.98004174276024,1870,26
"US-Var","daily","ET + all drivers including net radiation",7676,4233,0.551459093277749,"2000-10-30","2021-10-25",7666,0.552178450300026,692,271
"US-Vcm","daily","ET + soil water potential",5479,0,0,NA,NA,0,NA,0,0
"US-Vcm","daily","ET + VPD",5479,4906,0.895418872056945,"2007-01-02","2021-12-31",5478,0.895582329317269,811,84
"US-Vcm","daily","ET + air temperature",5479,4940,0.901624384011681,"2007-01-02","2021-12-31",5478,0.901788974078131,1085,83
"US-Vcm","daily","ET + net radiation",5479,4158,0.758897609052747,"2009-05-07","2021-12-31",4622,0.899610558199913,365,44
"US-Vcm","daily","ET + all core drivers",5479,0,0,NA,NA,0,NA,0,0
"US-Vcm","daily","ET + all drivers including net radiation",5479,0,0,NA,NA,0,NA,0,0
"US-Vcp","daily","ET + soil water potential",6209,0,0,NA,NA,0,NA,0,0
"US-Vcp","daily","ET + VPD",6209,5694,0.917055886616202,"2007-01-01","2023-12-30",6208,0.917203608247423,888,47
"US-Vcp","daily","ET + air temperature",6209,5792,0.93283942663875,"2007-01-01","2023-12-30",6208,0.93298969072165,888,39
"US-Vcp","daily","ET + net radiation",6209,4604,0.741504267998067,"2007-01-01","2023-12-30",6208,0.741623711340206,345,73
"US-Vcp","daily","ET + all core drivers",6209,0,0,NA,NA,0,NA,0,0
"US-Vcp","daily","ET + all drivers including net radiation",6209,0,0,NA,NA,0,NA,0,0
"US-Whs","daily","ET + soil water potential",4935,4717,0.955825734549139,"2007-06-30","2020-12-31",4934,0.956019456830158,1607,20
"US-Whs","daily","ET + VPD",4935,4384,0.888348530901722,"2008-12-25","2020-12-31",4390,0.998633257403189,1607,4
"US-Whs","daily","ET + air temperature",4935,4384,0.888348530901722,"2008-12-25","2020-12-31",4390,0.998633257403189,1607,4
"US-Whs","daily","ET + net radiation",4935,4844,0.981560283687943,"2007-06-30","2020-12-31",4934,0.981759221726794,841,22
"US-Whs","daily","ET + all core drivers",4935,4178,0.84660587639311,"2008-12-25","2020-12-31",4390,0.951708428246014,1607,19
"US-Whs","daily","ET + all drivers including net radiation",4935,4101,0.831003039513678,"2008-12-25","2020-12-31",4390,0.934168564920273,841,33
"US-Wi0","daily","ET + soil water potential",233,0,0,NA,NA,0,NA,0,0
"US-Wi0","daily","ET + VPD",233,189,0.811158798283262,"2002-04-27","2002-12-14",232,0.814655172413793,142,6
"US-Wi0","daily","ET + air temperature",233,189,0.811158798283262,"2002-04-27","2002-12-14",232,0.814655172413793,142,6
"US-Wi0","daily","ET + net radiation",233,188,0.8068669527897,"2002-04-27","2002-12-14",232,0.810344827586207,142,6
"US-Wi0","daily","ET + all core drivers",233,0,0,NA,NA,0,NA,0,0
"US-Wi0","daily","ET + all drivers including net radiation",233,0,0,NA,NA,0,NA,0,0
"US-Wi1","daily","ET + soil water potential",360,0,0,NA,NA,0,NA,0,0
"US-Wi1","daily","ET + VPD",360,152,0.422222222222222,"2003-05-24","2003-12-15",206,0.737864077669903,47,9
"US-Wi1","daily","ET + air temperature",360,152,0.422222222222222,"2003-05-24","2003-12-15",206,0.737864077669903,47,9
"US-Wi1","daily","ET + net radiation",360,123,0.341666666666667,"2003-05-24","2003-12-08",199,0.618090452261307,25,16
"US-Wi1","daily","ET + all core drivers",360,0,0,NA,NA,0,NA,0,0
"US-Wi1","daily","ET + all drivers including net radiation",360,0,0,NA,NA,0,NA,0,0
"US-Wi3","daily","ET + soil water potential",970,0,0,NA,NA,0,NA,0,0
"US-Wi3","daily","ET + VPD",970,460,0.474226804123711,"2002-05-08","2004-12-12",950,0.484210526315789,151,28
"US-Wi3","daily","ET + air temperature",970,460,0.474226804123711,"2002-05-08","2004-12-12",950,0.484210526315789,151,28
"US-Wi3","daily","ET + net radiation",970,430,0.443298969072165,"2002-05-08","2004-12-12",950,0.452631578947368,130,31
"US-Wi3","daily","ET + all core drivers",970,0,0,NA,NA,0,NA,0,0
"US-Wi3","daily","ET + all drivers including net radiation",970,0,0,NA,NA,0,NA,0,0
"US-Wi4","daily","ET + soil water potential",1282,0,0,NA,NA,0,NA,0,0
"US-Wi4","daily","ET + VPD",1282,635,0.495319812792512,"2002-05-08","2005-11-07",1280,0.49609375,144,34
"US-Wi4","daily","ET + air temperature",1282,635,0.495319812792512,"2002-05-08","2005-11-07",1280,0.49609375,144,34
"US-Wi4","daily","ET + net radiation",1282,547,0.426677067082683,"2002-05-08","2005-10-31",1273,0.429693637077769,144,40
"US-Wi4","daily","ET + all core drivers",1282,0,0,NA,NA,0,NA,0,0
"US-Wi4","daily","ET + all drivers including net radiation",1282,0,0,NA,NA,0,NA,0,0
"US-Wi5","daily","ET + soil water potential",240,0,0,NA,NA,0,NA,0,0
"US-Wi5","daily","ET + VPD",240,227,0.945833333333333,"2004-04-20","2004-12-13",238,0.953781512605042,144,6
"US-Wi5","daily","ET + air temperature",240,227,0.945833333333333,"2004-04-20","2004-12-13",238,0.953781512605042,144,6
"US-Wi5","daily","ET + net radiation",240,188,0.783333333333333,"2004-04-20","2004-12-06",231,0.813852813852814,102,6
"US-Wi5","daily","ET + all core drivers",240,0,0,NA,NA,0,NA,0,0
"US-Wi5","daily","ET + all drivers including net radiation",240,0,0,NA,NA,0,NA,0,0
"US-Wi6","daily","ET + soil water potential",541,0,0,NA,NA,0,NA,0,0
"US-Wi6","daily","ET + VPD",541,216,0.399260628465804,"2002-05-06","2003-10-26",539,0.400742115027829,121,22
"US-Wi6","daily","ET + air temperature",541,216,0.399260628465804,"2002-05-06","2003-10-26",539,0.400742115027829,121,22
"US-Wi6","daily","ET + net radiation",541,198,0.365988909426987,"2002-05-06","2003-09-08",491,0.403258655804481,121,8
"US-Wi6","daily","ET + all core drivers",541,0,0,NA,NA,0,NA,0,0
"US-Wi6","daily","ET + all drivers including net radiation",541,0,0,NA,NA,0,NA,0,0
"US-Wi7","daily","ET + soil water potential",172,0,0,NA,NA,0,NA,0,0
"US-Wi7","daily","ET + VPD",172,169,0.982558139534884,"2005-05-22","2005-11-07",170,0.994117647058824,124,2
"US-Wi7","daily","ET + air temperature",172,169,0.982558139534884,"2005-05-22","2005-11-07",170,0.994117647058824,124,2
"US-Wi7","daily","ET + net radiation",172,155,0.901162790697674,"2005-05-29","2005-10-31",156,0.993589743589744,117,2
"US-Wi7","daily","ET + all core drivers",172,0,0,NA,NA,0,NA,0,0
"US-Wi7","daily","ET + all drivers including net radiation",172,0,0,NA,NA,0,NA,0,0
"US-Wi8","daily","ET + soil water potential",176,0,0,NA,NA,0,NA,0,0
"US-Wi8","daily","ET + VPD",176,172,0.977272727272727,"2002-05-17","2002-11-06",174,0.988505747126437,166,2
"US-Wi8","daily","ET + air temperature",176,172,0.977272727272727,"2002-05-17","2002-11-06",174,0.988505747126437,166,2
"US-Wi8","daily","ET + net radiation",176,172,0.977272727272727,"2002-05-17","2002-11-06",174,0.988505747126437,166,2
"US-Wi8","daily","ET + all core drivers",176,0,0,NA,NA,0,NA,0,0
"US-Wi8","daily","ET + all drivers including net radiation",176,0,0,NA,NA,0,NA,0,0
"US-Wi9","daily","ET + soil water potential",562,0,0,NA,NA,0,NA,0,0
"US-Wi9","daily","ET + VPD",562,325,0.578291814946619,"2004-05-01","2005-10-31",549,0.591985428051002,191,7
"US-Wi9","daily","ET + air temperature",562,325,0.578291814946619,"2004-05-01","2005-10-31",549,0.591985428051002,191,7
"US-Wi9","daily","ET + net radiation",562,260,0.462633451957295,"2004-06-02","2005-08-21",446,0.582959641255605,143,8
"US-Wi9","daily","ET + all core drivers",562,0,0,NA,NA,0,NA,0,0
"US-Wi9","daily","ET + all drivers including net radiation",562,0,0,NA,NA,0,NA,0,0
"US-Wjs","daily","ET + soil water potential",5356,0,0,NA,NA,0,NA,0,0
"US-Wjs","daily","ET + VPD",5356,5120,0.955937266616878,"2007-05-05","2021-12-31",5355,0.956115779645191,1571,31
"US-Wjs","daily","ET + air temperature",5356,5185,0.968073188946975,"2007-05-05","2021-12-31",5355,0.968253968253968,1571,28
"US-Wjs","daily","ET + net radiation",5356,4420,0.825242718446602,"2007-07-19","2021-12-31",5280,0.837121212121212,347,134
"US-Wjs","daily","ET + all core drivers",5356,0,0,NA,NA,0,NA,0,0
"US-Wjs","daily","ET + all drivers including net radiation",5356,0,0,NA,NA,0,NA,0,0
"US-Wkg","daily","ET + soil water potential",6450,6443,0.998914728682171,"2004-05-06","2021-12-31",6449,0.999069623197395,3809,6
"US-Wkg","daily","ET + VPD",6450,6443,0.998914728682171,"2004-05-06","2021-12-31",6449,0.999069623197395,3809,6
"US-Wkg","daily","ET + air temperature",6450,6443,0.998914728682171,"2004-05-06","2021-12-31",6449,0.999069623197395,3809,6
"US-Wkg","daily","ET + net radiation",6450,6364,0.986666666666667,"2004-05-07","2021-12-31",6448,0.98697270471464,1412,33
"US-Wkg","daily","ET + all core drivers",6450,6443,0.998914728682171,"2004-05-06","2021-12-31",6449,0.999069623197395,3809,6
"US-Wkg","daily","ET + all drivers including net radiation",6450,6364,0.986666666666667,"2004-05-07","2021-12-31",6448,0.98697270471464,1412,33
"US-xAB","daily","ET + soil water potential",2345,1929,0.822601279317697,"2017-08-01","2023-12-31",2344,0.822952218430034,424,26
"US-xAB","daily","ET + VPD",2345,1847,0.787633262260128,"2017-11-30","2023-12-31",2223,0.830859199280252,424,22
"US-xAB","daily","ET + air temperature",2345,1919,0.818336886993603,"2017-08-18","2023-12-31",2327,0.824666953158573,424,24
"US-xAB","daily","ET + net radiation",2345,1889,0.805543710021322,"2017-09-08","2023-12-30",2305,0.819522776572668,424,27
"US-xAB","daily","ET + all core drivers",2345,1841,0.785074626865672,"2017-11-30","2023-12-31",2223,0.828160143949618,424,23
"US-xAB","daily","ET + all drivers including net radiation",2345,1833,0.781663113006397,"2017-11-30","2023-12-30",2222,0.824932493249325,424,25
"US-xAE","daily","ET + soil water potential",1584,665,0.419823232323232,"2019-04-18","2021-08-17",853,0.779601406799531,259,17
"US-xAE","daily","ET + VPD",1584,867,0.547348484848485,"2019-01-02","2021-12-31",1095,0.791780821917808,259,19
"US-xAE","daily","ET + air temperature",1584,912,0.575757575757576,"2019-01-02","2021-12-31",1095,0.832876712328767,259,18
"US-xAE","daily","ET + net radiation",1584,911,0.575126262626263,"2019-01-02","2021-12-31",1095,0.831963470319635,259,18
"US-xAE","daily","ET + all core drivers",1584,665,0.419823232323232,"2019-04-18","2021-08-17",853,0.779601406799531,259,17
"US-xAE","daily","ET + all drivers including net radiation",1584,664,0.419191919191919,"2019-04-18","2021-08-17",853,0.778429073856975,259,17
"US-xBL","daily","ET + soil water potential",1096,612,0.558394160583942,"2019-10-02","2021-12-31",822,0.744525547445255,120,13
"US-xBL","daily","ET + VPD",1096,634,0.578467153284672,"2019-10-02","2021-12-31",822,0.771289537712895,120,14
"US-xBL","daily","ET + air temperature",1096,634,0.578467153284672,"2019-10-02","2021-12-31",822,0.771289537712895,120,14
"US-xBL","daily","ET + net radiation",1096,603,0.550182481751825,"2019-10-02","2021-12-31",822,0.733576642335766,120,15
"US-xBL","daily","ET + all core drivers",1096,612,0.558394160583942,"2019-10-02","2021-12-31",822,0.744525547445255,120,13
"US-xBL","daily","ET + all drivers including net radiation",1096,581,0.530109489051095,"2019-10-02","2021-12-31",822,0.706812652068126,120,14
"US-xBR","daily","ET + soil water potential",1796,764,0.425389755011136,"2017-03-01","2021-11-22",1728,0.44212962962963,312,29
"US-xBR","daily","ET + VPD",1796,1488,0.828507795100223,"2017-02-01","2021-12-31",1795,0.828969359331476,312,22
"US-xBR","daily","ET + air temperature",1796,1488,0.828507795100223,"2017-02-01","2021-12-31",1795,0.828969359331476,312,22
"US-xBR","daily","ET + net radiation",1796,1466,0.816258351893096,"2017-02-01","2021-12-31",1795,0.816713091922006,285,31
"US-xBR","daily","ET + all core drivers",1796,764,0.425389755011136,"2017-03-01","2021-11-22",1728,0.44212962962963,312,29
"US-xBR","daily","ET + all drivers including net radiation",1796,762,0.424276169265033,"2017-03-01","2021-11-22",1728,0.440972222222222,285,30
"US-xCL","daily","ET + soil water potential",1523,453,0.297439264609324,"2018-12-07","2020-12-20",745,0.608053691275168,353,11
"US-xCL","daily","ET + VPD",1523,923,0.606040709126724,"2018-09-14","2021-12-31",1205,0.76597510373444,389,16
"US-xCL","daily","ET + air temperature",1523,923,0.606040709126724,"2018-09-14","2021-12-31",1205,0.76597510373444,389,16
"US-xCL","daily","ET + net radiation",1523,895,0.587655942219304,"2018-09-14","2021-12-31",1205,0.742738589211618,388,17
"US-xCL","daily","ET + all core drivers",1523,453,0.297439264609324,"2018-12-07","2020-12-20",745,0.608053691275168,353,11
"US-xCL","daily","ET + all drivers including net radiation",1523,432,0.283650689428759,"2018-12-07","2020-12-20",745,0.579865771812081,191,13
"US-xCP","daily","ET + soil water potential",1858,397,0.213670613562971,"2019-03-03","2020-11-15",624,0.636217948717949,85,19
"US-xCP","daily","ET + VPD",1858,1183,0.636706135629709,"2017-02-10","2021-12-31",1786,0.662374020156775,171,37
"US-xCP","daily","ET + air temperature",1858,1183,0.636706135629709,"2017-02-10","2021-12-31",1786,0.662374020156775,171,37
"US-xCP","daily","ET + net radiation",1858,1105,0.594725511302476,"2017-02-10","2021-12-31",1786,0.618701007838746,102,42
"US-xCP","daily","ET + all core drivers",1858,387,0.208288482238967,"2019-03-03","2020-11-15",624,0.620192307692308,85,18
"US-xCP","daily","ET + all drivers including net radiation",1858,376,0.202368137782562,"2019-03-03","2020-11-13",622,0.604501607717042,67,22
"US-xDC","daily","ET + soil water potential",1584,967,0.610479797979798,"2017-10-26","2021-09-12",1418,0.681946403385049,246,21
"US-xDC","daily","ET + VPD",1584,1418,0.89520202020202,"2017-09-01","2021-12-31",1583,0.895767530006317,345,16
"US-xDC","daily","ET + air temperature",1584,1426,0.900252525252525,"2017-09-01","2021-12-31",1583,0.900821225521162,345,16
"US-xDC","daily","ET + net radiation",1584,1424,0.898989898989899,"2017-09-01","2021-12-31",1583,0.899557801642451,334,17
"US-xDC","daily","ET + all core drivers",1584,952,0.601010101010101,"2017-10-26","2021-09-12",1418,0.671368124118477,237,21
"US-xDC","daily","ET + all drivers including net radiation",1584,950,0.599747474747475,"2017-10-26","2021-09-12",1418,0.669957686882934,237,22
"US-xDL","daily","ET + soil water potential",1768,463,0.261877828054299,"2018-09-08","2021-07-15",1042,0.444337811900192,118,15
"US-xDL","daily","ET + VPD",1768,1070,0.605203619909502,"2017-11-16","2021-12-31",1507,0.710019907100199,299,25
"US-xDL","daily","ET + air temperature",1768,1112,0.6289592760181,"2017-11-16","2021-12-31",1507,0.737889847378899,455,23
"US-xDL","daily","ET + net radiation",1768,1108,0.626696832579186,"2017-11-16","2021-12-31",1507,0.735235567352356,233,24
"US-xDL","daily","ET + all core drivers",1768,451,0.255090497737557,"2018-09-08","2021-07-15",1042,0.432821497120921,118,16
"US-xDL","daily","ET + all drivers including net radiation",1768,450,0.254524886877828,"2018-09-08","2021-07-15",1042,0.431861804222649,118,16
"US-xDS","daily","ET + soil water potential",1768,170,0.0961538461538462,"2019-09-13","2021-02-06",513,0.331384015594542,68,7
"US-xDS","daily","ET + VPD",1768,939,0.531108597285068,"2018-12-01","2021-12-31",1127,0.83318544809228,229,14
"US-xDS","daily","ET + air temperature",1768,943,0.533371040723982,"2018-12-01","2021-12-31",1127,0.836734693877551,239,13
"US-xDS","daily","ET + net radiation",1768,938,0.530542986425339,"2018-12-01","2021-12-31",1127,0.832298136645963,239,18
"US-xDS","daily","ET + all core drivers",1768,170,0.0961538461538462,"2019-09-13","2021-02-06",513,0.331384015594542,68,7
"US-xDS","daily","ET + all drivers including net radiation",1768,170,0.0961538461538462,"2019-09-13","2021-02-06",513,0.331384015594542,68,7
"US-xGR","daily","ET + soil water potential",1554,640,0.411840411840412,"2019-04-18","2021-10-17",914,0.700218818380744,170,8
"US-xGR","daily","ET + VPD",1554,841,0.541184041184041,"2017-10-01","2021-12-31",1553,0.541532517707663,162,15
"US-xGR","daily","ET + air temperature",1554,844,0.543114543114543,"2017-10-01","2021-12-31",1553,0.543464262717321,170,14
"US-xGR","daily","ET + net radiation",1554,717,0.461389961389961,"2019-04-07","2021-12-31",1000,0.717,162,15
"US-xGR","daily","ET + all core drivers",1554,637,0.40990990990991,"2019-04-18","2021-10-17",914,0.696936542669584,151,9
"US-xGR","daily","ET + all drivers including net radiation",1554,630,0.405405405405405,"2019-04-18","2021-10-17",914,0.689277899343545,126,14
"US-xHA","daily","ET + soil water potential",1768,39,0.0220588235294118,"2017-12-12","2020-10-30",1054,0.0370018975332068,16,14
"US-xHA","daily","ET + VPD",1768,1376,0.778280542986425,"2017-03-01","2021-12-31",1767,0.778720996038483,150,43
"US-xHA","daily","ET + air temperature",1768,1521,0.860294117647059,"2017-03-01","2021-12-31",1767,0.860780984719864,231,40
"US-xHA","daily","ET + net radiation",1768,1472,0.832579185520362,"2017-03-01","2021-12-31",1767,0.833050367855122,231,43
"US-xHA","daily","ET + all core drivers",1768,39,0.0220588235294118,"2017-12-12","2020-10-30",1054,0.0370018975332068,16,14
"US-xHA","daily","ET + all drivers including net radiation",1768,36,0.0203619909502262,"2017-12-12","2020-10-19",1043,0.0345158197507191,16,13
"US-xJE","daily","ET + soil water potential",1768,817,0.46210407239819,"2019-09-10","2021-12-31",844,0.968009478672986,192,13
"US-xJE","daily","ET + VPD",1768,1082,0.611990950226244,"2017-11-03","2021-12-31",1520,0.711842105263158,192,24
"US-xJE","daily","ET + air temperature",1768,1082,0.611990950226244,"2017-11-03","2021-12-31",1520,0.711842105263158,192,24
"US-xJE","daily","ET + net radiation",1768,1080,0.610859728506787,"2017-11-03","2021-12-31",1520,0.710526315789474,192,26
"US-xJE","daily","ET + all core drivers",1768,817,0.46210407239819,"2019-09-10","2021-12-31",844,0.968009478672986,192,13
"US-xJE","daily","ET + all drivers including net radiation",1768,815,0.460972850678733,"2019-09-10","2021-12-31",844,0.96563981042654,192,15
"US-xJR","daily","ET + soil water potential",2314,1603,0.692739844425238,"2017-11-25","2023-12-31",2228,0.719479353680431,210,26
"US-xJR","daily","ET + VPD",2314,2063,0.891529818496111,"2017-11-25","2023-12-31",2228,0.925942549371634,234,32
"US-xJR","daily","ET + air temperature",2314,2063,0.891529818496111,"2017-11-25","2023-12-31",2228,0.925942549371634,234,32
"US-xJR","daily","ET + net radiation",2314,1837,0.793863439930856,"2017-11-25","2023-12-30",2227,0.824876515491693,234,33
"US-xJR","daily","ET + all core drivers",2314,1603,0.692739844425238,"2017-11-25","2023-12-31",2228,0.719479353680431,210,26
"US-xJR","daily","ET + all drivers including net radiation",2314,1495,0.646067415730337,"2017-11-25","2023-12-30",2227,0.671306690615177,168,27
"US-xKA","daily","ET + soil water potential",1615,501,0.310216718266254,"2017-12-21","2020-12-27",1103,0.454215775158658,106,41
"US-xKA","daily","ET + VPD",1615,1086,0.672445820433436,"2017-08-01","2021-12-31",1614,0.672862453531598,106,75
"US-xKA","daily","ET + air temperature",1615,1103,0.68297213622291,"2017-08-01","2021-12-31",1614,0.683395291201983,106,74
"US-xKA","daily","ET + net radiation",1615,1210,0.74922600619195,"2017-08-01","2021-12-31",1614,0.749690210656753,138,79
"US-xKA","daily","ET + all core drivers",1615,483,0.299071207430341,"2017-12-21","2020-12-27",1103,0.437896645512239,106,42
"US-xKA","daily","ET + all drivers including net radiation",1615,461,0.285448916408669,"2017-12-21","2020-12-27",1103,0.417951042611061,106,43
"US-xKZ","daily","ET + soil water potential",1615,724,0.448297213622291,"2018-08-22","2021-01-26",889,0.814398200224972,149,18
"US-xKZ","daily","ET + VPD",1615,1317,0.815479876160991,"2017-08-10","2021-12-31",1605,0.820560747663551,172,50
"US-xKZ","daily","ET + air temperature",1615,1317,0.815479876160991,"2017-08-10","2021-12-31",1605,0.820560747663551,172,50
"US-xKZ","daily","ET + net radiation",1615,1303,0.806811145510836,"2017-08-10","2021-12-31",1605,0.81183800623053,172,55
"US-xKZ","daily","ET + all core drivers",1615,724,0.448297213622291,"2018-08-22","2021-01-26",889,0.814398200224972,149,18
"US-xKZ","daily","ET + all drivers including net radiation",1615,718,0.444582043343653,"2018-08-22","2021-01-26",889,0.807649043869516,149,21
"US-xMB","daily","ET + soil water potential",1615,493,0.305263157894737,"2020-03-07","2021-08-08",520,0.948076923076923,184,6
"US-xMB","daily","ET + VPD",1615,659,0.408049535603715,"2019-01-28","2021-12-31",1069,0.616463985032741,184,15
"US-xMB","daily","ET + air temperature",1615,659,0.408049535603715,"2019-01-28","2021-12-31",1069,0.616463985032741,184,15
"US-xMB","daily","ET + net radiation",1615,617,0.382043343653251,"2019-01-28","2021-12-31",1069,0.577174929840973,169,18
"US-xMB","daily","ET + all core drivers",1615,493,0.305263157894737,"2020-03-07","2021-08-08",520,0.948076923076923,184,6
"US-xMB","daily","ET + all drivers including net radiation",1615,451,0.279256965944272,"2020-03-07","2021-08-08",520,0.867307692307692,158,9
"US-xML","daily","ET + soil water potential",1584,816,0.515151515151515,"2019-05-11","2021-12-31",966,0.84472049689441,182,12
"US-xML","daily","ET + VPD",1584,673,0.424873737373737,"2019-05-11","2021-12-31",966,0.696687370600414,150,16
"US-xML","daily","ET + air temperature",1584,817,0.515782828282828,"2019-05-11","2021-12-31",966,0.84575569358178,189,11
"US-xML","daily","ET + net radiation",1584,802,0.506313131313131,"2019-05-11","2021-12-31",966,0.830227743271222,182,16
"US-xML","daily","ET + all core drivers",1584,672,0.424242424242424,"2019-05-11","2021-12-31",966,0.695652173913043,148,17
"US-xML","daily","ET + all drivers including net radiation",1584,658,0.41540404040404,"2019-05-11","2021-12-31",966,0.681159420289855,148,21
"US-xNG","daily","ET + soil water potential",1554,890,0.572715572715573,"2018-10-05","2021-12-31",1184,0.751689189189189,248,13
"US-xNG","daily","ET + VPD",1554,1416,0.911196911196911,"2017-10-06","2021-12-31",1548,0.914728682170543,259,16
"US-xNG","daily","ET + air temperature",1554,1416,0.911196911196911,"2017-10-06","2021-12-31",1548,0.914728682170543,259,16
"US-xNG","daily","ET + net radiation",1554,1346,0.866151866151866,"2017-10-06","2021-12-31",1548,0.869509043927649,258,24
"US-xNG","daily","ET + all core drivers",1554,890,0.572715572715573,"2018-10-05","2021-12-31",1184,0.751689189189189,248,13
"US-xNG","daily","ET + all drivers including net radiation",1554,834,0.536679536679537,"2018-10-05","2021-12-31",1184,0.704391891891892,248,18
"US-xNQ","daily","ET + soil water potential",1584,129,0.0814393939393939,"2019-01-17","2019-06-13",148,0.871621621621622,123,6
"US-xNQ","daily","ET + VPD",1584,746,0.470959595959596,"2018-10-10","2021-12-31",1179,0.632739609838846,155,23
"US-xNQ","daily","ET + air temperature",1584,830,0.523989898989899,"2018-10-10","2021-12-31",1179,0.703986429177269,165,20
"US-xNQ","daily","ET + net radiation",1584,825,0.520833333333333,"2018-10-10","2021-12-31",1179,0.699745547073791,160,21
"US-xNQ","daily","ET + all core drivers",1584,129,0.0814393939393939,"2019-01-17","2019-06-13",148,0.871621621621622,123,6
"US-xNQ","daily","ET + all drivers including net radiation",1584,128,0.0808080808080808,"2019-01-17","2019-06-10",145,0.882758620689655,123,5
"US-xRM","daily","ET + soil water potential",1768,769,0.434954751131222,"2019-01-27","2021-07-10",896,0.858258928571429,370,13
"US-xRM","daily","ET + VPD",1768,1425,0.805995475113122,"2017-04-09","2021-12-31",1728,0.824652777777778,370,25
"US-xRM","daily","ET + air temperature",1768,1425,0.805995475113122,"2017-04-09","2021-12-31",1728,0.824652777777778,370,25
"US-xRM","daily","ET + net radiation",1768,1408,0.796380090497738,"2017-04-09","2021-12-31",1728,0.814814814814815,146,29
"US-xRM","daily","ET + all core drivers",1768,762,0.430995475113122,"2019-01-27","2021-07-10",896,0.850446428571429,370,13
"US-xRM","daily","ET + all drivers including net radiation",1768,746,0.421945701357466,"2019-01-27","2021-07-10",896,0.832589285714286,146,17
"US-xSB","daily","ET + soil water potential",1796,428,0.238307349665924,"2019-08-20","2021-06-17",668,0.640718562874252,255,7
"US-xSB","daily","ET + VPD",1796,727,0.404788418708241,"2019-08-20","2021-12-31",865,0.840462427745665,255,23
"US-xSB","daily","ET + air temperature",1796,775,0.431514476614699,"2019-08-20","2021-12-31",865,0.895953757225434,255,22
"US-xSB","daily","ET + net radiation",1796,750,0.417594654788419,"2019-08-20","2021-12-31",865,0.867052023121387,237,24
"US-xSB","daily","ET + all core drivers",1796,428,0.238307349665924,"2019-08-20","2021-06-17",668,0.640718562874252,255,7
"US-xSB","daily","ET + all drivers including net radiation",1796,411,0.228841870824053,"2019-08-20","2021-06-13",664,0.618975903614458,237,8
"US-xSC","daily","ET + soil water potential",1096,248,0.226277372262774,"2021-03-01","2021-12-31",306,0.810457516339869,75,7
"US-xSC","daily","ET + VPD",1096,351,0.320255474452555,"2020-09-30","2021-12-31",458,0.766375545851528,75,9
"US-xSC","daily","ET + air temperature",1096,351,0.320255474452555,"2020-09-30","2021-12-31",458,0.766375545851528,75,9
"US-xSC","daily","ET + net radiation",1096,345,0.31478102189781,"2020-09-30","2021-12-31",458,0.753275109170306,72,9
"US-xSC","daily","ET + all core drivers",1096,248,0.226277372262774,"2021-03-01","2021-12-31",306,0.810457516339869,75,7
"US-xSC","daily","ET + all drivers including net radiation",1096,244,0.222627737226277,"2021-03-01","2021-12-31",306,0.797385620915033,72,7
"US-xSE","daily","ET + soil water potential",1676,760,0.45346062052506,"2019-06-08","2021-12-31",938,0.810234541577825,146,21
"US-xSE","daily","ET + VPD",1676,1045,0.623508353221957,"2017-09-16","2021-12-31",1568,0.666454081632653,203,17
"US-xSE","daily","ET + air temperature",1676,1046,0.624105011933174,"2017-09-16","2021-12-31",1568,0.667091836734694,203,17
"US-xSE","daily","ET + net radiation",1676,1033,0.616348448687351,"2017-09-16","2021-12-31",1568,0.658801020408163,203,17
"US-xSE","daily","ET + all core drivers",1676,759,0.452863961813842,"2019-06-08","2021-12-31",938,0.809168443496802,146,21
"US-xSE","daily","ET + all drivers including net radiation",1676,749,0.446897374701671,"2019-06-08","2021-12-31",938,0.798507462686567,146,21
"US-xSJ","daily","ET + soil water potential",1096,776,0.708029197080292,"2019-07-15","2021-11-29",869,0.892980437284235,277,11
"US-xSJ","daily","ET + VPD",1096,776,0.708029197080292,"2019-07-15","2021-11-29",869,0.892980437284235,277,11
"US-xSJ","daily","ET + air temperature",1096,776,0.708029197080292,"2019-07-15","2021-11-29",869,0.892980437284235,277,11
"US-xSJ","daily","ET + net radiation",1096,773,0.70529197080292,"2019-07-15","2021-11-29",869,0.889528193325662,218,12
"US-xSJ","daily","ET + all core drivers",1096,776,0.708029197080292,"2019-07-15","2021-11-29",869,0.892980437284235,277,11
"US-xSJ","daily","ET + all drivers including net radiation",1096,773,0.70529197080292,"2019-07-15","2021-11-29",869,0.889528193325662,218,12
"US-xSL","daily","ET + soil water potential",2376,1749,0.736111111111111,"2017-07-01","2023-12-31",2375,0.736421052631579,208,49
"US-xSL","daily","ET + VPD",2376,1742,0.733164983164983,"2017-07-01","2023-12-31",2375,0.733473684210526,208,48
"US-xSL","daily","ET + air temperature",2376,1754,0.738215488215488,"2017-07-01","2023-12-31",2375,0.738526315789474,208,49
"US-xSL","daily","ET + net radiation",2376,1726,0.726430976430976,"2017-07-01","2023-12-30",2374,0.727042965459141,208,51
"US-xSL","daily","ET + all core drivers",2376,1735,0.730218855218855,"2017-07-01","2023-12-31",2375,0.730526315789474,208,49
"US-xSL","daily","ET + all drivers including net radiation",2376,1712,0.720538720538721,"2017-07-01","2023-12-30",2374,0.721145745577085,208,52
"US-xSR","daily","ET + soil water potential",1584,561,0.354166666666667,"2019-04-20","2021-02-18",671,0.836065573770492,128,18
"US-xSR","daily","ET + VPD",1584,1048,0.661616161616162,"2017-10-11","2021-12-31",1543,0.679196370706416,116,35
"US-xSR","daily","ET + air temperature",1584,1048,0.661616161616162,"2017-10-11","2021-12-31",1543,0.679196370706416,116,35
"US-xSR","daily","ET + net radiation",1584,1043,0.658459595959596,"2017-10-11","2021-12-31",1543,0.675955930006481,116,35
"US-xSR","daily","ET + all core drivers",1584,559,0.35290404040404,"2019-04-20","2021-02-18",671,0.833084947839046,114,19
"US-xSR","daily","ET + all drivers including net radiation",1584,554,0.349747474747475,"2019-04-20","2021-02-18",671,0.825633383010432,113,19
"US-xST","daily","ET + soil water potential",1584,845,0.533459595959596,"2018-12-22","2021-09-20",1004,0.841633466135458,420,14
"US-xST","daily","ET + VPD",1584,1481,0.934974747474748,"2017-09-01","2021-12-31",1583,0.935565382185723,420,20
"US-xST","daily","ET + air temperature",1584,1481,0.934974747474748,"2017-09-01","2021-12-31",1583,0.935565382185723,420,20
"US-xST","daily","ET + net radiation",1584,1198,0.756313131313131,"2018-08-23","2021-12-31",1227,0.976365118174409,419,14
"US-xST","daily","ET + all core drivers",1584,845,0.533459595959596,"2018-12-22","2021-09-20",1004,0.841633466135458,420,14
"US-xST","daily","ET + all drivers including net radiation",1584,843,0.53219696969697,"2018-12-22","2021-09-20",1004,0.839641434262948,419,14
"US-xTA","daily","ET + soil water potential",1584,511,0.32260101010101,"2019-04-11","2021-02-16",678,0.753687315634218,105,13
"US-xTA","daily","ET + VPD",1584,1278,0.806818181818182,"2017-09-01","2021-12-31",1583,0.807327858496526,188,37
"US-xTA","daily","ET + air temperature",1584,1278,0.806818181818182,"2017-09-01","2021-12-31",1583,0.807327858496526,188,37
"US-xTA","daily","ET + net radiation",1584,1090,0.688131313131313,"2017-09-01","2021-12-31",1583,0.688566013897663,188,32
"US-xTA","daily","ET + all core drivers",1584,511,0.32260101010101,"2019-04-11","2021-02-16",678,0.753687315634218,105,13
"US-xTA","daily","ET + all drivers including net radiation",1584,449,0.283459595959596,"2019-04-11","2020-12-17",617,0.727714748784441,105,13
"US-xTR","daily","ET + soil water potential",1615,769,0.476160990712074,"2017-11-11","2021-11-18",1469,0.523485364193329,426,21
"US-xTR","daily","ET + VPD",1615,1396,0.864396284829721,"2017-08-01","2021-08-13",1474,0.94708276797829,449,13
"US-xTR","daily","ET + air temperature",1615,1536,0.951083591331269,"2017-08-01","2021-12-31",1614,0.951672862453532,449,13
"US-xTR","daily","ET + net radiation",1615,1532,0.948606811145511,"2017-08-01","2021-12-31",1614,0.949194547707559,449,15
"US-xTR","daily","ET + all core drivers",1615,741,0.458823529411765,"2017-11-11","2021-08-13",1372,0.540087463556851,426,17
"US-xTR","daily","ET + all drivers including net radiation",1615,740,0.458204334365325,"2017-11-11","2021-08-13",1372,0.53935860058309,426,17
"US-xUK","daily","ET + soil water potential",1615,513,0.317647058823529,"2019-03-22","2021-02-09",691,0.742402315484805,195,9
"US-xUK","daily","ET + VPD",1615,1148,0.710835913312693,"2017-08-01","2021-12-31",1614,0.711276332094176,269,23
"US-xUK","daily","ET + air temperature",1615,1157,0.71640866873065,"2017-08-01","2021-12-31",1614,0.716852540272615,274,21
"US-xUK","daily","ET + net radiation",1615,1111,0.687925696594427,"2017-08-01","2021-12-31",1614,0.688351920693928,198,23
"US-xUK","daily","ET + all core drivers",1615,506,0.313312693498452,"2019-03-22","2021-02-09",691,0.732272069464544,127,11
"US-xUK","daily","ET + all drivers including net radiation",1615,464,0.287306501547988,"2019-03-22","2021-02-09",691,0.671490593342981,127,12
"US-xUN","daily","ET + soil water potential",1796,940,0.523385300668151,"2018-10-08","2021-12-31",1181,0.795935647756139,335,19
"US-xUN","daily","ET + VPD",1796,1530,0.851893095768374,"2017-04-03","2021-12-31",1734,0.882352941176471,335,25
"US-xUN","daily","ET + air temperature",1796,1558,0.867483296213808,"2017-04-03","2021-12-31",1734,0.898500576701269,335,24
"US-xUN","daily","ET + net radiation",1796,1540,0.857461024498886,"2017-04-03","2021-12-31",1734,0.888119953863899,211,27
"US-xUN","daily","ET + all core drivers",1796,940,0.523385300668151,"2018-10-08","2021-12-31",1181,0.795935647756139,335,19
"US-xUN","daily","ET + all drivers including net radiation",1796,935,0.520601336302895,"2018-10-08","2021-12-31",1181,0.791701947502117,211,20
"US-xWD","daily","ET + soil water potential",2314,1916,0.82800345721694,"2017-09-02","2023-12-31",2312,0.828719723183391,308,32
"US-xWD","daily","ET + VPD",2314,2006,0.866897147796024,"2017-09-02","2023-12-31",2312,0.867647058823529,308,30
"US-xWD","daily","ET + air temperature",2314,2006,0.866897147796024,"2017-09-02","2023-12-31",2312,0.867647058823529,308,30
"US-xWD","daily","ET + net radiation",2314,1984,0.857389801210026,"2017-09-02","2023-12-31",2312,0.858131487889273,304,36
"US-xWD","daily","ET + all core drivers",2314,1916,0.82800345721694,"2017-09-02","2023-12-31",2312,0.828719723183391,308,32
"US-xWD","daily","ET + all drivers including net radiation",2314,1894,0.818496110630942,"2017-09-02","2023-12-31",2312,0.819204152249135,304,38
"US-xYE","daily","ET + soil water potential",1189,427,0.359125315391085,"2019-11-30","2021-11-30",732,0.583333333333333,161,22
"US-xYE","daily","ET + VPD",1189,809,0.68040370058873,"2019-01-05","2021-12-31",1092,0.740842490842491,257,30
"US-xYE","daily","ET + air temperature",1189,809,0.68040370058873,"2019-01-05","2021-12-31",1092,0.740842490842491,257,30
"US-xYE","daily","ET + net radiation",1189,799,0.671993271656855,"2019-01-05","2021-12-31",1092,0.731684981684982,147,33
"US-xYE","daily","ET + all core drivers",1189,427,0.359125315391085,"2019-11-30","2021-11-30",732,0.583333333333333,161,22
"US-xYE","daily","ET + all drivers including net radiation",1189,423,0.355761143818335,"2019-11-30","2021-11-13",715,0.591608391608392,147,23
"US-A32","weekly","ET + soil water potential",105,78,0.742857142857143,"2015-06-15","2017-06-05",104,0.75,28,6
"US-A32","weekly","ET + VPD",105,78,0.742857142857143,"2015-06-15","2017-06-05",104,0.75,28,6
"US-A32","weekly","ET + air temperature",105,78,0.742857142857143,"2015-06-15","2017-06-05",104,0.75,28,6
"US-A32","weekly","ET + net radiation",105,77,0.733333333333333,"2015-06-15","2017-06-05",104,0.740384615384615,28,6
"US-A32","weekly","ET + all core drivers",105,78,0.742857142857143,"2015-06-15","2017-06-05",104,0.75,28,6
"US-A32","weekly","ET + all drivers including net radiation",105,77,0.733333333333333,"2015-06-15","2017-06-05",104,0.740384615384615,28,6
"US-A74","weekly","ET + soil water potential",93,67,0.720430107526882,"2016-02-01","2017-10-16",90,0.744444444444444,41,3
"US-A74","weekly","ET + VPD",93,67,0.720430107526882,"2016-02-01","2017-10-16",90,0.744444444444444,41,3
"US-A74","weekly","ET + air temperature",93,67,0.720430107526882,"2016-02-01","2017-10-16",90,0.744444444444444,41,3
"US-A74","weekly","ET + net radiation",93,62,0.666666666666667,"2016-02-01","2017-10-16",90,0.688888888888889,38,4
"US-A74","weekly","ET + all core drivers",93,67,0.720430107526882,"2016-02-01","2017-10-16",90,0.744444444444444,41,3
"US-A74","weekly","ET + all drivers including net radiation",93,62,0.666666666666667,"2016-02-01","2017-10-16",90,0.688888888888889,38,4
"US-AR1","weekly","ET + soil water potential",193,174,0.901554404145078,"2009-05-04","2012-12-24",191,0.910994764397906,129,3
"US-AR1","weekly","ET + VPD",193,174,0.901554404145078,"2009-05-04","2012-12-24",191,0.910994764397906,129,3
"US-AR1","weekly","ET + air temperature",193,174,0.901554404145078,"2009-05-04","2012-12-24",191,0.910994764397906,129,3
"US-AR1","weekly","ET + net radiation",193,167,0.865284974093264,"2009-06-08","2012-12-24",186,0.897849462365591,129,3
"US-AR1","weekly","ET + all core drivers",193,174,0.901554404145078,"2009-05-04","2012-12-24",191,0.910994764397906,129,3
"US-AR1","weekly","ET + all drivers including net radiation",193,167,0.865284974093264,"2009-06-08","2012-12-24",186,0.897849462365591,129,3
"US-AR2","weekly","ET + soil water potential",171,149,0.871345029239766,"2009-05-04","2012-04-02",153,0.973856209150327,118,3
"US-AR2","weekly","ET + VPD",171,158,0.923976608187134,"2009-05-04","2012-07-23",169,0.93491124260355,118,4
"US-AR2","weekly","ET + air temperature",171,158,0.923976608187134,"2009-05-04","2012-07-23",169,0.93491124260355,118,4
"US-AR2","weekly","ET + net radiation",171,158,0.923976608187134,"2009-05-04","2012-07-23",169,0.93491124260355,118,4
"US-AR2","weekly","ET + all core drivers",171,149,0.871345029239766,"2009-05-04","2012-04-02",153,0.973856209150327,118,3
"US-AR2","weekly","ET + all drivers including net radiation",171,149,0.871345029239766,"2009-05-04","2012-04-02",153,0.973856209150327,118,3
"US-ARM","weekly","ET + soil water potential",1096,916,0.835766423357664,"2003-01-06","2023-12-25",1095,0.836529680365297,130,42
"US-ARM","weekly","ET + VPD",1096,995,0.907846715328467,"2003-01-06","2023-12-25",1095,0.908675799086758,130,34
"US-ARM","weekly","ET + air temperature",1096,995,0.907846715328467,"2003-01-06","2023-12-25",1095,0.908675799086758,130,34
"US-ARM","weekly","ET + net radiation",1096,755,0.688868613138686,"2007-04-23","2023-12-25",871,0.866819747416762,90,31
"US-ARM","weekly","ET + all core drivers",1096,890,0.812043795620438,"2003-01-06","2023-12-25",1095,0.812785388127854,130,41
"US-ARM","weekly","ET + all drivers including net radiation",1096,660,0.602189781021898,"2007-04-23","2023-12-25",871,0.757749712973594,68,36
"US-ARb","weekly","ET + soil water potential",87,0,0,NA,NA,0,NA,0,0
"US-ARb","weekly","ET + VPD",87,84,0.96551724137931,"2005-03-14","2006-10-23",85,0.988235294117647,66,2
"US-ARb","weekly","ET + air temperature",87,84,0.96551724137931,"2005-03-14","2006-10-23",85,0.988235294117647,66,2
"US-ARb","weekly","ET + net radiation",87,84,0.96551724137931,"2005-03-14","2006-10-23",85,0.988235294117647,66,2
"US-ARb","weekly","ET + all core drivers",87,0,0,NA,NA,0,NA,0,0
"US-ARb","weekly","ET + all drivers including net radiation",87,0,0,NA,NA,0,NA,0,0
"US-ARc","weekly","ET + soil water potential",87,0,0,NA,NA,0,NA,0,0
"US-ARc","weekly","ET + VPD",87,86,0.988505747126437,"2005-03-07","2006-10-23",86,1,86,1
"US-ARc","weekly","ET + air temperature",87,86,0.988505747126437,"2005-03-07","2006-10-23",86,1,86,1
"US-ARc","weekly","ET + net radiation",87,86,0.988505747126437,"2005-03-07","2006-10-23",86,1,86,1
"US-ARc","weekly","ET + all core drivers",87,0,0,NA,NA,0,NA,0,0
"US-ARc","weekly","ET + all drivers including net radiation",87,0,0,NA,NA,0,NA,0,0
"US-ASH","weekly","ET + soil water potential",14,0,0,NA,NA,0,NA,0,0
"US-ASH","weekly","ET + VPD",14,0,0,NA,NA,0,NA,0,0
"US-ASH","weekly","ET + air temperature",14,0,0,NA,NA,0,NA,0,0
"US-ASH","weekly","ET + net radiation",14,0,0,NA,NA,0,NA,0,0
"US-ASH","weekly","ET + all core drivers",14,0,0,NA,NA,0,NA,0,0
"US-ASH","weekly","ET + all drivers including net radiation",14,0,0,NA,NA,0,NA,0,0
"US-ASM","weekly","ET + soil water potential",14,0,0,NA,NA,0,NA,0,0
"US-ASM","weekly","ET + VPD",14,0,0,NA,NA,0,NA,0,0
"US-ASM","weekly","ET + air temperature",14,0,0,NA,NA,0,NA,0,0
"US-ASM","weekly","ET + net radiation",14,0,0,NA,NA,0,NA,0,0
"US-ASM","weekly","ET + all core drivers",14,0,0,NA,NA,0,NA,0,0
"US-ASM","weekly","ET + all drivers including net radiation",14,0,0,NA,NA,0,NA,0,0
"US-Akn","weekly","ET + soil water potential",585,0,0,NA,NA,0,NA,0,0
"US-Akn","weekly","ET + VPD",585,276,0.471794871794872,"2016-01-04","2022-04-18",329,0.838905775075988,98,10
"US-Akn","weekly","ET + air temperature",585,276,0.471794871794872,"2016-01-04","2022-04-18",329,0.838905775075988,98,10
"US-Akn","weekly","ET + net radiation",585,0,0,NA,NA,0,NA,0,0
"US-Akn","weekly","ET + all core drivers",585,0,0,NA,NA,0,NA,0,0
"US-Akn","weekly","ET + all drivers including net radiation",585,0,0,NA,NA,0,NA,0,0
"US-BRG","weekly","ET + soil water potential",254,136,0.535433070866142,"2017-04-24","2020-11-02",185,0.735135135135135,65,13
"US-BRG","weekly","ET + VPD",254,133,0.523622047244094,"2017-04-24","2020-11-02",185,0.718918918918919,65,12
"US-BRG","weekly","ET + air temperature",254,133,0.523622047244094,"2017-04-24","2020-11-02",185,0.718918918918919,65,12
"US-BRG","weekly","ET + net radiation",254,0,0,NA,NA,0,NA,0,0
"US-BRG","weekly","ET + all core drivers",254,133,0.523622047244094,"2017-04-24","2020-11-02",185,0.718918918918919,65,12
"US-BRG","weekly","ET + all drivers including net radiation",254,0,0,NA,NA,0,NA,0,0
"US-Bar","weekly","ET + soil water potential",988,846,0.856275303643725,"2004-06-07","2022-09-26",956,0.884937238493724,127,30
"US-Bar","weekly","ET + VPD",988,860,0.870445344129555,"2004-04-19","2022-09-26",963,0.893042575285566,127,27
"US-Bar","weekly","ET + air temperature",988,860,0.870445344129555,"2004-04-19","2022-09-26",963,0.893042575285566,127,27
"US-Bar","weekly","ET + net radiation",988,859,0.869433198380567,"2004-04-19","2022-09-26",963,0.892004153686397,127,28
"US-Bar","weekly","ET + all core drivers",988,846,0.856275303643725,"2004-06-07","2022-09-26",956,0.884937238493724,127,30
"US-Bar","weekly","ET + all drivers including net radiation",988,845,0.855263157894737,"2004-06-07","2022-09-26",956,0.883891213389121,127,31
"US-Bi1","weekly","ET + soil water potential",282,273,0.968085106382979,"2016-09-19","2021-12-20",275,0.992727272727273,175,3
"US-Bi1","weekly","ET + VPD",282,274,0.971631205673759,"2016-08-15","2021-12-20",280,0.978571428571429,131,5
"US-Bi1","weekly","ET + air temperature",282,274,0.971631205673759,"2016-08-15","2021-12-20",280,0.978571428571429,131,5
"US-Bi1","weekly","ET + net radiation",282,278,0.985815602836879,"2016-08-15","2021-12-20",280,0.992857142857143,175,3
"US-Bi1","weekly","ET + all core drivers",282,269,0.953900709219858,"2016-09-19","2021-12-20",275,0.978181818181818,131,5
"US-Bi1","weekly","ET + all drivers including net radiation",282,269,0.953900709219858,"2016-09-19","2021-12-20",275,0.978181818181818,131,5
"US-Bi2","weekly","ET + soil water potential",245,233,0.951020408163265,"2017-05-01","2021-12-20",243,0.958847736625514,69,6
"US-Bi2","weekly","ET + VPD",245,228,0.930612244897959,"2017-05-01","2021-12-20",243,0.938271604938272,57,8
"US-Bi2","weekly","ET + air temperature",245,229,0.93469387755102,"2017-05-01","2021-12-20",243,0.94238683127572,57,8
"US-Bi2","weekly","ET + net radiation",245,236,0.963265306122449,"2017-05-01","2021-12-20",243,0.97119341563786,97,4
"US-Bi2","weekly","ET + all core drivers",245,225,0.918367346938776,"2017-05-01","2021-12-20",243,0.925925925925926,48,10
"US-Bi2","weekly","ET + all drivers including net radiation",245,225,0.918367346938776,"2017-05-01","2021-12-20",243,0.925925925925926,48,10
"US-CF1","weekly","ET + soil water potential",243,99,0.407407407407407,"2019-10-07","2021-12-20",116,0.853448275862069,36,7
"US-CF1","weekly","ET + VPD",243,209,0.860082304526749,"2017-05-15","2021-12-20",241,0.867219917012448,66,10
"US-CF1","weekly","ET + air temperature",243,209,0.860082304526749,"2017-05-15","2021-12-20",241,0.867219917012448,66,10
"US-CF1","weekly","ET + net radiation",243,185,0.761316872427984,"2017-05-15","2021-12-20",241,0.767634854771784,37,20
"US-CF1","weekly","ET + all core drivers",243,99,0.407407407407407,"2019-10-07","2021-12-20",116,0.853448275862069,36,7
"US-CF1","weekly","ET + all drivers including net radiation",243,76,0.312757201646091,"2019-10-07","2021-12-20",116,0.655172413793103,17,16
"US-CF2","weekly","ET + soil water potential",191,116,0.607329842931937,"2017-11-13","2020-11-30",160,0.725,44,8
"US-CF2","weekly","ET + VPD",191,157,0.821989528795812,"2017-05-15","2020-12-21",189,0.830687830687831,45,10
"US-CF2","weekly","ET + air temperature",191,157,0.821989528795812,"2017-05-15","2020-12-21",189,0.830687830687831,45,10
"US-CF2","weekly","ET + net radiation",191,157,0.821989528795812,"2017-05-15","2020-12-21",189,0.830687830687831,45,10
"US-CF2","weekly","ET + all core drivers",191,116,0.607329842931937,"2017-11-13","2020-11-30",160,0.725,44,8
"US-CF2","weekly","ET + all drivers including net radiation",191,116,0.607329842931937,"2017-11-13","2020-11-30",160,0.725,44,8
"US-CF3","weekly","ET + soil water potential",240,75,0.3125,"2019-09-30","2021-12-20",117,0.641025641025641,39,4
"US-CF3","weekly","ET + VPD",240,150,0.625,"2017-06-05","2021-12-20",238,0.630252100840336,39,11
"US-CF3","weekly","ET + air temperature",240,150,0.625,"2017-06-05","2021-12-20",238,0.630252100840336,39,11
"US-CF3","weekly","ET + net radiation",240,147,0.6125,"2017-06-05","2021-12-20",238,0.617647058823529,39,11
"US-CF3","weekly","ET + all core drivers",240,75,0.3125,"2019-09-30","2021-12-20",117,0.641025641025641,39,4
"US-CF3","weekly","ET + all drivers including net radiation",240,75,0.3125,"2019-09-30","2021-12-20",117,0.641025641025641,39,4
"US-CF4","weekly","ET + soil water potential",240,73,0.304166666666667,"2019-09-30","2021-12-20",117,0.623931623931624,21,5
"US-CF4","weekly","ET + VPD",240,165,0.6875,"2017-06-19","2021-12-20",236,0.699152542372881,27,11
"US-CF4","weekly","ET + air temperature",240,165,0.6875,"2017-06-19","2021-12-20",236,0.699152542372881,27,11
"US-CF4","weekly","ET + net radiation",240,158,0.658333333333333,"2017-06-19","2021-08-02",216,0.731481481481482,27,12
"US-CF4","weekly","ET + all core drivers",240,73,0.304166666666667,"2019-09-30","2021-12-20",117,0.623931623931624,21,5
"US-CF4","weekly","ET + all drivers including net radiation",240,66,0.275,"2019-09-30","2021-08-02",97,0.680412371134021,21,6
"US-CGG","weekly","ET + soil water potential",132,81,0.613636363636364,"2019-12-02","2021-12-20",108,0.75,53,4
"US-CGG","weekly","ET + VPD",132,109,0.825757575757576,"2019-08-19","2021-12-20",123,0.886178861788618,84,5
"US-CGG","weekly","ET + air temperature",132,109,0.825757575757576,"2019-08-19","2021-12-20",123,0.886178861788618,84,5
"US-CGG","weekly","ET + net radiation",132,108,0.818181818181818,"2019-07-01","2021-12-20",130,0.830769230769231,84,5
"US-CGG","weekly","ET + all core drivers",132,80,0.606060606060606,"2019-12-09","2021-12-20",107,0.747663551401869,53,4
"US-CGG","weekly","ET + all drivers including net radiation",132,80,0.606060606060606,"2019-12-09","2021-12-20",107,0.747663551401869,53,4
"US-CRT","weekly","ET + soil water potential",158,156,0.987341772151899,"2011-01-03","2013-12-23",156,1,156,1
"US-CRT","weekly","ET + VPD",158,156,0.987341772151899,"2011-01-03","2013-12-23",156,1,156,1
"US-CRT","weekly","ET + air temperature",158,156,0.987341772151899,"2011-01-03","2013-12-23",156,1,156,1
"US-CRT","weekly","ET + net radiation",158,154,0.974683544303797,"2011-01-03","2013-12-23",156,0.987179487179487,96,3
"US-CRT","weekly","ET + all core drivers",158,156,0.987341772151899,"2011-01-03","2013-12-23",156,1,156,1
"US-CRT","weekly","ET + all drivers including net radiation",158,154,0.974683544303797,"2011-01-03","2013-12-23",156,0.987179487179487,96,3
"US-CS1","weekly","ET + soil water potential",44,0,0,NA,NA,0,NA,0,0
"US-CS1","weekly","ET + VPD",44,41,0.931818181818182,"2018-07-02","2019-04-15",42,0.976190476190476,27,2
"US-CS1","weekly","ET + air temperature",44,41,0.931818181818182,"2018-07-02","2019-04-15",42,0.976190476190476,27,2
"US-CS1","weekly","ET + net radiation",44,41,0.931818181818182,"2018-07-02","2019-04-15",42,0.976190476190476,27,2
"US-CS1","weekly","ET + all core drivers",44,0,0,NA,NA,0,NA,0,0
"US-CS1","weekly","ET + all drivers including net radiation",44,0,0,NA,NA,0,NA,0,0
"US-CS2","weekly","ET + soil water potential",203,0,0,NA,NA,0,NA,0,0
"US-CS2","weekly","ET + VPD",203,104,0.512315270935961,"2018-10-15","2022-08-15",201,0.517412935323383,39,13
"US-CS2","weekly","ET + air temperature",203,104,0.512315270935961,"2018-10-15","2022-08-15",201,0.517412935323383,39,13
"US-CS2","weekly","ET + net radiation",203,80,0.394088669950739,"2018-10-15","2022-08-15",201,0.398009950248756,15,18
"US-CS2","weekly","ET + all core drivers",203,0,0,NA,NA,0,NA,0,0
"US-CS2","weekly","ET + all drivers including net radiation",203,0,0,NA,NA,0,NA,0,0
"US-CS3","weekly","ET + soil water potential",51,0,0,NA,NA,0,NA,0,0
"US-CS3","weekly","ET + VPD",51,49,0.96078431372549,"2019-04-29","2020-03-30",49,1,49,1
"US-CS3","weekly","ET + air temperature",51,49,0.96078431372549,"2019-04-29","2020-03-30",49,1,49,1
"US-CS3","weekly","ET + net radiation",51,49,0.96078431372549,"2019-04-29","2020-03-30",49,1,49,1
"US-CS3","weekly","ET + all core drivers",51,0,0,NA,NA,0,NA,0,0
"US-CS3","weekly","ET + all drivers including net radiation",51,0,0,NA,NA,0,NA,0,0
"US-CS4","weekly","ET + soil water potential",56,0,0,NA,NA,0,NA,0,0
"US-CS4","weekly","ET + VPD",56,44,0.785714285714286,"2020-04-13","2021-02-08",44,1,44,1
"US-CS4","weekly","ET + air temperature",56,44,0.785714285714286,"2020-04-13","2021-02-08",44,1,44,1
"US-CS4","weekly","ET + net radiation",56,40,0.714285714285714,"2020-04-13","2021-01-11",40,1,40,1
"US-CS4","weekly","ET + all core drivers",56,0,0,NA,NA,0,NA,0,0
"US-CS4","weekly","ET + all drivers including net radiation",56,0,0,NA,NA,0,NA,0,0
"US-CS5","weekly","ET + soil water potential",36,0,0,NA,NA,0,NA,0,0
"US-CS5","weekly","ET + VPD",36,31,0.861111111111111,"2021-05-24","2021-12-20",31,1,31,1
"US-CS5","weekly","ET + air temperature",36,31,0.861111111111111,"2021-05-24","2021-12-20",31,1,31,1
"US-CS5","weekly","ET + net radiation",36,27,0.75,"2021-06-21","2021-12-20",27,1,27,1
"US-CS5","weekly","ET + all core drivers",36,0,0,NA,NA,0,NA,0,0
"US-CS5","weekly","ET + all drivers including net radiation",36,0,0,NA,NA,0,NA,0,0
"US-CS6","weekly","ET + soil water potential",59,37,0.627118644067797,"2022-06-27","2023-05-15",47,0.787234042553192,15,3
"US-CS6","weekly","ET + VPD",59,37,0.627118644067797,"2022-06-27","2023-05-15",47,0.787234042553192,15,3
"US-CS6","weekly","ET + air temperature",59,37,0.627118644067797,"2022-06-27","2023-05-15",47,0.787234042553192,15,3
"US-CS6","weekly","ET + net radiation",59,35,0.593220338983051,"2022-06-27","2023-05-15",47,0.74468085106383,12,4
"US-CS6","weekly","ET + all core drivers",59,37,0.627118644067797,"2022-06-27","2023-05-15",47,0.787234042553192,15,3
"US-CS6","weekly","ET + all drivers including net radiation",59,35,0.593220338983051,"2022-06-27","2023-05-15",47,0.74468085106383,12,4
"US-CS8","weekly","ET + soil water potential",22,0,0,NA,NA,0,NA,0,0
"US-CS8","weekly","ET + VPD",22,20,0.909090909090909,"2023-06-19","2023-10-30",20,1,20,1
"US-CS8","weekly","ET + air temperature",22,20,0.909090909090909,"2023-06-19","2023-10-30",20,1,20,1
"US-CS8","weekly","ET + net radiation",22,0,0,NA,NA,0,NA,0,0
"US-CS8","weekly","ET + all core drivers",22,0,0,NA,NA,0,NA,0,0
"US-CS8","weekly","ET + all drivers including net radiation",22,0,0,NA,NA,0,NA,0,0
"US-CdM","weekly","ET + soil water potential",228,198,0.868421052631579,"2019-06-17","2023-10-16",227,0.872246696035242,47,12
"US-CdM","weekly","ET + VPD",228,211,0.925438596491228,"2019-06-17","2023-10-16",227,0.929515418502203,64,10
"US-CdM","weekly","ET + air temperature",228,211,0.925438596491228,"2019-06-17","2023-10-16",227,0.929515418502203,64,10
"US-CdM","weekly","ET + net radiation",228,0,0,NA,NA,0,NA,0,0
"US-CdM","weekly","ET + all core drivers",228,198,0.868421052631579,"2019-06-17","2023-10-16",227,0.872246696035242,47,12
"US-CdM","weekly","ET + all drivers including net radiation",228,0,0,NA,NA,0,NA,0,0
"US-Cop","weekly","ET + soil water potential",366,193,0.527322404371585,"2001-04-02","2007-11-12",346,0.557803468208092,44,14
"US-Cop","weekly","ET + VPD",366,179,0.489071038251366,"2001-04-02","2007-11-12",346,0.517341040462428,44,13
"US-Cop","weekly","ET + air temperature",366,179,0.489071038251366,"2001-04-02","2007-11-12",346,0.517341040462428,44,13
"US-Cop","weekly","ET + net radiation",366,176,0.480874316939891,"2001-04-02","2007-11-05",345,0.510144927536232,36,17
"US-Cop","weekly","ET + all core drivers",366,179,0.489071038251366,"2001-04-02","2007-11-12",346,0.517341040462428,44,13
"US-Cop","weekly","ET + all drivers including net radiation",366,162,0.442622950819672,"2001-04-02","2007-11-05",345,0.469565217391304,22,16
"US-Cst","weekly","ET + soil water potential",244,206,0.844262295081967,"2013-05-06","2017-12-25",243,0.847736625514403,38,7
"US-Cst","weekly","ET + VPD",244,206,0.844262295081967,"2013-05-06","2017-12-25",243,0.847736625514403,38,7
"US-Cst","weekly","ET + air temperature",244,206,0.844262295081967,"2013-05-06","2017-12-25",243,0.847736625514403,38,7
"US-Cst","weekly","ET + net radiation",244,175,0.717213114754098,"2013-05-06","2017-12-25",243,0.720164609053498,28,12
"US-Cst","weekly","ET + all core drivers",244,206,0.844262295081967,"2013-05-06","2017-12-25",243,0.847736625514403,38,7
"US-Cst","weekly","ET + all drivers including net radiation",244,175,0.717213114754098,"2013-05-06","2017-12-25",243,0.720164609053498,28,12
"US-DFC","weekly","ET + soil water potential",220,133,0.604545454545454,"2018-10-22","2022-12-26",219,0.607305936073059,65,11
"US-DFC","weekly","ET + VPD",220,204,0.927272727272727,"2018-10-22","2022-12-26",219,0.931506849315068,90,8
"US-DFC","weekly","ET + air temperature",220,204,0.927272727272727,"2018-10-22","2022-12-26",219,0.931506849315068,90,8
"US-DFC","weekly","ET + net radiation",220,141,0.640909090909091,"2018-10-22","2022-12-26",219,0.643835616438356,33,10
"US-DFC","weekly","ET + all core drivers",220,133,0.604545454545454,"2018-10-22","2022-12-26",219,0.607305936073059,65,11
"US-DFC","weekly","ET + all drivers including net radiation",220,107,0.486363636363636,"2018-10-22","2022-12-26",219,0.488584474885845,33,12
"US-DS3","weekly","ET + soil water potential",111,97,0.873873873873874,"2021-08-09","2023-08-28",108,0.898148148148148,44,6
"US-DS3","weekly","ET + VPD",111,97,0.873873873873874,"2021-08-09","2023-08-28",108,0.898148148148148,44,6
"US-DS3","weekly","ET + air temperature",111,97,0.873873873873874,"2021-08-09","2023-08-28",108,0.898148148148148,44,6
"US-DS3","weekly","ET + net radiation",111,83,0.747747747747748,"2021-08-09","2023-07-24",103,0.805825242718447,23,9
"US-DS3","weekly","ET + all core drivers",111,97,0.873873873873874,"2021-08-09","2023-08-28",108,0.898148148148148,44,6
"US-DS3","weekly","ET + all drivers including net radiation",111,83,0.747747747747748,"2021-08-09","2023-07-24",103,0.805825242718447,23,9
"US-Fmf","weekly","ET + soil water potential",284,246,0.866197183098592,"2005-08-29","2010-12-20",278,0.884892086330935,71,10
"US-Fmf","weekly","ET + VPD",284,249,0.876760563380282,"2005-08-01","2010-12-20",282,0.882978723404255,68,12
"US-Fmf","weekly","ET + air temperature",284,249,0.876760563380282,"2005-08-01","2010-12-20",282,0.882978723404255,68,12
"US-Fmf","weekly","ET + net radiation",284,253,0.890845070422535,"2005-08-01","2010-12-20",282,0.897163120567376,68,14
"US-Fmf","weekly","ET + all core drivers",284,236,0.830985915492958,"2005-08-29","2010-12-20",278,0.848920863309353,68,11
"US-Fmf","weekly","ET + all drivers including net radiation",284,234,0.823943661971831,"2005-08-29","2010-12-20",278,0.841726618705036,68,13
"US-Fuf","weekly","ET + soil water potential",278,239,0.859712230215827,"2005-09-12","2010-12-13",275,0.869090909090909,55,11
"US-Fuf","weekly","ET + VPD",278,233,0.838129496402878,"2005-09-12","2010-10-04",265,0.879245283018868,61,9
"US-Fuf","weekly","ET + air temperature",278,247,0.888489208633094,"2005-09-05","2010-12-13",276,0.894927536231884,61,11
"US-Fuf","weekly","ET + net radiation",278,239,0.859712230215827,"2005-09-05","2010-12-13",276,0.865942028985507,39,12
"US-Fuf","weekly","ET + all core drivers",278,224,0.805755395683453,"2005-09-12","2010-10-04",265,0.845283018867925,55,10
"US-Fuf","weekly","ET + all drivers including net radiation",278,219,0.787769784172662,"2005-09-12","2010-10-04",265,0.826415094339623,33,13
"US-Fwf","weekly","ET + soil water potential",290,252,0.868965517241379,"2005-06-20","2010-12-20",288,0.875,93,11
"US-Fwf","weekly","ET + VPD",290,262,0.903448275862069,"2005-06-27","2010-12-20",287,0.912891986062718,93,9
"US-Fwf","weekly","ET + air temperature",290,262,0.903448275862069,"2005-06-27","2010-12-20",287,0.912891986062718,93,9
"US-Fwf","weekly","ET + net radiation",290,260,0.896551724137931,"2005-06-20","2010-12-20",288,0.902777777777778,93,10
"US-Fwf","weekly","ET + all core drivers",290,251,0.86551724137931,"2005-06-27","2010-12-20",287,0.874564459930314,93,11
"US-Fwf","weekly","ET + all drivers including net radiation",290,248,0.855172413793103,"2005-06-27","2010-12-20",287,0.86411149825784,93,12
"US-GLE","weekly","ET + soil water potential",823,677,0.822600243013366,"2005-01-03","2020-09-21",821,0.824604141291108,159,22
"US-GLE","weekly","ET + VPD",823,725,0.880923450789793,"2006-08-07","2020-09-21",738,0.982384823848238,167,9
"US-GLE","weekly","ET + air temperature",823,808,0.981773997569866,"2005-01-03","2020-09-21",821,0.984165651644336,167,9
"US-GLE","weekly","ET + net radiation",823,793,0.963547995139733,"2005-04-18","2020-09-21",806,0.983870967741935,167,9
"US-GLE","weekly","ET + all core drivers",823,594,0.721749696233293,"2006-08-07","2020-09-21",738,0.804878048780488,159,22
"US-GLE","weekly","ET + all drivers including net radiation",823,594,0.721749696233293,"2006-08-07","2020-09-21",738,0.804878048780488,159,22
"US-HB2","weekly","ET + soil water potential",53,49,0.924528301886792,"2018-12-31","2019-12-23",52,0.942307692307692,35,3
"US-HB2","weekly","ET + VPD",53,49,0.924528301886792,"2018-12-31","2019-12-23",52,0.942307692307692,35,3
"US-HB2","weekly","ET + air temperature",53,49,0.924528301886792,"2018-12-31","2019-12-23",52,0.942307692307692,35,3
"US-HB2","weekly","ET + net radiation",53,49,0.924528301886792,"2018-12-31","2019-12-23",52,0.942307692307692,35,3
"US-HB2","weekly","ET + all core drivers",53,49,0.924528301886792,"2018-12-31","2019-12-23",52,0.942307692307692,35,3
"US-HB2","weekly","ET + all drivers including net radiation",53,49,0.924528301886792,"2018-12-31","2019-12-23",52,0.942307692307692,35,3
"US-HB3","weekly","ET + soil water potential",209,205,0.980861244019139,"2019-01-07","2022-12-26",208,0.985576923076923,106,3
"US-HB3","weekly","ET + VPD",209,202,0.966507177033493,"2019-02-18","2022-12-26",202,1,202,1
"US-HB3","weekly","ET + air temperature",209,202,0.966507177033493,"2019-02-18","2022-12-26",202,1,202,1
"US-HB3","weekly","ET + net radiation",209,207,0.990430622009569,"2019-01-07","2022-12-26",208,0.995192307692308,117,2
"US-HB3","weekly","ET + all core drivers",209,201,0.961722488038278,"2019-02-18","2022-12-26",202,0.995049504950495,106,2
"US-HB3","weekly","ET + all drivers including net radiation",209,200,0.956937799043062,"2019-02-18","2022-12-26",202,0.99009900990099,106,3
"US-HWB","weekly","ET + soil water potential",163,156,0.957055214723926,"2015-07-20","2018-08-13",161,0.968944099378882,96,3
"US-HWB","weekly","ET + VPD",163,156,0.957055214723926,"2015-07-20","2018-08-13",161,0.968944099378882,96,3
"US-HWB","weekly","ET + air temperature",163,156,0.957055214723926,"2015-07-20","2018-08-13",161,0.968944099378882,96,3
"US-HWB","weekly","ET + net radiation",163,155,0.950920245398773,"2015-07-20","2018-08-13",161,0.962732919254658,69,4
"US-HWB","weekly","ET + all core drivers",163,156,0.957055214723926,"2015-07-20","2018-08-13",161,0.968944099378882,96,3
"US-HWB","weekly","ET + all drivers including net radiation",163,155,0.950920245398773,"2015-07-20","2018-08-13",161,0.962732919254658,69,4
"US-Ha1","weekly","ET + soil water potential",1524,0,0,NA,NA,0,NA,0,0
"US-Ha1","weekly","ET + VPD",1524,1436,0.942257217847769,"1991-10-28","2020-10-26",1514,0.948480845442536,486,11
"US-Ha1","weekly","ET + air temperature",1524,1522,0.998687664041995,"1991-10-28","2020-12-21",1522,1,1522,1
"US-Ha1","weekly","ET + net radiation",1524,1051,0.689632545931758,"1991-10-28","2020-09-28",1510,0.696026490066225,153,141
"US-Ha1","weekly","ET + all core drivers",1524,0,0,NA,NA,0,NA,0,0
"US-Ha1","weekly","ET + all drivers including net radiation",1524,0,0,NA,NA,0,NA,0,0
"US-Hn2","weekly","ET + soil water potential",162,68,0.419753086419753,"2016-04-04","2018-05-07",110,0.618181818181818,14,9
"US-Hn2","weekly","ET + VPD",162,84,0.518518518518518,"2016-04-04","2018-12-24",143,0.587412587412587,14,10
"US-Hn2","weekly","ET + air temperature",162,84,0.518518518518518,"2016-04-04","2018-12-24",143,0.587412587412587,14,10
"US-Hn2","weekly","ET + net radiation",162,103,0.635802469135803,"2016-04-04","2018-12-24",143,0.72027972027972,24,11
"US-Hn2","weekly","ET + all core drivers",162,66,0.407407407407407,"2016-04-04","2018-05-07",110,0.6,14,8
"US-Hn2","weekly","ET + all drivers including net radiation",162,66,0.407407407407407,"2016-04-04","2018-05-07",110,0.6,14,8
"US-Hn3","weekly","ET + soil water potential",60,0,0,NA,NA,0,NA,0,0
"US-Hn3","weekly","ET + VPD",60,37,0.616666666666667,"2017-11-20","2018-12-24",58,0.637931034482759,20,3
"US-Hn3","weekly","ET + air temperature",60,37,0.616666666666667,"2017-11-20","2018-12-24",58,0.637931034482759,20,3
"US-Hn3","weekly","ET + net radiation",60,41,0.683333333333333,"2017-11-20","2018-12-24",58,0.706896551724138,20,3
"US-Hn3","weekly","ET + all core drivers",60,0,0,NA,NA,0,NA,0,0
"US-Hn3","weekly","ET + all drivers including net radiation",60,0,0,NA,NA,0,NA,0,0
"US-Ho1","weekly","ET + soil water potential",1461,876,0.59958932238193,"1999-10-25","2023-12-25",1262,0.694136291600634,150,113
"US-Ho1","weekly","ET + VPD",1461,208,0.142368240930869,"2017-09-11","2021-10-11",214,0.97196261682243,88,5
"US-Ho1","weekly","ET + air temperature",1461,580,0.396988364134155,"1996-01-29","2021-10-11",1342,0.432190760059613,106,77
"US-Ho1","weekly","ET + net radiation",1461,358,0.245037645448323,"2000-04-24","2023-12-25",1236,0.289644012944984,150,16
"US-Ho1","weekly","ET + all core drivers",1461,208,0.142368240930869,"2017-09-11","2021-10-11",214,0.97196261682243,88,5
"US-Ho1","weekly","ET + all drivers including net radiation",1461,177,0.121149897330595,"2017-09-11","2021-10-11",214,0.827102803738318,74,7
"US-Ho2","weekly","ET + soil water potential",1305,0,0,NA,NA,0,NA,0,0
"US-Ho2","weekly","ET + VPD",1305,277,0.212260536398467,"2017-09-11","2023-12-25",329,0.841945288753799,132,10
"US-Ho2","weekly","ET + air temperature",1305,855,0.655172413793103,"2002-06-17","2023-12-25",1124,0.76067615658363,132,53
"US-Ho2","weekly","ET + net radiation",1305,934,0.715708812260536,"1999-07-26","2023-12-25",1275,0.732549019607843,132,56
"US-Ho2","weekly","ET + all core drivers",1305,0,0,NA,NA,0,NA,0,0
"US-Ho2","weekly","ET + all drivers including net radiation",1305,0,0,NA,NA,0,NA,0,0
"US-Jo1","weekly","ET + soil water potential",665,502,0.754887218045113,"2010-07-26","2022-09-26",636,0.789308176100629,69,24
"US-Jo1","weekly","ET + VPD",665,539,0.810526315789474,"2010-06-21","2022-09-26",641,0.840873634945398,87,19
"US-Jo1","weekly","ET + air temperature",665,539,0.810526315789474,"2010-06-21","2022-09-26",641,0.840873634945398,87,19
"US-Jo1","weekly","ET + net radiation",665,469,0.705263157894737,"2011-07-18","2022-09-19",584,0.803082191780822,87,19
"US-Jo1","weekly","ET + all core drivers",665,478,0.718796992481203,"2010-07-26","2022-09-26",636,0.751572327044025,69,25
"US-Jo1","weekly","ET + all drivers including net radiation",665,423,0.63609022556391,"2011-07-18","2022-09-19",584,0.724315068493151,69,22
"US-Jo2","weekly","ET + soil water potential",545,454,0.83302752293578,"2010-09-13","2020-12-21",537,0.845437616387337,72,25
"US-Jo2","weekly","ET + VPD",545,449,0.823853211009174,"2010-09-13","2020-12-21",537,0.836126629422719,72,25
"US-Jo2","weekly","ET + air temperature",545,449,0.823853211009174,"2010-09-13","2020-12-21",537,0.836126629422719,72,25
"US-Jo2","weekly","ET + net radiation",545,449,0.823853211009174,"2010-09-13","2020-12-21",537,0.836126629422719,65,27
"US-Jo2","weekly","ET + all core drivers",545,449,0.823853211009174,"2010-09-13","2020-12-21",537,0.836126629422719,72,25
"US-Jo2","weekly","ET + all drivers including net radiation",545,444,0.814678899082569,"2010-09-13","2020-12-21",537,0.826815642458101,65,27
"US-KFS","weekly","ET + soil water potential",656,437,0.666158536585366,"2007-06-18","2018-12-24",602,0.725913621262459,74,34
"US-KFS","weekly","ET + VPD",656,528,0.804878048780488,"2007-06-18","2019-12-23",654,0.807339449541284,74,45
"US-KFS","weekly","ET + air temperature",656,574,0.875,"2007-06-18","2019-12-23",654,0.877675840978593,153,33
"US-KFS","weekly","ET + net radiation",656,446,0.679878048780488,"2007-06-18","2018-12-24",602,0.740863787375415,74,40
"US-KFS","weekly","ET + all core drivers",656,419,0.638719512195122,"2007-06-18","2018-12-24",602,0.696013289036545,74,36
"US-KFS","weekly","ET + all drivers including net radiation",656,391,0.596036585365854,"2007-06-18","2018-12-24",602,0.649501661129568,74,37
"US-KLS","weekly","ET + soil water potential",402,259,0.644278606965174,"2012-05-28","2019-12-23",396,0.654040404040404,44,28
"US-KLS","weekly","ET + VPD",402,293,0.728855721393035,"2012-05-28","2019-12-23",396,0.73989898989899,37,29
"US-KLS","weekly","ET + air temperature",402,315,0.783582089552239,"2012-05-28","2019-12-23",396,0.795454545454545,44,24
"US-KLS","weekly","ET + net radiation",402,250,0.621890547263682,"2012-05-28","2019-12-23",396,0.631313131313131,30,33
"US-KLS","weekly","ET + all core drivers",402,240,0.597014925373134,"2012-05-28","2019-12-23",396,0.606060606060606,30,30
"US-KLS","weekly","ET + all drivers including net radiation",402,209,0.519900497512438,"2012-05-28","2019-12-23",396,0.527777777777778,30,30
"US-KS1","weekly","ET + soil water potential",52,0,0,NA,NA,0,NA,0,0
"US-KS1","weekly","ET + VPD",52,42,0.807692307692308,"2002-03-11","2003-02-03",48,0.875,28,3
"US-KS1","weekly","ET + air temperature",52,42,0.807692307692308,"2002-03-11","2003-02-03",48,0.875,28,3
"US-KS1","weekly","ET + net radiation",52,42,0.807692307692308,"2002-03-11","2003-02-03",48,0.875,28,3
"US-KS1","weekly","ET + all core drivers",52,0,0,NA,NA,0,NA,0,0
"US-KS1","weekly","ET + all drivers including net radiation",52,0,0,NA,NA,0,NA,0,0
"US-KS2","weekly","ET + soil water potential",353,0,0,NA,NA,0,NA,0,0
"US-KS2","weekly","ET + VPD",353,217,0.614730878186969,"2002-03-11","2006-12-25",251,0.864541832669323,105,15
"US-KS2","weekly","ET + air temperature",353,278,0.787535410764873,"2000-05-29","2006-12-25",344,0.808139534883721,105,27
"US-KS2","weekly","ET + net radiation",353,270,0.764872521246459,"2000-05-29","2006-12-25",344,0.784883720930233,75,30
"US-KS2","weekly","ET + all core drivers",353,0,0,NA,NA,0,NA,0,0
"US-KS2","weekly","ET + all drivers including net radiation",353,0,0,NA,NA,0,NA,0,0
"US-Kon","weekly","ET + soil water potential",836,529,0.632775119617225,"2004-01-05","2018-12-24",782,0.676470588235294,129,28
"US-Kon","weekly","ET + VPD",836,644,0.770334928229665,"2004-01-05","2019-12-23",834,0.772182254196643,106,34
"US-Kon","weekly","ET + air temperature",836,707,0.845693779904306,"2004-01-05","2019-12-23",834,0.847721822541966,106,30
"US-Kon","weekly","ET + net radiation",836,602,0.720095693779904,"2004-01-05","2018-10-15",772,0.77979274611399,129,27
"US-Kon","weekly","ET + all core drivers",836,501,0.599282296650718,"2004-01-05","2018-12-24",782,0.640664961636829,104,32
"US-Kon","weekly","ET + all drivers including net radiation",836,460,0.550239234449761,"2004-01-05","2018-10-15",772,0.595854922279793,104,29
"US-LS2","weekly","ET + soil water potential",262,227,0.866412213740458,"2003-06-30","2007-12-24",235,0.965957446808511,188,4
"US-LS2","weekly","ET + VPD",262,242,0.923664122137405,"2003-03-10","2007-12-24",251,0.964143426294821,188,5
"US-LS2","weekly","ET + air temperature",262,242,0.923664122137405,"2003-03-10","2007-12-24",251,0.964143426294821,188,5
"US-LS2","weekly","ET + net radiation",262,240,0.916030534351145,"2003-03-10","2007-12-24",251,0.956175298804781,188,6
"US-LS2","weekly","ET + all core drivers",262,227,0.866412213740458,"2003-06-30","2007-12-24",235,0.965957446808511,188,4
"US-LS2","weekly","ET + all drivers including net radiation",262,225,0.858778625954199,"2003-06-30","2007-12-24",235,0.957446808510638,188,5
"US-Lin","weekly","ET + soil water potential",55,53,0.963636363636364,"2009-11-09","2010-11-08",53,1,53,1
"US-Lin","weekly","ET + VPD",55,53,0.963636363636364,"2009-11-09","2010-11-08",53,1,53,1
"US-Lin","weekly","ET + air temperature",55,53,0.963636363636364,"2009-11-09","2010-11-08",53,1,53,1
"US-Lin","weekly","ET + net radiation",55,53,0.963636363636364,"2009-11-09","2010-11-08",53,1,53,1
"US-Lin","weekly","ET + all core drivers",55,53,0.963636363636364,"2009-11-09","2010-11-08",53,1,53,1
"US-Lin","weekly","ET + all drivers including net radiation",55,53,0.963636363636364,"2009-11-09","2010-11-08",53,1,53,1
"US-MMS","weekly","ET + soil water potential",1149,1068,0.929503916449086,"1999-01-04","2020-12-21",1147,0.931124673060157,477,13
"US-MMS","weekly","ET + VPD",1149,1090,0.948651000870322,"1999-01-18","2020-12-21",1145,0.951965065502183,360,16
"US-MMS","weekly","ET + air temperature",1149,1112,0.967798085291558,"1999-01-18","2020-12-21",1145,0.97117903930131,360,16
"US-MMS","weekly","ET + net radiation",1149,758,0.65970409051349,"1999-01-04","2014-12-22",834,0.908872901678657,331,24
"US-MMS","weekly","ET + all core drivers",1149,1028,0.894691035683203,"1999-01-18","2020-12-21",1145,0.897816593886463,360,17
"US-MMS","weekly","ET + all drivers including net radiation",1149,734,0.63881636205396,"1999-01-18","2014-12-22",832,0.882211538461538,217,18
"US-MOz","weekly","ET + soil water potential",917,841,0.917121046892039,"2004-06-14","2021-12-20",915,0.919125683060109,371,10
"US-MOz","weekly","ET + VPD",917,859,0.936750272628135,"2004-06-14","2021-12-20",915,0.93879781420765,372,13
"US-MOz","weekly","ET + air temperature",917,859,0.936750272628135,"2004-06-14","2021-12-20",915,0.93879781420765,372,13
"US-MOz","weekly","ET + net radiation",917,833,0.908396946564885,"2004-06-14","2021-12-20",915,0.910382513661202,278,16
"US-MOz","weekly","ET + all core drivers",917,826,0.900763358778626,"2004-06-14","2021-12-20",915,0.902732240437158,371,11
"US-MOz","weekly","ET + all drivers including net radiation",917,818,0.892039258451472,"2004-06-14","2021-12-20",915,0.893989071038251,278,17
"US-Me1","weekly","ET + soil water potential",54,43,0.796296296296296,"2004-05-17","2005-05-09",52,0.826923076923077,24,4
"US-Me1","weekly","ET + VPD",54,40,0.740740740740741,"2004-06-14","2005-05-09",48,0.833333333333333,32,2
"US-Me1","weekly","ET + air temperature",54,40,0.740740740740741,"2004-06-14","2005-05-09",48,0.833333333333333,32,2
"US-Me1","weekly","ET + net radiation",54,41,0.759259259259259,"2004-06-14","2005-05-09",48,0.854166666666667,22,4
"US-Me1","weekly","ET + all core drivers",54,37,0.685185185185185,"2004-06-14","2005-05-09",48,0.770833333333333,24,3
"US-Me1","weekly","ET + all drivers including net radiation",54,36,0.666666666666667,"2004-06-14","2005-05-09",48,0.75,22,4
"US-Me2","weekly","ET + soil water potential",1096,963,0.878649635036496,"2001-12-31","2022-07-04",1071,0.899159663865546,209,26
"US-Me2","weekly","ET + VPD",1096,987,0.900547445255474,"2001-12-31","2022-07-04",1071,0.92156862745098,209,28
"US-Me2","weekly","ET + air temperature",1096,996,0.908759124087591,"2001-12-31","2022-07-04",1071,0.929971988795518,209,26
"US-Me2","weekly","ET + net radiation",1096,959,0.875,"2001-12-31","2022-07-04",1071,0.895424836601307,109,36
"US-Me2","weekly","ET + all core drivers",1096,952,0.868613138686131,"2001-12-31","2022-07-04",1071,0.888888888888889,209,29
"US-Me2","weekly","ET + all drivers including net radiation",1096,915,0.83485401459854,"2001-12-31","2022-07-04",1071,0.854341736694678,109,38
"US-Me3","weekly","ET + soil water potential",301,242,0.803986710963455,"2004-01-12","2009-09-14",297,0.814814814814815,51,16
"US-Me3","weekly","ET + VPD",301,232,0.770764119601329,"2004-01-19","2009-09-21",297,0.781144781144781,39,18
"US-Me3","weekly","ET + air temperature",301,234,0.777408637873754,"2004-01-12","2009-09-21",298,0.785234899328859,39,18
"US-Me3","weekly","ET + net radiation",301,223,0.740863787375415,"2004-01-12","2009-09-21",298,0.748322147651007,39,20
"US-Me3","weekly","ET + all core drivers",301,231,0.767441860465116,"2004-01-19","2009-09-14",296,0.780405405405405,39,18
"US-Me3","weekly","ET + all drivers including net radiation",301,220,0.730897009966777,"2004-01-19","2009-09-14",296,0.743243243243243,39,20
"US-Me6","weekly","ET + soil water potential",674,547,0.811572700296736,"2011-01-24","2022-12-26",623,0.87800963081862,100,25
"US-Me6","weekly","ET + VPD",674,576,0.85459940652819,"2010-03-08","2022-12-26",669,0.860986547085202,100,20
"US-Me6","weekly","ET + air temperature",674,594,0.881305637982196,"2010-03-08","2022-12-26",669,0.887892376681614,100,19
"US-Me6","weekly","ET + net radiation",674,529,0.78486646884273,"2010-03-08","2022-12-19",668,0.791916167664671,84,31
"US-Me6","weekly","ET + all core drivers",674,525,0.77893175074184,"2011-01-24","2022-12-26",623,0.842696629213483,100,24
"US-Me6","weekly","ET + all drivers including net radiation",674,472,0.700296735905044,"2011-01-24","2022-12-19",622,0.758842443729904,78,33
"US-Mo1","weekly","ET + soil water potential",431,404,0.937354988399072,"2015-10-05","2023-12-25",430,0.93953488372093,176,12
"US-Mo1","weekly","ET + VPD",431,405,0.939675174013921,"2015-10-05","2023-12-25",430,0.941860465116279,176,11
"US-Mo1","weekly","ET + air temperature",431,405,0.939675174013921,"2015-10-05","2023-12-25",430,0.941860465116279,176,11
"US-Mo1","weekly","ET + net radiation",431,403,0.935034802784223,"2015-10-05","2023-12-25",430,0.937209302325581,176,13
"US-Mo1","weekly","ET + all core drivers",431,404,0.937354988399072,"2015-10-05","2023-12-25",430,0.93953488372093,176,12
"US-Mo1","weekly","ET + all drivers including net radiation",431,402,0.932714617169374,"2015-10-05","2023-12-25",430,0.934883720930233,176,14
"US-Mo2","weekly","ET + soil water potential",313,251,0.801916932907348,"2018-01-01","2023-01-23",265,0.947169811320755,65,9
"US-Mo2","weekly","ET + VPD",313,282,0.900958466453674,"2018-01-01","2023-12-25",313,0.900958466453674,65,12
"US-Mo2","weekly","ET + air temperature",313,282,0.900958466453674,"2018-01-01","2023-12-25",313,0.900958466453674,65,12
"US-Mo2","weekly","ET + net radiation",313,289,0.92332268370607,"2018-01-01","2023-12-25",313,0.92332268370607,49,14
"US-Mo2","weekly","ET + all core drivers",313,242,0.773162939297125,"2018-01-01","2023-01-23",265,0.913207547169811,65,9
"US-Mo2","weekly","ET + all drivers including net radiation",313,240,0.766773162939297,"2018-01-01","2023-01-23",265,0.905660377358491,40,11
"US-Mo3","weekly","ET + soil water potential",292,282,0.965753424657534,"2016-06-06","2021-12-20",290,0.972413793103448,125,6
"US-Mo3","weekly","ET + VPD",292,283,0.969178082191781,"2016-06-06","2021-12-20",290,0.975862068965517,137,5
"US-Mo3","weekly","ET + air temperature",292,283,0.969178082191781,"2016-06-06","2021-12-20",290,0.975862068965517,137,5
"US-Mo3","weekly","ET + net radiation",292,279,0.955479452054795,"2016-06-06","2021-12-20",290,0.962068965517241,136,7
"US-Mo3","weekly","ET + all core drivers",292,282,0.965753424657534,"2016-06-06","2021-12-20",290,0.972413793103448,125,6
"US-Mo3","weekly","ET + all drivers including net radiation",292,278,0.952054794520548,"2016-06-06","2021-12-20",290,0.958620689655172,125,8
"US-Mpj","weekly","ET + soil water potential",679,0,0,NA,NA,0,NA,0,0
"US-Mpj","weekly","ET + VPD",679,665,0.979381443298969,"2007-12-31","2020-12-21",678,0.980825958702065,368,5
"US-Mpj","weekly","ET + air temperature",679,665,0.979381443298969,"2007-12-31","2020-12-21",678,0.980825958702065,368,5
"US-Mpj","weekly","ET + net radiation",679,633,0.932253313696613,"2008-06-23","2020-12-21",653,0.96937212863706,255,7
"US-Mpj","weekly","ET + all core drivers",679,0,0,NA,NA,0,NA,0,0
"US-Mpj","weekly","ET + all drivers including net radiation",679,0,0,NA,NA,0,NA,0,0
"US-NC1","weekly","ET + soil water potential",419,372,0.887828162291169,"2005-01-03","2012-12-17",416,0.894230769230769,47,21
"US-NC1","weekly","ET + VPD",419,374,0.892601431980907,"2005-01-03","2012-12-17",416,0.899038461538462,74,20
"US-NC1","weekly","ET + air temperature",419,377,0.899761336515513,"2005-01-03","2012-12-17",416,0.90625,74,19
"US-NC1","weekly","ET + net radiation",419,364,0.86873508353222,"2005-01-03","2012-12-17",416,0.875,74,22
"US-NC1","weekly","ET + all core drivers",419,367,0.875894988066826,"2005-01-03","2012-12-17",416,0.882211538461538,47,23
"US-NC1","weekly","ET + all drivers including net radiation",419,352,0.840095465393795,"2005-01-03","2012-12-17",416,0.846153846153846,45,26
"US-NC3","weekly","ET + soil water potential",454,329,0.724669603524229,"2013-03-25","2020-09-28",393,0.837150127226463,135,13
"US-NC3","weekly","ET + VPD",454,331,0.729074889867841,"2013-02-25","2020-09-28",397,0.83375314861461,135,11
"US-NC3","weekly","ET + air temperature",454,331,0.729074889867841,"2013-02-25","2020-09-28",397,0.83375314861461,135,11
"US-NC3","weekly","ET + net radiation",454,305,0.671806167400881,"2013-02-25","2019-09-30",345,0.884057971014493,99,12
"US-NC3","weekly","ET + all core drivers",454,325,0.715859030837004,"2013-03-25","2020-09-28",393,0.826972010178117,135,13
"US-NC3","weekly","ET + all drivers including net radiation",454,299,0.658590308370044,"2013-03-25","2019-09-30",341,0.87683284457478,99,14
"US-NR1","weekly","ET + soil water potential",948,694,0.732067510548523,"2001-12-31","2016-12-19",782,0.887468030690537,352,18
"US-NR1","weekly","ET + VPD",948,854,0.90084388185654,"1998-11-09","2016-12-19",946,0.902748414376321,352,23
"US-NR1","weekly","ET + air temperature",948,854,0.90084388185654,"1998-11-09","2016-12-19",946,0.902748414376321,352,23
"US-NR1","weekly","ET + net radiation",948,840,0.886075949367089,"1998-11-09","2016-12-19",946,0.887949260042283,201,30
"US-NR1","weekly","ET + all core drivers",948,694,0.732067510548523,"2001-12-31","2016-12-19",782,0.887468030690537,352,18
"US-NR1","weekly","ET + all drivers including net radiation",948,683,0.720464135021097,"2001-12-31","2016-12-19",782,0.873401534526854,201,24
"US-Ne1","weekly","ET + soil water potential",1024,1016,0.9921875,"2001-06-11","2020-12-21",1020,0.996078431372549,311,4
"US-Ne1","weekly","ET + VPD",1024,1020,0.99609375,"2001-06-04","2020-12-21",1021,0.999020568070519,730,2
"US-Ne1","weekly","ET + air temperature",1024,1020,0.99609375,"2001-06-04","2020-12-21",1021,0.999020568070519,730,2
"US-Ne1","weekly","ET + net radiation",1024,1007,0.9833984375,"2001-06-25","2020-12-21",1018,0.989194499017682,289,5
"US-Ne1","weekly","ET + all core drivers",1024,1016,0.9921875,"2001-06-11","2020-12-21",1020,0.996078431372549,311,4
"US-Ne1","weekly","ET + all drivers including net radiation",1024,1004,0.98046875,"2001-06-25","2020-12-21",1018,0.986247544204322,289,7
"US-ONA","weekly","ET + soil water potential",366,314,0.85792349726776,"2016-04-18","2022-12-26",350,0.897142857142857,126,13
"US-ONA","weekly","ET + VPD",366,306,0.836065573770492,"2016-04-18","2022-12-26",350,0.874285714285714,181,11
"US-ONA","weekly","ET + air temperature",366,306,0.836065573770492,"2016-04-18","2022-12-26",350,0.874285714285714,181,11
"US-ONA","weekly","ET + net radiation",366,288,0.786885245901639,"2016-04-18","2022-12-26",350,0.822857142857143,75,20
"US-ONA","weekly","ET + all core drivers",366,305,0.833333333333333,"2016-04-18","2022-12-26",350,0.871428571428571,126,12
"US-ONA","weekly","ET + all drivers including net radiation",366,287,0.784153005464481,"2016-04-18","2022-12-26",350,0.82,75,21
"US-Oho","weekly","ET + soil water potential",523,455,0.869980879541109,"2004-01-05","2013-12-16",520,0.875,167,32
"US-Oho","weekly","ET + VPD",523,466,0.891013384321224,"2004-01-05","2013-12-16",520,0.896153846153846,216,24
"US-Oho","weekly","ET + air temperature",523,466,0.891013384321224,"2004-01-05","2013-12-16",520,0.896153846153846,216,24
"US-Oho","weekly","ET + net radiation",523,462,0.883365200764818,"2004-01-05","2013-12-16",520,0.888461538461538,216,25
"US-Oho","weekly","ET + all core drivers",523,455,0.869980879541109,"2004-01-05","2013-12-16",520,0.875,167,32
"US-Oho","weekly","ET + all drivers including net radiation",523,451,0.862332695984704,"2004-01-05","2013-12-16",520,0.867307692307692,167,33
"US-PFL","weekly","ET + soil water potential",17,0,0,NA,NA,0,NA,0,0
"US-PFL","weekly","ET + VPD",17,0,0,NA,NA,0,NA,0,0
"US-PFL","weekly","ET + air temperature",17,0,0,NA,NA,0,NA,0,0
"US-PFL","weekly","ET + net radiation",17,0,0,NA,NA,0,NA,0,0
"US-PFL","weekly","ET + all core drivers",17,0,0,NA,NA,0,NA,0,0
"US-PFL","weekly","ET + all drivers including net radiation",17,0,0,NA,NA,0,NA,0,0
"US-PFb","weekly","ET + soil water potential",17,0,0,NA,NA,0,NA,0,0
"US-PFb","weekly","ET + VPD",17,0,0,NA,NA,0,NA,0,0
"US-PFb","weekly","ET + air temperature",17,0,0,NA,NA,0,NA,0,0
"US-PFb","weekly","ET + net radiation",17,0,0,NA,NA,0,NA,0,0
"US-PFb","weekly","ET + all core drivers",17,0,0,NA,NA,0,NA,0,0
"US-PFb","weekly","ET + all drivers including net radiation",17,0,0,NA,NA,0,NA,0,0
"US-PFc","weekly","ET + soil water potential",18,0,0,NA,NA,0,NA,0,0
"US-PFc","weekly","ET + VPD",18,0,0,NA,NA,0,NA,0,0
"US-PFc","weekly","ET + air temperature",18,0,0,NA,NA,0,NA,0,0
"US-PFc","weekly","ET + net radiation",18,0,0,NA,NA,0,NA,0,0
"US-PFc","weekly","ET + all core drivers",18,0,0,NA,NA,0,NA,0,0
"US-PFc","weekly","ET + all drivers including net radiation",18,0,0,NA,NA,0,NA,0,0
"US-PFk","weekly","ET + soil water potential",17,0,0,NA,NA,0,NA,0,0
"US-PFk","weekly","ET + VPD",17,0,0,NA,NA,0,NA,0,0
"US-PFk","weekly","ET + air temperature",17,0,0,NA,NA,0,NA,0,0
"US-PFk","weekly","ET + net radiation",17,0,0,NA,NA,0,NA,0,0
"US-PFk","weekly","ET + all core drivers",17,0,0,NA,NA,0,NA,0,0
"US-PFk","weekly","ET + all drivers including net radiation",17,0,0,NA,NA,0,NA,0,0
"US-PFm","weekly","ET + soil water potential",17,0,0,NA,NA,0,NA,0,0
"US-PFm","weekly","ET + VPD",17,0,0,NA,NA,0,NA,0,0
"US-PFm","weekly","ET + air temperature",17,0,0,NA,NA,0,NA,0,0
"US-PFm","weekly","ET + net radiation",17,0,0,NA,NA,0,NA,0,0
"US-PFm","weekly","ET + all core drivers",17,0,0,NA,NA,0,NA,0,0
"US-PFm","weekly","ET + all drivers including net radiation",17,0,0,NA,NA,0,NA,0,0
"US-PFn","weekly","ET + soil water potential",17,0,0,NA,NA,0,NA,0,0
"US-PFn","weekly","ET + VPD",17,0,0,NA,NA,0,NA,0,0
"US-PFn","weekly","ET + air temperature",17,0,0,NA,NA,0,NA,0,0
"US-PFn","weekly","ET + net radiation",17,0,0,NA,NA,0,NA,0,0
"US-PFn","weekly","ET + all core drivers",17,0,0,NA,NA,0,NA,0,0
"US-PFn","weekly","ET + all drivers including net radiation",17,0,0,NA,NA,0,NA,0,0
"US-PFp","weekly","ET + soil water potential",17,0,0,NA,NA,0,NA,0,0
"US-PFp","weekly","ET + VPD",17,0,0,NA,NA,0,NA,0,0
"US-PFp","weekly","ET + air temperature",17,0,0,NA,NA,0,NA,0,0
"US-PFp","weekly","ET + net radiation",17,0,0,NA,NA,0,NA,0,0
"US-PFp","weekly","ET + all core drivers",17,0,0,NA,NA,0,NA,0,0
"US-PFp","weekly","ET + all drivers including net radiation",17,0,0,NA,NA,0,NA,0,0
"US-PFq","weekly","ET + soil water potential",17,0,0,NA,NA,0,NA,0,0
"US-PFq","weekly","ET + VPD",17,0,0,NA,NA,0,NA,0,0
"US-PFq","weekly","ET + air temperature",17,0,0,NA,NA,0,NA,0,0
"US-PFq","weekly","ET + net radiation",17,0,0,NA,NA,0,NA,0,0
"US-PFq","weekly","ET + all core drivers",17,0,0,NA,NA,0,NA,0,0
"US-PFq","weekly","ET + all drivers including net radiation",17,0,0,NA,NA,0,NA,0,0
"US-PFt","weekly","ET + soil water potential",17,0,0,NA,NA,0,NA,0,0
"US-PFt","weekly","ET + VPD",17,0,0,NA,NA,0,NA,0,0
"US-PFt","weekly","ET + air temperature",17,0,0,NA,NA,0,NA,0,0
"US-PFt","weekly","ET + net radiation",17,0,0,NA,NA,0,NA,0,0
"US-PFt","weekly","ET + all core drivers",17,0,0,NA,NA,0,NA,0,0
"US-PFt","weekly","ET + all drivers including net radiation",17,0,0,NA,NA,0,NA,0,0
"US-PSH","weekly","ET + soil water potential",12,0,0,NA,NA,0,NA,0,0
"US-PSH","weekly","ET + VPD",12,0,0,NA,NA,0,NA,0,0
"US-PSH","weekly","ET + air temperature",12,0,0,NA,NA,0,NA,0,0
"US-PSH","weekly","ET + net radiation",12,0,0,NA,NA,0,NA,0,0
"US-PSH","weekly","ET + all core drivers",12,0,0,NA,NA,0,NA,0,0
"US-PSH","weekly","ET + all drivers including net radiation",12,0,0,NA,NA,0,NA,0,0
"US-PSL","weekly","ET + soil water potential",14,0,0,NA,NA,0,NA,0,0
"US-PSL","weekly","ET + VPD",14,0,0,NA,NA,0,NA,0,0
"US-PSL","weekly","ET + air temperature",14,0,0,NA,NA,0,NA,0,0
"US-PSL","weekly","ET + net radiation",14,0,0,NA,NA,0,NA,0,0
"US-PSL","weekly","ET + all core drivers",14,0,0,NA,NA,0,NA,0,0
"US-PSL","weekly","ET + all drivers including net radiation",14,0,0,NA,NA,0,NA,0,0
"US-RGA","weekly","ET + soil water potential",128,100,0.78125,"2021-05-24","2023-09-04",120,0.833333333333333,48,5
"US-RGA","weekly","ET + VPD",128,119,0.9296875,"2021-04-12","2023-09-04",126,0.944444444444444,48,5
"US-RGA","weekly","ET + air temperature",128,119,0.9296875,"2021-04-12","2023-09-04",126,0.944444444444444,48,5
"US-RGA","weekly","ET + net radiation",128,111,0.8671875,"2021-04-12","2023-08-28",125,0.888,27,12
"US-RGA","weekly","ET + all core drivers",128,100,0.78125,"2021-05-24","2023-09-04",120,0.833333333333333,48,5
"US-RGA","weekly","ET + all drivers including net radiation",128,93,0.7265625,"2021-05-24","2023-08-28",119,0.781512605042017,27,11
"US-RGB","weekly","ET + soil water potential",141,121,0.858156028368794,"2021-04-26","2023-09-11",125,0.968,97,5
"US-RGB","weekly","ET + VPD",141,134,0.950354609929078,"2021-01-25","2023-09-11",138,0.971014492753623,97,5
"US-RGB","weekly","ET + air temperature",141,134,0.950354609929078,"2021-01-25","2023-09-11",138,0.971014492753623,97,5
"US-RGB","weekly","ET + net radiation",141,124,0.879432624113475,"2021-01-25","2023-09-11",138,0.898550724637681,27,9
"US-RGB","weekly","ET + all core drivers",141,121,0.858156028368794,"2021-04-26","2023-09-11",125,0.968,97,5
"US-RGB","weekly","ET + all drivers including net radiation",141,111,0.787234042553192,"2021-04-26","2023-09-11",125,0.888,27,9
"US-RGF","weekly","ET + soil water potential",43,43,1,"2023-03-06","2023-12-25",43,1,43,1
"US-RGF","weekly","ET + VPD",43,43,1,"2023-03-06","2023-12-25",43,1,43,1
"US-RGF","weekly","ET + air temperature",43,43,1,"2023-03-06","2023-12-25",43,1,43,1
"US-RGF","weekly","ET + net radiation",43,42,0.976744186046512,"2023-03-13","2023-12-25",42,1,42,1
"US-RGF","weekly","ET + all core drivers",43,43,1,"2023-03-06","2023-12-25",43,1,43,1
"US-RGF","weekly","ET + all drivers including net radiation",43,42,0.976744186046512,"2023-03-13","2023-12-25",42,1,42,1
"US-RGW","weekly","ET + soil water potential",77,74,0.961038961038961,"2022-04-18","2023-09-18",75,0.986666666666667,67,2
"US-RGW","weekly","ET + VPD",77,74,0.961038961038961,"2022-04-18","2023-09-18",75,0.986666666666667,67,2
"US-RGW","weekly","ET + air temperature",77,74,0.961038961038961,"2022-04-18","2023-09-18",75,0.986666666666667,67,2
"US-RGW","weekly","ET + net radiation",77,65,0.844155844155844,"2022-04-18","2023-09-11",74,0.878378378378378,21,8
"US-RGW","weekly","ET + all core drivers",77,74,0.961038961038961,"2022-04-18","2023-09-18",75,0.986666666666667,67,2
"US-RGW","weekly","ET + all drivers including net radiation",77,65,0.844155844155844,"2022-04-18","2023-09-11",74,0.878378378378378,21,8
"US-RGo","weekly","ET + soil water potential",118,112,0.949152542372881,"2021-06-21","2023-09-04",116,0.96551724137931,64,5
"US-RGo","weekly","ET + VPD",118,112,0.949152542372881,"2021-06-21","2023-09-04",116,0.96551724137931,64,5
"US-RGo","weekly","ET + air temperature",118,112,0.949152542372881,"2021-06-21","2023-09-04",116,0.96551724137931,64,5
"US-RGo","weekly","ET + net radiation",118,111,0.940677966101695,"2021-06-21","2023-09-04",116,0.956896551724138,64,6
"US-RGo","weekly","ET + all core drivers",118,112,0.949152542372881,"2021-06-21","2023-09-04",116,0.96551724137931,64,5
"US-RGo","weekly","ET + all drivers including net radiation",118,111,0.940677966101695,"2021-06-21","2023-09-04",116,0.956896551724138,64,6
"US-Rls","weekly","ET + soil water potential",473,432,0.913319238900634,"2014-09-15","2023-09-25",472,0.915254237288136,203,11
"US-Rls","weekly","ET + VPD",473,449,0.949260042283298,"2014-09-15","2023-09-25",472,0.951271186440678,203,9
"US-Rls","weekly","ET + air temperature",473,449,0.949260042283298,"2014-09-15","2023-09-25",472,0.951271186440678,203,9
"US-Rls","weekly","ET + net radiation",473,448,0.947145877378435,"2014-09-15","2023-09-25",472,0.949152542372881,203,10
"US-Rls","weekly","ET + all core drivers",473,432,0.913319238900634,"2014-09-15","2023-09-25",472,0.915254237288136,203,11
"US-Rls","weekly","ET + all drivers including net radiation",473,432,0.913319238900634,"2014-09-15","2023-09-25",472,0.915254237288136,203,11
"US-Rms","weekly","ET + soil water potential",472,429,0.908898305084746,"2014-10-27","2023-09-25",466,0.920600858369099,152,9
"US-Rms","weekly","ET + VPD",472,448,0.949152542372881,"2014-09-15","2023-09-25",472,0.949152542372881,348,7
"US-Rms","weekly","ET + air temperature",472,448,0.949152542372881,"2014-09-15","2023-09-25",472,0.949152542372881,348,7
"US-Rms","weekly","ET + net radiation",472,445,0.942796610169492,"2014-09-15","2023-09-25",472,0.942796610169492,348,9
"US-Rms","weekly","ET + all core drivers",472,429,0.908898305084746,"2014-10-27","2023-09-25",466,0.920600858369099,152,9
"US-Rms","weekly","ET + all drivers including net radiation",472,426,0.902542372881356,"2014-10-27","2023-09-25",466,0.914163090128755,152,11
"US-Ro1","weekly","ET + soil water potential",679,53,0.0780559646539028,"2015-12-28","2016-12-26",53,1,53,1
"US-Ro1","weekly","ET + VPD",679,646,0.95139911634757,"2004-01-05","2016-12-26",678,0.952802359882006,322,9
"US-Ro1","weekly","ET + air temperature",679,650,0.957290132547865,"2004-01-05","2016-12-26",678,0.958702064896755,322,9
"US-Ro1","weekly","ET + net radiation",679,613,0.90279823269514,"2004-01-05","2016-12-26",678,0.904129793510325,322,17
"US-Ro1","weekly","ET + all core drivers",679,53,0.0780559646539028,"2015-12-28","2016-12-26",53,1,53,1
"US-Ro1","weekly","ET + all drivers including net radiation",679,51,0.0751104565537555,"2015-12-28","2016-12-26",53,0.962264150943396,30,2
"US-Ro2","weekly","ET + soil water potential",470,0,0,NA,NA,0,NA,0,0
"US-Ro2","weekly","ET + VPD",470,307,0.653191489361702,"2007-12-31","2016-12-26",470,0.653191489361702,86,12
"US-Ro2","weekly","ET + air temperature",470,307,0.653191489361702,"2007-12-31","2016-12-26",470,0.653191489361702,86,12
"US-Ro2","weekly","ET + net radiation",470,82,0.174468085106383,"2015-05-11","2016-12-26",86,0.953488372093023,59,4
"US-Ro2","weekly","ET + all core drivers",470,0,0,NA,NA,0,NA,0,0
"US-Ro2","weekly","ET + all drivers including net radiation",470,0,0,NA,NA,0,NA,0,0
"US-Ro3","weekly","ET + soil water potential",210,0,0,NA,NA,0,NA,0,0
"US-Ro3","weekly","ET + VPD",210,183,0.871428571428571,"2004-06-28","2007-12-24",183,1,183,1
"US-Ro3","weekly","ET + air temperature",210,183,0.871428571428571,"2004-06-28","2007-12-24",183,1,183,1
"US-Ro3","weekly","ET + net radiation",210,183,0.871428571428571,"2004-06-28","2007-12-24",183,1,183,1
"US-Ro3","weekly","ET + all core drivers",210,0,0,NA,NA,0,NA,0,0
"US-Ro3","weekly","ET + all drivers including net radiation",210,0,0,NA,NA,0,NA,0,0
"US-Ro4","weekly","ET + soil water potential",521,347,0.666026871401152,"2016-08-08","2023-12-25",386,0.898963730569948,90,13
"US-Ro4","weekly","ET + VPD",521,491,0.942418426103647,"2014-01-13","2023-12-25",520,0.944230769230769,279,8
"US-Ro4","weekly","ET + air temperature",521,491,0.942418426103647,"2014-01-13","2023-12-25",520,0.944230769230769,279,8
"US-Ro4","weekly","ET + net radiation",521,476,0.91362763915547,"2014-06-02","2023-12-25",500,0.952,199,6
"US-Ro4","weekly","ET + all core drivers",521,347,0.666026871401152,"2016-08-08","2023-12-25",386,0.898963730569948,90,13
"US-Ro4","weekly","ET + all drivers including net radiation",521,346,0.664107485604607,"2016-08-08","2023-12-25",386,0.896373056994819,90,14
"US-Ro5","weekly","ET + soil water potential",366,330,0.901639344262295,"2017-06-05","2023-12-25",343,0.962099125364432,174,3
"US-Ro5","weekly","ET + VPD",366,363,0.991803278688525,"2017-01-02","2023-12-25",365,0.994520547945206,207,3
"US-Ro5","weekly","ET + air temperature",366,363,0.991803278688525,"2017-01-02","2023-12-25",365,0.994520547945206,207,3
"US-Ro5","weekly","ET + net radiation",366,359,0.980874316939891,"2017-01-23","2023-12-25",362,0.99171270718232,159,4
"US-Ro5","weekly","ET + all core drivers",366,330,0.901639344262295,"2017-06-05","2023-12-25",343,0.962099125364432,174,3
"US-Ro5","weekly","ET + all drivers including net radiation",366,329,0.898907103825137,"2017-06-05","2023-12-25",343,0.959183673469388,140,4
"US-Ro6","weekly","ET + soil water potential",366,324,0.885245901639344,"2017-06-19","2023-12-25",341,0.950146627565982,157,6
"US-Ro6","weekly","ET + VPD",366,360,0.983606557377049,"2017-01-02","2023-12-25",365,0.986301369863014,177,5
"US-Ro6","weekly","ET + air temperature",366,360,0.983606557377049,"2017-01-02","2023-12-25",365,0.986301369863014,177,5
"US-Ro6","weekly","ET + net radiation",366,352,0.961748633879781,"2017-01-16","2023-12-25",363,0.96969696969697,106,10
"US-Ro6","weekly","ET + all core drivers",366,324,0.885245901639344,"2017-06-19","2023-12-25",341,0.950146627565982,157,6
"US-Ro6","weekly","ET + all drivers including net radiation",366,319,0.871584699453552,"2017-06-19","2023-12-25",341,0.935483870967742,106,9
"US-Rwe","weekly","ET + soil water potential",244,0,0,NA,NA,0,NA,0,0
"US-Rwe","weekly","ET + VPD",244,228,0.934426229508197,"2003-02-03","2007-09-24",243,0.938271604938272,78,8
"US-Rwe","weekly","ET + air temperature",244,228,0.934426229508197,"2003-02-03","2007-09-24",243,0.938271604938272,78,8
"US-Rwe","weekly","ET + net radiation",244,93,0.381147540983607,"2005-10-03","2007-09-24",104,0.894230769230769,47,6
"US-Rwe","weekly","ET + all core drivers",244,0,0,NA,NA,0,NA,0,0
"US-Rwe","weekly","ET + all drivers including net radiation",244,0,0,NA,NA,0,NA,0,0
"US-Rwf","weekly","ET + soil water potential",487,0,0,NA,NA,0,NA,0,0
"US-Rwf","weekly","ET + VPD",487,457,0.938398357289528,"2014-06-09","2023-09-25",486,0.940329218106996,214,12
"US-Rwf","weekly","ET + air temperature",487,457,0.938398357289528,"2014-06-09","2023-09-25",486,0.940329218106996,214,12
"US-Rwf","weekly","ET + net radiation",487,452,0.928131416837782,"2014-06-09","2023-09-25",486,0.930041152263374,214,15
"US-Rwf","weekly","ET + all core drivers",487,0,0,NA,NA,0,NA,0,0
"US-Rwf","weekly","ET + all drivers including net radiation",487,0,0,NA,NA,0,NA,0,0
"US-Rws","weekly","ET + soil water potential",472,417,0.883474576271186,"2015-07-27","2023-09-25",427,0.976580796252927,191,6
"US-Rws","weekly","ET + VPD",472,459,0.972457627118644,"2014-09-15","2023-09-25",472,0.972457627118644,197,7
"US-Rws","weekly","ET + air temperature",472,459,0.972457627118644,"2014-09-15","2023-09-25",472,0.972457627118644,197,7
"US-Rws","weekly","ET + net radiation",472,456,0.966101694915254,"2014-09-15","2023-09-25",472,0.966101694915254,208,8
"US-Rws","weekly","ET + all core drivers",472,415,0.879237288135593,"2015-07-27","2023-09-25",427,0.971896955503513,191,7
"US-Rws","weekly","ET + all drivers including net radiation",472,411,0.870762711864407,"2015-07-27","2023-09-25",427,0.962529274004684,152,8
"US-SP1","weekly","ET + soil water potential",1070,282,0.263551401869159,"2014-09-22","2020-12-21",327,0.862385321100917,39,21
"US-SP1","weekly","ET + VPD",1070,881,0.823364485981308,"2001-01-15","2020-12-21",1041,0.846301633045149,91,51
"US-SP1","weekly","ET + air temperature",1070,891,0.832710280373832,"2001-01-15","2020-12-21",1041,0.855907780979827,93,46
"US-SP1","weekly","ET + net radiation",1070,865,0.808411214953271,"2001-01-15","2020-12-21",1041,0.830931796349664,93,51
"US-SP1","weekly","ET + all core drivers",1070,282,0.263551401869159,"2014-09-22","2020-12-21",327,0.862385321100917,39,21
"US-SP1","weekly","ET + all drivers including net radiation",1070,281,0.262616822429907,"2014-09-22","2020-12-21",327,0.859327217125382,39,21
"US-SRC","weekly","ET + soil water potential",329,251,0.762917933130699,"2008-04-28","2014-06-16",321,0.781931464174455,55,17
"US-SRC","weekly","ET + VPD",329,232,0.70516717325228,"2008-04-28","2014-06-16",321,0.722741433021807,55,16
"US-SRC","weekly","ET + air temperature",329,252,0.765957446808511,"2008-04-28","2014-06-16",321,0.785046728971963,55,16
"US-SRC","weekly","ET + net radiation",329,249,0.756838905775076,"2008-05-12","2014-06-16",319,0.780564263322884,55,17
"US-SRC","weekly","ET + all core drivers",329,231,0.702127659574468,"2008-04-28","2014-06-16",321,0.719626168224299,55,17
"US-SRC","weekly","ET + all drivers including net radiation",329,229,0.696048632218845,"2008-05-12","2014-06-16",319,0.717868338557994,55,17
"US-SRG","weekly","ET + soil water potential",826,807,0.976997578692494,"2008-03-10","2023-12-25",825,0.978181818181818,286,12
"US-SRG","weekly","ET + VPD",826,810,0.980629539951574,"2008-03-10","2023-12-25",825,0.981818181818182,337,11
"US-SRG","weekly","ET + air temperature",826,810,0.980629539951574,"2008-03-10","2023-12-25",825,0.981818181818182,337,11
"US-SRG","weekly","ET + net radiation",826,798,0.966101694915254,"2008-04-14","2023-12-25",820,0.973170731707317,337,15
"US-SRG","weekly","ET + all core drivers",826,807,0.976997578692494,"2008-03-10","2023-12-25",825,0.978181818181818,286,12
"US-SRG","weekly","ET + all drivers including net radiation",826,795,0.962469733656174,"2008-04-14","2023-12-25",820,0.969512195121951,286,16
"US-SRM","weekly","ET + soil water potential",1044,1032,0.988505747126437,"2004-01-05","2023-12-25",1043,0.989453499520614,472,7
"US-SRM","weekly","ET + VPD",1044,1033,0.989463601532567,"2004-01-05","2023-12-25",1043,0.990412272291467,503,6
"US-SRM","weekly","ET + air temperature",1044,1033,0.989463601532567,"2004-01-05","2023-12-25",1043,0.990412272291467,503,6
"US-SRM","weekly","ET + net radiation",1044,1010,0.967432950191571,"2004-01-05","2023-12-25",1043,0.968360498561841,195,20
"US-SRM","weekly","ET + all core drivers",1044,1032,0.988505747126437,"2004-01-05","2023-12-25",1043,0.989453499520614,472,7
"US-SRM","weekly","ET + all drivers including net radiation",1044,1009,0.966475095785441,"2004-01-05","2023-12-25",1043,0.967401725790987,195,21
"US-SRS","weekly","ET + soil water potential",398,369,0.92713567839196,"2011-05-23","2018-11-19",392,0.941326530612245,64,12
"US-SRS","weekly","ET + VPD",398,376,0.944723618090452,"2011-05-23","2018-11-19",392,0.959183673469388,101,7
"US-SRS","weekly","ET + air temperature",398,376,0.944723618090452,"2011-05-23","2018-11-19",392,0.959183673469388,101,7
"US-SRS","weekly","ET + net radiation",398,348,0.874371859296482,"2011-05-23","2018-11-19",392,0.887755102040816,71,17
"US-SRS","weekly","ET + all core drivers",398,369,0.92713567839196,"2011-05-23","2018-11-19",392,0.941326530612245,64,12
"US-SRS","weekly","ET + all drivers including net radiation",398,342,0.85929648241206,"2011-05-23","2018-11-19",392,0.872448979591837,64,21
"US-SSH","weekly","ET + soil water potential",306,132,0.431372549019608,"2016-01-04","2020-07-20",238,0.554621848739496,53,8
"US-SSH","weekly","ET + VPD",306,229,0.748366013071895,"2016-01-04","2021-10-25",304,0.753289473684211,91,11
"US-SSH","weekly","ET + air temperature",306,229,0.748366013071895,"2016-01-04","2021-10-25",304,0.753289473684211,91,11
"US-SSH","weekly","ET + net radiation",306,225,0.735294117647059,"2016-01-04","2021-10-25",304,0.740131578947368,32,15
"US-SSH","weekly","ET + all core drivers",306,132,0.431372549019608,"2016-01-04","2020-07-20",238,0.554621848739496,53,8
"US-SSH","weekly","ET + all drivers including net radiation",306,128,0.418300653594771,"2016-01-04","2020-07-20",238,0.53781512605042,30,12
"US-Seg","weekly","ET + soil water potential",783,0,0,NA,NA,0,NA,0,0
"US-Seg","weekly","ET + VPD",783,754,0.962962962962963,"2007-01-01","2021-12-20",782,0.964194373401535,141,11
"US-Seg","weekly","ET + air temperature",783,759,0.969348659003831,"2007-01-01","2021-12-20",782,0.970588235294118,292,9
"US-Seg","weekly","ET + net radiation",783,742,0.947637292464879,"2007-01-01","2021-12-20",782,0.948849104859335,125,17
"US-Seg","weekly","ET + all core drivers",783,0,0,NA,NA,0,NA,0,0
"US-Seg","weekly","ET + all drivers including net radiation",783,0,0,NA,NA,0,NA,0,0
"US-Ses","weekly","ET + soil water potential",782,0,0,NA,NA,0,NA,0,0
"US-Ses","weekly","ET + VPD",782,758,0.969309462915601,"2007-01-08","2021-12-20",781,0.970550576184379,230,12
"US-Ses","weekly","ET + air temperature",782,764,0.976982097186701,"2007-01-08","2021-12-20",781,0.978233034571063,274,7
"US-Ses","weekly","ET + net radiation",782,756,0.966751918158568,"2007-01-08","2021-12-20",781,0.967989756722151,230,13
"US-Ses","weekly","ET + all core drivers",782,0,0,NA,NA,0,NA,0,0
"US-Ses","weekly","ET + all drivers including net radiation",782,0,0,NA,NA,0,NA,0,0
"US-Sne","weekly","ET + soil water potential",241,0,0,NA,NA,0,NA,0,0
"US-Sne","weekly","ET + VPD",241,227,0.941908713692946,"2016-05-23","2020-12-21",240,0.945833333333333,96,5
"US-Sne","weekly","ET + air temperature",241,227,0.941908713692946,"2016-05-23","2020-12-21",240,0.945833333333333,96,5
"US-Sne","weekly","ET + net radiation",241,232,0.962655601659751,"2016-05-30","2020-12-21",239,0.97071129707113,95,4
"US-Sne","weekly","ET + all core drivers",241,0,0,NA,NA,0,NA,0,0
"US-Sne","weekly","ET + all drivers including net radiation",241,0,0,NA,NA,0,NA,0,0
"US-Snf","weekly","ET + soil water potential",104,99,0.951923076923077,"2018-07-23","2020-06-29",102,0.970588235294118,35,3
"US-Snf","weekly","ET + VPD",104,92,0.884615384615385,"2018-07-23","2020-06-29",102,0.901960784313726,34,4
"US-Snf","weekly","ET + air temperature",104,95,0.913461538461538,"2018-07-23","2020-06-29",102,0.931372549019608,34,4
"US-Snf","weekly","ET + net radiation",104,89,0.855769230769231,"2018-07-23","2020-06-29",102,0.872549019607843,35,3
"US-Snf","weekly","ET + all core drivers",104,92,0.884615384615385,"2018-07-23","2020-06-29",102,0.901960784313726,34,4
"US-Snf","weekly","ET + all drivers including net radiation",104,82,0.788461538461538,"2018-07-23","2020-06-29",102,0.803921568627451,28,4
"US-Syv","weekly","ET + soil water potential",1171,744,0.63535439795047,"2001-09-03","2023-12-25",1165,0.63862660944206,107,42
"US-Syv","weekly","ET + VPD",1171,528,0.450896669513237,"2012-05-07","2023-12-25",608,0.868421052631579,107,20
"US-Syv","weekly","ET + air temperature",1171,779,0.665243381725021,"2001-09-03","2023-12-25",1165,0.668669527896996,107,43
"US-Syv","weekly","ET + net radiation",1171,700,0.597779675491033,"2001-09-24","2023-12-25",1162,0.602409638554217,107,43
"US-Syv","weekly","ET + all core drivers",1171,493,0.421007685738685,"2012-05-07","2023-12-25",608,0.810855263157895,107,19
"US-Syv","weekly","ET + all drivers including net radiation",1171,435,0.371477369769428,"2012-05-21","2023-12-25",606,0.717821782178218,107,19
"US-Ton","weekly","ET + soil water potential",1183,997,0.842772612003381,"2001-05-21","2020-12-28",1024,0.9736328125,226,15
"US-Ton","weekly","ET + VPD",1183,1153,0.974640743871513,"2001-05-21","2023-12-25",1180,0.977118644067797,226,16
"US-Ton","weekly","ET + air temperature",1183,1153,0.974640743871513,"2001-05-21","2023-12-25",1180,0.977118644067797,226,16
"US-Ton","weekly","ET + net radiation",1183,1120,0.946745562130177,"2001-05-21","2023-12-25",1180,0.949152542372881,170,28
"US-Ton","weekly","ET + all core drivers",1183,997,0.842772612003381,"2001-05-21","2020-12-28",1024,0.9736328125,226,15
"US-Ton","weekly","ET + all drivers including net radiation",1183,965,0.815722738799662,"2001-05-21","2020-12-28",1024,0.9423828125,136,26
"US-Tw2","weekly","ET + soil water potential",51,46,0.901960784313726,"2012-05-21","2013-04-29",50,0.92,23,2
"US-Tw2","weekly","ET + VPD",51,50,0.980392156862745,"2012-05-21","2013-04-29",50,1,50,1
"US-Tw2","weekly","ET + air temperature",51,50,0.980392156862745,"2012-05-21","2013-04-29",50,1,50,1
"US-Tw2","weekly","ET + net radiation",51,40,0.784313725490196,"2012-05-21","2013-04-29",50,0.8,19,4
"US-Tw2","weekly","ET + all core drivers",51,46,0.901960784313726,"2012-05-21","2013-04-29",50,0.92,23,2
"US-Tw2","weekly","ET + all drivers including net radiation",51,40,0.784313725490196,"2012-05-21","2013-04-29",50,0.8,19,4
"US-Tw3","weekly","ET + soil water potential",264,245,0.928030303030303,"2013-05-27","2018-05-28",262,0.935114503816794,143,6
"US-Tw3","weekly","ET + VPD",264,252,0.954545454545455,"2013-05-27","2018-05-28",262,0.961832061068702,143,7
"US-Tw3","weekly","ET + air temperature",264,256,0.96969696969697,"2013-05-27","2018-05-28",262,0.977099236641221,143,6
"US-Tw3","weekly","ET + net radiation",264,216,0.818181818181818,"2013-05-27","2018-05-28",262,0.824427480916031,43,12
"US-Tw3","weekly","ET + all core drivers",264,241,0.912878787878788,"2013-05-27","2018-05-28",262,0.919847328244275,143,7
"US-Tw3","weekly","ET + all drivers including net radiation",264,204,0.772727272727273,"2013-05-27","2018-05-28",262,0.778625954198473,43,11
"US-UC1","weekly","ET + soil water potential",242,229,0.946280991735537,"2019-05-20","2023-12-25",241,0.950207468879668,124,4
"US-UC1","weekly","ET + VPD",242,229,0.946280991735537,"2019-05-20","2023-12-25",241,0.950207468879668,124,4
"US-UC1","weekly","ET + air temperature",242,229,0.946280991735537,"2019-05-20","2023-12-25",241,0.950207468879668,124,4
"US-UC1","weekly","ET + net radiation",242,229,0.946280991735537,"2019-05-20","2023-12-25",241,0.950207468879668,124,4
"US-UC1","weekly","ET + all core drivers",242,229,0.946280991735537,"2019-05-20","2023-12-25",241,0.950207468879668,124,4
"US-UC1","weekly","ET + all drivers including net radiation",242,229,0.946280991735537,"2019-05-20","2023-12-25",241,0.950207468879668,124,4
"US-UC2","weekly","ET + soil water potential",241,227,0.941908713692946,"2019-05-27","2023-12-25",240,0.945833333333333,86,3
"US-UC2","weekly","ET + VPD",241,227,0.941908713692946,"2019-05-27","2023-12-25",240,0.945833333333333,86,3
"US-UC2","weekly","ET + air temperature",241,227,0.941908713692946,"2019-05-27","2023-12-25",240,0.945833333333333,86,3
"US-UC2","weekly","ET + net radiation",241,226,0.937759336099585,"2019-05-27","2023-12-25",240,0.941666666666667,86,3
"US-UC2","weekly","ET + all core drivers",241,227,0.941908713692946,"2019-05-27","2023-12-25",240,0.945833333333333,86,3
"US-UC2","weekly","ET + all drivers including net radiation",241,226,0.937759336099585,"2019-05-27","2023-12-25",240,0.941666666666667,86,3
"US-UMB","weekly","ET + soil water potential",783,731,0.933588761174968,"2007-01-01","2021-12-20",782,0.934782608695652,188,10
"US-UMB","weekly","ET + VPD",783,770,0.983397190293742,"2007-01-01","2021-12-20",782,0.9846547314578,308,8
"US-UMB","weekly","ET + air temperature",783,770,0.983397190293742,"2007-01-01","2021-12-20",782,0.9846547314578,308,8
"US-UMB","weekly","ET + net radiation",783,742,0.947637292464879,"2007-01-01","2021-12-20",782,0.948849104859335,207,18
"US-UMB","weekly","ET + all core drivers",783,729,0.931034482758621,"2007-01-01","2021-12-20",782,0.932225063938619,188,10
"US-UMB","weekly","ET + all drivers including net radiation",783,702,0.896551724137931,"2007-01-01","2021-12-20",782,0.89769820971867,188,19
"US-UMd","weekly","ET + soil water potential",867,841,0.970011534025375,"2007-06-25","2023-12-18",861,0.976771196283391,269,8
"US-UMd","weekly","ET + VPD",867,839,0.967704728950404,"2007-05-28","2023-12-18",865,0.969942196531792,269,11
"US-UMd","weekly","ET + air temperature",867,841,0.970011534025375,"2007-05-28","2023-12-18",865,0.972254335260116,269,11
"US-UMd","weekly","ET + net radiation",867,742,0.855824682814302,"2007-05-28","2022-08-08",794,0.934508816120907,156,29
"US-UMd","weekly","ET + all core drivers",867,837,0.965397923875433,"2007-06-25","2023-12-18",861,0.97212543554007,269,10
"US-UMd","weekly","ET + all drivers including net radiation",867,738,0.85121107266436,"2007-06-25","2022-08-08",790,0.934177215189873,156,28
"US-UTB","weekly","ET + soil water potential",117,0,0,NA,NA,0,NA,0,0
"US-UTB","weekly","ET + VPD",117,79,0.675213675213675,"2021-10-04","2023-12-25",117,0.675213675213675,19,7
"US-UTB","weekly","ET + air temperature",117,79,0.675213675213675,"2021-10-04","2023-12-25",117,0.675213675213675,19,7
"US-UTB","weekly","ET + net radiation",117,79,0.675213675213675,"2021-10-04","2023-12-25",117,0.675213675213675,19,7
"US-UTB","weekly","ET + all core drivers",117,0,0,NA,NA,0,NA,0,0
"US-UTB","weekly","ET + all drivers including net radiation",117,0,0,NA,NA,0,NA,0,0
"US-Var","weekly","ET + soil water potential",1098,1072,0.97632058287796,"2000-10-30","2021-10-18",1095,0.978995433789954,267,12
"US-Var","weekly","ET + VPD",1098,1077,0.980874316939891,"2000-10-30","2021-10-18",1095,0.983561643835616,267,9
"US-Var","weekly","ET + air temperature",1098,1077,0.980874316939891,"2000-10-30","2021-10-18",1095,0.983561643835616,267,9
"US-Var","weekly","ET + net radiation",1098,597,0.543715846994536,"2000-10-30","2021-10-18",1095,0.545205479452055,150,42
"US-Var","weekly","ET + all core drivers",1098,1072,0.97632058287796,"2000-10-30","2021-10-18",1095,0.978995433789954,267,12
"US-Var","weekly","ET + all drivers including net radiation",1098,593,0.540072859744991,"2000-10-30","2021-10-18",1095,0.541552511415525,150,44
"US-Vcm","weekly","ET + soil water potential",783,0,0,NA,NA,0,NA,0,0
"US-Vcm","weekly","ET + VPD",783,692,0.883780332056194,"2007-01-01","2021-12-20",782,0.884910485933504,116,31
"US-Vcm","weekly","ET + air temperature",783,697,0.890166028097063,"2007-01-01","2021-12-20",782,0.891304347826087,155,29
"US-Vcm","weekly","ET + net radiation",783,592,0.756066411238825,"2009-05-11","2021-12-20",659,0.898330804248862,91,15
"US-Vcm","weekly","ET + all core drivers",783,0,0,NA,NA,0,NA,0,0
"US-Vcm","weekly","ET + all drivers including net radiation",783,0,0,NA,NA,0,NA,0,0
"US-Vcp","weekly","ET + soil water potential",887,0,0,NA,NA,0,NA,0,0
"US-Vcp","weekly","ET + VPD",887,805,0.907553551296505,"2007-01-01","2023-12-25",887,0.907553551296505,153,21
"US-Vcp","weekly","ET + air temperature",887,820,0.924464487034949,"2007-01-01","2023-12-25",887,0.924464487034949,153,19
"US-Vcp","weekly","ET + net radiation",887,649,0.731679819616685,"2007-01-01","2023-12-25",887,0.731679819616685,153,24
"US-Vcp","weekly","ET + all core drivers",887,0,0,NA,NA,0,NA,0,0
"US-Vcp","weekly","ET + all drivers including net radiation",887,0,0,NA,NA,0,NA,0,0
"US-Whs","weekly","ET + soil water potential",706,673,0.953257790368272,"2007-07-02","2020-12-21",704,0.955965909090909,455,9
"US-Whs","weekly","ET + VPD",706,626,0.886685552407932,"2008-12-29","2020-12-21",626,1,626,1
"US-Whs","weekly","ET + air temperature",706,626,0.886685552407932,"2008-12-29","2020-12-21",626,1,626,1
"US-Whs","weekly","ET + net radiation",706,690,0.977337110481586,"2007-07-02","2020-12-21",704,0.980113636363636,164,8
"US-Whs","weekly","ET + all core drivers",706,596,0.844192634560907,"2008-12-29","2020-12-21",626,0.952076677316294,455,8
"US-Whs","weekly","ET + all drivers including net radiation",706,584,0.827195467422096,"2008-12-29","2020-12-21",626,0.932907348242812,164,13
"US-Wi0","weekly","ET + soil water potential",34,0,0,NA,NA,0,NA,0,0
"US-Wi0","weekly","ET + VPD",34,25,0.735294117647059,"2002-04-29","2002-11-18",30,0.833333333333333,20,5
"US-Wi0","weekly","ET + air temperature",34,25,0.735294117647059,"2002-04-29","2002-11-18",30,0.833333333333333,20,5
"US-Wi0","weekly","ET + net radiation",34,25,0.735294117647059,"2002-04-29","2002-11-18",30,0.833333333333333,20,5
"US-Wi0","weekly","ET + all core drivers",34,0,0,NA,NA,0,NA,0,0
"US-Wi0","weekly","ET + all drivers including net radiation",34,0,0,NA,NA,0,NA,0,0
"US-Wi1","weekly","ET + soil water potential",52,0,0,NA,NA,0,NA,0,0
"US-Wi1","weekly","ET + VPD",52,22,0.423076923076923,"2003-05-26","2003-12-01",28,0.785714285714286,12,3
"US-Wi1","weekly","ET + air temperature",52,22,0.423076923076923,"2003-05-26","2003-12-01",28,0.785714285714286,12,3
"US-Wi1","weekly","ET + net radiation",52,0,0,NA,NA,0,NA,0,0
"US-Wi1","weekly","ET + all core drivers",52,0,0,NA,NA,0,NA,0,0
"US-Wi1","weekly","ET + all drivers including net radiation",52,0,0,NA,NA,0,NA,0,0
"US-Wi3","weekly","ET + soil water potential",139,0,0,NA,NA,0,NA,0,0
"US-Wi3","weekly","ET + VPD",139,62,0.446043165467626,"2002-05-13","2004-12-06",135,0.459259259259259,21,9
"US-Wi3","weekly","ET + air temperature",139,62,0.446043165467626,"2002-05-13","2004-12-06",135,0.459259259259259,21,9
"US-Wi3","weekly","ET + net radiation",139,57,0.410071942446043,"2002-05-13","2004-12-06",135,0.422222222222222,21,11
"US-Wi3","weekly","ET + all core drivers",139,0,0,NA,NA,0,NA,0,0
"US-Wi3","weekly","ET + all drivers including net radiation",139,0,0,NA,NA,0,NA,0,0
"US-Wi4","weekly","ET + soil water potential",184,0,0,NA,NA,0,NA,0,0
"US-Wi4","weekly","ET + VPD",184,85,0.46195652173913,"2002-05-06","2005-10-31",183,0.46448087431694,21,12
"US-Wi4","weekly","ET + air temperature",184,85,0.46195652173913,"2002-05-06","2005-10-31",183,0.46448087431694,21,12
"US-Wi4","weekly","ET + net radiation",184,73,0.396739130434783,"2002-05-06","2005-10-24",182,0.401098901098901,21,13
"US-Wi4","weekly","ET + all core drivers",184,0,0,NA,NA,0,NA,0,0
"US-Wi4","weekly","ET + all drivers including net radiation",184,0,0,NA,NA,0,NA,0,0
"US-Wi5","weekly","ET + soil water potential",35,0,0,NA,NA,0,NA,0,0
"US-Wi5","weekly","ET + VPD",35,32,0.914285714285714,"2004-04-19","2004-12-06",34,0.941176470588235,20,3
"US-Wi5","weekly","ET + air temperature",35,32,0.914285714285714,"2004-04-19","2004-12-06",34,0.941176470588235,20,3
"US-Wi5","weekly","ET + net radiation",35,26,0.742857142857143,"2004-04-19","2004-11-29",33,0.787878787878788,14,5
"US-Wi5","weekly","ET + all core drivers",35,0,0,NA,NA,0,NA,0,0
"US-Wi5","weekly","ET + all drivers including net radiation",35,0,0,NA,NA,0,NA,0,0
"US-Wi6","weekly","ET + soil water potential",79,0,0,NA,NA,0,NA,0,0
"US-Wi6","weekly","ET + VPD",79,27,0.341772151898734,"2002-05-06","2002-11-18",29,0.931034482758621,17,2
"US-Wi6","weekly","ET + air temperature",79,27,0.341772151898734,"2002-05-06","2002-11-18",29,0.931034482758621,17,2
"US-Wi6","weekly","ET + net radiation",79,27,0.341772151898734,"2002-05-06","2002-11-18",29,0.931034482758621,17,2
"US-Wi6","weekly","ET + all core drivers",79,0,0,NA,NA,0,NA,0,0
"US-Wi6","weekly","ET + all drivers including net radiation",79,0,0,NA,NA,0,NA,0,0
"US-Wi7","weekly","ET + soil water potential",26,0,0,NA,NA,0,NA,0,0
"US-Wi7","weekly","ET + VPD",26,24,0.923076923076923,"2005-05-23","2005-10-31",24,1,24,1
"US-Wi7","weekly","ET + air temperature",26,24,0.923076923076923,"2005-05-23","2005-10-31",24,1,24,1
"US-Wi7","weekly","ET + net radiation",26,22,0.846153846153846,"2005-05-30","2005-10-24",22,1,22,1
"US-Wi7","weekly","ET + all core drivers",26,0,0,NA,NA,0,NA,0,0
"US-Wi7","weekly","ET + all drivers including net radiation",26,0,0,NA,NA,0,NA,0,0
"US-Wi8","weekly","ET + soil water potential",26,0,0,NA,NA,0,NA,0,0
"US-Wi8","weekly","ET + VPD",26,24,0.923076923076923,"2002-05-20","2002-10-28",24,1,24,1
"US-Wi8","weekly","ET + air temperature",26,24,0.923076923076923,"2002-05-20","2002-10-28",24,1,24,1
"US-Wi8","weekly","ET + net radiation",26,24,0.923076923076923,"2002-05-20","2002-10-28",24,1,24,1
"US-Wi8","weekly","ET + all core drivers",26,0,0,NA,NA,0,NA,0,0
"US-Wi8","weekly","ET + all drivers including net radiation",26,0,0,NA,NA,0,NA,0,0
"US-Wi9","weekly","ET + soil water potential",81,0,0,NA,NA,0,NA,0,0
"US-Wi9","weekly","ET + VPD",81,46,0.567901234567901,"2004-05-03","2005-10-24",78,0.58974358974359,27,4
"US-Wi9","weekly","ET + air temperature",81,46,0.567901234567901,"2004-05-03","2005-10-24",78,0.58974358974359,27,4
"US-Wi9","weekly","ET + net radiation",81,36,0.444444444444444,"2004-05-31","2005-08-08",63,0.571428571428571,21,5
"US-Wi9","weekly","ET + all core drivers",81,0,0,NA,NA,0,NA,0,0
"US-Wi9","weekly","ET + all drivers including net radiation",81,0,0,NA,NA,0,NA,0,0
"US-Wjs","weekly","ET + soil water potential",766,0,0,NA,NA,0,NA,0,0
"US-Wjs","weekly","ET + VPD",766,725,0.946475195822454,"2007-05-07","2021-12-20",764,0.948952879581152,224,12
"US-Wjs","weekly","ET + air temperature",766,737,0.962140992167102,"2007-05-07","2021-12-20",764,0.964659685863874,224,10
"US-Wjs","weekly","ET + net radiation",766,623,0.81331592689295,"2007-07-23","2021-12-20",753,0.827357237715803,87,38
"US-Wjs","weekly","ET + all core drivers",766,0,0,NA,NA,0,NA,0,0
"US-Wjs","weekly","ET + all drivers including net radiation",766,0,0,NA,NA,0,NA,0,0
"US-Wkg","weekly","ET + soil water potential",922,920,0.997830802603037,"2004-05-10","2021-12-20",920,1,920,1
"US-Wkg","weekly","ET + VPD",922,920,0.997830802603037,"2004-05-10","2021-12-20",920,1,920,1
"US-Wkg","weekly","ET + air temperature",922,920,0.997830802603037,"2004-05-10","2021-12-20",920,1,920,1
"US-Wkg","weekly","ET + net radiation",922,907,0.983731019522777,"2004-05-10","2021-12-20",920,0.985869565217391,208,11
"US-Wkg","weekly","ET + all core drivers",922,920,0.997830802603037,"2004-05-10","2021-12-20",920,1,920,1
"US-Wkg","weekly","ET + all drivers including net radiation",922,907,0.983731019522777,"2004-05-10","2021-12-20",920,0.985869565217391,208,11
"US-xAB","weekly","ET + soil water potential",335,272,0.811940298507463,"2017-07-31","2023-12-25",335,0.811940298507463,76,11
"US-xAB","weekly","ET + VPD",335,261,0.77910447761194,"2017-12-04","2023-12-25",317,0.823343848580442,76,9
"US-xAB","weekly","ET + air temperature",335,271,0.808955223880597,"2017-08-21","2023-12-25",332,0.816265060240964,76,10
"US-xAB","weekly","ET + net radiation",335,267,0.797014925373134,"2017-09-11","2023-12-25",329,0.811550151975684,60,11
"US-xAB","weekly","ET + all core drivers",335,259,0.773134328358209,"2017-12-04","2023-12-25",317,0.817034700315457,76,10
"US-xAB","weekly","ET + all drivers including net radiation",335,258,0.770149253731343,"2017-12-04","2023-12-25",317,0.813880126182965,60,11
"US-xAE","weekly","ET + soil water potential",227,93,0.409691629955947,"2019-04-29","2021-08-09",120,0.775,37,9
"US-xAE","weekly","ET + VPD",227,122,0.537444933920705,"2019-01-07","2021-12-20",155,0.787096774193548,37,10
"US-xAE","weekly","ET + air temperature",227,128,0.563876651982379,"2019-01-07","2021-12-20",155,0.825806451612903,37,9
"US-xAE","weekly","ET + net radiation",227,128,0.563876651982379,"2019-01-07","2021-12-20",155,0.825806451612903,37,9
"US-xAE","weekly","ET + all core drivers",227,93,0.409691629955947,"2019-04-29","2021-08-09",120,0.775,37,9
"US-xAE","weekly","ET + all drivers including net radiation",227,93,0.409691629955947,"2019-04-29","2021-08-09",120,0.775,37,9
"US-xBL","weekly","ET + soil water potential",157,84,0.535031847133758,"2019-10-07","2021-12-20",116,0.724137931034483,24,6
"US-xBL","weekly","ET + VPD",157,88,0.560509554140127,"2019-10-07","2021-12-20",116,0.758620689655172,28,5
"US-xBL","weekly","ET + air temperature",157,88,0.560509554140127,"2019-10-07","2021-12-20",116,0.758620689655172,28,5
"US-xBL","weekly","ET + net radiation",157,83,0.528662420382166,"2019-11-11","2021-12-20",111,0.747747747747748,28,5
"US-xBL","weekly","ET + all core drivers",157,84,0.535031847133758,"2019-10-07","2021-12-20",116,0.724137931034483,24,6
"US-xBL","weekly","ET + all drivers including net radiation",157,79,0.503184713375796,"2019-11-11","2021-12-20",111,0.711711711711712,24,6
"US-xBR","weekly","ET + soil water potential",257,103,0.400778210116732,"2017-03-06","2021-08-02",231,0.445887445887446,51,7
"US-xBR","weekly","ET + VPD",257,210,0.817120622568093,"2017-01-30","2021-12-20",256,0.8203125,51,10
"US-xBR","weekly","ET + air temperature",257,210,0.817120622568093,"2017-01-30","2021-12-20",256,0.8203125,51,10
"US-xBR","weekly","ET + net radiation",257,208,0.809338521400778,"2017-02-06","2021-12-20",255,0.815686274509804,51,11
"US-xBR","weekly","ET + all core drivers",257,103,0.400778210116732,"2017-03-06","2021-08-02",231,0.445887445887446,51,7
"US-xBR","weekly","ET + all drivers including net radiation",257,103,0.400778210116732,"2017-03-06","2021-08-02",231,0.445887445887446,51,7
"US-xCL","weekly","ET + soil water potential",218,63,0.288990825688073,"2019-04-08","2020-12-14",89,0.707865168539326,50,4
"US-xCL","weekly","ET + VPD",218,127,0.582568807339449,"2018-09-17","2021-12-20",171,0.742690058479532,62,7
"US-xCL","weekly","ET + air temperature",218,127,0.582568807339449,"2018-09-17","2021-12-20",171,0.742690058479532,62,7
"US-xCL","weekly","ET + net radiation",218,123,0.564220183486238,"2018-09-17","2021-12-20",171,0.719298245614035,55,9
"US-xCL","weekly","ET + all core drivers",218,63,0.288990825688073,"2019-04-08","2020-12-14",89,0.707865168539326,50,4
"US-xCL","weekly","ET + all drivers including net radiation",218,59,0.270642201834862,"2019-04-08","2020-12-14",89,0.662921348314607,42,6
"US-xCP","weekly","ET + soil water potential",266,55,0.206766917293233,"2019-03-25","2020-11-09",86,0.63953488372093,27,9
"US-xCP","weekly","ET + VPD",266,167,0.62781954887218,"2017-02-13","2021-12-20",254,0.65748031496063,60,15
"US-xCP","weekly","ET + air temperature",266,167,0.62781954887218,"2017-02-13","2021-12-20",254,0.65748031496063,60,15
"US-xCP","weekly","ET + net radiation",266,156,0.586466165413534,"2017-02-13","2021-12-20",254,0.614173228346457,45,18
"US-xCP","weekly","ET + all core drivers",266,54,0.203007518796992,"2019-03-25","2020-11-09",86,0.627906976744186,27,9
"US-xCP","weekly","ET + all drivers including net radiation",266,54,0.203007518796992,"2019-03-25","2020-11-09",86,0.627906976744186,27,9
"US-xDC","weekly","ET + soil water potential",227,137,0.60352422907489,"2017-12-11","2021-09-06",196,0.698979591836735,79,7
"US-xDC","weekly","ET + VPD",227,201,0.885462555066079,"2017-09-04","2021-12-20",225,0.893333333333333,56,8
"US-xDC","weekly","ET + air temperature",227,203,0.894273127753304,"2017-09-04","2021-12-20",225,0.902222222222222,58,8
"US-xDC","weekly","ET + net radiation",227,203,0.894273127753304,"2017-09-04","2021-12-20",225,0.902222222222222,58,8
"US-xDC","weekly","ET + all core drivers",227,134,0.590308370044053,"2017-12-11","2021-09-06",196,0.683673469387755,56,8
"US-xDC","weekly","ET + all drivers including net radiation",227,134,0.590308370044053,"2017-12-11","2021-09-06",196,0.683673469387755,56,8
"US-xDL","weekly","ET + soil water potential",253,64,0.25296442687747,"2018-09-10","2021-07-05",148,0.432432432432432,16,7
"US-xDL","weekly","ET + VPD",253,149,0.588932806324111,"2017-11-20","2021-12-20",214,0.696261682242991,45,14
"US-xDL","weekly","ET + air temperature",253,155,0.612648221343874,"2017-11-20","2021-12-20",214,0.724299065420561,67,12
"US-xDL","weekly","ET + net radiation",253,155,0.612648221343874,"2017-11-20","2021-12-20",214,0.724299065420561,67,12
"US-xDL","weekly","ET + all core drivers",253,62,0.245059288537549,"2018-09-10","2021-07-05",148,0.418918918918919,16,8
"US-xDL","weekly","ET + all drivers including net radiation",253,62,0.245059288537549,"2018-09-10","2021-07-05",148,0.418918918918919,16,8
"US-xDS","weekly","ET + soil water potential",253,23,0.0909090909090909,"2019-09-16","2021-02-01",73,0.315068493150685,10,5
"US-xDS","weekly","ET + VPD",253,134,0.529644268774704,"2018-12-03","2021-12-20",160,0.8375,92,4
"US-xDS","weekly","ET + air temperature",253,134,0.529644268774704,"2018-12-03","2021-12-20",160,0.8375,92,4
"US-xDS","weekly","ET + net radiation",253,134,0.529644268774704,"2018-12-03","2021-12-20",160,0.8375,92,4
"US-xDS","weekly","ET + all core drivers",253,23,0.0909090909090909,"2019-09-16","2021-02-01",73,0.315068493150685,10,5
"US-xDS","weekly","ET + all drivers including net radiation",253,23,0.0909090909090909,"2019-09-16","2021-02-01",73,0.315068493150685,10,5
"US-xGR","weekly","ET + soil water potential",223,91,0.408071748878924,"2019-04-22","2021-10-11",130,0.7,42,4
"US-xGR","weekly","ET + VPD",223,118,0.52914798206278,"2017-10-02","2021-12-20",221,0.53393665158371,41,7
"US-xGR","weekly","ET + air temperature",223,119,0.533632286995516,"2017-10-02","2021-12-20",221,0.538461538461538,44,6
"US-xGR","weekly","ET + net radiation",223,103,0.461883408071749,"2019-04-08","2021-12-20",142,0.725352112676056,44,4
"US-xGR","weekly","ET + all core drivers",223,90,0.403587443946188,"2019-04-22","2021-10-11",130,0.692307692307692,39,5
"US-xGR","weekly","ET + all drivers including net radiation",223,90,0.403587443946188,"2019-04-22","2021-10-11",130,0.692307692307692,39,5
"US-xHA","weekly","ET + soil water potential",253,0,0,NA,NA,0,NA,0,0
"US-xHA","weekly","ET + VPD",253,193,0.762845849802372,"2017-03-06","2021-12-20",251,0.768924302788845,42,14
"US-xHA","weekly","ET + air temperature",253,214,0.845849802371542,"2017-03-06","2021-12-20",251,0.852589641434263,53,14
"US-xHA","weekly","ET + net radiation",253,209,0.826086956521739,"2017-03-06","2021-12-20",251,0.832669322709163,53,15
"US-xHA","weekly","ET + all core drivers",253,0,0,NA,NA,0,NA,0,0
"US-xHA","weekly","ET + all drivers including net radiation",253,0,0,NA,NA,0,NA,0,0
"US-xJE","weekly","ET + soil water potential",253,115,0.454545454545455,"2019-09-16","2021-12-20",119,0.966386554621849,96,3
"US-xJE","weekly","ET + VPD",253,150,0.592885375494071,"2017-11-06","2021-12-20",216,0.694444444444444,96,8
"US-xJE","weekly","ET + air temperature",253,150,0.592885375494071,"2017-11-06","2021-12-20",216,0.694444444444444,96,8
"US-xJE","weekly","ET + net radiation",253,150,0.592885375494071,"2017-11-06","2021-12-20",216,0.694444444444444,96,8
"US-xJE","weekly","ET + all core drivers",253,115,0.454545454545455,"2019-09-16","2021-12-20",119,0.966386554621849,96,3
"US-xJE","weekly","ET + all drivers including net radiation",253,115,0.454545454545455,"2019-09-16","2021-12-20",119,0.966386554621849,96,3
"US-xJR","weekly","ET + soil water potential",331,226,0.682779456193353,"2017-11-27","2023-12-25",318,0.710691823899371,59,9
"US-xJR","weekly","ET + VPD",331,293,0.885196374622356,"2017-11-27","2023-12-25",318,0.921383647798742,104,12
"US-xJR","weekly","ET + air temperature",331,293,0.885196374622356,"2017-11-27","2023-12-25",318,0.921383647798742,104,12
"US-xJR","weekly","ET + net radiation",331,262,0.791540785498489,"2017-11-27","2023-12-25",318,0.823899371069182,102,9
"US-xJR","weekly","ET + all core drivers",331,226,0.682779456193353,"2017-11-27","2023-12-25",318,0.710691823899371,59,9
"US-xJR","weekly","ET + all drivers including net radiation",331,212,0.640483383685801,"2017-11-27","2023-12-25",318,0.666666666666667,59,7
"US-xKA","weekly","ET + soil water potential",231,74,0.32034632034632,"2019-03-18","2020-12-21",93,0.795698924731183,24,8
"US-xKA","weekly","ET + VPD",231,155,0.670995670995671,"2017-07-31","2021-12-20",230,0.673913043478261,32,18
"US-xKA","weekly","ET + air temperature",231,157,0.67965367965368,"2017-07-31","2021-12-20",230,0.682608695652174,32,18
"US-xKA","weekly","ET + net radiation",231,172,0.744588744588745,"2017-07-31","2021-12-20",230,0.747826086956522,27,20
"US-xKA","weekly","ET + all core drivers",231,72,0.311688311688312,"2019-03-18","2020-12-21",93,0.774193548387097,24,8
"US-xKA","weekly","ET + all drivers including net radiation",231,67,0.29004329004329,"2019-03-18","2020-12-21",93,0.720430107526882,24,10
"US-xKZ","weekly","ET + soil water potential",231,102,0.441558441558442,"2018-08-27","2021-01-18",126,0.80952380952381,29,8
"US-xKZ","weekly","ET + VPD",231,189,0.818181818181818,"2017-08-07","2021-12-20",229,0.825327510917031,74,14
"US-xKZ","weekly","ET + air temperature",231,189,0.818181818181818,"2017-08-07","2021-12-20",229,0.825327510917031,74,14
"US-xKZ","weekly","ET + net radiation",231,188,0.813852813852814,"2017-08-07","2021-12-20",229,0.820960698689956,74,14
"US-xKZ","weekly","ET + all core drivers",231,102,0.441558441558442,"2018-08-27","2021-01-18",126,0.80952380952381,29,8
"US-xKZ","weekly","ET + all drivers including net radiation",231,102,0.441558441558442,"2018-08-27","2021-01-18",126,0.80952380952381,29,8
"US-xMB","weekly","ET + soil water potential",231,70,0.303030303030303,"2020-03-09","2021-08-02",74,0.945945945945946,31,3
"US-xMB","weekly","ET + VPD",231,92,0.398268398268398,"2019-01-28","2021-12-20",152,0.605263157894737,31,7
"US-xMB","weekly","ET + air temperature",231,92,0.398268398268398,"2019-01-28","2021-12-20",152,0.605263157894737,31,7
"US-xMB","weekly","ET + net radiation",231,86,0.372294372294372,"2019-01-28","2021-12-20",152,0.565789473684211,23,9
"US-xMB","weekly","ET + all core drivers",231,70,0.303030303030303,"2020-03-09","2021-08-02",74,0.945945945945946,31,3
"US-xMB","weekly","ET + all drivers including net radiation",231,64,0.277056277056277,"2020-03-09","2021-08-02",74,0.864864864864865,22,5
"US-xML","weekly","ET + soil water potential",227,116,0.511013215859031,"2019-05-13","2021-12-20",137,0.846715328467153,70,5
"US-xML","weekly","ET + VPD",227,92,0.405286343612335,"2019-05-13","2021-12-20",137,0.671532846715328,30,9
"US-xML","weekly","ET + air temperature",227,116,0.511013215859031,"2019-05-13","2021-12-20",137,0.846715328467153,70,5
"US-xML","weekly","ET + net radiation",227,114,0.502202643171806,"2019-05-13","2021-12-20",137,0.832116788321168,70,5
"US-xML","weekly","ET + all core drivers",227,92,0.405286343612335,"2019-05-13","2021-12-20",137,0.671532846715328,30,9
"US-xML","weekly","ET + all drivers including net radiation",227,91,0.400881057268722,"2019-05-13","2021-12-20",137,0.664233576642336,30,8
"US-xNG","weekly","ET + soil water potential",223,125,0.560538116591928,"2019-05-27","2021-12-20",135,0.925925925925926,57,4
"US-xNG","weekly","ET + VPD",223,200,0.896860986547085,"2017-10-09","2021-12-20",220,0.909090909090909,57,7
"US-xNG","weekly","ET + air temperature",223,200,0.896860986547085,"2017-10-09","2021-12-20",220,0.909090909090909,57,7
"US-xNG","weekly","ET + net radiation",223,188,0.84304932735426,"2017-10-30","2021-12-20",217,0.866359447004608,36,9
"US-xNG","weekly","ET + all core drivers",223,125,0.560538116591928,"2019-05-27","2021-12-20",135,0.925925925925926,57,4
"US-xNG","weekly","ET + all drivers including net radiation",223,116,0.520179372197309,"2019-05-27","2021-12-20",135,0.859259259259259,36,6
"US-xNQ","weekly","ET + soil water potential",227,18,0.079295154185022,"2019-02-04","2019-06-03",18,1,18,1
"US-xNQ","weekly","ET + VPD",227,104,0.458149779735683,"2018-10-08","2021-12-20",168,0.619047619047619,22,11
"US-xNQ","weekly","ET + air temperature",227,117,0.515418502202643,"2018-10-08","2021-12-20",168,0.696428571428571,29,8
"US-xNQ","weekly","ET + net radiation",227,117,0.515418502202643,"2018-10-08","2021-12-20",168,0.696428571428571,29,8
"US-xNQ","weekly","ET + all core drivers",227,18,0.079295154185022,"2019-02-04","2019-06-03",18,1,18,1
"US-xNQ","weekly","ET + all drivers including net radiation",227,18,0.079295154185022,"2019-02-04","2019-06-03",18,1,18,1
"US-xRM","weekly","ET + soil water potential",253,109,0.430830039525692,"2019-01-28","2021-06-28",127,0.858267716535433,61,4
"US-xRM","weekly","ET + VPD",253,199,0.786561264822134,"2017-04-10","2021-12-20",246,0.808943089430894,61,12
"US-xRM","weekly","ET + air temperature",253,199,0.786561264822134,"2017-04-10","2021-12-20",246,0.808943089430894,61,12
"US-xRM","weekly","ET + net radiation",253,197,0.778656126482213,"2017-04-10","2021-12-20",246,0.800813008130081,61,12
"US-xRM","weekly","ET + all core drivers",253,109,0.430830039525692,"2019-01-28","2021-06-28",127,0.858267716535433,61,4
"US-xRM","weekly","ET + all drivers including net radiation",253,107,0.422924901185771,"2019-01-28","2021-06-28",127,0.84251968503937,61,5
"US-xSB","weekly","ET + soil water potential",257,60,0.233463035019455,"2019-08-19","2020-11-16",66,0.909090909090909,36,4
"US-xSB","weekly","ET + VPD",257,102,0.396887159533074,"2019-08-19","2021-12-20",123,0.829268292682927,36,9
"US-xSB","weekly","ET + air temperature",257,110,0.428015564202335,"2019-08-19","2021-12-20",123,0.894308943089431,36,8
"US-xSB","weekly","ET + net radiation",257,106,0.412451361867704,"2019-08-19","2021-12-20",123,0.861788617886179,36,10
"US-xSB","weekly","ET + all core drivers",257,60,0.233463035019455,"2019-08-19","2020-11-16",66,0.909090909090909,36,4
"US-xSB","weekly","ET + all drivers including net radiation",257,57,0.221789883268482,"2019-08-19","2020-11-16",66,0.863636363636364,36,5
"US-xSC","weekly","ET + soil water potential",157,34,0.21656050955414,"2021-03-01","2021-12-20",43,0.790697674418605,10,4
"US-xSC","weekly","ET + VPD",157,49,0.312101910828025,"2020-09-28","2021-12-20",65,0.753846153846154,11,5
"US-xSC","weekly","ET + air temperature",157,49,0.312101910828025,"2020-09-28","2021-12-20",65,0.753846153846154,11,5
"US-xSC","weekly","ET + net radiation",157,48,0.305732484076433,"2020-09-28","2021-12-20",65,0.738461538461539,10,5
"US-xSC","weekly","ET + all core drivers",157,34,0.21656050955414,"2021-03-01","2021-12-20",43,0.790697674418605,10,4
"US-xSC","weekly","ET + all drivers including net radiation",157,34,0.21656050955414,"2021-03-01","2021-12-20",43,0.790697674418605,10,4
"US-xSE","weekly","ET + soil water potential",240,108,0.45,"2019-06-10","2021-12-20",133,0.81203007518797,37,6
"US-xSE","weekly","ET + VPD",240,148,0.616666666666667,"2017-09-18","2021-12-20",223,0.663677130044843,74,6
"US-xSE","weekly","ET + air temperature",240,148,0.616666666666667,"2017-09-18","2021-12-20",223,0.663677130044843,74,6
"US-xSE","weekly","ET + net radiation",240,146,0.608333333333333,"2017-09-18","2021-12-20",223,0.654708520179372,67,7
"US-xSE","weekly","ET + all core drivers",240,108,0.45,"2019-06-10","2021-12-20",133,0.81203007518797,37,6
"US-xSE","weekly","ET + all drivers including net radiation",240,106,0.441666666666667,"2019-06-10","2021-12-20",133,0.796992481203007,37,7
"US-xSJ","weekly","ET + soil water potential",157,109,0.694267515923567,"2019-07-15","2021-11-22",124,0.879032258064516,39,5
"US-xSJ","weekly","ET + VPD",157,109,0.694267515923567,"2019-07-15","2021-11-22",124,0.879032258064516,39,5
"US-xSJ","weekly","ET + air temperature",157,109,0.694267515923567,"2019-07-15","2021-11-22",124,0.879032258064516,39,5
"US-xSJ","weekly","ET + net radiation",157,109,0.694267515923567,"2019-07-15","2021-11-22",124,0.879032258064516,39,5
"US-xSJ","weekly","ET + all core drivers",157,109,0.694267515923567,"2019-07-15","2021-11-22",124,0.879032258064516,39,5
"US-xSJ","weekly","ET + all drivers including net radiation",157,109,0.694267515923567,"2019-07-15","2021-11-22",124,0.879032258064516,39,5
"US-xSL","weekly","ET + soil water potential",340,242,0.711764705882353,"2017-07-03","2023-12-25",339,0.713864306784661,71,20
"US-xSL","weekly","ET + VPD",340,241,0.708823529411765,"2017-07-03","2023-12-25",339,0.710914454277286,71,19
"US-xSL","weekly","ET + air temperature",340,243,0.714705882352941,"2017-07-03","2023-12-25",339,0.716814159292035,71,19
"US-xSL","weekly","ET + net radiation",340,240,0.705882352941177,"2017-07-03","2023-12-25",339,0.707964601769911,71,21
"US-xSL","weekly","ET + all core drivers",340,240,0.705882352941177,"2017-07-03","2023-12-25",339,0.707964601769911,71,20
"US-xSL","weekly","ET + all drivers including net radiation",340,238,0.7,"2017-07-03","2023-12-25",339,0.702064896755162,71,22
"US-xSR","weekly","ET + soil water potential",227,79,0.348017621145374,"2019-04-22","2021-02-08",95,0.831578947368421,18,6
"US-xSR","weekly","ET + VPD",227,147,0.647577092511013,"2017-10-09","2021-12-20",220,0.668181818181818,22,12
"US-xSR","weekly","ET + air temperature",227,147,0.647577092511013,"2017-10-09","2021-12-20",220,0.668181818181818,22,12
"US-xSR","weekly","ET + net radiation",227,147,0.647577092511013,"2017-10-09","2021-12-20",220,0.668181818181818,22,12
"US-xSR","weekly","ET + all core drivers",227,79,0.348017621145374,"2019-04-22","2021-02-08",95,0.831578947368421,18,6
"US-xSR","weekly","ET + all drivers including net radiation",227,79,0.348017621145374,"2019-04-22","2021-02-08",95,0.831578947368421,18,6
"US-xST","weekly","ET + soil water potential",227,118,0.519823788546256,"2019-05-27","2021-09-13",121,0.975206611570248,74,3
"US-xST","weekly","ET + VPD",227,208,0.916299559471366,"2017-09-04","2021-12-20",225,0.924444444444444,89,8
"US-xST","weekly","ET + air temperature",227,208,0.916299559471366,"2017-09-04","2021-12-20",225,0.924444444444444,89,8
"US-xST","weekly","ET + net radiation",227,171,0.753303964757709,"2018-08-20","2021-12-20",175,0.977142857142857,89,4
"US-xST","weekly","ET + all core drivers",227,118,0.519823788546256,"2019-05-27","2021-09-13",121,0.975206611570248,74,3
"US-xST","weekly","ET + all drivers including net radiation",227,118,0.519823788546256,"2019-05-27","2021-09-13",121,0.975206611570248,74,3
"US-xTA","weekly","ET + soil water potential",227,71,0.312775330396476,"2019-04-15","2021-02-08",96,0.739583333333333,15,7
"US-xTA","weekly","ET + VPD",227,175,0.770925110132159,"2017-09-04","2021-12-20",225,0.777777777777778,30,16
"US-xTA","weekly","ET + air temperature",227,175,0.770925110132159,"2017-09-04","2021-12-20",225,0.777777777777778,30,16
"US-xTA","weekly","ET + net radiation",227,148,0.651982378854626,"2017-09-04","2021-12-20",225,0.657777777777778,30,16
"US-xTA","weekly","ET + all core drivers",227,71,0.312775330396476,"2019-04-15","2021-02-08",96,0.739583333333333,15,7
"US-xTA","weekly","ET + all drivers including net radiation",227,62,0.273127753303965,"2019-04-15","2020-12-07",87,0.71264367816092,15,7
"US-xTR","weekly","ET + soil water potential",231,108,0.467532467532468,"2017-11-13","2021-08-30",199,0.542713567839196,69,3
"US-xTR","weekly","ET + VPD",231,201,0.87012987012987,"2017-07-31","2021-08-09",211,0.95260663507109,145,3
"US-xTR","weekly","ET + air temperature",231,220,0.952380952380952,"2017-07-31","2021-12-20",230,0.956521739130435,145,3
"US-xTR","weekly","ET + net radiation",231,220,0.952380952380952,"2017-07-31","2021-12-20",230,0.956521739130435,145,3
"US-xTR","weekly","ET + all core drivers",231,105,0.454545454545455,"2017-11-13","2021-08-09",196,0.535714285714286,69,3
"US-xTR","weekly","ET + all drivers including net radiation",231,105,0.454545454545455,"2017-11-13","2021-08-09",196,0.535714285714286,69,3
"US-xUK","weekly","ET + soil water potential",231,72,0.311688311688312,"2019-03-25","2021-02-01",98,0.73469387755102,28,4
"US-xUK","weekly","ET + VPD",231,161,0.696969696969697,"2017-07-31","2021-12-20",230,0.7,46,10
"US-xUK","weekly","ET + air temperature",231,163,0.705627705627706,"2017-07-31","2021-12-20",230,0.708695652173913,46,9
"US-xUK","weekly","ET + net radiation",231,157,0.67965367965368,"2017-07-31","2021-12-20",230,0.682608695652174,46,9
"US-xUK","weekly","ET + all core drivers",231,71,0.307359307359307,"2019-03-25","2021-02-01",98,0.724489795918367,18,5
"US-xUK","weekly","ET + all drivers including net radiation",231,65,0.281385281385281,"2019-03-25","2021-02-01",98,0.663265306122449,18,5
"US-xUN","weekly","ET + soil water potential",257,132,0.513618677042802,"2018-12-24","2021-12-20",157,0.840764331210191,77,5
"US-xUN","weekly","ET + VPD",257,216,0.840466926070039,"2017-04-03","2021-12-20",247,0.874493927125506,77,12
"US-xUN","weekly","ET + air temperature",257,221,0.859922178988327,"2017-04-03","2021-12-20",247,0.894736842105263,77,10
"US-xUN","weekly","ET + net radiation",257,220,0.856031128404669,"2017-04-03","2021-12-20",247,0.890688259109312,77,11
"US-xUN","weekly","ET + all core drivers",257,132,0.513618677042802,"2018-12-24","2021-12-20",157,0.840764331210191,77,5
"US-xUN","weekly","ET + all drivers including net radiation",257,132,0.513618677042802,"2018-12-24","2021-12-20",157,0.840764331210191,77,5
"US-xWD","weekly","ET + soil water potential",331,272,0.821752265861027,"2017-09-04","2023-12-25",330,0.824242424242424,102,13
"US-xWD","weekly","ET + VPD",331,284,0.858006042296072,"2017-09-04","2023-12-25",330,0.860606060606061,102,12
"US-xWD","weekly","ET + air temperature",331,284,0.858006042296072,"2017-09-04","2023-12-25",330,0.860606060606061,102,12
"US-xWD","weekly","ET + net radiation",331,280,0.845921450151057,"2017-09-04","2023-12-25",330,0.848484848484849,51,14
"US-xWD","weekly","ET + all core drivers",331,272,0.821752265861027,"2017-09-04","2023-12-25",330,0.824242424242424,102,13
"US-xWD","weekly","ET + all drivers including net radiation",331,268,0.809667673716012,"2017-09-04","2023-12-25",330,0.812121212121212,51,15
"US-xYE","weekly","ET + soil water potential",171,60,0.350877192982456,"2019-12-02","2021-11-08",102,0.588235294117647,23,7
"US-xYE","weekly","ET + VPD",171,110,0.64327485380117,"2019-02-25","2021-12-20",148,0.743243243243243,40,10
"US-xYE","weekly","ET + air temperature",171,110,0.64327485380117,"2019-02-25","2021-12-20",148,0.743243243243243,40,10
"US-xYE","weekly","ET + net radiation",171,108,0.631578947368421,"2019-02-25","2021-12-20",148,0.72972972972973,40,10
"US-xYE","weekly","ET + all core drivers",171,60,0.350877192982456,"2019-12-02","2021-11-08",102,0.588235294117647,23,7
"US-xYE","weekly","ET + all drivers including net radiation",171,60,0.350877192982456,"2019-12-02","2021-11-08",102,0.588235294117647,23,7
"US-A32","monthly","ET + soil water potential",25,0,0,NA,NA,0,NA,0,0
"US-A32","monthly","ET + VPD",25,0,0,NA,NA,0,NA,0,0
"US-A32","monthly","ET + air temperature",25,0,0,NA,NA,0,NA,0,0
"US-A32","monthly","ET + net radiation",25,0,0,NA,NA,0,NA,0,0
"US-A32","monthly","ET + all core drivers",25,0,0,NA,NA,0,NA,0,0
"US-A32","monthly","ET + all drivers including net radiation",25,0,0,NA,NA,0,NA,0,0
"US-A74","monthly","ET + soil water potential",22,0,0,NA,NA,0,NA,0,0
"US-A74","monthly","ET + VPD",22,0,0,NA,NA,0,NA,0,0
"US-A74","monthly","ET + air temperature",22,0,0,NA,NA,0,NA,0,0
"US-A74","monthly","ET + net radiation",22,0,0,NA,NA,0,NA,0,0
"US-A74","monthly","ET + all core drivers",22,0,0,NA,NA,0,NA,0,0
"US-A74","monthly","ET + all drivers including net radiation",22,0,0,NA,NA,0,NA,0,0
"US-AR1","monthly","ET + soil water potential",45,40,0.888888888888889,"2009-05-01","2012-12-01",44,0.909090909090909,35,2
"US-AR1","monthly","ET + VPD",45,40,0.888888888888889,"2009-05-01","2012-12-01",44,0.909090909090909,35,2
"US-AR1","monthly","ET + air temperature",45,40,0.888888888888889,"2009-05-01","2012-12-01",44,0.909090909090909,35,2
"US-AR1","monthly","ET + net radiation",45,38,0.844444444444444,"2009-06-01","2012-12-01",43,0.883720930232558,29,3
"US-AR1","monthly","ET + all core drivers",45,40,0.888888888888889,"2009-05-01","2012-12-01",44,0.909090909090909,35,2
"US-AR1","monthly","ET + all drivers including net radiation",45,38,0.844444444444444,"2009-06-01","2012-12-01",43,0.883720930232558,29,3
"US-AR2","monthly","ET + soil water potential",41,34,0.829268292682927,"2009-05-01","2012-03-01",35,0.971428571428571,31,2
"US-AR2","monthly","ET + VPD",41,36,0.878048780487805,"2009-05-01","2012-07-01",39,0.923076923076923,31,3
"US-AR2","monthly","ET + air temperature",41,36,0.878048780487805,"2009-05-01","2012-07-01",39,0.923076923076923,31,3
"US-AR2","monthly","ET + net radiation",41,36,0.878048780487805,"2009-05-01","2012-07-01",39,0.923076923076923,31,3
"US-AR2","monthly","ET + all core drivers",41,34,0.829268292682927,"2009-05-01","2012-03-01",35,0.971428571428571,31,2
"US-AR2","monthly","ET + all drivers including net radiation",41,34,0.829268292682927,"2009-05-01","2012-03-01",35,0.971428571428571,31,2
"US-ARM","monthly","ET + soil water potential",252,207,0.821428571428571,"2003-01-01","2023-12-01",252,0.821428571428571,93,21
"US-ARM","monthly","ET + VPD",252,232,0.920634920634921,"2003-01-01","2023-12-01",252,0.920634920634921,93,10
"US-ARM","monthly","ET + air temperature",252,232,0.920634920634921,"2003-01-01","2023-12-01",252,0.920634920634921,93,10
"US-ARM","monthly","ET + net radiation",252,175,0.694444444444444,"2007-05-01","2023-12-01",200,0.875,45,10
"US-ARM","monthly","ET + all core drivers",252,201,0.797619047619048,"2003-01-01","2023-12-01",252,0.797619047619048,93,21
"US-ARM","monthly","ET + all drivers including net radiation",252,151,0.599206349206349,"2007-05-01","2023-12-01",200,0.755,45,16
"US-ARb","monthly","ET + soil water potential",21,0,0,NA,NA,0,NA,0,0
"US-ARb","monthly","ET + VPD",21,19,0.904761904761905,"2005-04-01","2006-10-01",19,1,19,1
"US-ARb","monthly","ET + air temperature",21,19,0.904761904761905,"2005-04-01","2006-10-01",19,1,19,1
"US-ARb","monthly","ET + net radiation",21,19,0.904761904761905,"2005-04-01","2006-10-01",19,1,19,1
"US-ARb","monthly","ET + all core drivers",21,0,0,NA,NA,0,NA,0,0
"US-ARb","monthly","ET + all drivers including net radiation",21,0,0,NA,NA,0,NA,0,0
"US-ARc","monthly","ET + soil water potential",21,0,0,NA,NA,0,NA,0,0
"US-ARc","monthly","ET + VPD",21,20,0.952380952380952,"2005-03-01","2006-10-01",20,1,20,1
"US-ARc","monthly","ET + air temperature",21,20,0.952380952380952,"2005-03-01","2006-10-01",20,1,20,1
"US-ARc","monthly","ET + net radiation",21,20,0.952380952380952,"2005-03-01","2006-10-01",20,1,20,1
"US-ARc","monthly","ET + all core drivers",21,0,0,NA,NA,0,NA,0,0
"US-ARc","monthly","ET + all drivers including net radiation",21,0,0,NA,NA,0,NA,0,0
"US-ASH","monthly","ET + soil water potential",4,0,0,NA,NA,0,NA,0,0
"US-ASH","monthly","ET + VPD",4,0,0,NA,NA,0,NA,0,0
"US-ASH","monthly","ET + air temperature",4,0,0,NA,NA,0,NA,0,0
"US-ASH","monthly","ET + net radiation",4,0,0,NA,NA,0,NA,0,0
"US-ASH","monthly","ET + all core drivers",4,0,0,NA,NA,0,NA,0,0
"US-ASH","monthly","ET + all drivers including net radiation",4,0,0,NA,NA,0,NA,0,0
"US-ASM","monthly","ET + soil water potential",4,0,0,NA,NA,0,NA,0,0
"US-ASM","monthly","ET + VPD",4,0,0,NA,NA,0,NA,0,0
"US-ASM","monthly","ET + air temperature",4,0,0,NA,NA,0,NA,0,0
"US-ASM","monthly","ET + net radiation",4,0,0,NA,NA,0,NA,0,0
"US-ASM","monthly","ET + all core drivers",4,0,0,NA,NA,0,NA,0,0
"US-ASM","monthly","ET + all drivers including net radiation",4,0,0,NA,NA,0,NA,0,0
"US-Akn","monthly","ET + soil water potential",135,0,0,NA,NA,0,NA,0,0
"US-Akn","monthly","ET + VPD",135,61,0.451851851851852,"2016-01-01","2022-04-01",76,0.802631578947368,23,7
"US-Akn","monthly","ET + air temperature",135,61,0.451851851851852,"2016-01-01","2022-04-01",76,0.802631578947368,23,7
"US-Akn","monthly","ET + net radiation",135,0,0,NA,NA,0,NA,0,0
"US-Akn","monthly","ET + all core drivers",135,0,0,NA,NA,0,NA,0,0
"US-Akn","monthly","ET + all drivers including net radiation",135,0,0,NA,NA,0,NA,0,0
"US-BRG","monthly","ET + soil water potential",59,27,0.457627118644068,"2017-05-01","2020-06-01",38,0.710526315789474,15,7
"US-BRG","monthly","ET + VPD",59,26,0.440677966101695,"2017-05-01","2020-06-01",38,0.684210526315789,15,6
"US-BRG","monthly","ET + air temperature",59,26,0.440677966101695,"2017-05-01","2020-06-01",38,0.684210526315789,15,6
"US-BRG","monthly","ET + net radiation",59,0,0,NA,NA,0,NA,0,0
"US-BRG","monthly","ET + all core drivers",59,26,0.440677966101695,"2017-05-01","2020-06-01",38,0.684210526315789,15,6
"US-BRG","monthly","ET + all drivers including net radiation",59,0,0,NA,NA,0,NA,0,0
"US-Bar","monthly","ET + soil water potential",228,192,0.842105263157895,"2004-06-01","2022-09-01",220,0.872727272727273,35,13
"US-Bar","monthly","ET + VPD",228,195,0.855263157894737,"2004-05-01","2022-09-01",221,0.882352941176471,43,12
"US-Bar","monthly","ET + air temperature",228,195,0.855263157894737,"2004-05-01","2022-09-01",221,0.882352941176471,43,12
"US-Bar","monthly","ET + net radiation",228,195,0.855263157894737,"2004-05-01","2022-09-01",221,0.882352941176471,43,12
"US-Bar","monthly","ET + all core drivers",228,192,0.842105263157895,"2004-06-01","2022-09-01",220,0.872727272727273,35,13
"US-Bar","monthly","ET + all drivers including net radiation",228,192,0.842105263157895,"2004-06-01","2022-09-01",220,0.872727272727273,35,13
"US-Bi1","monthly","ET + soil water potential",65,64,0.984615384615385,"2016-09-01","2021-12-01",64,1,64,1
"US-Bi1","monthly","ET + VPD",65,63,0.969230769230769,"2016-09-01","2021-12-01",64,0.984375,54,2
"US-Bi1","monthly","ET + air temperature",65,63,0.969230769230769,"2016-09-01","2021-12-01",64,0.984375,54,2
"US-Bi1","monthly","ET + net radiation",65,64,0.984615384615385,"2016-09-01","2021-12-01",64,1,64,1
"US-Bi1","monthly","ET + all core drivers",65,63,0.969230769230769,"2016-09-01","2021-12-01",64,0.984375,54,2
"US-Bi1","monthly","ET + all drivers including net radiation",65,63,0.969230769230769,"2016-09-01","2021-12-01",64,0.984375,54,2
"US-Bi2","monthly","ET + soil water potential",57,53,0.929824561403509,"2017-05-01","2021-12-01",56,0.946428571428571,24,4
"US-Bi2","monthly","ET + VPD",57,53,0.929824561403509,"2017-05-01","2021-12-01",56,0.946428571428571,22,4
"US-Bi2","monthly","ET + air temperature",57,53,0.929824561403509,"2017-05-01","2021-12-01",56,0.946428571428571,22,4
"US-Bi2","monthly","ET + net radiation",57,54,0.947368421052632,"2017-05-01","2021-12-01",56,0.964285714285714,24,3
"US-Bi2","monthly","ET + all core drivers",57,52,0.912280701754386,"2017-05-01","2021-12-01",56,0.928571428571429,18,5
"US-Bi2","monthly","ET + all drivers including net radiation",57,52,0.912280701754386,"2017-05-01","2021-12-01",56,0.928571428571429,18,5
"US-CF1","monthly","ET + soil water potential",56,24,0.428571428571429,"2019-10-01","2021-12-01",27,0.888888888888889,23,2
"US-CF1","monthly","ET + VPD",56,48,0.857142857142857,"2017-06-01","2021-12-01",55,0.872727272727273,30,5
"US-CF1","monthly","ET + air temperature",56,48,0.857142857142857,"2017-06-01","2021-12-01",55,0.872727272727273,30,5
"US-CF1","monthly","ET + net radiation",56,42,0.75,"2017-06-01","2021-12-01",55,0.763636363636364,9,9
"US-CF1","monthly","ET + all core drivers",56,24,0.428571428571429,"2019-10-01","2021-12-01",27,0.888888888888889,23,2
"US-CF1","monthly","ET + all drivers including net radiation",56,18,0.321428571428571,"2019-10-01","2021-12-01",27,0.666666666666667,6,6
"US-CF2","monthly","ET + soil water potential",44,25,0.568181818181818,"2017-11-01","2020-11-01",37,0.675675675675676,13,5
"US-CF2","monthly","ET + VPD",44,34,0.772727272727273,"2017-08-01","2020-12-01",41,0.829268292682927,22,4
"US-CF2","monthly","ET + air temperature",44,34,0.772727272727273,"2017-08-01","2020-12-01",41,0.829268292682927,22,4
"US-CF2","monthly","ET + net radiation",44,34,0.772727272727273,"2017-08-01","2020-12-01",41,0.829268292682927,22,4
"US-CF2","monthly","ET + all core drivers",44,25,0.568181818181818,"2017-11-01","2020-11-01",37,0.675675675675676,13,5
"US-CF2","monthly","ET + all drivers including net radiation",44,25,0.568181818181818,"2017-11-01","2020-11-01",37,0.675675675675676,13,5
"US-CF3","monthly","ET + soil water potential",55,17,0.309090909090909,"2019-10-01","2021-12-01",27,0.62962962962963,9,4
"US-CF3","monthly","ET + VPD",55,34,0.618181818181818,"2017-06-01","2021-12-01",55,0.618181818181818,9,7
"US-CF3","monthly","ET + air temperature",55,34,0.618181818181818,"2017-06-01","2021-12-01",55,0.618181818181818,9,7
"US-CF3","monthly","ET + net radiation",55,33,0.6,"2017-06-01","2021-12-01",55,0.6,9,7
"US-CF3","monthly","ET + all core drivers",55,17,0.309090909090909,"2019-10-01","2021-12-01",27,0.62962962962963,9,4
"US-CF3","monthly","ET + all drivers including net radiation",55,17,0.309090909090909,"2019-10-01","2021-12-01",27,0.62962962962963,9,4
"US-CF4","monthly","ET + soil water potential",55,15,0.272727272727273,"2019-10-01","2021-12-01",27,0.555555555555556,4,5
"US-CF4","monthly","ET + VPD",55,34,0.618181818181818,"2017-07-01","2021-12-01",54,0.62962962962963,6,9
"US-CF4","monthly","ET + air temperature",55,34,0.618181818181818,"2017-07-01","2021-12-01",54,0.62962962962963,6,9
"US-CF4","monthly","ET + net radiation",55,33,0.6,"2017-07-01","2021-07-01",49,0.673469387755102,6,8
"US-CF4","monthly","ET + all core drivers",55,15,0.272727272727273,"2019-10-01","2021-12-01",27,0.555555555555556,4,5
"US-CF4","monthly","ET + all drivers including net radiation",55,14,0.254545454545455,"2019-10-01","2021-07-01",22,0.636363636363636,4,4
"US-CGG","monthly","ET + soil water potential",31,18,0.580645161290323,"2019-12-01","2021-12-01",25,0.72,12,3
"US-CGG","monthly","ET + VPD",31,25,0.806451612903226,"2019-09-01","2021-12-01",28,0.892857142857143,21,3
"US-CGG","monthly","ET + air temperature",31,25,0.806451612903226,"2019-09-01","2021-12-01",28,0.892857142857143,21,3
"US-CGG","monthly","ET + net radiation",31,25,0.806451612903226,"2019-09-01","2021-12-01",28,0.892857142857143,21,3
"US-CGG","monthly","ET + all core drivers",31,18,0.580645161290323,"2019-12-01","2021-12-01",25,0.72,12,3
"US-CGG","monthly","ET + all drivers including net radiation",31,18,0.580645161290323,"2019-12-01","2021-12-01",25,0.72,12,3
"US-CRT","monthly","ET + soil water potential",36,36,1,"2011-01-01","2013-12-01",36,1,36,1
"US-CRT","monthly","ET + VPD",36,36,1,"2011-01-01","2013-12-01",36,1,36,1
"US-CRT","monthly","ET + air temperature",36,36,1,"2011-01-01","2013-12-01",36,1,36,1
"US-CRT","monthly","ET + net radiation",36,36,1,"2011-01-01","2013-12-01",36,1,36,1
"US-CRT","monthly","ET + all core drivers",36,36,1,"2011-01-01","2013-12-01",36,1,36,1
"US-CRT","monthly","ET + all drivers including net radiation",36,36,1,"2011-01-01","2013-12-01",36,1,36,1
"US-CS1","monthly","ET + soil water potential",11,0,0,NA,NA,0,NA,0,0
"US-CS1","monthly","ET + VPD",11,0,0,NA,NA,0,NA,0,0
"US-CS1","monthly","ET + air temperature",11,0,0,NA,NA,0,NA,0,0
"US-CS1","monthly","ET + net radiation",11,0,0,NA,NA,0,NA,0,0
"US-CS1","monthly","ET + all core drivers",11,0,0,NA,NA,0,NA,0,0
"US-CS1","monthly","ET + all drivers including net radiation",11,0,0,NA,NA,0,NA,0,0
"US-CS2","monthly","ET + soil water potential",47,0,0,NA,NA,0,NA,0,0
"US-CS2","monthly","ET + VPD",47,22,0.468085106382979,"2019-05-01","2021-08-01",28,0.785714285714286,9,4
"US-CS2","monthly","ET + air temperature",47,22,0.468085106382979,"2019-05-01","2021-08-01",28,0.785714285714286,9,4
"US-CS2","monthly","ET + net radiation",47,18,0.382978723404255,"2019-05-01","2021-07-01",27,0.666666666666667,8,3
"US-CS2","monthly","ET + all core drivers",47,0,0,NA,NA,0,NA,0,0
"US-CS2","monthly","ET + all drivers including net radiation",47,0,0,NA,NA,0,NA,0,0
"US-CS3","monthly","ET + soil water potential",13,0,0,NA,NA,0,NA,0,0
"US-CS3","monthly","ET + VPD",13,0,0,NA,NA,0,NA,0,0
"US-CS3","monthly","ET + air temperature",13,0,0,NA,NA,0,NA,0,0
"US-CS3","monthly","ET + net radiation",13,0,0,NA,NA,0,NA,0,0
"US-CS3","monthly","ET + all core drivers",13,0,0,NA,NA,0,NA,0,0
"US-CS3","monthly","ET + all drivers including net radiation",13,0,0,NA,NA,0,NA,0,0
"US-CS4","monthly","ET + soil water potential",13,0,0,NA,NA,0,NA,0,0
"US-CS4","monthly","ET + VPD",13,0,0,NA,NA,0,NA,0,0
"US-CS4","monthly","ET + air temperature",13,0,0,NA,NA,0,NA,0,0
"US-CS4","monthly","ET + net radiation",13,0,0,NA,NA,0,NA,0,0
"US-CS4","monthly","ET + all core drivers",13,0,0,NA,NA,0,NA,0,0
"US-CS4","monthly","ET + all drivers including net radiation",13,0,0,NA,NA,0,NA,0,0
"US-CS5","monthly","ET + soil water potential",9,0,0,NA,NA,0,NA,0,0
"US-CS5","monthly","ET + VPD",9,0,0,NA,NA,0,NA,0,0
"US-CS5","monthly","ET + air temperature",9,0,0,NA,NA,0,NA,0,0
"US-CS5","monthly","ET + net radiation",9,0,0,NA,NA,0,NA,0,0
"US-CS5","monthly","ET + all core drivers",9,0,0,NA,NA,0,NA,0,0
"US-CS5","monthly","ET + all drivers including net radiation",9,0,0,NA,NA,0,NA,0,0
"US-CS6","monthly","ET + soil water potential",14,0,0,NA,NA,0,NA,0,0
"US-CS6","monthly","ET + VPD",14,0,0,NA,NA,0,NA,0,0
"US-CS6","monthly","ET + air temperature",14,0,0,NA,NA,0,NA,0,0
"US-CS6","monthly","ET + net radiation",14,0,0,NA,NA,0,NA,0,0
"US-CS6","monthly","ET + all core drivers",14,0,0,NA,NA,0,NA,0,0
"US-CS6","monthly","ET + all drivers including net radiation",14,0,0,NA,NA,0,NA,0,0
"US-CS8","monthly","ET + soil water potential",6,0,0,NA,NA,0,NA,0,0
"US-CS8","monthly","ET + VPD",6,0,0,NA,NA,0,NA,0,0
"US-CS8","monthly","ET + air temperature",6,0,0,NA,NA,0,NA,0,0
"US-CS8","monthly","ET + net radiation",6,0,0,NA,NA,0,NA,0,0
"US-CS8","monthly","ET + all core drivers",6,0,0,NA,NA,0,NA,0,0
"US-CS8","monthly","ET + all drivers including net radiation",6,0,0,NA,NA,0,NA,0,0
"US-CdM","monthly","ET + soil water potential",53,45,0.849056603773585,"2019-07-01","2023-09-01",51,0.882352941176471,12,6
"US-CdM","monthly","ET + VPD",53,48,0.905660377358491,"2019-07-01","2023-09-01",51,0.941176470588235,16,4
"US-CdM","monthly","ET + air temperature",53,48,0.905660377358491,"2019-07-01","2023-09-01",51,0.941176470588235,16,4
"US-CdM","monthly","ET + net radiation",53,0,0,NA,NA,0,NA,0,0
"US-CdM","monthly","ET + all core drivers",53,45,0.849056603773585,"2019-07-01","2023-09-01",51,0.882352941176471,12,6
"US-CdM","monthly","ET + all drivers including net radiation",53,0,0,NA,NA,0,NA,0,0
"US-Cop","monthly","ET + soil water potential",84,41,0.488095238095238,"2001-04-01","2007-08-01",77,0.532467532467532,17,8
"US-Cop","monthly","ET + VPD",84,39,0.464285714285714,"2001-04-01","2007-08-01",77,0.506493506493506,17,9
"US-Cop","monthly","ET + air temperature",84,39,0.464285714285714,"2001-04-01","2007-08-01",77,0.506493506493506,17,9
"US-Cop","monthly","ET + net radiation",84,36,0.428571428571429,"2001-04-01","2007-08-01",77,0.467532467532468,14,8
"US-Cop","monthly","ET + all core drivers",84,39,0.464285714285714,"2001-04-01","2007-08-01",77,0.506493506493506,17,9
"US-Cop","monthly","ET + all drivers including net radiation",84,34,0.404761904761905,"2001-04-01","2007-08-01",77,0.441558441558442,14,9
"US-Cst","monthly","ET + soil water potential",57,47,0.824561403508772,"2013-05-01","2017-12-01",56,0.839285714285714,20,5
"US-Cst","monthly","ET + VPD",57,47,0.824561403508772,"2013-05-01","2017-12-01",56,0.839285714285714,20,5
"US-Cst","monthly","ET + air temperature",57,47,0.824561403508772,"2013-05-01","2017-12-01",56,0.839285714285714,20,5
"US-Cst","monthly","ET + net radiation",57,37,0.649122807017544,"2013-05-01","2017-12-01",56,0.660714285714286,7,8
"US-Cst","monthly","ET + all core drivers",57,47,0.824561403508772,"2013-05-01","2017-12-01",56,0.839285714285714,20,5
"US-Cst","monthly","ET + all drivers including net radiation",57,37,0.649122807017544,"2013-05-01","2017-12-01",56,0.660714285714286,7,8
"US-DFC","monthly","ET + soil water potential",51,28,0.549019607843137,"2019-02-01","2022-12-01",47,0.595744680851064,15,6
"US-DFC","monthly","ET + VPD",51,47,0.92156862745098,"2018-11-01","2022-12-01",50,0.94,21,3
"US-DFC","monthly","ET + air temperature",51,47,0.92156862745098,"2018-11-01","2022-12-01",50,0.94,21,3
"US-DFC","monthly","ET + net radiation",51,32,0.627450980392157,"2018-11-01","2022-11-01",49,0.653061224489796,20,5
"US-DFC","monthly","ET + all core drivers",51,28,0.549019607843137,"2019-02-01","2022-12-01",47,0.595744680851064,15,6
"US-DFC","monthly","ET + all drivers including net radiation",51,21,0.411764705882353,"2019-02-01","2022-11-01",46,0.456521739130435,7,7
"US-DS3","monthly","ET + soil water potential",26,23,0.884615384615385,"2021-08-01","2023-08-01",25,0.92,13,3
"US-DS3","monthly","ET + VPD",26,23,0.884615384615385,"2021-08-01","2023-08-01",25,0.92,13,3
"US-DS3","monthly","ET + air temperature",26,23,0.884615384615385,"2021-08-01","2023-08-01",25,0.92,13,3
"US-DS3","monthly","ET + net radiation",26,20,0.769230769230769,"2021-08-01","2023-07-01",24,0.833333333333333,9,4
"US-DS3","monthly","ET + all core drivers",26,23,0.884615384615385,"2021-08-01","2023-08-01",25,0.92,13,3
"US-DS3","monthly","ET + all drivers including net radiation",26,20,0.769230769230769,"2021-08-01","2023-07-01",24,0.833333333333333,9,4
"US-Fmf","monthly","ET + soil water potential",66,55,0.833333333333333,"2005-09-01","2010-12-01",64,0.859375,34,7
"US-Fmf","monthly","ET + VPD",66,56,0.848484848484849,"2005-08-01","2010-12-01",65,0.861538461538462,27,8
"US-Fmf","monthly","ET + air temperature",66,56,0.848484848484849,"2005-08-01","2010-12-01",65,0.861538461538462,27,8
"US-Fmf","monthly","ET + net radiation",66,57,0.863636363636364,"2005-08-01","2010-12-01",65,0.876923076923077,34,7
"US-Fmf","monthly","ET + all core drivers",66,53,0.803030303030303,"2005-09-01","2010-12-01",64,0.828125,27,8
"US-Fmf","monthly","ET + all drivers including net radiation",66,53,0.803030303030303,"2005-09-01","2010-12-01",64,0.828125,27,8
"US-Fuf","monthly","ET + soil water potential",64,53,0.828125,"2005-11-01","2010-11-01",61,0.868852459016393,18,5
"US-Fuf","monthly","ET + VPD",64,52,0.8125,"2005-10-01","2010-09-01",60,0.866666666666667,20,5
"US-Fuf","monthly","ET + air temperature",64,57,0.890625,"2005-09-01","2010-11-01",63,0.904761904761905,20,5
"US-Fuf","monthly","ET + net radiation",64,54,0.84375,"2005-09-01","2010-11-01",63,0.857142857142857,20,6
"US-Fuf","monthly","ET + all core drivers",64,49,0.765625,"2005-11-01","2010-09-01",59,0.830508474576271,18,5
"US-Fuf","monthly","ET + all drivers including net radiation",64,48,0.75,"2005-12-01","2010-09-01",58,0.827586206896552,18,5
"US-Fwf","monthly","ET + soil water potential",67,57,0.850746268656716,"2005-09-01","2010-12-01",64,0.890625,33,5
"US-Fwf","monthly","ET + VPD",67,59,0.880597014925373,"2005-09-01","2010-12-01",64,0.921875,33,4
"US-Fwf","monthly","ET + air temperature",67,59,0.880597014925373,"2005-09-01","2010-12-01",64,0.921875,33,4
"US-Fwf","monthly","ET + net radiation",67,57,0.850746268656716,"2005-09-01","2010-12-01",64,0.890625,25,5
"US-Fwf","monthly","ET + all core drivers",67,57,0.850746268656716,"2005-09-01","2010-12-01",64,0.890625,33,5
"US-Fwf","monthly","ET + all drivers including net radiation",67,55,0.82089552238806,"2005-09-01","2010-12-01",64,0.859375,25,5
"US-GLE","monthly","ET + soil water potential",190,154,0.810526315789474,"2005-01-01","2020-09-01",189,0.814814814814815,47,13
"US-GLE","monthly","ET + VPD",190,169,0.889473684210526,"2006-08-01","2020-09-01",170,0.994117647058824,117,2
"US-GLE","monthly","ET + air temperature",190,188,0.989473684210526,"2005-01-01","2020-09-01",189,0.994708994708995,117,2
"US-GLE","monthly","ET + net radiation",190,184,0.968421052631579,"2005-05-01","2020-09-01",185,0.994594594594595,117,2
"US-GLE","monthly","ET + all core drivers",190,135,0.710526315789474,"2006-09-01","2020-09-01",169,0.798816568047337,47,12
"US-GLE","monthly","ET + all drivers including net radiation",190,135,0.710526315789474,"2006-09-01","2020-09-01",169,0.798816568047337,47,12
"US-HB2","monthly","ET + soil water potential",12,0,0,NA,NA,0,NA,0,0
"US-HB2","monthly","ET + VPD",12,0,0,NA,NA,0,NA,0,0
"US-HB2","monthly","ET + air temperature",12,0,0,NA,NA,0,NA,0,0
"US-HB2","monthly","ET + net radiation",12,0,0,NA,NA,0,NA,0,0
"US-HB2","monthly","ET + all core drivers",12,0,0,NA,NA,0,NA,0,0
"US-HB2","monthly","ET + all drivers including net radiation",12,0,0,NA,NA,0,NA,0,0
"US-HB3","monthly","ET + soil water potential",48,47,0.979166666666667,"2019-01-01","2022-12-01",48,0.979166666666667,46,2
"US-HB3","monthly","ET + VPD",48,46,0.958333333333333,"2019-03-01","2022-12-01",46,1,46,1
"US-HB3","monthly","ET + air temperature",48,46,0.958333333333333,"2019-03-01","2022-12-01",46,1,46,1
"US-HB3","monthly","ET + net radiation",48,48,1,"2019-01-01","2022-12-01",48,1,48,1
"US-HB3","monthly","ET + all core drivers",48,46,0.958333333333333,"2019-03-01","2022-12-01",46,1,46,1
"US-HB3","monthly","ET + all drivers including net radiation",48,46,0.958333333333333,"2019-03-01","2022-12-01",46,1,46,1
"US-HWB","monthly","ET + soil water potential",38,36,0.947368421052632,"2015-08-01","2018-08-01",37,0.972972972972973,24,2
"US-HWB","monthly","ET + VPD",38,36,0.947368421052632,"2015-08-01","2018-08-01",37,0.972972972972973,24,2
"US-HWB","monthly","ET + air temperature",38,36,0.947368421052632,"2015-08-01","2018-08-01",37,0.972972972972973,24,2
"US-HWB","monthly","ET + net radiation",38,36,0.947368421052632,"2015-08-01","2018-08-01",37,0.972972972972973,24,2
"US-HWB","monthly","ET + all core drivers",38,36,0.947368421052632,"2015-08-01","2018-08-01",37,0.972972972972973,24,2
"US-HWB","monthly","ET + all drivers including net radiation",38,36,0.947368421052632,"2015-08-01","2018-08-01",37,0.972972972972973,24,2
"US-Ha1","monthly","ET + soil water potential",351,0,0,NA,NA,0,NA,0,0
"US-Ha1","monthly","ET + VPD",351,326,0.928774928774929,"1991-11-01","2020-10-01",348,0.936781609195402,111,9
"US-Ha1","monthly","ET + air temperature",351,350,0.997150997150997,"1991-11-01","2020-12-01",350,1,350,1
"US-Ha1","monthly","ET + net radiation",351,235,0.66951566951567,"1991-11-01","2020-09-01",347,0.677233429394813,59,45
"US-Ha1","monthly","ET + all core drivers",351,0,0,NA,NA,0,NA,0,0
"US-Ha1","monthly","ET + all drivers including net radiation",351,0,0,NA,NA,0,NA,0,0
"US-Hn2","monthly","ET + soil water potential",37,14,0.378378378378378,"2016-04-01","2018-04-01",25,0.56,4,4
"US-Hn2","monthly","ET + VPD",37,18,0.486486486486487,"2016-04-01","2018-12-01",33,0.545454545454545,4,5
"US-Hn2","monthly","ET + air temperature",37,18,0.486486486486487,"2016-04-01","2018-12-01",33,0.545454545454545,4,5
"US-Hn2","monthly","ET + net radiation",37,23,0.621621621621622,"2016-04-01","2018-12-01",33,0.696969696969697,7,5
"US-Hn2","monthly","ET + all core drivers",37,14,0.378378378378378,"2016-04-01","2018-04-01",25,0.56,4,4
"US-Hn2","monthly","ET + all drivers including net radiation",37,14,0.378378378378378,"2016-04-01","2018-04-01",25,0.56,4,4
"US-Hn3","monthly","ET + soil water potential",14,0,0,NA,NA,0,NA,0,0
"US-Hn3","monthly","ET + VPD",14,0,0,NA,NA,0,NA,0,0
"US-Hn3","monthly","ET + air temperature",14,0,0,NA,NA,0,NA,0,0
"US-Hn3","monthly","ET + net radiation",14,0,0,NA,NA,0,NA,0,0
"US-Hn3","monthly","ET + all core drivers",14,0,0,NA,NA,0,NA,0,0
"US-Hn3","monthly","ET + all drivers including net radiation",14,0,0,NA,NA,0,NA,0,0
"US-Ho1","monthly","ET + soil water potential",336,198,0.589285714285714,"1999-11-01","2023-12-01",290,0.682758620689655,52,31
"US-Ho1","monthly","ET + VPD",336,48,0.142857142857143,"2017-09-01","2021-09-01",49,0.979591836734694,32,2
"US-Ho1","monthly","ET + air temperature",336,130,0.386904761904762,"1996-02-01","2021-09-01",308,0.422077922077922,52,22
"US-Ho1","monthly","ET + net radiation",336,83,0.24702380952381,"2000-05-01","2023-12-01",284,0.292253521126761,43,6
"US-Ho1","monthly","ET + all core drivers",336,48,0.142857142857143,"2017-09-01","2021-09-01",49,0.979591836734694,32,2
"US-Ho1","monthly","ET + all drivers including net radiation",336,41,0.12202380952381,"2017-09-01","2021-09-01",49,0.836734693877551,16,3
"US-Ho2","monthly","ET + soil water potential",300,0,0,NA,NA,0,NA,0,0
"US-Ho2","monthly","ET + VPD",300,64,0.213333333333333,"2017-09-01","2023-12-01",76,0.842105263157895,44,4
"US-Ho2","monthly","ET + air temperature",300,197,0.656666666666667,"2002-07-01","2023-12-01",258,0.763565891472868,44,21
"US-Ho2","monthly","ET + net radiation",300,204,0.68,"1999-08-01","2023-11-01",292,0.698630136986301,30,26
"US-Ho2","monthly","ET + all core drivers",300,0,0,NA,NA,0,NA,0,0
"US-Ho2","monthly","ET + all drivers including net radiation",300,0,0,NA,NA,0,NA,0,0
"US-Jo1","monthly","ET + soil water potential",154,110,0.714285714285714,"2010-08-01","2022-09-01",146,0.753424657534247,24,13
"US-Jo1","monthly","ET + VPD",154,120,0.779220779220779,"2010-07-01","2022-09-01",147,0.816326530612245,34,13
"US-Jo1","monthly","ET + air temperature",154,120,0.779220779220779,"2010-07-01","2022-09-01",147,0.816326530612245,34,13
"US-Jo1","monthly","ET + net radiation",154,103,0.668831168831169,"2011-08-01","2022-09-01",134,0.76865671641791,19,15
"US-Jo1","monthly","ET + all core drivers",154,104,0.675324675324675,"2010-08-01","2022-09-01",146,0.712328767123288,20,15
"US-Jo1","monthly","ET + all drivers including net radiation",154,92,0.597402597402597,"2011-08-01","2022-09-01",134,0.686567164179104,16,16
"US-Jo2","monthly","ET + soil water potential",125,101,0.808,"2011-01-01","2020-12-01",120,0.841666666666667,29,12
"US-Jo2","monthly","ET + VPD",125,99,0.792,"2011-01-01","2020-12-01",120,0.825,29,13
"US-Jo2","monthly","ET + air temperature",125,99,0.792,"2011-01-01","2020-12-01",120,0.825,29,13
"US-Jo2","monthly","ET + net radiation",125,99,0.792,"2011-01-01","2020-12-01",120,0.825,19,13
"US-Jo2","monthly","ET + all core drivers",125,99,0.792,"2011-01-01","2020-12-01",120,0.825,29,13
"US-Jo2","monthly","ET + all drivers including net radiation",125,97,0.776,"2011-01-01","2020-12-01",120,0.808333333333333,15,14
"US-KFS","monthly","ET + soil water potential",151,94,0.622516556291391,"2007-08-01","2018-12-01",137,0.686131386861314,24,22
"US-KFS","monthly","ET + VPD",151,118,0.781456953642384,"2007-08-01","2019-12-01",149,0.791946308724832,26,23
"US-KFS","monthly","ET + air temperature",151,131,0.867549668874172,"2007-08-01","2019-12-01",149,0.879194630872483,44,14
"US-KFS","monthly","ET + net radiation",151,93,0.615894039735099,"2007-08-01","2018-12-01",137,0.678832116788321,16,23
"US-KFS","monthly","ET + all core drivers",151,91,0.602649006622517,"2007-08-01","2018-12-01",137,0.664233576642336,24,23
"US-KFS","monthly","ET + all drivers including net radiation",151,80,0.529801324503311,"2007-08-01","2018-12-01",137,0.583941605839416,16,21
"US-KLS","monthly","ET + soil water potential",93,52,0.559139784946237,"2012-06-01","2019-12-01",91,0.571428571428571,11,13
"US-KLS","monthly","ET + VPD",93,61,0.655913978494624,"2012-06-01","2019-12-01",91,0.67032967032967,24,13
"US-KLS","monthly","ET + air temperature",93,66,0.709677419354839,"2012-06-01","2019-12-01",91,0.725274725274725,24,11
"US-KLS","monthly","ET + net radiation",93,46,0.494623655913978,"2012-06-01","2019-12-01",91,0.505494505494505,10,14
"US-KLS","monthly","ET + all core drivers",93,48,0.516129032258065,"2012-06-01","2019-12-01",91,0.527472527472527,11,16
"US-KLS","monthly","ET + all drivers including net radiation",93,37,0.397849462365591,"2012-06-01","2019-12-01",91,0.406593406593407,10,14
"US-KS1","monthly","ET + soil water potential",13,0,0,NA,NA,0,NA,0,0
"US-KS1","monthly","ET + VPD",13,0,0,NA,NA,0,NA,0,0
"US-KS1","monthly","ET + air temperature",13,0,0,NA,NA,0,NA,0,0
"US-KS1","monthly","ET + net radiation",13,0,0,NA,NA,0,NA,0,0
"US-KS1","monthly","ET + all core drivers",13,0,0,NA,NA,0,NA,0,0
"US-KS1","monthly","ET + all drivers including net radiation",13,0,0,NA,NA,0,NA,0,0
"US-KS2","monthly","ET + soil water potential",82,0,0,NA,NA,0,NA,0,0
"US-KS2","monthly","ET + VPD",82,47,0.573170731707317,"2002-04-01","2006-12-01",57,0.824561403508772,36,5
"US-KS2","monthly","ET + air temperature",82,60,0.731707317073171,"2000-06-01","2006-12-01",79,0.759493670886076,36,10
"US-KS2","monthly","ET + net radiation",82,57,0.695121951219512,"2000-06-01","2006-12-01",79,0.721518987341772,23,12
"US-KS2","monthly","ET + all core drivers",82,0,0,NA,NA,0,NA,0,0
"US-KS2","monthly","ET + all drivers including net radiation",82,0,0,NA,NA,0,NA,0,0
"US-Kon","monthly","ET + soil water potential",192,117,0.609375,"2004-01-01","2018-12-01",180,0.65,34,17
"US-Kon","monthly","ET + VPD",192,142,0.739583333333333,"2004-01-01","2019-12-01",192,0.739583333333333,28,21
"US-Kon","monthly","ET + air temperature",192,157,0.817708333333333,"2004-01-01","2019-12-01",192,0.817708333333333,28,21
"US-Kon","monthly","ET + net radiation",192,136,0.708333333333333,"2004-01-01","2018-10-01",178,0.764044943820225,34,18
"US-Kon","monthly","ET + all core drivers",192,109,0.567708333333333,"2004-01-01","2018-12-01",180,0.605555555555556,28,19
"US-Kon","monthly","ET + all drivers including net radiation",192,102,0.53125,"2004-01-01","2018-10-01",178,0.573033707865168,28,18
"US-LS2","monthly","ET + soil water potential",60,52,0.866666666666667,"2003-07-01","2007-11-01",53,0.981132075471698,46,2
"US-LS2","monthly","ET + VPD",60,56,0.933333333333333,"2003-03-01","2007-11-01",57,0.982456140350877,50,2
"US-LS2","monthly","ET + air temperature",60,56,0.933333333333333,"2003-03-01","2007-11-01",57,0.982456140350877,50,2
"US-LS2","monthly","ET + net radiation",60,55,0.916666666666667,"2003-03-01","2007-11-01",57,0.964912280701754,44,3
"US-LS2","monthly","ET + all core drivers",60,52,0.866666666666667,"2003-07-01","2007-11-01",53,0.981132075471698,46,2
"US-LS2","monthly","ET + all drivers including net radiation",60,51,0.85,"2003-07-01","2007-11-01",53,0.962264150943396,44,3
"US-Lin","monthly","ET + soil water potential",13,0,0,NA,NA,0,NA,0,0
"US-Lin","monthly","ET + VPD",13,0,0,NA,NA,0,NA,0,0
"US-Lin","monthly","ET + air temperature",13,0,0,NA,NA,0,NA,0,0
"US-Lin","monthly","ET + net radiation",13,0,0,NA,NA,0,NA,0,0
"US-Lin","monthly","ET + all core drivers",13,0,0,NA,NA,0,NA,0,0
"US-Lin","monthly","ET + all drivers including net radiation",13,0,0,NA,NA,0,NA,0,0
"US-MMS","monthly","ET + soil water potential",264,248,0.939393939393939,"1999-01-01","2020-12-01",264,0.939393939393939,154,5
"US-MMS","monthly","ET + VPD",264,252,0.954545454545455,"1999-02-01","2020-12-01",263,0.958174904942966,168,6
"US-MMS","monthly","ET + air temperature",264,258,0.977272727272727,"1999-02-01","2020-12-01",263,0.980988593155893,168,5
"US-MMS","monthly","ET + net radiation",264,176,0.666666666666667,"1999-01-01","2014-12-01",192,0.916666666666667,168,5
"US-MMS","monthly","ET + all core drivers",264,238,0.901515151515151,"1999-02-01","2020-12-01",263,0.904942965779468,154,8
"US-MMS","monthly","ET + all drivers including net radiation",264,170,0.643939393939394,"1999-02-01","2014-12-01",191,0.890052356020942,154,4
"US-MOz","monthly","ET + soil water potential",211,192,0.909952606635071,"2004-07-01","2021-12-01",210,0.914285714285714,85,5
"US-MOz","monthly","ET + VPD",211,197,0.933649289099526,"2004-07-01","2021-12-01",210,0.938095238095238,93,6
"US-MOz","monthly","ET + air temperature",211,197,0.933649289099526,"2004-07-01","2021-12-01",210,0.938095238095238,93,6
"US-MOz","monthly","ET + net radiation",211,188,0.890995260663507,"2004-07-01","2021-12-01",210,0.895238095238095,68,9
"US-MOz","monthly","ET + all core drivers",211,188,0.890995260663507,"2004-07-01","2021-12-01",210,0.895238095238095,85,7
"US-MOz","monthly","ET + all drivers including net radiation",211,184,0.872037914691943,"2004-07-01","2021-12-01",210,0.876190476190476,68,10
"US-Me1","monthly","ET + soil water potential",13,0,0,NA,NA,0,NA,0,0
"US-Me1","monthly","ET + VPD",13,0,0,NA,NA,0,NA,0,0
"US-Me1","monthly","ET + air temperature",13,0,0,NA,NA,0,NA,0,0
"US-Me1","monthly","ET + net radiation",13,0,0,NA,NA,0,NA,0,0
"US-Me1","monthly","ET + all core drivers",13,0,0,NA,NA,0,NA,0,0
"US-Me1","monthly","ET + all drivers including net radiation",13,0,0,NA,NA,0,NA,0,0
"US-Me2","monthly","ET + soil water potential",252,216,0.857142857142857,"2002-01-01","2022-06-01",246,0.878048780487805,68,14
"US-Me2","monthly","ET + VPD",252,222,0.880952380952381,"2002-01-01","2022-06-01",246,0.902439024390244,68,15
"US-Me2","monthly","ET + air temperature",252,225,0.892857142857143,"2002-01-01","2022-06-01",246,0.914634146341463,68,13
"US-Me2","monthly","ET + net radiation",252,215,0.853174603174603,"2002-01-01","2022-06-01",246,0.873983739837398,47,20
"US-Me2","monthly","ET + all core drivers",252,213,0.845238095238095,"2002-01-01","2022-06-01",246,0.865853658536585,68,16
"US-Me2","monthly","ET + all drivers including net radiation",252,204,0.80952380952381,"2002-01-01","2022-06-01",246,0.829268292682927,47,22
"US-Me3","monthly","ET + soil water potential",70,53,0.757142857142857,"2004-02-01","2009-08-01",67,0.791044776119403,30,6
"US-Me3","monthly","ET + VPD",70,50,0.714285714285714,"2004-02-01","2009-09-01",68,0.735294117647059,13,9
"US-Me3","monthly","ET + air temperature",70,50,0.714285714285714,"2004-02-01","2009-09-01",68,0.735294117647059,13,9
"US-Me3","monthly","ET + net radiation",70,47,0.671428571428571,"2004-02-01","2009-09-01",68,0.691176470588235,13,10
"US-Me3","monthly","ET + all core drivers",70,49,0.7,"2004-02-01","2009-08-01",67,0.73134328358209,13,9
"US-Me3","monthly","ET + all drivers including net radiation",70,46,0.657142857142857,"2004-02-01","2009-08-01",67,0.686567164179104,13,10
"US-Me6","monthly","ET + soil water potential",155,122,0.787096774193548,"2011-04-01","2022-12-01",141,0.865248226950355,35,11
"US-Me6","monthly","ET + VPD",155,128,0.825806451612903,"2010-04-01","2022-12-01",153,0.836601307189543,35,10
"US-Me6","monthly","ET + air temperature",155,132,0.851612903225806,"2010-04-01","2022-12-01",153,0.862745098039216,35,10
"US-Me6","monthly","ET + net radiation",155,118,0.761290322580645,"2010-04-01","2022-12-01",153,0.77124183006536,22,12
"US-Me6","monthly","ET + all core drivers",155,117,0.754838709677419,"2011-04-01","2022-12-01",141,0.829787234042553,35,11
"US-Me6","monthly","ET + all drivers including net radiation",155,106,0.683870967741935,"2011-04-01","2022-12-01",141,0.75177304964539,22,13
"US-Mo1","monthly","ET + soil water potential",100,94,0.94,"2015-10-01","2023-12-01",99,0.94949494949495,40,4
"US-Mo1","monthly","ET + VPD",100,94,0.94,"2015-10-01","2023-12-01",99,0.94949494949495,40,4
"US-Mo1","monthly","ET + air temperature",100,94,0.94,"2015-10-01","2023-12-01",99,0.94949494949495,40,4
"US-Mo1","monthly","ET + net radiation",100,93,0.93,"2015-10-01","2023-12-01",99,0.939393939393939,40,5
"US-Mo1","monthly","ET + all core drivers",100,94,0.94,"2015-10-01","2023-12-01",99,0.94949494949495,40,4
"US-Mo1","monthly","ET + all drivers including net radiation",100,93,0.93,"2015-10-01","2023-12-01",99,0.939393939393939,40,5
"US-Mo2","monthly","ET + soil water potential",72,58,0.805555555555556,"2018-01-01","2023-01-01",61,0.950819672131147,32,4
"US-Mo2","monthly","ET + VPD",72,64,0.888888888888889,"2018-01-01","2023-12-01",72,0.888888888888889,17,6
"US-Mo2","monthly","ET + air temperature",72,64,0.888888888888889,"2018-01-01","2023-12-01",72,0.888888888888889,17,6
"US-Mo2","monthly","ET + net radiation",72,67,0.930555555555556,"2018-01-01","2023-12-01",72,0.930555555555556,32,5
"US-Mo2","monthly","ET + all core drivers",72,55,0.763888888888889,"2018-01-01","2023-01-01",61,0.901639344262295,17,5
"US-Mo2","monthly","ET + all drivers including net radiation",72,55,0.763888888888889,"2018-01-01","2023-01-01",61,0.901639344262295,17,5
"US-Mo3","monthly","ET + soil water potential",68,66,0.970588235294118,"2016-06-01","2021-12-01",67,0.985074626865672,35,2
"US-Mo3","monthly","ET + VPD",68,66,0.970588235294118,"2016-06-01","2021-12-01",67,0.985074626865672,35,2
"US-Mo3","monthly","ET + air temperature",68,66,0.970588235294118,"2016-06-01","2021-12-01",67,0.985074626865672,35,2
"US-Mo3","monthly","ET + net radiation",68,66,0.970588235294118,"2016-06-01","2021-12-01",67,0.985074626865672,35,2
"US-Mo3","monthly","ET + all core drivers",68,66,0.970588235294118,"2016-06-01","2021-12-01",67,0.985074626865672,35,2
"US-Mo3","monthly","ET + all drivers including net radiation",68,66,0.970588235294118,"2016-06-01","2021-12-01",67,0.985074626865672,35,2
"US-Mpj","monthly","ET + soil water potential",156,0,0,NA,NA,0,NA,0,0
"US-Mpj","monthly","ET + VPD",156,152,0.974358974358974,"2008-01-01","2020-12-01",156,0.974358974358974,84,5
"US-Mpj","monthly","ET + air temperature",156,153,0.980769230769231,"2008-01-01","2020-12-01",156,0.980769230769231,84,4
"US-Mpj","monthly","ET + net radiation",156,144,0.923076923076923,"2008-08-01","2020-12-01",149,0.966442953020134,58,5
"US-Mpj","monthly","ET + all core drivers",156,0,0,NA,NA,0,NA,0,0
"US-Mpj","monthly","ET + all drivers including net radiation",156,0,0,NA,NA,0,NA,0,0
"US-NC1","monthly","ET + soil water potential",96,87,0.90625,"2005-01-01","2012-12-01",96,0.90625,25,6
"US-NC1","monthly","ET + VPD",96,87,0.90625,"2005-01-01","2012-12-01",96,0.90625,30,6
"US-NC1","monthly","ET + air temperature",96,88,0.916666666666667,"2005-01-01","2012-12-01",96,0.916666666666667,30,5
"US-NC1","monthly","ET + net radiation",96,84,0.875,"2005-01-01","2012-12-01",96,0.875,45,8
"US-NC1","monthly","ET + all core drivers",96,85,0.885416666666667,"2005-01-01","2012-12-01",96,0.885416666666667,25,8
"US-NC1","monthly","ET + all drivers including net radiation",96,80,0.833333333333333,"2005-01-01","2012-12-01",96,0.833333333333333,20,11
"US-NC3","monthly","ET + soil water potential",105,75,0.714285714285714,"2013-04-01","2020-02-01",83,0.903614457831325,55,5
"US-NC3","monthly","ET + VPD",105,75,0.714285714285714,"2013-03-01","2020-02-01",84,0.892857142857143,55,6
"US-NC3","monthly","ET + air temperature",105,75,0.714285714285714,"2013-03-01","2020-02-01",84,0.892857142857143,55,6
"US-NC3","monthly","ET + net radiation",105,70,0.666666666666667,"2013-03-01","2019-09-01",79,0.886075949367089,47,6
"US-NC3","monthly","ET + all core drivers",105,74,0.704761904761905,"2013-04-01","2020-02-01",83,0.891566265060241,55,6
"US-NC3","monthly","ET + all drivers including net radiation",105,69,0.657142857142857,"2013-04-01","2019-09-01",78,0.884615384615385,47,6
"US-NR1","monthly","ET + soil water potential",218,160,0.73394495412844,"2002-01-01","2016-12-01",180,0.888888888888889,88,8
"US-NR1","monthly","ET + VPD",218,198,0.908256880733945,"1998-12-01","2016-12-01",217,0.912442396313364,88,9
"US-NR1","monthly","ET + air temperature",218,198,0.908256880733945,"1998-12-01","2016-12-01",217,0.912442396313364,88,9
"US-NR1","monthly","ET + net radiation",218,193,0.885321100917431,"1998-12-01","2016-12-01",217,0.889400921658986,46,14
"US-NR1","monthly","ET + all core drivers",218,160,0.73394495412844,"2002-01-01","2016-12-01",180,0.888888888888889,88,8
"US-NR1","monthly","ET + all drivers including net radiation",218,156,0.715596330275229,"2002-01-01","2016-12-01",180,0.866666666666667,46,12
"US-Ne1","monthly","ET + soil water potential",236,233,0.98728813559322,"2001-07-01","2020-12-01",234,0.995726495726496,136,2
"US-Ne1","monthly","ET + VPD",236,235,0.995762711864407,"2001-06-01","2020-12-01",235,1,235,1
"US-Ne1","monthly","ET + air temperature",236,235,0.995762711864407,"2001-06-01","2020-12-01",235,1,235,1
"US-Ne1","monthly","ET + net radiation",236,231,0.978813559322034,"2001-07-01","2020-12-01",234,0.987179487179487,101,4
"US-Ne1","monthly","ET + all core drivers",236,233,0.98728813559322,"2001-07-01","2020-12-01",234,0.995726495726496,136,2
"US-Ne1","monthly","ET + all drivers including net radiation",236,230,0.974576271186441,"2001-07-01","2020-12-01",234,0.982905982905983,70,5
"US-ONA","monthly","ET + soil water potential",84,72,0.857142857142857,"2016-05-01","2022-12-01",80,0.9,41,7
"US-ONA","monthly","ET + VPD",84,70,0.833333333333333,"2016-05-01","2022-12-01",80,0.875,41,8
"US-ONA","monthly","ET + air temperature",84,70,0.833333333333333,"2016-05-01","2022-12-01",80,0.875,41,8
"US-ONA","monthly","ET + net radiation",84,67,0.797619047619048,"2016-05-01","2022-12-01",80,0.8375,41,10
"US-ONA","monthly","ET + all core drivers",84,70,0.833333333333333,"2016-05-01","2022-12-01",80,0.875,41,8
"US-ONA","monthly","ET + all drivers including net radiation",84,67,0.797619047619048,"2016-05-01","2022-12-01",80,0.8375,41,10
"US-Oho","monthly","ET + soil water potential",120,102,0.85,"2004-01-01","2013-11-01",119,0.857142857142857,39,14
"US-Oho","monthly","ET + VPD",120,104,0.866666666666667,"2004-01-01","2013-11-01",119,0.873949579831933,49,12
"US-Oho","monthly","ET + air temperature",120,104,0.866666666666667,"2004-01-01","2013-11-01",119,0.873949579831933,49,12
"US-Oho","monthly","ET + net radiation",120,101,0.841666666666667,"2004-01-01","2013-11-01",119,0.848739495798319,49,13
"US-Oho","monthly","ET + all core drivers",120,102,0.85,"2004-01-01","2013-11-01",119,0.857142857142857,39,14
"US-Oho","monthly","ET + all drivers including net radiation",120,99,0.825,"2004-01-01","2013-11-01",119,0.831932773109244,39,15
"US-PFL","monthly","ET + soil water potential",5,0,0,NA,NA,0,NA,0,0
"US-PFL","monthly","ET + VPD",5,0,0,NA,NA,0,NA,0,0
"US-PFL","monthly","ET + air temperature",5,0,0,NA,NA,0,NA,0,0
"US-PFL","monthly","ET + net radiation",5,0,0,NA,NA,0,NA,0,0
"US-PFL","monthly","ET + all core drivers",5,0,0,NA,NA,0,NA,0,0
"US-PFL","monthly","ET + all drivers including net radiation",5,0,0,NA,NA,0,NA,0,0
"US-PFb","monthly","ET + soil water potential",5,0,0,NA,NA,0,NA,0,0
"US-PFb","monthly","ET + VPD",5,0,0,NA,NA,0,NA,0,0
"US-PFb","monthly","ET + air temperature",5,0,0,NA,NA,0,NA,0,0
"US-PFb","monthly","ET + net radiation",5,0,0,NA,NA,0,NA,0,0
"US-PFb","monthly","ET + all core drivers",5,0,0,NA,NA,0,NA,0,0
"US-PFb","monthly","ET + all drivers including net radiation",5,0,0,NA,NA,0,NA,0,0
"US-PFc","monthly","ET + soil water potential",5,0,0,NA,NA,0,NA,0,0
"US-PFc","monthly","ET + VPD",5,0,0,NA,NA,0,NA,0,0
"US-PFc","monthly","ET + air temperature",5,0,0,NA,NA,0,NA,0,0
"US-PFc","monthly","ET + net radiation",5,0,0,NA,NA,0,NA,0,0
"US-PFc","monthly","ET + all core drivers",5,0,0,NA,NA,0,NA,0,0
"US-PFc","monthly","ET + all drivers including net radiation",5,0,0,NA,NA,0,NA,0,0
"US-PFk","monthly","ET + soil water potential",5,0,0,NA,NA,0,NA,0,0
"US-PFk","monthly","ET + VPD",5,0,0,NA,NA,0,NA,0,0
"US-PFk","monthly","ET + air temperature",5,0,0,NA,NA,0,NA,0,0
"US-PFk","monthly","ET + net radiation",5,0,0,NA,NA,0,NA,0,0
"US-PFk","monthly","ET + all core drivers",5,0,0,NA,NA,0,NA,0,0
"US-PFk","monthly","ET + all drivers including net radiation",5,0,0,NA,NA,0,NA,0,0
"US-PFm","monthly","ET + soil water potential",5,0,0,NA,NA,0,NA,0,0
"US-PFm","monthly","ET + VPD",5,0,0,NA,NA,0,NA,0,0
"US-PFm","monthly","ET + air temperature",5,0,0,NA,NA,0,NA,0,0
"US-PFm","monthly","ET + net radiation",5,0,0,NA,NA,0,NA,0,0
"US-PFm","monthly","ET + all core drivers",5,0,0,NA,NA,0,NA,0,0
"US-PFm","monthly","ET + all drivers including net radiation",5,0,0,NA,NA,0,NA,0,0
"US-PFn","monthly","ET + soil water potential",5,0,0,NA,NA,0,NA,0,0
"US-PFn","monthly","ET + VPD",5,0,0,NA,NA,0,NA,0,0
"US-PFn","monthly","ET + air temperature",5,0,0,NA,NA,0,NA,0,0
"US-PFn","monthly","ET + net radiation",5,0,0,NA,NA,0,NA,0,0
"US-PFn","monthly","ET + all core drivers",5,0,0,NA,NA,0,NA,0,0
"US-PFn","monthly","ET + all drivers including net radiation",5,0,0,NA,NA,0,NA,0,0
"US-PFp","monthly","ET + soil water potential",5,0,0,NA,NA,0,NA,0,0
"US-PFp","monthly","ET + VPD",5,0,0,NA,NA,0,NA,0,0
"US-PFp","monthly","ET + air temperature",5,0,0,NA,NA,0,NA,0,0
"US-PFp","monthly","ET + net radiation",5,0,0,NA,NA,0,NA,0,0
"US-PFp","monthly","ET + all core drivers",5,0,0,NA,NA,0,NA,0,0
"US-PFp","monthly","ET + all drivers including net radiation",5,0,0,NA,NA,0,NA,0,0
"US-PFq","monthly","ET + soil water potential",5,0,0,NA,NA,0,NA,0,0
"US-PFq","monthly","ET + VPD",5,0,0,NA,NA,0,NA,0,0
"US-PFq","monthly","ET + air temperature",5,0,0,NA,NA,0,NA,0,0
"US-PFq","monthly","ET + net radiation",5,0,0,NA,NA,0,NA,0,0
"US-PFq","monthly","ET + all core drivers",5,0,0,NA,NA,0,NA,0,0
"US-PFq","monthly","ET + all drivers including net radiation",5,0,0,NA,NA,0,NA,0,0
"US-PFt","monthly","ET + soil water potential",5,0,0,NA,NA,0,NA,0,0
"US-PFt","monthly","ET + VPD",5,0,0,NA,NA,0,NA,0,0
"US-PFt","monthly","ET + air temperature",5,0,0,NA,NA,0,NA,0,0
"US-PFt","monthly","ET + net radiation",5,0,0,NA,NA,0,NA,0,0
"US-PFt","monthly","ET + all core drivers",5,0,0,NA,NA,0,NA,0,0
"US-PFt","monthly","ET + all drivers including net radiation",5,0,0,NA,NA,0,NA,0,0
"US-PSH","monthly","ET + soil water potential",3,0,0,NA,NA,0,NA,0,0
"US-PSH","monthly","ET + VPD",3,0,0,NA,NA,0,NA,0,0
"US-PSH","monthly","ET + air temperature",3,0,0,NA,NA,0,NA,0,0
"US-PSH","monthly","ET + net radiation",3,0,0,NA,NA,0,NA,0,0
"US-PSH","monthly","ET + all core drivers",3,0,0,NA,NA,0,NA,0,0
"US-PSH","monthly","ET + all drivers including net radiation",3,0,0,NA,NA,0,NA,0,0
"US-PSL","monthly","ET + soil water potential",4,0,0,NA,NA,0,NA,0,0
"US-PSL","monthly","ET + VPD",4,0,0,NA,NA,0,NA,0,0
"US-PSL","monthly","ET + air temperature",4,0,0,NA,NA,0,NA,0,0
"US-PSL","monthly","ET + net radiation",4,0,0,NA,NA,0,NA,0,0
"US-PSL","monthly","ET + all core drivers",4,0,0,NA,NA,0,NA,0,0
"US-PSL","monthly","ET + all drivers including net radiation",4,0,0,NA,NA,0,NA,0,0
"US-RGA","monthly","ET + soil water potential",30,23,0.766666666666667,"2021-06-01","2023-08-01",27,0.851851851851852,15,2
"US-RGA","monthly","ET + VPD",30,27,0.9,"2021-05-01","2023-08-01",28,0.964285714285714,16,2
"US-RGA","monthly","ET + air temperature",30,27,0.9,"2021-05-01","2023-08-01",28,0.964285714285714,16,2
"US-RGA","monthly","ET + net radiation",30,26,0.866666666666667,"2021-05-01","2023-08-01",28,0.928571428571429,16,3
"US-RGA","monthly","ET + all core drivers",30,23,0.766666666666667,"2021-06-01","2023-08-01",27,0.851851851851852,15,2
"US-RGA","monthly","ET + all drivers including net radiation",30,22,0.733333333333333,"2021-06-01","2023-08-01",27,0.814814814814815,15,2
"US-RGB","monthly","ET + soil water potential",33,29,0.878787878787879,"2021-05-01","2023-09-01",29,1,29,1
"US-RGB","monthly","ET + VPD",33,32,0.96969696969697,"2021-02-01","2023-09-01",32,1,32,1
"US-RGB","monthly","ET + air temperature",33,32,0.96969696969697,"2021-02-01","2023-09-01",32,1,32,1
"US-RGB","monthly","ET + net radiation",33,31,0.939393939393939,"2021-02-01","2023-09-01",32,0.96875,28,2
"US-RGB","monthly","ET + all core drivers",33,29,0.878787878787879,"2021-05-01","2023-09-01",29,1,29,1
"US-RGB","monthly","ET + all drivers including net radiation",33,28,0.848484848484849,"2021-05-01","2023-09-01",29,0.96551724137931,25,2
"US-RGF","monthly","ET + soil water potential",10,0,0,NA,NA,0,NA,0,0
"US-RGF","monthly","ET + VPD",10,0,0,NA,NA,0,NA,0,0
"US-RGF","monthly","ET + air temperature",10,0,0,NA,NA,0,NA,0,0
"US-RGF","monthly","ET + net radiation",10,0,0,NA,NA,0,NA,0,0
"US-RGF","monthly","ET + all core drivers",10,0,0,NA,NA,0,NA,0,0
"US-RGF","monthly","ET + all drivers including net radiation",10,0,0,NA,NA,0,NA,0,0
"US-RGW","monthly","ET + soil water potential",18,0,0,NA,NA,0,NA,0,0
"US-RGW","monthly","ET + VPD",18,0,0,NA,NA,0,NA,0,0
"US-RGW","monthly","ET + air temperature",18,0,0,NA,NA,0,NA,0,0
"US-RGW","monthly","ET + net radiation",18,0,0,NA,NA,0,NA,0,0
"US-RGW","monthly","ET + all core drivers",18,0,0,NA,NA,0,NA,0,0
"US-RGW","monthly","ET + all drivers including net radiation",18,0,0,NA,NA,0,NA,0,0
"US-RGo","monthly","ET + soil water potential",28,26,0.928571428571429,"2021-07-01","2023-08-01",26,1,26,1
"US-RGo","monthly","ET + VPD",28,26,0.928571428571429,"2021-07-01","2023-08-01",26,1,26,1
"US-RGo","monthly","ET + air temperature",28,26,0.928571428571429,"2021-07-01","2023-08-01",26,1,26,1
"US-RGo","monthly","ET + net radiation",28,26,0.928571428571429,"2021-07-01","2023-08-01",26,1,26,1
"US-RGo","monthly","ET + all core drivers",28,26,0.928571428571429,"2021-07-01","2023-08-01",26,1,26,1
"US-RGo","monthly","ET + all drivers including net radiation",28,26,0.928571428571429,"2021-07-01","2023-08-01",26,1,26,1
"US-Rls","monthly","ET + soil water potential",110,98,0.890909090909091,"2014-10-01","2023-09-01",108,0.907407407407407,81,4
"US-Rls","monthly","ET + VPD",110,102,0.927272727272727,"2014-10-01","2023-09-01",108,0.944444444444444,92,3
"US-Rls","monthly","ET + air temperature",110,102,0.927272727272727,"2014-10-01","2023-09-01",108,0.944444444444444,92,3
"US-Rls","monthly","ET + net radiation",110,102,0.927272727272727,"2014-10-01","2023-09-01",108,0.944444444444444,92,3
"US-Rls","monthly","ET + all core drivers",110,98,0.890909090909091,"2014-10-01","2023-09-01",108,0.907407407407407,81,4
"US-Rls","monthly","ET + all drivers including net radiation",110,98,0.890909090909091,"2014-10-01","2023-09-01",108,0.907407407407407,81,4
"US-Rms","monthly","ET + soil water potential",110,99,0.9,"2014-11-01","2023-09-01",107,0.925233644859813,55,4
"US-Rms","monthly","ET + VPD",110,103,0.936363636363636,"2014-10-01","2023-09-01",108,0.953703703703704,93,3
"US-Rms","monthly","ET + air temperature",110,103,0.936363636363636,"2014-10-01","2023-09-01",108,0.953703703703704,93,3
"US-Rms","monthly","ET + net radiation",110,102,0.927272727272727,"2014-10-01","2023-09-01",108,0.944444444444444,81,4
"US-Rms","monthly","ET + all core drivers",110,99,0.9,"2014-11-01","2023-09-01",107,0.925233644859813,55,4
"US-Rms","monthly","ET + all drivers including net radiation",110,98,0.890909090909091,"2014-11-01","2023-09-01",107,0.91588785046729,43,5
"US-Ro1","monthly","ET + soil water potential",156,0,0,NA,NA,0,NA,0,0
"US-Ro1","monthly","ET + VPD",156,148,0.948717948717949,"2004-01-01","2016-12-01",156,0.948717948717949,76,5
"US-Ro1","monthly","ET + air temperature",156,149,0.955128205128205,"2004-01-01","2016-12-01",156,0.955128205128205,76,5
"US-Ro1","monthly","ET + net radiation",156,141,0.903846153846154,"2004-01-01","2016-12-01",156,0.903846153846154,76,7
"US-Ro1","monthly","ET + all core drivers",156,0,0,NA,NA,0,NA,0,0
"US-Ro1","monthly","ET + all drivers including net radiation",156,0,0,NA,NA,0,NA,0,0
"US-Ro2","monthly","ET + soil water potential",108,0,0,NA,NA,0,NA,0,0
"US-Ro2","monthly","ET + VPD",108,66,0.611111111111111,"2008-01-01","2016-12-01",108,0.611111111111111,19,9
"US-Ro2","monthly","ET + air temperature",108,66,0.611111111111111,"2008-01-01","2016-12-01",108,0.611111111111111,19,9
"US-Ro2","monthly","ET + net radiation",108,19,0.175925925925926,"2015-06-01","2016-12-01",19,1,19,1
"US-Ro2","monthly","ET + all core drivers",108,0,0,NA,NA,0,NA,0,0
"US-Ro2","monthly","ET + all drivers including net radiation",108,0,0,NA,NA,0,NA,0,0
"US-Ro3","monthly","ET + soil water potential",48,0,0,NA,NA,0,NA,0,0
"US-Ro3","monthly","ET + VPD",48,42,0.875,"2004-07-01","2007-12-01",42,1,42,1
"US-Ro3","monthly","ET + air temperature",48,42,0.875,"2004-07-01","2007-12-01",42,1,42,1
"US-Ro3","monthly","ET + net radiation",48,42,0.875,"2004-07-01","2007-12-01",42,1,42,1
"US-Ro3","monthly","ET + all core drivers",48,0,0,NA,NA,0,NA,0,0
"US-Ro3","monthly","ET + all drivers including net radiation",48,0,0,NA,NA,0,NA,0,0
"US-Ro4","monthly","ET + soil water potential",120,82,0.683333333333333,"2016-08-01","2023-12-01",89,0.921348314606742,38,6
"US-Ro4","monthly","ET + VPD",120,111,0.925,"2014-04-01","2023-12-01",117,0.948717948717949,105,3
"US-Ro4","monthly","ET + air temperature",120,111,0.925,"2014-04-01","2023-12-01",117,0.948717948717949,105,3
"US-Ro4","monthly","ET + net radiation",120,110,0.916666666666667,"2014-06-01","2023-12-01",115,0.956521739130435,105,2
"US-Ro4","monthly","ET + all core drivers",120,82,0.683333333333333,"2016-08-01","2023-12-01",89,0.921348314606742,38,6
"US-Ro4","monthly","ET + all drivers including net radiation",120,82,0.683333333333333,"2016-08-01","2023-12-01",89,0.921348314606742,38,6
"US-Ro5","monthly","ET + soil water potential",84,76,0.904761904761905,"2017-06-01","2023-12-01",79,0.962025316455696,40,2
"US-Ro5","monthly","ET + VPD",84,84,1,"2017-01-01","2023-12-01",84,1,84,1
"US-Ro5","monthly","ET + air temperature",84,84,1,"2017-01-01","2023-12-01",84,1,84,1
"US-Ro5","monthly","ET + net radiation",84,83,0.988095238095238,"2017-02-01","2023-12-01",83,1,83,1
"US-Ro5","monthly","ET + all core drivers",84,76,0.904761904761905,"2017-06-01","2023-12-01",79,0.962025316455696,40,2
"US-Ro5","monthly","ET + all drivers including net radiation",84,76,0.904761904761905,"2017-06-01","2023-12-01",79,0.962025316455696,40,2
"US-Ro6","monthly","ET + soil water potential",84,75,0.892857142857143,"2017-07-01","2023-12-01",78,0.961538461538462,39,2
"US-Ro6","monthly","ET + VPD",84,84,1,"2017-01-01","2023-12-01",84,1,84,1
"US-Ro6","monthly","ET + air temperature",84,84,1,"2017-01-01","2023-12-01",84,1,84,1
"US-Ro6","monthly","ET + net radiation",84,83,0.988095238095238,"2017-02-01","2023-12-01",83,1,83,1
"US-Ro6","monthly","ET + all core drivers",84,75,0.892857142857143,"2017-07-01","2023-12-01",78,0.961538461538462,39,2
"US-Ro6","monthly","ET + all drivers including net radiation",84,75,0.892857142857143,"2017-07-01","2023-12-01",78,0.961538461538462,39,2
"US-Rwe","monthly","ET + soil water potential",57,0,0,NA,NA,0,NA,0,0
"US-Rwe","monthly","ET + VPD",57,51,0.894736842105263,"2003-02-01","2007-09-01",56,0.910714285714286,21,4
"US-Rwe","monthly","ET + air temperature",57,51,0.894736842105263,"2003-02-01","2007-09-01",56,0.910714285714286,21,4
"US-Rwe","monthly","ET + net radiation",57,22,0.385964912280702,"2005-10-01","2007-09-01",24,0.916666666666667,17,3
"US-Rwe","monthly","ET + all core drivers",57,0,0,NA,NA,0,NA,0,0
"US-Rwe","monthly","ET + all drivers including net radiation",57,0,0,NA,NA,0,NA,0,0
"US-Rwf","monthly","ET + soil water potential",113,0,0,NA,NA,0,NA,0,0
"US-Rwf","monthly","ET + VPD",113,107,0.946902654867257,"2014-06-01","2023-09-01",112,0.955357142857143,79,4
"US-Rwf","monthly","ET + air temperature",113,107,0.946902654867257,"2014-06-01","2023-09-01",112,0.955357142857143,79,4
"US-Rwf","monthly","ET + net radiation",113,107,0.946902654867257,"2014-06-01","2023-09-01",112,0.955357142857143,79,4
"US-Rwf","monthly","ET + all core drivers",113,0,0,NA,NA,0,NA,0,0
"US-Rwf","monthly","ET + all drivers including net radiation",113,0,0,NA,NA,0,NA,0,0
"US-Rws","monthly","ET + soil water potential",110,97,0.881818181818182,"2015-08-01","2023-09-01",98,0.989795918367347,53,2
"US-Rws","monthly","ET + VPD",110,106,0.963636363636364,"2014-10-01","2023-09-01",108,0.981481481481482,90,3
"US-Rws","monthly","ET + air temperature",110,106,0.963636363636364,"2014-10-01","2023-09-01",108,0.981481481481482,90,3
"US-Rws","monthly","ET + net radiation",110,104,0.945454545454545,"2014-10-01","2023-09-01",108,0.962962962962963,93,3
"US-Rws","monthly","ET + all core drivers",110,96,0.872727272727273,"2015-08-01","2023-09-01",98,0.979591836734694,45,3
"US-Rws","monthly","ET + all drivers including net radiation",110,94,0.854545454545454,"2015-08-01","2023-09-01",98,0.959183673469388,45,4
"US-SP1","monthly","ET + soil water potential",246,64,0.260162601626016,"2014-10-01","2020-12-01",75,0.853333333333333,23,9
"US-SP1","monthly","ET + VPD",246,203,0.82520325203252,"2001-01-01","2020-12-01",240,0.845833333333333,24,19
"US-SP1","monthly","ET + air temperature",246,205,0.833333333333333,"2001-01-01","2020-12-01",240,0.854166666666667,32,17
"US-SP1","monthly","ET + net radiation",246,198,0.804878048780488,"2001-01-01","2020-12-01",240,0.825,25,22
"US-SP1","monthly","ET + all core drivers",246,64,0.260162601626016,"2014-10-01","2020-12-01",75,0.853333333333333,23,9
"US-SP1","monthly","ET + all drivers including net radiation",246,64,0.260162601626016,"2014-10-01","2020-12-01",75,0.853333333333333,23,9
"US-SRC","monthly","ET + soil water potential",76,54,0.710526315789474,"2008-05-01","2014-05-01",73,0.73972602739726,12,12
"US-SRC","monthly","ET + VPD",76,49,0.644736842105263,"2008-05-01","2014-05-01",73,0.671232876712329,12,12
"US-SRC","monthly","ET + air temperature",76,54,0.710526315789474,"2008-05-01","2014-05-01",73,0.73972602739726,12,12
"US-SRC","monthly","ET + net radiation",76,52,0.684210526315789,"2008-07-01","2014-05-01",71,0.732394366197183,12,12
"US-SRC","monthly","ET + all core drivers",76,49,0.644736842105263,"2008-05-01","2014-05-01",73,0.671232876712329,12,12
"US-SRC","monthly","ET + all drivers including net radiation",76,47,0.618421052631579,"2008-07-01","2014-05-01",71,0.661971830985915,12,12
"US-SRG","monthly","ET + soil water potential",190,187,0.984210526315789,"2008-05-01","2023-12-01",188,0.99468085106383,119,2
"US-SRG","monthly","ET + VPD",190,188,0.989473684210526,"2008-05-01","2023-12-01",188,1,188,1
"US-SRG","monthly","ET + air temperature",190,188,0.989473684210526,"2008-05-01","2023-12-01",188,1,188,1
"US-SRG","monthly","ET + net radiation",190,187,0.984210526315789,"2008-05-01","2023-12-01",188,0.99468085106383,118,2
"US-SRG","monthly","ET + all core drivers",190,187,0.984210526315789,"2008-05-01","2023-12-01",188,0.99468085106383,119,2
"US-SRG","monthly","ET + all drivers including net radiation",190,186,0.978947368421053,"2008-05-01","2023-12-01",188,0.98936170212766,69,3
"US-SRM","monthly","ET + soil water potential",240,237,0.9875,"2004-01-01","2023-12-01",240,0.9875,194,3
"US-SRM","monthly","ET + VPD",240,237,0.9875,"2004-01-01","2023-12-01",240,0.9875,194,3
"US-SRM","monthly","ET + air temperature",240,237,0.9875,"2004-01-01","2023-12-01",240,0.9875,194,3
"US-SRM","monthly","ET + net radiation",240,232,0.966666666666667,"2004-01-01","2023-12-01",240,0.966666666666667,82,7
"US-SRM","monthly","ET + all core drivers",240,237,0.9875,"2004-01-01","2023-12-01",240,0.9875,194,3
"US-SRM","monthly","ET + all drivers including net radiation",240,232,0.966666666666667,"2004-01-01","2023-12-01",240,0.966666666666667,82,7
"US-SRS","monthly","ET + soil water potential",92,84,0.91304347826087,"2011-06-01","2018-11-01",90,0.933333333333333,30,5
"US-SRS","monthly","ET + VPD",92,85,0.923913043478261,"2011-06-01","2018-11-01",90,0.944444444444444,30,4
"US-SRS","monthly","ET + air temperature",92,85,0.923913043478261,"2011-06-01","2018-11-01",90,0.944444444444444,30,4
"US-SRS","monthly","ET + net radiation",92,80,0.869565217391304,"2011-06-01","2018-11-01",90,0.888888888888889,21,6
"US-SRS","monthly","ET + all core drivers",92,84,0.91304347826087,"2011-06-01","2018-11-01",90,0.933333333333333,30,5
"US-SRS","monthly","ET + all drivers including net radiation",92,79,0.858695652173913,"2011-06-01","2018-11-01",90,0.877777777777778,21,7
"US-SSH","monthly","ET + soil water potential",71,28,0.394366197183099,"2016-01-01","2020-07-01",55,0.509090909090909,12,7
"US-SSH","monthly","ET + VPD",71,53,0.746478873239437,"2016-01-01","2021-10-01",70,0.757142857142857,20,4
"US-SSH","monthly","ET + air temperature",71,53,0.746478873239437,"2016-01-01","2021-10-01",70,0.757142857142857,20,4
"US-SSH","monthly","ET + net radiation",71,53,0.746478873239437,"2016-01-01","2021-10-01",70,0.757142857142857,20,4
"US-SSH","monthly","ET + all core drivers",71,28,0.394366197183099,"2016-01-01","2020-07-01",55,0.509090909090909,12,7
"US-SSH","monthly","ET + all drivers including net radiation",71,28,0.394366197183099,"2016-01-01","2020-07-01",55,0.509090909090909,12,7
"US-Seg","monthly","ET + soil water potential",180,0,0,NA,NA,0,NA,0,0
"US-Seg","monthly","ET + VPD",180,172,0.955555555555556,"2007-01-01","2021-12-01",180,0.955555555555556,44,8
"US-Seg","monthly","ET + air temperature",180,174,0.966666666666667,"2007-01-01","2021-12-01",180,0.966666666666667,67,6
"US-Seg","monthly","ET + net radiation",180,170,0.944444444444444,"2007-01-01","2021-12-01",180,0.944444444444444,44,10
"US-Seg","monthly","ET + all core drivers",180,0,0,NA,NA,0,NA,0,0
"US-Seg","monthly","ET + all drivers including net radiation",180,0,0,NA,NA,0,NA,0,0
"US-Ses","monthly","ET + soil water potential",180,0,0,NA,NA,0,NA,0,0
"US-Ses","monthly","ET + VPD",180,174,0.966666666666667,"2007-01-01","2021-12-01",180,0.966666666666667,52,6
"US-Ses","monthly","ET + air temperature",180,175,0.972222222222222,"2007-01-01","2021-12-01",180,0.972222222222222,62,5
"US-Ses","monthly","ET + net radiation",180,173,0.961111111111111,"2007-02-01","2021-12-01",179,0.966480446927374,52,6
"US-Ses","monthly","ET + all core drivers",180,0,0,NA,NA,0,NA,0,0
"US-Ses","monthly","ET + all drivers including net radiation",180,0,0,NA,NA,0,NA,0,0
"US-Sne","monthly","ET + soil water potential",56,0,0,NA,NA,0,NA,0,0
"US-Sne","monthly","ET + VPD",56,53,0.946428571428571,"2016-06-01","2020-12-01",55,0.963636363636364,29,2
"US-Sne","monthly","ET + air temperature",56,53,0.946428571428571,"2016-06-01","2020-12-01",55,0.963636363636364,29,2
"US-Sne","monthly","ET + net radiation",56,53,0.946428571428571,"2016-06-01","2020-12-01",55,0.963636363636364,48,2
"US-Sne","monthly","ET + all core drivers",56,0,0,NA,NA,0,NA,0,0
"US-Sne","monthly","ET + all drivers including net radiation",56,0,0,NA,NA,0,NA,0,0
"US-Snf","monthly","ET + soil water potential",25,23,0.92,"2018-08-01","2020-06-01",23,1,23,1
"US-Snf","monthly","ET + VPD",25,21,0.84,"2018-08-01","2020-06-01",23,0.91304347826087,15,2
"US-Snf","monthly","ET + air temperature",25,21,0.84,"2018-08-01","2020-06-01",23,0.91304347826087,15,2
"US-Snf","monthly","ET + net radiation",25,19,0.76,"2018-08-01","2020-06-01",23,0.826086956521739,14,2
"US-Snf","monthly","ET + all core drivers",25,21,0.84,"2018-08-01","2020-06-01",23,0.91304347826087,15,2
"US-Snf","monthly","ET + all drivers including net radiation",25,17,0.68,"2018-08-01","2020-06-01",23,0.739130434782609,6,3
"US-Syv","monthly","ET + soil water potential",270,168,0.622222222222222,"2001-10-01","2023-12-01",267,0.629213483146067,45,16
"US-Syv","monthly","ET + VPD",270,120,0.444444444444444,"2012-07-01","2023-12-01",138,0.869565217391304,45,8
"US-Syv","monthly","ET + air temperature",270,176,0.651851851851852,"2001-10-01","2023-12-01",267,0.659176029962547,45,18
"US-Syv","monthly","ET + net radiation",270,155,0.574074074074074,"2001-10-01","2023-12-01",267,0.580524344569288,45,23
"US-Syv","monthly","ET + all core drivers",270,112,0.414814814814815,"2012-07-01","2023-12-01",138,0.811594202898551,45,6
"US-Syv","monthly","ET + all drivers including net radiation",270,97,0.359259259259259,"2012-07-01","2023-12-01",138,0.702898550724638,45,8
"US-Ton","monthly","ET + soil water potential",273,231,0.846153846153846,"2001-06-01","2020-12-01",235,0.982978723404255,74,4
"US-Ton","monthly","ET + VPD",273,267,0.978021978021978,"2001-06-01","2023-12-01",271,0.985239852398524,104,4
"US-Ton","monthly","ET + air temperature",273,267,0.978021978021978,"2001-06-01","2023-12-01",271,0.985239852398524,104,4
"US-Ton","monthly","ET + net radiation",273,259,0.948717948717949,"2001-06-01","2023-12-01",271,0.955719557195572,104,8
"US-Ton","monthly","ET + all core drivers",273,231,0.846153846153846,"2001-06-01","2020-12-01",235,0.982978723404255,74,4
"US-Ton","monthly","ET + all drivers including net radiation",273,223,0.816849816849817,"2001-06-01","2020-12-01",235,0.948936170212766,68,8
"US-Tw2","monthly","ET + soil water potential",13,0,0,NA,NA,0,NA,0,0
"US-Tw2","monthly","ET + VPD",13,0,0,NA,NA,0,NA,0,0
"US-Tw2","monthly","ET + air temperature",13,0,0,NA,NA,0,NA,0,0
"US-Tw2","monthly","ET + net radiation",13,0,0,NA,NA,0,NA,0,0
"US-Tw2","monthly","ET + all core drivers",13,0,0,NA,NA,0,NA,0,0
"US-Tw2","monthly","ET + all drivers including net radiation",13,0,0,NA,NA,0,NA,0,0
"US-Tw3","monthly","ET + soil water potential",62,55,0.887096774193548,"2013-06-01","2018-05-01",60,0.916666666666667,32,3
"US-Tw3","monthly","ET + VPD",62,57,0.919354838709677,"2013-06-01","2018-05-01",60,0.95,42,2
"US-Tw3","monthly","ET + air temperature",62,59,0.951612903225806,"2013-06-01","2018-05-01",60,0.983333333333333,42,2
"US-Tw3","monthly","ET + net radiation",62,47,0.758064516129032,"2013-07-01","2018-05-01",59,0.796610169491525,16,7
"US-Tw3","monthly","ET + all core drivers",62,53,0.854838709677419,"2013-06-01","2018-05-01",60,0.883333333333333,32,3
"US-Tw3","monthly","ET + all drivers including net radiation",62,43,0.693548387096774,"2013-07-01","2018-05-01",59,0.728813559322034,16,6
"US-UC1","monthly","ET + soil water potential",56,52,0.928571428571429,"2019-06-01","2023-12-01",55,0.945454545454545,29,3
"US-UC1","monthly","ET + VPD",56,52,0.928571428571429,"2019-06-01","2023-12-01",55,0.945454545454545,29,3
"US-UC1","monthly","ET + air temperature",56,52,0.928571428571429,"2019-06-01","2023-12-01",55,0.945454545454545,29,3
"US-UC1","monthly","ET + net radiation",56,52,0.928571428571429,"2019-06-01","2023-12-01",55,0.945454545454545,29,3
"US-UC1","monthly","ET + all core drivers",56,52,0.928571428571429,"2019-06-01","2023-12-01",55,0.945454545454545,29,3
"US-UC1","monthly","ET + all drivers including net radiation",56,52,0.928571428571429,"2019-06-01","2023-12-01",55,0.945454545454545,29,3
"US-UC2","monthly","ET + soil water potential",56,52,0.928571428571429,"2019-06-01","2023-12-01",55,0.945454545454545,32,2
"US-UC2","monthly","ET + VPD",56,52,0.928571428571429,"2019-06-01","2023-12-01",55,0.945454545454545,32,2
"US-UC2","monthly","ET + air temperature",56,52,0.928571428571429,"2019-06-01","2023-12-01",55,0.945454545454545,32,2
"US-UC2","monthly","ET + net radiation",56,52,0.928571428571429,"2019-06-01","2023-12-01",55,0.945454545454545,32,2
"US-UC2","monthly","ET + all core drivers",56,52,0.928571428571429,"2019-06-01","2023-12-01",55,0.945454545454545,32,2
"US-UC2","monthly","ET + all drivers including net radiation",56,52,0.928571428571429,"2019-06-01","2023-12-01",55,0.945454545454545,32,2
"US-UMB","monthly","ET + soil water potential",180,169,0.938888888888889,"2007-01-01","2021-12-01",180,0.938888888888889,104,4
"US-UMB","monthly","ET + VPD",180,179,0.994444444444444,"2007-01-01","2021-12-01",180,0.994444444444444,108,2
"US-UMB","monthly","ET + air temperature",180,179,0.994444444444444,"2007-01-01","2021-12-01",180,0.994444444444444,108,2
"US-UMB","monthly","ET + net radiation",180,174,0.966666666666667,"2007-01-01","2021-12-01",180,0.966666666666667,71,4
"US-UMB","monthly","ET + all core drivers",180,169,0.938888888888889,"2007-01-01","2021-12-01",180,0.938888888888889,104,4
"US-UMB","monthly","ET + all drivers including net radiation",180,164,0.911111111111111,"2007-01-01","2021-12-01",180,0.911111111111111,71,6
"US-UMd","monthly","ET + soil water potential",200,194,0.97,"2007-07-01","2023-12-01",198,0.97979797979798,108,4
"US-UMd","monthly","ET + VPD",200,193,0.965,"2007-07-01","2023-12-01",198,0.974747474747475,101,5
"US-UMd","monthly","ET + air temperature",200,194,0.97,"2007-07-01","2023-12-01",198,0.97979797979798,108,4
"US-UMd","monthly","ET + net radiation",200,172,0.86,"2007-07-01","2022-07-01",181,0.950276243093923,91,8
"US-UMd","monthly","ET + all core drivers",200,193,0.965,"2007-07-01","2023-12-01",198,0.974747474747475,101,5
"US-UMd","monthly","ET + all drivers including net radiation",200,171,0.855,"2007-07-01","2022-07-01",181,0.94475138121547,84,9
"US-UTB","monthly","ET + soil water potential",27,0,0,NA,NA,0,NA,0,0
"US-UTB","monthly","ET + VPD",27,0,0,NA,NA,0,NA,0,0
"US-UTB","monthly","ET + air temperature",27,0,0,NA,NA,0,NA,0,0
"US-UTB","monthly","ET + net radiation",27,0,0,NA,NA,0,NA,0,0
"US-UTB","monthly","ET + all core drivers",27,0,0,NA,NA,0,NA,0,0
"US-UTB","monthly","ET + all drivers including net radiation",27,0,0,NA,NA,0,NA,0,0
"US-Var","monthly","ET + soil water potential",253,247,0.976284584980237,"2000-11-01","2021-10-01",252,0.98015873015873,106,5
"US-Var","monthly","ET + VPD",253,248,0.980237154150198,"2000-11-01","2021-10-01",252,0.984126984126984,106,4
"US-Var","monthly","ET + air temperature",253,248,0.980237154150198,"2000-11-01","2021-10-01",252,0.984126984126984,106,4
"US-Var","monthly","ET + net radiation",253,133,0.525691699604743,"2000-11-01","2021-09-01",251,0.529880478087649,45,15
"US-Var","monthly","ET + all core drivers",253,247,0.976284584980237,"2000-11-01","2021-10-01",252,0.98015873015873,106,5
"US-Var","monthly","ET + all drivers including net radiation",253,132,0.521739130434783,"2000-11-01","2021-09-01",251,0.525896414342629,40,16
"US-Vcm","monthly","ET + soil water potential",180,0,0,NA,NA,0,NA,0,0
"US-Vcm","monthly","ET + VPD",180,156,0.866666666666667,"2007-02-01","2021-12-01",179,0.871508379888268,50,10
"US-Vcm","monthly","ET + air temperature",180,159,0.883333333333333,"2007-02-01","2021-12-01",179,0.888268156424581,50,9
"US-Vcm","monthly","ET + net radiation",180,132,0.733333333333333,"2009-05-01","2021-12-01",152,0.868421052631579,50,9
"US-Vcm","monthly","ET + all core drivers",180,0,0,NA,NA,0,NA,0,0
"US-Vcm","monthly","ET + all drivers including net radiation",180,0,0,NA,NA,0,NA,0,0
"US-Vcp","monthly","ET + soil water potential",204,0,0,NA,NA,0,NA,0,0
"US-Vcp","monthly","ET + VPD",204,183,0.897058823529412,"2007-01-01","2023-12-01",204,0.897058823529412,35,17
"US-Vcp","monthly","ET + air temperature",204,187,0.916666666666667,"2007-01-01","2023-12-01",204,0.916666666666667,35,15
"US-Vcp","monthly","ET + net radiation",204,145,0.71078431372549,"2007-01-01","2023-12-01",204,0.71078431372549,35,16
"US-Vcp","monthly","ET + all core drivers",204,0,0,NA,NA,0,NA,0,0
"US-Vcp","monthly","ET + all drivers including net radiation",204,0,0,NA,NA,0,NA,0,0
"US-Whs","monthly","ET + soil water potential",163,155,0.950920245398773,"2007-07-01","2020-12-01",162,0.95679012345679,105,4
"US-Whs","monthly","ET + VPD",163,144,0.883435582822086,"2009-01-01","2020-12-01",144,1,144,1
"US-Whs","monthly","ET + air temperature",163,144,0.883435582822086,"2009-01-01","2020-12-01",144,1,144,1
"US-Whs","monthly","ET + net radiation",163,159,0.975460122699387,"2007-07-01","2020-12-01",162,0.981481481481482,62,4
"US-Whs","monthly","ET + all core drivers",163,137,0.840490797546012,"2009-01-01","2020-12-01",144,0.951388888888889,105,4
"US-Whs","monthly","ET + all drivers including net radiation",163,134,0.822085889570552,"2009-01-01","2020-12-01",144,0.930555555555556,62,7
"US-Wi0","monthly","ET + soil water potential",9,0,0,NA,NA,0,NA,0,0
"US-Wi0","monthly","ET + VPD",9,0,0,NA,NA,0,NA,0,0
"US-Wi0","monthly","ET + air temperature",9,0,0,NA,NA,0,NA,0,0
"US-Wi0","monthly","ET + net radiation",9,0,0,NA,NA,0,NA,0,0
"US-Wi0","monthly","ET + all core drivers",9,0,0,NA,NA,0,NA,0,0
"US-Wi0","monthly","ET + all drivers including net radiation",9,0,0,NA,NA,0,NA,0,0
"US-Wi1","monthly","ET + soil water potential",12,0,0,NA,NA,0,NA,0,0
"US-Wi1","monthly","ET + VPD",12,0,0,NA,NA,0,NA,0,0
"US-Wi1","monthly","ET + air temperature",12,0,0,NA,NA,0,NA,0,0
"US-Wi1","monthly","ET + net radiation",12,0,0,NA,NA,0,NA,0,0
"US-Wi1","monthly","ET + all core drivers",12,0,0,NA,NA,0,NA,0,0
"US-Wi1","monthly","ET + all drivers including net radiation",12,0,0,NA,NA,0,NA,0,0
"US-Wi3","monthly","ET + soil water potential",32,0,0,NA,NA,0,NA,0,0
"US-Wi3","monthly","ET + VPD",32,0,0,NA,NA,0,NA,0,0
"US-Wi3","monthly","ET + air temperature",32,0,0,NA,NA,0,NA,0,0
"US-Wi3","monthly","ET + net radiation",32,0,0,NA,NA,0,NA,0,0
"US-Wi3","monthly","ET + all core drivers",32,0,0,NA,NA,0,NA,0,0
"US-Wi3","monthly","ET + all drivers including net radiation",32,0,0,NA,NA,0,NA,0,0
"US-Wi4","monthly","ET + soil water potential",43,0,0,NA,NA,0,NA,0,0
"US-Wi4","monthly","ET + VPD",43,17,0.395348837209302,"2002-05-01","2005-10-01",42,0.404761904761905,5,4
"US-Wi4","monthly","ET + air temperature",43,17,0.395348837209302,"2002-05-01","2005-10-01",42,0.404761904761905,5,4
"US-Wi4","monthly","ET + net radiation",43,0,0,NA,NA,0,NA,0,0
"US-Wi4","monthly","ET + all core drivers",43,0,0,NA,NA,0,NA,0,0
"US-Wi4","monthly","ET + all drivers including net radiation",43,0,0,NA,NA,0,NA,0,0
"US-Wi5","monthly","ET + soil water potential",9,0,0,NA,NA,0,NA,0,0
"US-Wi5","monthly","ET + VPD",9,0,0,NA,NA,0,NA,0,0
"US-Wi5","monthly","ET + air temperature",9,0,0,NA,NA,0,NA,0,0
"US-Wi5","monthly","ET + net radiation",9,0,0,NA,NA,0,NA,0,0
"US-Wi5","monthly","ET + all core drivers",9,0,0,NA,NA,0,NA,0,0
"US-Wi5","monthly","ET + all drivers including net radiation",9,0,0,NA,NA,0,NA,0,0
"US-Wi6","monthly","ET + soil water potential",18,0,0,NA,NA,0,NA,0,0
"US-Wi6","monthly","ET + VPD",18,0,0,NA,NA,0,NA,0,0
"US-Wi6","monthly","ET + air temperature",18,0,0,NA,NA,0,NA,0,0
"US-Wi6","monthly","ET + net radiation",18,0,0,NA,NA,0,NA,0,0
"US-Wi6","monthly","ET + all core drivers",18,0,0,NA,NA,0,NA,0,0
"US-Wi6","monthly","ET + all drivers including net radiation",18,0,0,NA,NA,0,NA,0,0
"US-Wi7","monthly","ET + soil water potential",7,0,0,NA,NA,0,NA,0,0
"US-Wi7","monthly","ET + VPD",7,0,0,NA,NA,0,NA,0,0
"US-Wi7","monthly","ET + air temperature",7,0,0,NA,NA,0,NA,0,0
"US-Wi7","monthly","ET + net radiation",7,0,0,NA,NA,0,NA,0,0
"US-Wi7","monthly","ET + all core drivers",7,0,0,NA,NA,0,NA,0,0
"US-Wi7","monthly","ET + all drivers including net radiation",7,0,0,NA,NA,0,NA,0,0
"US-Wi8","monthly","ET + soil water potential",7,0,0,NA,NA,0,NA,0,0
"US-Wi8","monthly","ET + VPD",7,0,0,NA,NA,0,NA,0,0
"US-Wi8","monthly","ET + air temperature",7,0,0,NA,NA,0,NA,0,0
"US-Wi8","monthly","ET + net radiation",7,0,0,NA,NA,0,NA,0,0
"US-Wi8","monthly","ET + all core drivers",7,0,0,NA,NA,0,NA,0,0
"US-Wi8","monthly","ET + all drivers including net radiation",7,0,0,NA,NA,0,NA,0,0
"US-Wi9","monthly","ET + soil water potential",20,0,0,NA,NA,0,NA,0,0
"US-Wi9","monthly","ET + VPD",20,0,0,NA,NA,0,NA,0,0
"US-Wi9","monthly","ET + air temperature",20,0,0,NA,NA,0,NA,0,0
"US-Wi9","monthly","ET + net radiation",20,0,0,NA,NA,0,NA,0,0
"US-Wi9","monthly","ET + all core drivers",20,0,0,NA,NA,0,NA,0,0
"US-Wi9","monthly","ET + all drivers including net radiation",20,0,0,NA,NA,0,NA,0,0
"US-Wjs","monthly","ET + soil water potential",176,0,0,NA,NA,0,NA,0,0
"US-Wjs","monthly","ET + VPD",176,163,0.926136363636364,"2007-05-01","2021-12-01",176,0.926136363636364,54,9
"US-Wjs","monthly","ET + air temperature",176,166,0.943181818181818,"2007-05-01","2021-12-01",176,0.943181818181818,54,7
"US-Wjs","monthly","ET + net radiation",176,137,0.778409090909091,"2007-11-01","2021-12-01",170,0.805882352941176,34,17
"US-Wjs","monthly","ET + all core drivers",176,0,0,NA,NA,0,NA,0,0
"US-Wjs","monthly","ET + all drivers including net radiation",176,0,0,NA,NA,0,NA,0,0
"US-Wkg","monthly","ET + soil water potential",212,212,1,"2004-05-01","2021-12-01",212,1,212,1
"US-Wkg","monthly","ET + VPD",212,212,1,"2004-05-01","2021-12-01",212,1,212,1
"US-Wkg","monthly","ET + air temperature",212,212,1,"2004-05-01","2021-12-01",212,1,212,1
"US-Wkg","monthly","ET + net radiation",212,212,1,"2004-05-01","2021-12-01",212,1,212,1
"US-Wkg","monthly","ET + all core drivers",212,212,1,"2004-05-01","2021-12-01",212,1,212,1
"US-Wkg","monthly","ET + all drivers including net radiation",212,212,1,"2004-05-01","2021-12-01",212,1,212,1
"US-xAB","monthly","ET + soil water potential",78,62,0.794871794871795,"2017-08-01","2023-12-01",77,0.805194805194805,17,7
"US-xAB","monthly","ET + VPD",78,59,0.756410256410256,"2017-12-01","2023-12-01",73,0.808219178082192,17,6
"US-xAB","monthly","ET + air temperature",78,61,0.782051282051282,"2017-09-01","2023-12-01",76,0.802631578947368,17,7
"US-xAB","monthly","ET + net radiation",78,61,0.782051282051282,"2017-09-01","2023-12-01",76,0.802631578947368,17,7
"US-xAB","monthly","ET + all core drivers",78,59,0.756410256410256,"2017-12-01","2023-12-01",73,0.808219178082192,17,6
"US-xAB","monthly","ET + all drivers including net radiation",78,59,0.756410256410256,"2017-12-01","2023-12-01",73,0.808219178082192,17,6
"US-xAE","monthly","ET + soil water potential",53,19,0.358490566037736,"2019-06-01","2021-07-01",26,0.730769230769231,8,5
"US-xAE","monthly","ET + VPD",53,26,0.490566037735849,"2019-01-01","2021-12-01",36,0.722222222222222,8,7
"US-xAE","monthly","ET + air temperature",53,28,0.528301886792453,"2019-01-01","2021-12-01",36,0.777777777777778,8,6
"US-xAE","monthly","ET + net radiation",53,28,0.528301886792453,"2019-01-01","2021-12-01",36,0.777777777777778,8,6
"US-xAE","monthly","ET + all core drivers",53,19,0.358490566037736,"2019-06-01","2021-07-01",26,0.730769230769231,8,5
"US-xAE","monthly","ET + all drivers including net radiation",53,19,0.358490566037736,"2019-06-01","2021-07-01",26,0.730769230769231,8,5
"US-xBL","monthly","ET + soil water potential",36,20,0.555555555555556,"2019-10-01","2021-12-01",27,0.740740740740741,14,3
"US-xBL","monthly","ET + VPD",36,20,0.555555555555556,"2019-10-01","2021-12-01",27,0.740740740740741,14,3
"US-xBL","monthly","ET + air temperature",36,20,0.555555555555556,"2019-10-01","2021-12-01",27,0.740740740740741,14,3
"US-xBL","monthly","ET + net radiation",36,19,0.527777777777778,"2019-11-01","2021-12-01",26,0.730769230769231,14,3
"US-xBL","monthly","ET + all core drivers",36,20,0.555555555555556,"2019-10-01","2021-12-01",27,0.740740740740741,14,3
"US-xBL","monthly","ET + all drivers including net radiation",36,19,0.527777777777778,"2019-11-01","2021-12-01",26,0.730769230769231,14,3
"US-xBR","monthly","ET + soil water potential",60,24,0.4,"2019-05-01","2021-07-01",27,0.888888888888889,16,2
"US-xBR","monthly","ET + VPD",60,48,0.8,"2017-02-01","2021-12-01",59,0.813559322033898,17,6
"US-xBR","monthly","ET + air temperature",60,48,0.8,"2017-02-01","2021-12-01",59,0.813559322033898,17,6
"US-xBR","monthly","ET + net radiation",60,48,0.8,"2017-02-01","2021-12-01",59,0.813559322033898,17,6
"US-xBR","monthly","ET + all core drivers",60,24,0.4,"2019-05-01","2021-07-01",27,0.888888888888889,16,2
"US-xBR","monthly","ET + all drivers including net radiation",60,24,0.4,"2019-05-01","2021-07-01",27,0.888888888888889,16,2
"US-xCL","monthly","ET + soil water potential",51,13,0.254901960784314,"2019-04-01","2020-11-01",20,0.65,11,3
"US-xCL","monthly","ET + VPD",51,27,0.529411764705882,"2019-03-01","2021-12-01",34,0.794117647058823,14,3
"US-xCL","monthly","ET + air temperature",51,27,0.529411764705882,"2019-03-01","2021-12-01",34,0.794117647058823,14,3
"US-xCL","monthly","ET + net radiation",51,25,0.490196078431373,"2019-04-01","2021-12-01",33,0.757575757575758,14,4
"US-xCL","monthly","ET + all core drivers",51,13,0.254901960784314,"2019-04-01","2020-11-01",20,0.65,11,3
"US-xCL","monthly","ET + all drivers including net radiation",51,12,0.235294117647059,"2019-04-01","2020-11-01",20,0.6,9,4
"US-xCP","monthly","ET + soil water potential",62,10,0.161290322580645,"2019-09-01","2020-09-01",13,0.769230769230769,6,4
"US-xCP","monthly","ET + VPD",62,35,0.564516129032258,"2017-04-01","2021-12-01",57,0.614035087719298,14,9
"US-xCP","monthly","ET + air temperature",62,35,0.564516129032258,"2017-04-01","2021-12-01",57,0.614035087719298,14,9
"US-xCP","monthly","ET + net radiation",62,31,0.5,"2017-04-01","2021-12-01",57,0.543859649122807,10,9
"US-xCP","monthly","ET + all core drivers",62,10,0.161290322580645,"2019-09-01","2020-09-01",13,0.769230769230769,6,4
"US-xCP","monthly","ET + all drivers including net radiation",62,10,0.161290322580645,"2019-09-01","2020-09-01",13,0.769230769230769,6,4
"US-xDC","monthly","ET + soil water potential",53,28,0.528301886792453,"2018-11-01","2021-07-01",33,0.848484848484849,18,5
"US-xDC","monthly","ET + VPD",53,45,0.849056603773585,"2017-09-01","2021-12-01",52,0.865384615384615,13,7
"US-xDC","monthly","ET + air temperature",53,46,0.867924528301887,"2017-09-01","2021-12-01",52,0.884615384615385,18,6
"US-xDC","monthly","ET + net radiation",53,45,0.849056603773585,"2017-09-01","2021-12-01",52,0.865384615384615,13,7
"US-xDC","monthly","ET + all core drivers",53,27,0.509433962264151,"2018-11-01","2021-07-01",33,0.818181818181818,13,6
"US-xDC","monthly","ET + all drivers including net radiation",53,27,0.509433962264151,"2018-11-01","2021-07-01",33,0.818181818181818,13,6
"US-xDL","monthly","ET + soil water potential",59,14,0.23728813559322,"2018-09-01","2021-06-01",34,0.411764705882353,5,4
"US-xDL","monthly","ET + VPD",59,31,0.525423728813559,"2017-12-01","2021-12-01",49,0.63265306122449,10,6
"US-xDL","monthly","ET + air temperature",59,33,0.559322033898305,"2017-12-01","2021-12-01",49,0.673469387755102,15,5
"US-xDL","monthly","ET + net radiation",59,33,0.559322033898305,"2017-12-01","2021-12-01",49,0.673469387755102,15,5
"US-xDL","monthly","ET + all core drivers",59,13,0.220338983050847,"2018-09-01","2021-06-01",34,0.382352941176471,5,4
"US-xDL","monthly","ET + all drivers including net radiation",59,13,0.220338983050847,"2018-09-01","2021-06-01",34,0.382352941176471,5,4
"US-xDS","monthly","ET + soil water potential",59,0,0,NA,NA,0,NA,0,0
"US-xDS","monthly","ET + VPD",59,31,0.525423728813559,"2018-12-01","2021-12-01",37,0.837837837837838,29,2
"US-xDS","monthly","ET + air temperature",59,31,0.525423728813559,"2018-12-01","2021-12-01",37,0.837837837837838,29,2
"US-xDS","monthly","ET + net radiation",59,31,0.525423728813559,"2018-12-01","2021-12-01",37,0.837837837837838,29,2
"US-xDS","monthly","ET + all core drivers",59,0,0,NA,NA,0,NA,0,0
"US-xDS","monthly","ET + all drivers including net radiation",59,0,0,NA,NA,0,NA,0,0
"US-xGR","monthly","ET + soil water potential",52,19,0.365384615384615,"2019-05-01","2021-09-01",29,0.655172413793103,9,4
"US-xGR","monthly","ET + VPD",52,27,0.519230769230769,"2017-10-01","2021-12-01",51,0.529411764705882,10,5
"US-xGR","monthly","ET + air temperature",52,27,0.519230769230769,"2017-10-01","2021-12-01",51,0.529411764705882,10,5
"US-xGR","monthly","ET + net radiation",52,23,0.442307692307692,"2019-04-01","2021-12-01",33,0.696969696969697,10,4
"US-xGR","monthly","ET + all core drivers",52,19,0.365384615384615,"2019-05-01","2021-09-01",29,0.655172413793103,9,4
"US-xGR","monthly","ET + all drivers including net radiation",52,19,0.365384615384615,"2019-05-01","2021-09-01",29,0.655172413793103,9,4
"US-xHA","monthly","ET + soil water potential",59,0,0,NA,NA,0,NA,0,0
"US-xHA","monthly","ET + VPD",59,44,0.745762711864407,"2017-03-01","2021-12-01",58,0.758620689655172,18,6
"US-xHA","monthly","ET + air temperature",59,49,0.830508474576271,"2017-03-01","2021-12-01",58,0.844827586206897,18,6
"US-xHA","monthly","ET + net radiation",59,46,0.779661016949153,"2017-03-01","2021-12-01",58,0.793103448275862,12,7
"US-xHA","monthly","ET + all core drivers",59,0,0,NA,NA,0,NA,0,0
"US-xHA","monthly","ET + all drivers including net radiation",59,0,0,NA,NA,0,NA,0,0
"US-xJE","monthly","ET + soil water potential",59,27,0.457627118644068,"2019-10-01","2021-12-01",27,1,27,1
"US-xJE","monthly","ET + VPD",59,33,0.559322033898305,"2017-11-01","2021-12-01",50,0.66,27,3
"US-xJE","monthly","ET + air temperature",59,33,0.559322033898305,"2017-11-01","2021-12-01",50,0.66,27,3
"US-xJE","monthly","ET + net radiation",59,33,0.559322033898305,"2017-11-01","2021-12-01",50,0.66,27,3
"US-xJE","monthly","ET + all core drivers",59,27,0.457627118644068,"2019-10-01","2021-12-01",27,1,27,1
"US-xJE","monthly","ET + all drivers including net radiation",59,27,0.457627118644068,"2019-10-01","2021-12-01",27,1,27,1
"US-xJR","monthly","ET + soil water potential",77,50,0.649350649350649,"2017-12-01","2023-12-01",73,0.684931506849315,23,5
"US-xJR","monthly","ET + VPD",77,65,0.844155844155844,"2017-12-01","2023-12-01",73,0.89041095890411,23,8
"US-xJR","monthly","ET + air temperature",77,65,0.844155844155844,"2017-12-01","2023-12-01",73,0.89041095890411,23,8
"US-xJR","monthly","ET + net radiation",77,58,0.753246753246753,"2017-12-01","2023-12-01",73,0.794520547945205,23,7
"US-xJR","monthly","ET + all core drivers",77,50,0.649350649350649,"2017-12-01","2023-12-01",73,0.684931506849315,23,5
"US-xJR","monthly","ET + all drivers including net radiation",77,48,0.623376623376623,"2017-12-01","2023-12-01",73,0.657534246575342,23,4
"US-xKA","monthly","ET + soil water potential",54,14,0.259259259259259,"2019-04-01","2020-12-01",21,0.666666666666667,5,5
"US-xKA","monthly","ET + VPD",54,32,0.592592592592593,"2017-08-01","2021-12-01",53,0.60377358490566,8,11
"US-xKA","monthly","ET + air temperature",54,32,0.592592592592593,"2017-08-01","2021-12-01",53,0.60377358490566,8,11
"US-xKA","monthly","ET + net radiation",54,36,0.666666666666667,"2017-08-01","2021-12-01",53,0.679245283018868,8,10
"US-xKA","monthly","ET + all core drivers",54,14,0.259259259259259,"2019-04-01","2020-12-01",21,0.666666666666667,5,5
"US-xKA","monthly","ET + all drivers including net radiation",54,13,0.240740740740741,"2019-04-01","2020-12-01",21,0.619047619047619,5,5
"US-xKZ","monthly","ET + soil water potential",54,21,0.388888888888889,"2018-10-01","2021-01-01",28,0.75,9,3
"US-xKZ","monthly","ET + VPD",54,39,0.722222222222222,"2017-08-01","2021-12-01",53,0.735849056603774,17,7
"US-xKZ","monthly","ET + air temperature",54,39,0.722222222222222,"2017-08-01","2021-12-01",53,0.735849056603774,17,7
"US-xKZ","monthly","ET + net radiation",54,39,0.722222222222222,"2017-08-01","2021-12-01",53,0.735849056603774,17,7
"US-xKZ","monthly","ET + all core drivers",54,21,0.388888888888889,"2018-10-01","2021-01-01",28,0.75,9,3
"US-xKZ","monthly","ET + all drivers including net radiation",54,21,0.388888888888889,"2018-10-01","2021-01-01",28,0.75,9,3
"US-xMB","monthly","ET + soil water potential",54,16,0.296296296296296,"2020-03-01","2021-07-01",17,0.941176470588235,9,2
"US-xMB","monthly","ET + VPD",54,21,0.388888888888889,"2019-02-01","2021-12-01",35,0.6,9,5
"US-xMB","monthly","ET + air temperature",54,21,0.388888888888889,"2019-02-01","2021-12-01",35,0.6,9,5
"US-xMB","monthly","ET + net radiation",54,19,0.351851851851852,"2019-02-01","2021-12-01",35,0.542857142857143,9,5
"US-xMB","monthly","ET + all core drivers",54,16,0.296296296296296,"2020-03-01","2021-07-01",17,0.941176470588235,9,2
"US-xMB","monthly","ET + all drivers including net radiation",54,14,0.259259259259259,"2020-03-01","2021-07-01",17,0.823529411764706,9,2
"US-xML","monthly","ET + soil water potential",53,27,0.509433962264151,"2019-05-01","2021-12-01",32,0.84375,16,4
"US-xML","monthly","ET + VPD",53,19,0.358490566037736,"2019-05-01","2021-12-01",32,0.59375,7,6
"US-xML","monthly","ET + air temperature",53,27,0.509433962264151,"2019-05-01","2021-12-01",32,0.84375,16,4
"US-xML","monthly","ET + net radiation",53,26,0.490566037735849,"2019-05-01","2021-12-01",32,0.8125,16,4
"US-xML","monthly","ET + all core drivers",53,19,0.358490566037736,"2019-05-01","2021-12-01",32,0.59375,7,6
"US-xML","monthly","ET + all drivers including net radiation",53,19,0.358490566037736,"2019-05-01","2021-12-01",32,0.59375,7,6
"US-xNG","monthly","ET + soil water potential",52,29,0.557692307692308,"2019-06-01","2021-12-01",31,0.935483870967742,13,3
"US-xNG","monthly","ET + VPD",52,46,0.884615384615385,"2017-12-01","2021-12-01",49,0.938775510204082,19,4
"US-xNG","monthly","ET + air temperature",52,46,0.884615384615385,"2017-12-01","2021-12-01",49,0.938775510204082,19,4
"US-xNG","monthly","ET + net radiation",52,44,0.846153846153846,"2017-12-01","2021-12-01",49,0.897959183673469,19,5
"US-xNG","monthly","ET + all core drivers",52,29,0.557692307692308,"2019-06-01","2021-12-01",31,0.935483870967742,13,3
"US-xNG","monthly","ET + all drivers including net radiation",52,27,0.519230769230769,"2019-06-01","2021-12-01",31,0.870967741935484,11,4
"US-xNQ","monthly","ET + soil water potential",53,0,0,NA,NA,0,NA,0,0
"US-xNQ","monthly","ET + VPD",53,21,0.39622641509434,"2019-02-01","2021-12-01",35,0.6,7,7
"US-xNQ","monthly","ET + air temperature",53,25,0.471698113207547,"2019-02-01","2021-12-01",35,0.714285714285714,12,6
"US-xNQ","monthly","ET + net radiation",53,25,0.471698113207547,"2019-02-01","2021-12-01",35,0.714285714285714,12,6
"US-xNQ","monthly","ET + all core drivers",53,0,0,NA,NA,0,NA,0,0
"US-xNQ","monthly","ET + all drivers including net radiation",53,0,0,NA,NA,0,NA,0,0
"US-xRM","monthly","ET + soil water potential",59,24,0.406779661016949,"2019-02-01","2021-06-01",29,0.827586206896552,13,3
"US-xRM","monthly","ET + VPD",59,42,0.711864406779661,"2017-07-01","2021-12-01",54,0.777777777777778,13,7
"US-xRM","monthly","ET + air temperature",59,42,0.711864406779661,"2017-07-01","2021-12-01",54,0.777777777777778,13,7
"US-xRM","monthly","ET + net radiation",59,42,0.711864406779661,"2017-06-01","2021-12-01",55,0.763636363636364,13,8
"US-xRM","monthly","ET + all core drivers",59,24,0.406779661016949,"2019-02-01","2021-06-01",29,0.827586206896552,13,3
"US-xRM","monthly","ET + all drivers including net radiation",59,23,0.389830508474576,"2019-02-01","2021-06-01",29,0.793103448275862,13,4
"US-xSB","monthly","ET + soil water potential",60,12,0.2,"2019-09-01","2020-11-01",15,0.8,7,3
"US-xSB","monthly","ET + VPD",60,22,0.366666666666667,"2019-09-01","2021-12-01",28,0.785714285714286,7,5
"US-xSB","monthly","ET + air temperature",60,24,0.4,"2019-09-01","2021-12-01",28,0.857142857142857,12,4
"US-xSB","monthly","ET + net radiation",60,24,0.4,"2019-09-01","2021-12-01",28,0.857142857142857,12,4
"US-xSB","monthly","ET + all core drivers",60,12,0.2,"2019-09-01","2020-11-01",15,0.8,7,3
"US-xSB","monthly","ET + all drivers including net radiation",60,12,0.2,"2019-09-01","2020-11-01",15,0.8,7,3
"US-xSC","monthly","ET + soil water potential",36,0,0,NA,NA,0,NA,0,0
"US-xSC","monthly","ET + VPD",36,0,0,NA,NA,0,NA,0,0
"US-xSC","monthly","ET + air temperature",36,0,0,NA,NA,0,NA,0,0
"US-xSC","monthly","ET + net radiation",36,0,0,NA,NA,0,NA,0,0
"US-xSC","monthly","ET + all core drivers",36,0,0,NA,NA,0,NA,0,0
"US-xSC","monthly","ET + all drivers including net radiation",36,0,0,NA,NA,0,NA,0,0
"US-xSE","monthly","ET + soil water potential",56,25,0.446428571428571,"2019-06-01","2021-12-01",31,0.806451612903226,22,3
"US-xSE","monthly","ET + VPD",56,33,0.589285714285714,"2017-10-01","2021-12-01",51,0.647058823529412,23,4
"US-xSE","monthly","ET + air temperature",56,33,0.589285714285714,"2017-10-01","2021-12-01",51,0.647058823529412,23,4
"US-xSE","monthly","ET + net radiation",56,32,0.571428571428571,"2017-10-01","2021-12-01",51,0.627450980392157,21,5
"US-xSE","monthly","ET + all core drivers",56,25,0.446428571428571,"2019-06-01","2021-12-01",31,0.806451612903226,22,3
"US-xSE","monthly","ET + all drivers including net radiation",56,24,0.428571428571429,"2019-06-01","2021-12-01",31,0.774193548387097,21,3
"US-xSJ","monthly","ET + soil water potential",36,24,0.666666666666667,"2019-08-01","2021-11-01",28,0.857142857142857,12,3
"US-xSJ","monthly","ET + VPD",36,24,0.666666666666667,"2019-08-01","2021-11-01",28,0.857142857142857,12,3
"US-xSJ","monthly","ET + air temperature",36,24,0.666666666666667,"2019-08-01","2021-11-01",28,0.857142857142857,12,3
"US-xSJ","monthly","ET + net radiation",36,24,0.666666666666667,"2019-08-01","2021-11-01",28,0.857142857142857,12,3
"US-xSJ","monthly","ET + all core drivers",36,24,0.666666666666667,"2019-08-01","2021-11-01",28,0.857142857142857,12,3
"US-xSJ","monthly","ET + all drivers including net radiation",36,24,0.666666666666667,"2019-08-01","2021-11-01",28,0.857142857142857,12,3
"US-xSL","monthly","ET + soil water potential",79,53,0.670886075949367,"2017-07-01","2023-12-01",78,0.67948717948718,22,10
"US-xSL","monthly","ET + VPD",79,52,0.658227848101266,"2017-07-01","2023-12-01",78,0.666666666666667,22,10
"US-xSL","monthly","ET + air temperature",79,53,0.670886075949367,"2017-07-01","2023-12-01",78,0.67948717948718,22,10
"US-xSL","monthly","ET + net radiation",79,52,0.658227848101266,"2017-07-01","2023-12-01",78,0.666666666666667,22,10
"US-xSL","monthly","ET + all core drivers",79,52,0.658227848101266,"2017-07-01","2023-12-01",78,0.666666666666667,22,10
"US-xSL","monthly","ET + all drivers including net radiation",79,52,0.658227848101266,"2017-07-01","2023-12-01",78,0.666666666666667,22,10
"US-xSR","monthly","ET + soil water potential",53,17,0.320754716981132,"2019-05-01","2021-01-01",21,0.80952380952381,8,3
"US-xSR","monthly","ET + VPD",53,31,0.584905660377358,"2017-11-01","2021-12-01",50,0.62,8,8
"US-xSR","monthly","ET + air temperature",53,31,0.584905660377358,"2017-11-01","2021-12-01",50,0.62,8,8
"US-xSR","monthly","ET + net radiation",53,31,0.584905660377358,"2017-11-01","2021-12-01",50,0.62,8,8
"US-xSR","monthly","ET + all core drivers",53,17,0.320754716981132,"2019-05-01","2021-01-01",21,0.80952380952381,8,3
"US-xSR","monthly","ET + all drivers including net radiation",53,17,0.320754716981132,"2019-05-01","2021-01-01",21,0.80952380952381,8,3
"US-xST","monthly","ET + soil water potential",53,27,0.509433962264151,"2019-06-01","2021-08-01",27,1,27,1
"US-xST","monthly","ET + VPD",53,47,0.886792452830189,"2017-09-01","2021-12-01",52,0.903846153846154,43,4
"US-xST","monthly","ET + air temperature",53,47,0.886792452830189,"2017-09-01","2021-12-01",52,0.903846153846154,43,4
"US-xST","monthly","ET + net radiation",53,40,0.754716981132076,"2018-09-01","2021-12-01",40,1,40,1
"US-xST","monthly","ET + all core drivers",53,27,0.509433962264151,"2019-06-01","2021-08-01",27,1,27,1
"US-xST","monthly","ET + all drivers including net radiation",53,27,0.509433962264151,"2019-06-01","2021-08-01",27,1,27,1
"US-xTA","monthly","ET + soil water potential",53,0,0,NA,NA,0,NA,0,0
"US-xTA","monthly","ET + VPD",53,37,0.69811320754717,"2017-09-01","2021-11-01",51,0.725490196078431,15,7
"US-xTA","monthly","ET + air temperature",53,37,0.69811320754717,"2017-09-01","2021-11-01",51,0.725490196078431,15,7
"US-xTA","monthly","ET + net radiation",53,31,0.584905660377358,"2017-09-01","2021-11-01",51,0.607843137254902,12,6
"US-xTA","monthly","ET + all core drivers",53,0,0,NA,NA,0,NA,0,0
"US-xTA","monthly","ET + all drivers including net radiation",53,0,0,NA,NA,0,NA,0,0
"US-xTR","monthly","ET + soil water potential",54,23,0.425925925925926,"2019-07-01","2021-08-01",26,0.884615384615385,15,2
"US-xTR","monthly","ET + VPD",54,45,0.833333333333333,"2017-08-01","2021-07-01",48,0.9375,38,2
"US-xTR","monthly","ET + air temperature",54,50,0.925925925925926,"2017-08-01","2021-12-01",53,0.943396226415094,38,2
"US-xTR","monthly","ET + net radiation",54,50,0.925925925925926,"2017-08-01","2021-12-01",53,0.943396226415094,38,2
"US-xTR","monthly","ET + all core drivers",54,22,0.407407407407407,"2019-07-01","2021-07-01",25,0.88,15,2
"US-xTR","monthly","ET + all drivers including net radiation",54,22,0.407407407407407,"2019-07-01","2021-07-01",25,0.88,15,2
"US-xUK","monthly","ET + soil water potential",54,16,0.296296296296296,"2019-04-01","2021-01-01",22,0.727272727272727,6,4
"US-xUK","monthly","ET + VPD",54,36,0.666666666666667,"2017-08-01","2021-12-01",53,0.679245283018868,11,8
"US-xUK","monthly","ET + air temperature",54,37,0.685185185185185,"2017-08-01","2021-12-01",53,0.69811320754717,11,7
"US-xUK","monthly","ET + net radiation",54,36,0.666666666666667,"2017-08-01","2021-12-01",53,0.679245283018868,11,8
"US-xUK","monthly","ET + all core drivers",54,16,0.296296296296296,"2019-04-01","2021-01-01",22,0.727272727272727,6,4
"US-xUK","monthly","ET + all drivers including net radiation",54,15,0.277777777777778,"2019-04-01","2021-01-01",22,0.681818181818182,4,5
"US-xUN","monthly","ET + soil water potential",60,29,0.483333333333333,"2019-05-01","2021-12-01",32,0.90625,18,3
"US-xUN","monthly","ET + VPD",60,47,0.783333333333333,"2017-10-01","2021-12-01",51,0.92156862745098,31,4
"US-xUN","monthly","ET + air temperature",60,49,0.816666666666667,"2017-07-01","2021-12-01",54,0.907407407407407,31,5
"US-xUN","monthly","ET + net radiation",60,49,0.816666666666667,"2017-07-01","2021-12-01",54,0.907407407407407,31,5
"US-xUN","monthly","ET + all core drivers",60,29,0.483333333333333,"2019-05-01","2021-12-01",32,0.90625,18,3
"US-xUN","monthly","ET + all drivers including net radiation",60,29,0.483333333333333,"2019-05-01","2021-12-01",32,0.90625,18,3
"US-xWD","monthly","ET + soil water potential",77,61,0.792207792207792,"2017-09-01","2023-12-01",76,0.802631578947368,28,8
"US-xWD","monthly","ET + VPD",77,65,0.844155844155844,"2017-09-01","2023-12-01",76,0.855263157894737,31,6
"US-xWD","monthly","ET + air temperature",77,65,0.844155844155844,"2017-09-01","2023-12-01",76,0.855263157894737,31,6
"US-xWD","monthly","ET + net radiation",77,65,0.844155844155844,"2017-09-01","2023-12-01",76,0.855263157894737,31,6
"US-xWD","monthly","ET + all core drivers",77,61,0.792207792207792,"2017-09-01","2023-12-01",76,0.802631578947368,28,8
"US-xWD","monthly","ET + all drivers including net radiation",77,61,0.792207792207792,"2017-09-01","2023-12-01",76,0.802631578947368,28,8
"US-xYE","monthly","ET + soil water potential",40,13,0.325,"2019-12-01","2021-10-01",23,0.565217391304348,5,7
"US-xYE","monthly","ET + VPD",40,25,0.625,"2019-05-01","2021-12-01",32,0.78125,9,5
"US-xYE","monthly","ET + air temperature",40,25,0.625,"2019-05-01","2021-12-01",32,0.78125,9,5
"US-xYE","monthly","ET + net radiation",40,24,0.6,"2019-05-01","2021-11-01",31,0.774193548387097,9,5
"US-xYE","monthly","ET + all core drivers",40,13,0.325,"2019-12-01","2021-10-01",23,0.565217391304348,5,7
"US-xYE","monthly","ET + all drivers including net radiation",40,13,0.325,"2019-12-01","2021-10-01",23,0.565217391304348,5,7
