"Lag","MI","MIcrit","TE","TEcrit","Corr","Corrcrit","Hx","Hy","TEnorm","TEnormcrit","TE_significant","MI_significant","Site_ID","scale","driver","Lag_time","Lag_unit","record_start","record_end","n_grid","n_joint","n_valid_triplets","target_end","target_start"
0,0.01538437084759,0.000506641900064111,0.0197480689838718,0.0030283601782142,0.111869947373712,0.00368796863931735,1.94921998461778,1.23582900591992,1.59796127856474,0.245046860342946,TRUE,TRUE,"US-Var","hourly","VPD",0,"hours","2000-10-29 02:00:00","2021-10-26 05:00:00",184012,180225,179856,"2021-10-26 05:00:00","2000-10-29 03:00:00"
1,0.00441797025972601,0.000506641900064111,0.00561794893643786,0.0030283601782142,-0.0360647538753714,0.00368796863931735,1.94995288018618,1.23583386550547,0.454587715488769,0.245045896761825,TRUE,TRUE,"US-Var","hourly","VPD",1,"hours","2000-10-29 02:00:00","2021-10-26 05:00:00",184012,180225,179855,"2021-10-26 05:00:00","2000-10-29 20:00:00"
2,0.00286935084438422,0.000506641900064111,0.00636001661629315,0.0030283601782142,-0.0377093298658933,0.00368796863931735,1.95007396372268,1.23555858164299,0.514748285575897,0.245100493267363,TRUE,TRUE,"US-Var","hourly","VPD",2,"hours","2000-10-29 02:00:00","2021-10-26 05:00:00",184012,180225,179525,"2021-10-26 05:00:00","2000-10-29 21:00:00"
3,0.00159099795857109,0.000506641900064111,0.005345158578832,0.0030283601782142,-0.0280708578451889,0.00368796863931735,1.95034306640917,1.23532456823939,0.432692647443257,0.245146923818595,TRUE,TRUE,"US-Var","hourly","VPD",3,"hours","2000-10-29 02:00:00","2021-10-26 05:00:00",184012,180225,179216,"2021-10-26 05:00:00","2000-10-29 22:00:00"
4,0.00137354395914802,0.000506641900064111,0.00514924687833584,0.0030283601782142,-0.0241963850150712,0.00368796863931735,1.95086371651728,1.23580281777074,0.416672207272075,0.245052053180867,TRUE,TRUE,"US-Var","hourly","VPD",4,"hours","2000-10-29 02:00:00","2021-10-26 05:00:00",184012,180225,179077,"2021-10-26 05:00:00","2000-10-29 23:00:00"
5,0.0019550768704204,0.000506641900064111,0.00591945977064512,0.0030283601782142,-0.0186795857241267,0.00368796863931735,1.95121008186933,1.23650342214499,0.478725708690439,0.244913206383274,TRUE,TRUE,"US-Var","hourly","VPD",5,"hours","2000-10-29 02:00:00","2021-10-26 05:00:00",184012,180225,178984,"2021-10-26 05:00:00","2000-10-30"
6,0.00327431606644524,0.000506641900064111,0.00618860150839584,0.0030283601782142,-0.0133601448935772,0.00368796863931735,1.95149027777235,1.23695723893204,0.500308443462358,0.244823352246907,TRUE,TRUE,"US-Var","hourly","VPD",6,"hours","2000-10-29 02:00:00","2021-10-26 05:00:00",184012,180225,178924,"2021-10-26 05:00:00","2000-10-29 20:00:00"
7,0.00522874121700534,0.000506641900064111,0.00731028122165434,0.0030283601782142,-0.0126534066068511,0.00368796863931735,1.95147607065877,1.23747452751147,0.590741955420699,0.244721011292584,TRUE,TRUE,"US-Var","hourly","VPD",7,"hours","2000-10-29 02:00:00","2021-10-26 05:00:00",184012,180225,178890,"2021-10-26 05:00:00","2000-10-29 21:00:00"
8,0.00745298105600822,0.000506641900064111,0.00819814433328414,0.0030283601782142,-0.00905144572118253,0.00368796863931735,1.95156770773824,1.23787351705399,0.662276413570495,0.24464213318186,TRUE,TRUE,"US-Var","hourly","VPD",8,"hours","2000-10-29 02:00:00","2021-10-26 05:00:00",184012,180225,178863,"2021-10-26 05:00:00","2000-10-29 22:00:00"
9,0.00965038813619801,0.000506641900064111,0.00897273237400764,0.0030283601782142,-0.0055507038993011,0.00368796863931735,1.95165410572659,1.23817081958235,0.724676452723561,0.244583391105574,TRUE,TRUE,"US-Var","hourly","VPD",9,"hours","2000-10-29 02:00:00","2021-10-26 05:00:00",184012,180225,178835,"2021-10-26 05:00:00","2000-10-29 23:00:00"
10,0.0107099120034997,0.000506641900064111,0.00837969962175311,0.0030283601782142,-0.0010004496902932,0.00368796863931735,1.95160759820663,1.23857434272887,0.676560084660778,0.244503706700562,TRUE,TRUE,"US-Var","hourly","VPD",10,"hours","2000-10-29 02:00:00","2021-10-26 05:00:00",184012,180225,178802,"2021-10-26 05:00:00","2000-10-30"
11,0.0102358378074139,0.000506641900064111,0.00767367294041765,0.0030283601782142,-0.00023420632931789,0.00368796863931735,1.95156042411081,1.23876641945708,0.619460845877695,0.244465795217589,TRUE,TRUE,"US-Var","hourly","VPD",11,"hours","2000-10-29 02:00:00","2021-10-26 05:00:00",184012,180225,178778,"2021-10-26 05:00:00","2000-10-30 01:00:00"
12,0.00826508080408361,0.000506641900064111,0.0059788287764535,0.0030283601782142,-0.00316225098179028,0.00368796863931735,1.9516973830639,1.23876362840936,0.482644843563146,0.244466346021378,TRUE,TRUE,"US-Var","hourly","VPD",12,"hours","2000-10-29 02:00:00","2021-10-26 05:00:00",184012,180225,178777,"2021-10-26 05:00:00","2000-10-30 02:00:00"
13,0.00573441892658888,0.000506641900064111,0.0051593805623078,0.0030283601782142,0.000182087338526282,0.00368796863931735,1.95179384373483,1.2386661158166,0.416527141287502,0.244485591358713,TRUE,TRUE,"US-Var","hourly","VPD",13,"hours","2000-10-29 02:00:00","2021-10-26 05:00:00",184012,180225,178782,"2021-10-26 05:00:00","2000-10-30 03:00:00"
14,0.00336393800948542,0.000506641900064111,0.00419260152097767,0.0030283601782142,0.00234637058039576,0.00368796863931735,1.9516284255632,1.23871687919391,0.338463259151356,0.244475572189256,TRUE,TRUE,"US-Var","hourly","VPD",14,"hours","2000-10-29 02:00:00","2021-10-26 05:00:00",184012,180225,178781,"2021-10-26 05:00:00","2000-10-29 20:00:00"
15,0.00163164558147555,0.000506641900064111,0.00404696612956101,0.0030283601782142,0.00556051805536889,0.00368796863931735,1.95149848502978,1.23854016708347,0.326752917435923,0.244510453411084,TRUE,TRUE,"US-Var","hourly","VPD",15,"hours","2000-10-29 02:00:00","2021-10-26 05:00:00",184012,180225,178794,"2021-10-26 05:00:00","2000-10-29 21:00:00"
16,0.000819828685367785,0.000506641900064111,0.00395284133095686,0.0030283601782142,0.00981884855474223,0.00368796863931735,1.9513758667869,1.23826745781762,0.319223549484497,0.244564303058688,TRUE,TRUE,"US-Var","hourly","VPD",16,"hours","2000-10-29 02:00:00","2021-10-26 05:00:00",184012,180225,178810,"2021-10-26 05:00:00","2000-10-29 22:00:00"
17,0.000714102525645188,0.000506641900064111,0.00426992890982625,0.0030283601782142,0.00388169208452356,0.00368796863931735,1.95126438760728,1.2378221237702,0.344954967909342,0.244652290507647,TRUE,TRUE,"US-Var","hourly","VPD",17,"hours","2000-10-29 02:00:00","2021-10-26 05:00:00",184012,180225,178820,"2021-10-26 05:00:00","2000-10-29 20:00:00"
18,0.00133381141366407,0.000506641900064111,0.00489948728634282,0.0030283601782142,0.0076225151669384,0.00368796863931735,1.9509531870597,1.23753859509,0.395905817061528,0.2447083420452,TRUE,TRUE,"US-Var","hourly","VPD",18,"hours","2000-10-29 02:00:00","2021-10-26 05:00:00",184012,180225,178837,"2021-10-26 05:00:00","2000-10-29 21:00:00"
19,0.00236808694149282,0.000506641900064111,0.0053797176000705,0.0030283601782142,0.00634408200610924,0.00368796863931735,1.95061962576219,1.23701989238962,0.434893378284984,0.244810952260771,TRUE,TRUE,"US-Var","hourly","VPD",19,"hours","2000-10-29 02:00:00","2021-10-26 05:00:00",184012,180225,178845,"2021-10-26 05:00:00","2000-10-29 22:00:00"
20,0.00292955416300877,0.000506641900064111,0.00527168850099979,0.0030283601782142,0.00639192657400652,0.00368796863931735,1.94995596965989,1.2363262548997,0.426399462124782,0.24494830278112,TRUE,TRUE,"US-Var","hourly","VPD",20,"hours","2000-10-29 02:00:00","2021-10-26 05:00:00",184012,180225,178863,"2021-10-26 05:00:00","2000-10-29 23:00:00"
21,0.00417078484500033,0.000506641900064111,0.00618081312947982,0.0030283601782142,-0.0026363570337538,0.00368796863931735,1.94950364638906,1.23593543294579,0.500091911334573,0.245025759233738,TRUE,TRUE,"US-Var","hourly","VPD",21,"hours","2000-10-29 02:00:00","2021-10-26 05:00:00",184012,180225,178901,"2021-10-26 05:00:00","2000-10-30"
22,0.00505580038035802,0.000506641900064111,0.00667427294219625,0.0030283601782142,-0.0136660666854046,0.00368796863931735,1.94923202496874,1.23538741282037,0.540257483031899,0.245134453110583,TRUE,TRUE,"US-Var","hourly","VPD",22,"hours","2000-10-29 02:00:00","2021-10-26 05:00:00",184012,180225,178952,"2021-10-26 05:00:00","2000-10-30 01:00:00"
23,0.00621221798970639,0.000506641900064111,0.00803433022241951,0.0030283601782142,-0.0332781507032949,0.00368796863931735,1.94893198857357,1.23489888190076,0.650606324143161,0.245231429277266,TRUE,TRUE,"US-Var","hourly","VPD",23,"hours","2000-10-29 02:00:00","2021-10-26 05:00:00",184012,180225,179014,"2021-10-26 05:00:00","2000-10-30 02:00:00"
24,0.0062410451561421,0.000506641900064111,0.00806860851320312,0.0030283601782142,-0.0422552588544443,0.00368796863931735,1.9492695828037,1.23423401589967,0.653734090072186,0.245363532296323,TRUE,TRUE,"US-Var","hourly","VPD",24,"hours","2000-10-29 02:00:00","2021-10-26 05:00:00",184012,180225,179050,"2021-10-26 05:00:00","2000-10-30 03:00:00"
25,0.00232412218314115,0.000506641900064111,0.00461059976040179,0.0030283601782142,0.00553869773844331,0.00368796863931735,1.94995139742571,1.234051002707,0.373615008641299,0.245399920389937,TRUE,TRUE,"US-Var","hourly","VPD",25,"hours","2000-10-29 02:00:00","2021-10-26 05:00:00",184012,180225,179029,"2021-10-26 05:00:00","2000-10-30 04:00:00"
26,0.00141129298939147,0.000506641900064111,0.00439669546366428,0.0030283601782142,0.00360404885247876,0.00368796863931735,1.95065746783717,1.23446168117839,0.356162976194392,0.245318281189854,TRUE,TRUE,"US-Var","hourly","VPD",26,"hours","2000-10-29 02:00:00","2021-10-26 05:00:00",184012,180225,178963,"2021-10-26 05:00:00","2000-10-30 05:00:00"
27,0.000695342440806268,0.000506641900064111,0.00392186543157891,0.0030283601782142,0.00426511441815138,0.00368796863931735,1.95086225181294,1.23512700274129,0.317527300664187,0.245186136445316,TRUE,TRUE,"US-Var","hourly","VPD",27,"hours","2000-10-29 02:00:00","2021-10-26 05:00:00",184012,180225,178888,"2021-10-26 05:00:00","2000-10-30 06:00:00"
28,0.000891379760063149,0.000506641900064111,0.00432235778685275,0.0030283601782142,0.00452550661534503,0.00368796863931735,1.95102241742047,1.23590247161492,0.349732918747612,0.245032294033454,TRUE,TRUE,"US-Var","hourly","VPD",28,"hours","2000-10-29 02:00:00","2021-10-26 05:00:00",184012,180225,178819,"2021-10-26 05:00:00","2000-10-30 18:00:00"
29,0.00162282220609189,0.000506641900064111,0.004800505496247,0.0030283601782142,0.00494320904309999,0.00368796863931735,1.95121701096224,1.23669343622719,0.388172634836004,0.24487557623439,TRUE,TRUE,"US-Var","hourly","VPD",29,"hours","2000-10-29 02:00:00","2021-10-26 05:00:00",184012,180225,178765,"2021-10-26 05:00:00","2000-10-30 11:00:00"
30,0.00330423123192247,0.000506641900064111,0.00612846925498278,0.0030283601782142,0.00423321758091735,0.00368796863931735,1.95138535461509,1.2373413619035,0.495293331627974,0.244747348747434,TRUE,TRUE,"US-Var","hourly","VPD",30,"hours","2000-10-29 02:00:00","2021-10-26 05:00:00",184012,180225,178734,"2021-10-26 05:00:00","2000-10-30 12:00:00"
31,0.00597697968606958,0.000506641900064111,0.0076670971902999,0.0030283601782142,0.00908573534944581,0.00368796863931735,1.95138985949617,1.23769060465014,0.619467996403445,0.244678287678385,TRUE,TRUE,"US-Var","hourly","VPD",31,"hours","2000-10-29 02:00:00","2021-10-26 05:00:00",184012,180225,178707,"2021-10-26 05:00:00","2000-10-30 13:00:00"
32,0.00892502634797054,0.000506641900064111,0.00890158518050832,0.0030283601782142,0.00464484047764985,0.00368796863931735,1.95166159926886,1.23819439209829,0.718916612554137,0.24457873477219,TRUE,TRUE,"US-Var","hourly","VPD",32,"hours","2000-10-29 02:00:00","2021-10-26 05:00:00",184012,180225,178686,"2021-10-26 05:00:00","2000-10-30 11:00:00"
33,0.0108886012823013,0.000506641900064111,0.00904811476626577,0.0030283601782142,0.0060120472131045,0.00368796863931735,1.95173451565082,1.23846672659229,0.730590057204212,0.244524952765336,TRUE,TRUE,"US-Var","hourly","VPD",33,"hours","2000-10-29 02:00:00","2021-10-26 05:00:00",184012,180225,178667,"2021-10-26 05:00:00","2000-10-30 12:00:00"
34,0.0115260018327787,0.000506641900064111,0.00842669406012675,0.0030283601782142,0.00557088823786444,0.00368796863931735,1.95157233714955,1.2389516021115,0.680147153913472,0.244429255594252,TRUE,TRUE,"US-Var","hourly","VPD",34,"hours","2000-10-29 02:00:00","2021-10-26 05:00:00",184012,180225,178650,"2021-10-26 05:00:00","2000-10-30 13:00:00"
35,0.0107957345669587,0.000506641900064111,0.00766475570149971,0.0030283601782142,0.000953914225875683,0.00368796863931735,1.95165254741614,1.2391746700893,0.618537151098104,0.244385255066258,TRUE,TRUE,"US-Var","hourly","VPD",35,"hours","2000-10-29 02:00:00","2021-10-26 05:00:00",184012,180225,178636,"2021-10-26 05:00:00","2000-10-30 14:00:00"
36,0.00904879884205201,0.000506641900064111,0.00661051487442776,0.0030283601782142,0.00323292449154592,0.00368796863931735,1.95164164944341,1.2394126874465,0.533358657804857,0.244338323214472,TRUE,TRUE,"US-Var","hourly","VPD",36,"hours","2000-10-29 02:00:00","2021-10-26 05:00:00",184012,180225,178628,"2021-10-26 05:00:00","2000-10-30 15:00:00"
37,0.00647787246812159,0.000506641900064111,0.00530146242656127,0.0030283601782142,0.00641519079565074,0.00368796863931735,1.95166537146656,1.23910119568049,0.427847414322751,0.244399746265364,TRUE,TRUE,"US-Var","hourly","VPD",37,"hours","2000-10-29 02:00:00","2021-10-26 05:00:00",184012,180225,178617,"2021-10-26 05:00:00","2000-10-30 16:00:00"
38,0.0039952273066306,0.000506641900064111,0.00465020213772505,0.0030283601782142,0.00772170808899044,0.00368796863931735,1.95154938214701,1.23898740966176,0.375322791939795,0.244422191428155,TRUE,TRUE,"US-Var","hourly","VPD",38,"hours","2000-10-29 02:00:00","2021-10-26 05:00:00",184012,180225,178607,"2021-10-26 05:00:00","2000-10-30 17:00:00"
39,0.0021549343577516,0.000506641900064111,0.00406361565143065,0.0030283601782142,0.00819875353547267,0.00368796863931735,1.95141760580076,1.23855409098048,0.328093514931895,0.244507704610369,TRUE,TRUE,"US-Var","hourly","VPD",39,"hours","2000-10-29 02:00:00","2021-10-26 05:00:00",184012,180225,178606,"2021-10-26 05:00:00","2000-10-30 18:00:00"
40,0.000920086507775864,0.000506641900064111,0.00388722469435709,0.0030283601782142,0.00627610062083761,0.00368796863931735,1.95140472049186,1.23795564782732,0.314003551030231,0.244625902675038,TRUE,TRUE,"US-Var","hourly","VPD",40,"hours","2000-10-29 02:00:00","2021-10-26 05:00:00",184012,180225,178601,"2021-10-26 05:00:00","2000-10-30 19:00:00"
41,0.000640005098342389,0.000506641900064111,0.0040616835117806,0.0030283601782142,0.0021650419953954,0.00368796863931735,1.95164005213724,1.23775735307279,0.328148606970284,0.244665092935717,TRUE,TRUE,"US-Var","hourly","VPD",41,"hours","2000-10-29 02:00:00","2021-10-26 05:00:00",184012,180225,178604,"2021-10-26 05:00:00","2000-10-30 20:00:00"
42,0.00102847854394206,0.000506641900064111,0.00444437519762175,0.0030283601782142,-0.000975214718659667,0.00368796863931735,1.95136219987565,1.23750662117,0.359139508556311,0.244714664665878,TRUE,TRUE,"US-Var","hourly","VPD",42,"hours","2000-10-29 02:00:00","2021-10-26 05:00:00",184012,180225,178611,"2021-10-26 05:00:00","2000-10-30 21:00:00"
43,0.00181747476634886,0.000506641900064111,0.00483305227034236,0.0030283601782142,-0.0071306934700332,0.00368796863931735,1.95064550899884,1.23715281700526,0.390659278620212,0.244784648799077,TRUE,TRUE,"US-Var","hourly","VPD",43,"hours","2000-10-29 02:00:00","2021-10-26 05:00:00",184012,180225,178619,"2021-10-26 05:00:00","2000-10-30 22:00:00"
44,0.00262457354949452,0.000506641900064111,0.00507806738216043,0.0030283601782142,-0.0039794037571383,0.00368796863931735,1.94977177583484,1.23629314807287,0.410749456152541,0.244954862277997,TRUE,TRUE,"US-Var","hourly","VPD",44,"hours","2000-10-29 02:00:00","2021-10-26 05:00:00",184012,180225,178636,"2021-10-26 05:00:00","2000-10-30 23:00:00"
45,0.00355111815395981,0.000506641900064111,0.00572994489111611,0.0030283601782142,-0.0110404563198225,0.00368796863931735,1.94954716576985,1.2359180030146,0.463618531095093,0.245029214788323,TRUE,TRUE,"US-Var","hourly","VPD",45,"hours","2000-10-29 02:00:00","2021-10-26 05:00:00",184012,180225,178663,"2021-10-26 05:00:00","2000-10-31"
46,0.00430213030689153,0.000506641900064111,0.00613265156960985,0.0030283601782142,-0.0142024954947828,0.00368796863931735,1.94900035201361,1.23558488774413,0.496335915924527,0.2450952749789,TRUE,TRUE,"US-Var","hourly","VPD",46,"hours","2000-10-29 02:00:00","2021-10-26 05:00:00",184012,180225,178691,"2021-10-26 05:00:00","2000-10-31 01:00:00"
47,0.00573089016400852,0.000506641900064111,0.00778243351933305,0.0030283601782142,-0.0301775080071089,0.00368796863931735,1.94880027869728,1.23516418522822,0.630072796184183,0.245178755539665,TRUE,TRUE,"US-Var","hourly","VPD",47,"hours","2000-10-29 02:00:00","2021-10-26 05:00:00",184012,180225,178720,"2021-10-26 05:00:00","2000-10-31 02:00:00"
48,0.00567448739539067,0.000506641900064111,0.00794441021658621,0.0030283601782142,-0.0418881641242836,0.00368796863931735,1.94886095144991,1.23492684368955,0.643310189359149,0.245225876633022,TRUE,TRUE,"US-Var","hourly","VPD",48,"hours","2000-10-29 02:00:00","2021-10-26 05:00:00",184012,180225,178739,"2021-10-26 05:00:00","2000-10-31 03:00:00"
0,0.00291548643189032,0.000504470190284645,0.00483991771625591,0.00193590728399446,-0.00399458809399993,0.00398943837757493,0.416338490486157,1.23582900591992,0.391633283655874,0.156648474402284,TRUE,TRUE,"US-Var","hourly","Soil",0,"hours","2000-10-29 02:00:00","2021-10-26 05:00:00",184012,180225,179856,"2021-10-26 05:00:00","2000-10-29 03:00:00"
1,0.00310676936591103,0.000504470190284645,0.00487664330856363,0.00193590728399446,-0.0126502494991028,0.00398943837757493,0.416475334277084,1.23583386550547,0.394603469340034,0.15664785842413,TRUE,TRUE,"US-Var","hourly","Soil",1,"hours","2000-10-29 02:00:00","2021-10-26 05:00:00",184012,180225,179855,"2021-10-26 05:00:00","2000-10-29 20:00:00"
2,0.00337768274687367,0.000504470190284645,0.00490080618085953,0.00193590728399446,-0.00685163353164549,0.00398943837757493,0.415952717209143,1.23555858164299,0.396647010807263,0.156682759745813,TRUE,TRUE,"US-Var","hourly","Soil",2,"hours","2000-10-29 02:00:00","2021-10-26 05:00:00",184012,180225,179525,"2021-10-26 05:00:00","2000-10-29 21:00:00"
3,0.00338385928597185,0.000504470190284645,0.00470869204157776,0.00193590728399446,-0.00547738128824693,0.00398943837757493,0.415493794482906,1.23532456823939,0.381170435903229,0.156712440905596,TRUE,TRUE,"US-Var","hourly","Soil",3,"hours","2000-10-29 02:00:00","2021-10-26 05:00:00",184012,180225,179216,"2021-10-26 05:00:00","2000-10-29 22:00:00"
4,0.00310321714299699,0.000504470190284645,0.00421152956319171,0.00193590728399446,-0.00102576893119795,0.00398943837757493,0.415263610285285,1.23580281777074,0.340793005375151,0.156651793972006,TRUE,TRUE,"US-Var","hourly","Soil",4,"hours","2000-10-29 02:00:00","2021-10-26 05:00:00",184012,180225,179077,"2021-10-26 05:00:00","2000-10-29 23:00:00"
5,0.00275506191006336,0.000504470190284645,0.00398358299606505,0.00193590728399446,-0.00331370981146646,0.00398943837757493,0.415159823526341,1.23650342214499,0.322165141213653,0.15656303487104,TRUE,TRUE,"US-Var","hourly","Soil",5,"hours","2000-10-29 02:00:00","2021-10-26 05:00:00",184012,180225,178984,"2021-10-26 05:00:00","2000-10-30"
6,0.0030829008653086,0.000504470190284645,0.00407887970614551,0.00193590728399446,-0.00423003324724295,0.00398943837757493,0.414787439293633,1.23695723893204,0.329751068005158,0.156505594782394,TRUE,TRUE,"US-Var","hourly","Soil",6,"hours","2000-10-29 02:00:00","2021-10-26 05:00:00",184012,180225,178924,"2021-10-26 05:00:00","2000-10-29 20:00:00"
7,0.0030773576521812,0.000504470190284645,0.0042432765923679,0.00193590728399446,-0.00388229002412806,0.00398943837757493,0.415117761918311,1.23747452751147,0.342898095922912,0.156440172379751,TRUE,TRUE,"US-Var","hourly","Soil",7,"hours","2000-10-29 02:00:00","2021-10-26 05:00:00",184012,180225,178890,"2021-10-26 05:00:00","2000-10-29 21:00:00"
8,0.00313167717347596,0.000504470190284645,0.00428093952287201,0.00193590728399446,-0.00214736295335644,0.00398943837757493,0.415438202044995,1.23787351705399,0.345830124313523,0.156389748817126,TRUE,TRUE,"US-Var","hourly","Soil",8,"hours","2000-10-29 02:00:00","2021-10-26 05:00:00",184012,180225,178863,"2021-10-26 05:00:00","2000-10-29 22:00:00"
9,0.00303847354017628,0.000504470190284645,0.00441873311034291,0.00193590728399446,0.000423273549078899,0.00398943837757493,0.415531148579507,1.23817081958235,0.356875888242415,0.156352197400958,TRUE,TRUE,"US-Var","hourly","Soil",9,"hours","2000-10-29 02:00:00","2021-10-26 05:00:00",184012,180225,178835,"2021-10-26 05:00:00","2000-10-29 23:00:00"
10,0.00301467107467746,0.000504470190284645,0.00429814591985833,0.00193590728399446,-0.000525191005665873,0.00398943837757493,0.415485193879782,1.23857434272887,0.347023652241052,0.156301258407243,TRUE,TRUE,"US-Var","hourly","Soil",10,"hours","2000-10-29 02:00:00","2021-10-26 05:00:00",184012,180225,178802,"2021-10-26 05:00:00","2000-10-30"
11,0.00274010027501892,0.000504470190284645,0.00387317643024421,0.00193590728399446,0.000590125212830829,0.00398943837757493,0.415497706788333,1.23876641945708,0.312663983250509,0.156277023140724,TRUE,TRUE,"US-Var","hourly","Soil",11,"hours","2000-10-29 02:00:00","2021-10-26 05:00:00",184012,180225,178778,"2021-10-26 05:00:00","2000-10-30 01:00:00"
12,0.00278326083352387,0.000504470190284645,0.00423479812495575,0.00193590728399446,-0.00306257218652312,0.00398943837757493,0.415618096509188,1.23876362840936,0.341856834333557,0.156277375247146,TRUE,TRUE,"US-Var","hourly","Soil",12,"hours","2000-10-29 02:00:00","2021-10-26 05:00:00",184012,180225,178777,"2021-10-26 05:00:00","2000-10-30 02:00:00"
13,0.00286563575715082,0.000504470190284645,0.00398713776157456,0.00193590728399446,0.00143931292284067,0.00398943837757493,0.415317820688288,1.2386661158166,0.321889628743579,0.156289678007233,TRUE,TRUE,"US-Var","hourly","Soil",13,"hours","2000-10-29 02:00:00","2021-10-26 05:00:00",184012,180225,178782,"2021-10-26 05:00:00","2000-10-30 03:00:00"
14,0.00275764450455651,0.000504470190284645,0.00411385755550286,0.00193590728399446,-0.00253444506756507,0.00398943837757493,0.415111236344973,1.23871687919391,0.332106361397121,0.156283273160389,TRUE,TRUE,"US-Var","hourly","Soil",14,"hours","2000-10-29 02:00:00","2021-10-26 05:00:00",184012,180225,178781,"2021-10-26 05:00:00","2000-10-29 20:00:00"
15,0.00294682596107898,0.000504470190284645,0.00445973649787446,0.00193590728399446,-0.00464496606000352,0.00398943837757493,0.414879739931032,1.23854016708347,0.36008008592699,0.156305571304413,TRUE,TRUE,"US-Var","hourly","Soil",15,"hours","2000-10-29 02:00:00","2021-10-26 05:00:00",184012,180225,178794,"2021-10-26 05:00:00","2000-10-29 21:00:00"
16,0.00296333525818726,0.000504470190284645,0.00427831123268385,0.00193590728399446,0.00212930418994873,0.00398943837757493,0.414752636093788,1.23826745781762,0.345507846925424,0.156339995190247,TRUE,TRUE,"US-Var","hourly","Soil",16,"hours","2000-10-29 02:00:00","2021-10-26 05:00:00",184012,180225,178810,"2021-10-26 05:00:00","2000-10-29 22:00:00"
17,0.00323833707136156,0.000504470190284645,0.00455242586166671,0.00193590728399446,-0.00820410341775598,0.00398943837757493,0.414531593335957,1.2378221237702,0.367777063783669,0.156396241981683,TRUE,TRUE,"US-Var","hourly","Soil",17,"hours","2000-10-29 02:00:00","2021-10-26 05:00:00",184012,180225,178820,"2021-10-26 05:00:00","2000-10-29 20:00:00"
18,0.0029620230622156,0.000504470190284645,0.00424407015469308,0.00193590728399446,-0.0012796529434448,0.00398943837757493,0.414614257150047,1.23753859509,0.342944468280153,0.156432073446055,TRUE,TRUE,"US-Var","hourly","Soil",18,"hours","2000-10-29 02:00:00","2021-10-26 05:00:00",184012,180225,178837,"2021-10-26 05:00:00","2000-10-29 21:00:00"
19,0.00274807980269509,0.000504470190284645,0.00396581718176048,0.00193590728399446,0.00582823641347234,0.00398943837757493,0.414423353058514,1.23701989238962,0.320594454960581,0.156497667976443,TRUE,TRUE,"US-Var","hourly","Soil",19,"hours","2000-10-29 02:00:00","2021-10-26 05:00:00",184012,180225,178845,"2021-10-26 05:00:00","2000-10-29 22:00:00"
20,0.00272011173084374,0.000504470190284645,0.00448647716375872,0.00193590728399446,-0.00443314792817145,0.00398943837757493,0.414556112589727,1.2363262548997,0.36288780133709,0.156585470568326,TRUE,TRUE,"US-Var","hourly","Soil",20,"hours","2000-10-29 02:00:00","2021-10-26 05:00:00",184012,180225,178863,"2021-10-26 05:00:00","2000-10-29 23:00:00"
21,0.00242121159178232,0.000504470190284645,0.00434155268923897,0.00193590728399446,0.000140619576199662,0.00398943837757493,0.414389734561787,1.23593543294579,0.351276658432803,0.156634985322844,TRUE,TRUE,"US-Var","hourly","Soil",21,"hours","2000-10-29 02:00:00","2021-10-26 05:00:00",184012,180225,178901,"2021-10-26 05:00:00","2000-10-30"
22,0.00259752262151247,0.000504470190284645,0.00435115531899166,0.00193590728399446,-0.00245910582713119,0.00398943837757493,0.414497116182081,1.23538741282037,0.352209782440476,0.156704468890031,TRUE,TRUE,"US-Var","hourly","Soil",22,"hours","2000-10-29 02:00:00","2021-10-26 05:00:00",184012,180225,178952,"2021-10-26 05:00:00","2000-10-30 01:00:00"
23,0.00275062460813991,0.000504470190284645,0.0041846276130828,0.00193590728399446,-0.0102751507435812,0.00398943837757493,0.414051627548903,1.23489888190076,0.338863989142319,0.156766461802501,TRUE,TRUE,"US-Var","hourly","Soil",23,"hours","2000-10-29 02:00:00","2021-10-26 05:00:00",184012,180225,179014,"2021-10-26 05:00:00","2000-10-30 02:00:00"
24,0.00268148622143194,0.000504470190284645,0.00411282671878999,0.00193590728399446,-0.00170346462039424,0.00398943837757493,0.414075382085735,1.23423401589967,0.333229085068768,0.156850909880596,TRUE,TRUE,"US-Var","hourly","Soil",24,"hours","2000-10-29 02:00:00","2021-10-26 05:00:00",184012,180225,179050,"2021-10-26 05:00:00","2000-10-30 03:00:00"
25,0.00259352026080983,0.000504470190284645,0.00415067233926125,0.00193590728399446,0.00488506238763546,0.00398943837757493,0.413940123680978,1.234051002707,0.336345283149269,0.156874171306362,TRUE,TRUE,"US-Var","hourly","Soil",25,"hours","2000-10-29 02:00:00","2021-10-26 05:00:00",184012,180225,179029,"2021-10-26 05:00:00","2000-10-30 04:00:00"
26,0.00253177600704335,0.000504470190284645,0.00394814479363825,0.00193590728399446,0.00271551581847158,0.00398943837757493,0.41430694009356,1.23446168117839,0.31982724565978,0.156821982691799,TRUE,TRUE,"US-Var","hourly","Soil",26,"hours","2000-10-29 02:00:00","2021-10-26 05:00:00",184012,180225,178963,"2021-10-26 05:00:00","2000-10-30 05:00:00"
27,0.00259259445366999,0.000504470190284645,0.00420120859319706,0.00193590728399446,0.00166796900273875,0.00398943837757493,0.413919645468744,1.23512700274129,0.340143854346373,0.156737507940303,TRUE,TRUE,"US-Var","hourly","Soil",27,"hours","2000-10-29 02:00:00","2021-10-26 05:00:00",184012,180225,178888,"2021-10-26 05:00:00","2000-10-30 06:00:00"
28,0.00224165047987457,0.000504470190284645,0.00350418556594434,0.00193590728399446,-0.000418652567917976,0.00398943837757493,0.413438943106593,1.23590247161492,0.283532531605468,0.156639162754069,TRUE,TRUE,"US-Var","hourly","Soil",28,"hours","2000-10-29 02:00:00","2021-10-26 05:00:00",184012,180225,178819,"2021-10-26 05:00:00","2000-10-30 18:00:00"
29,0.0022389374480245,0.000504470190284645,0.00363606890059431,0.00193590728399446,0.00167098818542802,0.00398943837757493,0.413000278857915,1.23669343622719,0.294015379566254,0.156538979449942,TRUE,TRUE,"US-Var","hourly","Soil",29,"hours","2000-10-29 02:00:00","2021-10-26 05:00:00",184012,180225,178765,"2021-10-26 05:00:00","2000-10-30 11:00:00"
30,0.00227060316934491,0.000504470190284645,0.00350160581206893,0.00193590728399446,0.00163235354110666,0.00398943837757493,0.412961189693592,1.2373413619035,0.282994323141525,0.156457008841627,TRUE,TRUE,"US-Var","hourly","Soil",30,"hours","2000-10-29 02:00:00","2021-10-26 05:00:00",184012,180225,178734,"2021-10-26 05:00:00","2000-10-30 12:00:00"
31,0.0020084086778851,0.000504470190284645,0.00323212528344552,0.00193590728399446,-0.000464483150042148,0.00398943837757493,0.413517868271821,1.23769060465014,0.261141619020301,0.15641286091379,TRUE,TRUE,"US-Var","hourly","Soil",31,"hours","2000-10-29 02:00:00","2021-10-26 05:00:00",184012,180225,178707,"2021-10-26 05:00:00","2000-10-30 13:00:00"
32,0.00198442673956389,0.000504470190284645,0.00369618240439262,0.00193590728399446,-0.000759862399009971,0.00398943837757493,0.413893315468675,1.23819439209829,0.298513902823363,0.156349220796728,TRUE,TRUE,"US-Var","hourly","Soil",32,"hours","2000-10-29 02:00:00","2021-10-26 05:00:00",184012,180225,178686,"2021-10-26 05:00:00","2000-10-30 11:00:00"
33,0.00217985118627606,0.000504470190284645,0.00381964472987528,0.00193590728399446,5.6995052839044e-05,0.00398943837757493,0.414242478576412,1.23846672659229,0.308417226547962,0.15631484015087,TRUE,TRUE,"US-Var","hourly","Soil",33,"hours","2000-10-29 02:00:00","2021-10-26 05:00:00",184012,180225,178667,"2021-10-26 05:00:00","2000-10-30 12:00:00"
34,0.00216507703946478,0.000504470190284645,0.00350421553017144,0.00193590728399446,-0.000327504483947527,0.00398943837757493,0.414230188963554,1.2389516021115,0.282837160402337,0.15625366484818,TRUE,TRUE,"US-Var","hourly","Soil",34,"hours","2000-10-29 02:00:00","2021-10-26 05:00:00",184012,180225,178650,"2021-10-26 05:00:00","2000-10-30 13:00:00"
35,0.00205545420347453,0.000504470190284645,0.00350790149572289,0.00193590728399446,3.43650616396716e-05,0.00398943837757493,0.41428669387989,1.2391746700893,0.283083699206834,0.156225537103252,TRUE,TRUE,"US-Var","hourly","Soil",35,"hours","2000-10-29 02:00:00","2021-10-26 05:00:00",184012,180225,178636,"2021-10-26 05:00:00","2000-10-30 14:00:00"
36,0.00216935117428352,0.000504470190284645,0.00358075043432171,0.00193590728399446,-0.00037475457487526,0.00398943837757493,0.41397472423002,1.2394126874465,0.288907034000027,0.156195535482448,TRUE,TRUE,"US-Var","hourly","Soil",36,"hours","2000-10-29 02:00:00","2021-10-26 05:00:00",184012,180225,178628,"2021-10-26 05:00:00","2000-10-30 15:00:00"
37,0.00193944147164293,0.000504470190284645,0.00326471781665427,0.00193590728399446,0.00437847277616209,0.00398943837757493,0.413682638498003,1.23910119568049,0.263474672450894,0.156234800736457,TRUE,TRUE,"US-Var","hourly","Soil",37,"hours","2000-10-29 02:00:00","2021-10-26 05:00:00",184012,180225,178617,"2021-10-26 05:00:00","2000-10-30 16:00:00"
38,0.00212454448316279,0.000504470190284645,0.00360027673718433,0.00193590728399446,0.00117023958635908,0.00398943837757493,0.413518757223878,1.23898740966176,0.290582189060921,0.156249149014594,TRUE,TRUE,"US-Var","hourly","Soil",38,"hours","2000-10-29 02:00:00","2021-10-26 05:00:00",184012,180225,178607,"2021-10-26 05:00:00","2000-10-30 17:00:00"
39,0.00220453269219489,0.000504470190284645,0.00377541418252703,0.00193590728399446,0.000604238988536364,0.00398943837757493,0.413862989402776,1.23855409098048,0.304824327820699,0.156303814108105,TRUE,TRUE,"US-Var","hourly","Soil",39,"hours","2000-10-29 02:00:00","2021-10-26 05:00:00",184012,180225,178606,"2021-10-26 05:00:00","2000-10-30 18:00:00"
40,0.00217300500594408,0.000504470190284645,0.00354884033983138,0.00193590728399446,-0.00244605256701158,0.00398943837757493,0.413796525885833,1.23795564782732,0.286669425197889,0.156379373315359,TRUE,TRUE,"US-Var","hourly","Soil",40,"hours","2000-10-29 02:00:00","2021-10-26 05:00:00",184012,180225,178601,"2021-10-26 05:00:00","2000-10-30 19:00:00"
41,0.00222020398642542,0.000504470190284645,0.00359413502767669,0.00193590728399446,-0.00063527093969061,0.00398943837757493,0.413656945277952,1.23775735307279,0.290374766811451,0.156404426052367,TRUE,TRUE,"US-Var","hourly","Soil",41,"hours","2000-10-29 02:00:00","2021-10-26 05:00:00",184012,180225,178604,"2021-10-26 05:00:00","2000-10-30 20:00:00"
42,0.00220519679196518,0.000504470190284645,0.00364906249221697,0.00193590728399446,0.00374437287018699,0.00398943837757493,0.413527305963419,1.23750662117,0.294872159048892,0.156436115239865,TRUE,TRUE,"US-Var","hourly","Soil",42,"hours","2000-10-29 02:00:00","2021-10-26 05:00:00",184012,180225,178611,"2021-10-26 05:00:00","2000-10-30 21:00:00"
43,0.00239971531135197,0.000504470190284645,0.00366692123774026,0.00193590728399446,-0.00328168863715222,0.00398943837757493,0.413403914581033,1.23715281700526,0.296400023290307,0.156480853245007,TRUE,TRUE,"US-Var","hourly","Soil",43,"hours","2000-10-29 02:00:00","2021-10-26 05:00:00",184012,180225,178619,"2021-10-26 05:00:00","2000-10-30 22:00:00"
44,0.00214266431336552,0.000504470190284645,0.00364966338455597,0.00193590728399446,-0.000356002311679972,0.00398943837757493,0.413071017388264,1.23629314807287,0.295210192683269,0.15658966378744,TRUE,TRUE,"US-Var","hourly","Soil",44,"hours","2000-10-29 02:00:00","2021-10-26 05:00:00",184012,180225,178636,"2021-10-26 05:00:00","2000-10-30 23:00:00"
45,0.00196949521080625,0.000504470190284645,0.00358733268160538,0.00193590728399446,-0.00417832441899956,0.00398943837757493,0.412603597918986,1.2359180030146,0.290256527767643,0.156637194318108,TRUE,TRUE,"US-Var","hourly","Soil",45,"hours","2000-10-29 02:00:00","2021-10-26 05:00:00",184012,180225,178663,"2021-10-26 05:00:00","2000-10-31"
46,0.00200967936870655,0.000504470190284645,0.00373333079744675,0.00193590728399446,-0.00801114722843545,0.00398943837757493,0.412583311015233,1.23558488774413,0.302150895052051,0.156679423906596,TRUE,TRUE,"US-Var","hourly","Soil",46,"hours","2000-10-29 02:00:00","2021-10-26 05:00:00",184012,180225,178691,"2021-10-26 05:00:00","2000-10-31 01:00:00"
47,0.00205058923531642,0.000504470190284645,0.00384210173352795,0.00193590728399446,-0.00396645019689989,0.00398943837757493,0.412325640134827,1.23516418522822,0.311060001534779,0.156732789628025,TRUE,TRUE,"US-Var","hourly","Soil",47,"hours","2000-10-29 02:00:00","2021-10-26 05:00:00",184012,180225,178720,"2021-10-26 05:00:00","2000-10-31 02:00:00"
48,0.00201184251140085,0.000504470190284645,0.003757901802667,0.00193590728399446,0.00424177512075547,0.00398943837757493,0.412249339028457,1.23492684368955,0.304301572345746,0.156762912223255,TRUE,TRUE,"US-Var","hourly","Soil",48,"hours","2000-10-29 02:00:00","2021-10-26 05:00:00",184012,180225,178739,"2021-10-26 05:00:00","2000-10-31 03:00:00"
0,0.0659845490859921,0.00304417337912285,0.109816210689669,0.0152174654064262,0.270348341271849,0.0101894598653835,2.215689225718,1.44930147214191,7.57718202875849,1.04998619672527,TRUE,TRUE,"US-Var","6_hourly","VPD",0,"hours","2000-10-30","2021-10-26",30665,29868,29739,"2021-10-26","2000-10-31"
1,0.0335569850237114,0.00304417337912285,0.040991491305622,0.0152174654064262,-0.161649645522259,0.0101894598653835,2.21681290102189,1.44930147214191,2.82836194494725,1.04998619672527,TRUE,TRUE,"US-Var","6_hourly","VPD",6,"hours","2000-10-30","2021-10-26",30665,29868,29739,"2021-10-26","2000-10-31"
2,0.00779021543461944,0.00304417337912285,0.0341660398108745,0.0152174654064262,-0.0120685680762774,0.0101894598653835,2.21665411356424,1.44972903914811,2.35671900667391,1.04967652544011,TRUE,TRUE,"US-Var","6_hourly","VPD",12,"hours","2000-10-30","2021-10-26",30665,29868,29646,"2021-10-26","2000-10-31 06:00:00"
3,0.00599396799877461,0.00304417337912285,0.0225666326033362,0.0152174654064262,-0.00231144659644576,0.0101894598653835,2.21641913727877,1.44841727326572,1.55802012443939,1.05062716989805,TRUE,TRUE,"US-Var","6_hourly","VPD",18,"hours","2000-10-30","2021-10-26",30665,29868,29582,"2021-10-26","2000-10-31 12:00:00"
4,0.0115951787788391,0.00304417337912285,0.0327195447198561,0.0152174654064262,-0.0929902386854744,0.0101894598653835,2.21617706417967,1.44730266023669,2.26072580523725,1.05143629072979,TRUE,TRUE,"US-Var","6_hourly","VPD",24,"hours","2000-10-30","2021-10-26",30665,29868,29581,"2021-10-26","2000-10-31 18:00:00"
5,0.0108808287895781,0.00304417337912285,0.0258250456723665,0.0152174654064262,0.0425785138631223,0.0101894598653835,2.21697687498244,1.44901815519661,1.78224445151016,1.05019149358839,TRUE,TRUE,"US-Var","6_hourly","VPD",30,"hours","2000-10-30","2021-10-26",30665,29868,29566,"2021-10-26","2000-11-01"
6,0.014725984881693,0.00304417337912285,0.0273471487922157,0.0152174654064262,0.0726779090195814,0.0101894598653835,2.21678527255881,1.44943294003093,1.88674812314064,1.04989095984679,TRUE,TRUE,"US-Var","6_hourly","VPD",36,"hours","2000-10-30","2021-10-26",30665,29868,29532,"2021-10-26","2000-11-01 06:00:00"
7,0.0069775091106381,0.00304417337912285,0.0209092116379805,0.0152174654064262,-0.0332725097174259,0.0101894598653835,2.21669066788287,1.44835561530166,1.44365178117017,1.05067189615975,TRUE,TRUE,"US-Var","6_hourly","VPD",42,"hours","2000-10-30","2021-10-26",30665,29868,29515,"2021-10-26","2000-11-01 12:00:00"
8,0.0134217904270448,0.00304417337912285,0.0352913384992037,0.0152174654064262,-0.114601495318196,0.0101894598653835,2.21579730548584,1.44868022181282,2.43610273460085,1.05043647157574,TRUE,TRUE,"US-Var","6_hourly","VPD",48,"hours","2000-10-30","2021-10-26",30665,29868,29516,"2021-10-26","2000-11-01 18:00:00"
9,0.0152346142177611,0.00304417337912285,0.0292503234285597,0.0152174654064262,0.0618983125661844,0.0101894598653835,2.216569241459,1.44952795642576,2.01792061332056,1.04982213961222,TRUE,TRUE,"US-Var","6_hourly","VPD",54,"hours","2000-10-30","2021-10-26",30665,29868,29504,"2021-10-26","2000-11-02"
10,0.0122787870019261,0.00304417337912285,0.0222456053195037,0.0152174654064262,0.0238559321879049,0.0101894598653835,2.2173629921173,1.44959675094009,1.53460645555925,1.04977231747777,TRUE,TRUE,"US-Var","6_hourly","VPD",60,"hours","2000-10-30","2021-10-26",30665,29868,29481,"2021-10-26","2000-11-02 06:00:00"
11,0.00662859429673901,0.00304417337912285,0.0188280260870179,0.0152174654064262,-0.00139221069101273,0.0101894598653835,2.21680903275299,1.44837117248025,1.29994482386556,1.05066061073054,TRUE,TRUE,"US-Var","6_hourly","VPD",66,"hours","2000-10-30","2021-10-26",30665,29868,29465,"2021-10-26","2000-11-02 12:00:00"
12,0.00543261103808312,0.00304417337912285,0.0222153355566244,0.0152174654064262,0.00859652204724942,0.0101894598653835,2.21548617927899,1.44903870392113,1.53310850127807,1.05017660089047,TRUE,TRUE,"US-Var","6_hourly","VPD",72,"hours","2000-10-30","2021-10-26",30665,29868,29462,"2021-10-26","2000-11-02 18:00:00"
13,0.0149957994955621,0.00304417337912285,0.0293598987598305,0.0152174654064262,-0.00426988376409403,0.0101894598653835,2.21644333709278,1.45043786157901,2.02420934653953,1.04916355326382,TRUE,TRUE,"US-Var","6_hourly","VPD",78,"hours","2000-10-30","2021-10-26",30665,29868,29446,"2021-10-26","2000-11-03"
14,0.0143112566884951,0.00304417337912285,0.019649120753761,0.0152174654064262,-0.000250634604883571,0.0101894598653835,2.21659190543063,1.45034810217057,1.3547865318922,1.04922848408957,TRUE,TRUE,"US-Var","6_hourly","VPD",84,"hours","2000-10-30","2021-10-26",30665,29868,29425,"2021-10-26","2000-11-03 06:00:00"
15,0.00780143550991808,0.00304417337912285,0.0179626692928156,0.0152174654064262,-0.00665370646884566,0.0101894598653835,2.21555400180377,1.44890682425846,1.23973943610962,1.05027218808321,TRUE,TRUE,"US-Var","6_hourly","VPD",90,"hours","2000-10-30","2021-10-26",30665,29868,29410,"2021-10-26","2000-11-03 12:00:00"
16,0.00630363891594188,0.00304417337912285,0.0250357689823222,0.0152174654064262,0.00545008486428112,0.0101894598653835,2.21451276892684,1.44762214082637,1.72944087246625,1.05120424572529,TRUE,TRUE,"US-Var","6_hourly","VPD",96,"hours","2000-10-30","2021-10-26",30665,29868,29405,"2021-10-26","2000-11-03 18:00:00"
17,0.0153456875410938,0.00304417337912285,0.0301745620269376,0.0152174654064262,-0.000527348315176166,0.0101894598653835,2.21628671276627,1.44812182272469,2.08370328748745,1.05084152228256,TRUE,TRUE,"US-Var","6_hourly","VPD",102,"hours","2000-10-30","2021-10-26",30665,29868,29391,"2021-10-26","2000-11-04"
18,0.0142415479316291,0.00304417337912285,0.0204033246032385,0.0152174654064262,0.000469469154575777,0.0101894598653835,2.2175247379631,1.44901294608537,1.40808435551661,1.05019526896136,TRUE,TRUE,"US-Var","6_hourly","VPD",108,"hours","2000-10-30","2021-10-26",30665,29868,29376,"2021-10-26","2000-11-04 06:00:00"
19,0.00863571200686231,0.00304417337912285,0.0183821391140757,0.0152174654064262,-0.00309680409765561,0.0101894598653835,2.2178251173318,1.44731329609297,1.27008707538985,1.05142856405077,TRUE,TRUE,"US-Var","6_hourly","VPD",114,"hours","2000-10-30","2021-10-26",30665,29868,29365,"2021-10-26","2000-11-04 12:00:00"
20,0.00614263951455918,0.00304417337912285,0.0226433692088071,0.0152174654064262,0.00121725336981024,0.0101894598653835,2.21642563132223,1.44710614484242,1.56473450752106,1.05157907460087,TRUE,TRUE,"US-Var","6_hourly","VPD",120,"hours","2000-10-30","2021-10-26",30665,29868,29360,"2021-10-26","2000-11-04 18:00:00"
21,0.0168348418206459,0.00304417337912285,0.0285373189257729,0.0152174654064262,0.00338048029081371,0.0101894598653835,2.21761121666598,1.44810003391101,1.97067317571285,1.05085733375249,TRUE,TRUE,"US-Var","6_hourly","VPD",126,"hours","2000-10-30","2021-10-26",30665,29868,29351,"2021-10-26","2000-11-05"
22,0.0160080045616025,0.00304417337912285,0.0208462917663752,0.0152174654064262,-0.00782145804848394,0.0101894598653835,2.21878549339253,1.44909822924059,1.43856995652392,1.0501334622706,TRUE,TRUE,"US-Var","6_hourly","VPD",132,"hours","2000-10-30","2021-10-26",30665,29868,29340,"2021-10-26","2000-11-05 06:00:00"
23,0.00857450401451931,0.00304417337912285,0.0168361556867449,0.0152174654064262,0.00584732719817214,0.0101894598653835,2.21836444398245,1.44813163846184,1.16261224046094,1.05083439946038,TRUE,TRUE,"US-Var","6_hourly","VPD",138,"hours","2000-10-30","2021-10-26",30665,29868,29328,"2021-10-26","2000-11-05 12:00:00"
24,0.00636566940800254,0.00304417337912285,0.0239574912003615,0.0152174654064262,0.0110217561759619,0.0101894598653835,2.21739510400551,1.44706244909679,1.65559483734202,1.05161082826276,TRUE,TRUE,"US-Var","6_hourly","VPD",144,"hours","2000-10-30","2021-10-26",30665,29868,29323,"2021-10-26","2000-11-05 18:00:00"
25,0.0167512641157352,0.00304417337912285,0.0286179101557096,0.0152174654064262,-0.00859298937903043,0.0101894598653835,2.21792985548721,1.44693619963134,1.97782805924691,1.05170258441964,TRUE,TRUE,"US-Var","6_hourly","VPD",150,"hours","2000-10-30","2021-10-26",30665,29868,29309,"2021-10-26","2000-11-06"
26,0.0174202556507517,0.00304417337912285,0.0208798274398836,0.0152174654064262,-0.0125257161665217,0.0101894598653835,2.21818099288201,1.44749154484037,1.44248355123803,1.05129908776803,TRUE,TRUE,"US-Var","6_hourly","VPD",156,"hours","2000-10-30","2021-10-26",30665,29868,29293,"2021-10-26","2000-11-06 06:00:00"
27,0.00869554972435882,0.00304417337912285,0.0181363788108095,0.0152174654064262,0.0098592476460779,0.0101894598653835,2.21841547239349,1.446334656786,1.25395452053342,1.05213999644052,TRUE,TRUE,"US-Var","6_hourly","VPD",162,"hours","2000-10-30","2021-10-26",30665,29868,29283,"2021-10-26","2000-11-06 12:00:00"
28,0.0058286677121222,0.00304417337912285,0.0235847431409688,0.0152174654064262,0.0053998934555957,0.0101894598653835,2.21748073919399,1.4463387643086,1.63065138838639,1.05213700842075,TRUE,TRUE,"US-Var","6_hourly","VPD",168,"hours","2000-10-30","2021-10-26",30665,29868,29277,"2021-10-26","2000-11-06 18:00:00"
29,0.0160021606271492,0.00304417337912285,0.029639110683032,0.0152174654064262,-0.00786737050113849,0.0101894598653835,2.21846200896272,1.44738282947336,2.04777271634598,1.05137805261674,TRUE,TRUE,"US-Var","6_hourly","VPD",174,"hours","2000-10-30","2021-10-26",30665,29868,29269,"2021-10-26","2000-11-07"
30,0.01617687888759,0.00304417337912285,0.0214937759412503,0.0152174654064262,0.00887857039024379,0.0101894598653835,2.21951504706491,1.44749226236877,1.48489746715996,1.05129856663436,TRUE,TRUE,"US-Var","6_hourly","VPD",180,"hours","2000-10-30","2021-10-26",30665,29868,29257,"2021-10-26","2000-11-07 06:00:00"
31,0.00878187636344485,0.00304417337912285,0.0178949749699626,0.0152174654064262,-0.00373037434175827,0.0101894598653835,2.21936685041221,1.4469672970124,1.23672283450434,1.0516799818383,TRUE,TRUE,"US-Var","6_hourly","VPD",186,"hours","2000-10-30","2021-10-26",30665,29868,29248,"2021-10-26","2000-11-07 12:00:00"
32,0.00591233985480333,0.00304417337912285,0.0244379727437947,0.0152174654064262,-0.00329807703202432,0.0101894598653835,2.21821705360279,1.44551294069566,1.69060906034046,1.05273809580028,TRUE,TRUE,"US-Var","6_hourly","VPD",192,"hours","2000-10-30","2021-10-26",30665,29868,29242,"2021-10-26","2000-11-07 18:00:00"
33,0.0170598300277129,0.00304417337912285,0.0302443413681246,0.0152174654064262,0.00121330196689888,0.0101894598653835,2.21860464357774,1.44622102280042,2.091266887378,1.05222266628095,TRUE,TRUE,"US-Var","6_hourly","VPD",198,"hours","2000-10-30","2021-10-26",30665,29868,29234,"2021-10-26","2000-11-08"
34,0.0157470114123339,0.00304417337912285,0.0207069729300144,0.0152174654064262,0.00933857933813523,0.0101894598653835,2.2191550593798,1.44696505685481,1.43106240416227,1.05168161002475,TRUE,TRUE,"US-Var","6_hourly","VPD",204,"hours","2000-10-30","2021-10-26",30665,29868,29222,"2021-10-26","2000-11-08 06:00:00"
35,0.00981582395093916,0.00304417337912285,0.0209635877908756,0.0152174654064262,-0.00910034390198475,0.0101894598653835,2.21920669678369,1.44589517319892,1.44986913155644,1.05245979712062,TRUE,TRUE,"US-Var","6_hourly","VPD",210,"hours","2000-10-30","2021-10-26",30665,29868,29215,"2021-10-26","2000-11-08 12:00:00"
36,0.00646467003944284,0.00304417337912285,0.0250985771539902,0.0152174654064262,-0.00761925581412544,0.0101894598653835,2.21815049329313,1.4445309670121,1.73748972691839,1.05345373369892,TRUE,TRUE,"US-Var","6_hourly","VPD",216,"hours","2000-10-30","2021-10-26",30665,29868,29212,"2021-10-26","2000-11-08 18:00:00"
37,0.0173269606257733,0.00304417337912285,0.029939334124407,0.0152174654064262,0.0120950210363451,0.0101894598653835,2.21906518410274,1.44567444196586,2.07095963346317,1.05262049080242,TRUE,TRUE,"US-Var","6_hourly","VPD",222,"hours","2000-10-30","2021-10-26",30665,29868,29206,"2021-10-26","2000-11-09"
38,0.0171253562459559,0.00304417337912285,0.0222003257535146,0.0152174654064262,-0.0102403296182255,0.0101894598653835,2.21913647800053,1.44555829878646,1.53576135754273,1.05270506344858,TRUE,TRUE,"US-Var","6_hourly","VPD",228,"hours","2000-10-30","2021-10-26",30665,29868,29193,"2021-10-26","2000-11-09 06:00:00"
39,0.00973260137955068,0.00304417337912285,0.0192448672689967,0.0152174654064262,0.00213181447585477,0.0101894598653835,2.21934773243063,1.44461120290905,1.33218316667092,1.053395223281,TRUE,TRUE,"US-Var","6_hourly","VPD",234,"hours","2000-10-30","2021-10-26",30665,29868,29185,"2021-10-26","2000-11-09 12:00:00"
40,0.00637761980192497,0.00304417337912285,0.0241920297959508,0.0152174654064262,0.00193146414357706,0.0101894598653835,2.21864553477651,1.44302843949471,1.67647630038545,1.05455062353135,TRUE,TRUE,"US-Var","6_hourly","VPD",240,"hours","2000-10-30","2021-10-26",30665,29868,29179,"2021-10-26","2000-11-09 18:00:00"
41,0.0172188566350271,0.00304417337912285,0.0295414175775921,0.0152174654064262,-0.000738577516077878,0.0101894598653835,2.21955767087726,1.44435704209636,2.04529882270074,1.0535805872722,TRUE,TRUE,"US-Var","6_hourly","VPD",246,"hours","2000-10-30","2021-10-26",30665,29868,29175,"2021-10-26","2000-11-10"
42,0.017661196317639,0.00304417337912285,0.0225976488608977,0.0152174654064262,-0.00213208519330436,0.0101894598653835,2.21863723101073,1.44515179453055,1.56368686987919,1.05300117704033,TRUE,TRUE,"US-Var","6_hourly","VPD",252,"hours","2000-10-30","2021-10-26",30665,29868,29164,"2021-10-26","2000-11-10 06:00:00"
43,0.0106097904811095,0.00304417337912285,0.0202245848928735,0.0152174654064262,0.00703573347853759,0.0101894598653835,2.21864777551593,1.44407471965716,1.40052205177271,1.05378656653161,TRUE,TRUE,"US-Var","6_hourly","VPD",258,"hours","2000-10-30","2021-10-26",30665,29868,29156,"2021-10-26","2000-11-10 12:00:00"
44,0.00544646078711519,0.00304417337912285,0.0230318924143775,0.0152174654064262,0.00687199806173498,0.0101894598653835,2.21704200237128,1.44283688377608,1.59629218474789,1.05469062910287,TRUE,TRUE,"US-Var","6_hourly","VPD",264,"hours","2000-10-30","2021-10-26",30665,29868,29153,"2021-10-26","2000-11-10 18:00:00"
45,0.0179480069593567,0.00304417337912285,0.0299227293078337,0.0152174654064262,-0.00935438325448334,0.0101894598653835,2.21813486832721,1.4446183050878,2.07132425239586,1.05339004447277,TRUE,TRUE,"US-Var","6_hourly","VPD",270,"hours","2000-10-30","2021-10-26",30665,29868,29152,"2021-10-26","2000-11-11"
46,0.0178938163476832,0.00304417337912285,0.0229160099871857,0.0152174654064262,0.000880267033390133,0.0101894598653835,2.21871503720059,1.44516341149676,1.58570372076134,1.05299271247571,TRUE,TRUE,"US-Var","6_hourly","VPD",276,"hours","2000-10-30","2021-10-26",30665,29868,29141,"2021-10-26","2000-11-11 06:00:00"
47,0.00953071311026576,0.00304417337912285,0.0198375064430474,0.0152174654064262,-3.77601806667378e-05,0.0101894598653835,2.21985717457984,1.4445505145135,1.3732649875334,1.05343947847689,TRUE,TRUE,"US-Var","6_hourly","VPD",282,"hours","2000-10-30","2021-10-26",30665,29868,29136,"2021-10-26","2000-11-11 12:00:00"
48,0.00657582907451371,0.00304417337912285,0.0246964115734736,0.0152174654064262,-0.00055303845433733,0.0101894598653835,2.21933924781437,1.44271605583801,1.71179987035832,1.05477895978548,TRUE,TRUE,"US-Var","6_hourly","VPD",288,"hours","2000-10-30","2021-10-26",30665,29868,29131,"2021-10-26","2000-11-11 18:00:00"
0,0.0266044988784784,0.00276379738317168,0.0372685837314433,0.00960087172593331,0.0253950256803357,0.00892561630051053,0.702196010812853,1.44930147214191,2.5714859501498,0.662448214569485,TRUE,TRUE,"US-Var","6_hourly","Soil",0,"hours","2000-10-30","2021-10-26",30665,29868,29739,"2021-10-26","2000-10-31"
1,0.024140832828067,0.00276379738317168,0.0346290614580216,0.00960087172593331,-0.0625121825743749,0.00892561630051053,0.703682073864794,1.44930147214191,2.38936219438484,0.662448214569485,TRUE,TRUE,"US-Var","6_hourly","Soil",6,"hours","2000-10-30","2021-10-26",30665,29868,29739,"2021-10-26","2000-10-31"
2,0.0227760775358483,0.00276379738317168,0.0346693340010589,0.00960087172593331,-0.0297917037852503,0.00892561630051053,0.702599618201324,1.44972903914811,2.39143543826861,0.662252839439222,TRUE,TRUE,"US-Var","6_hourly","Soil",12,"hours","2000-10-30","2021-10-26",30665,29868,29646,"2021-10-26","2000-10-31 06:00:00"
3,0.0223256641209901,0.00276379738317168,0.0315121897034523,0.00960087172593331,-0.0371620703555685,0.00892561630051053,0.701222321436412,1.44841727326572,2.17562923924556,0.662852611822723,TRUE,TRUE,"US-Var","6_hourly","Soil",18,"hours","2000-10-30","2021-10-26",30665,29868,29582,"2021-10-26","2000-10-31 12:00:00"
4,0.0199324691309655,0.00276379738317168,0.0289389299166167,0.00960087172593331,-0.01568439981785,0.00892561630051053,0.700054566780128,1.44730266023669,1.99950782318635,0.663363095343389,TRUE,TRUE,"US-Var","6_hourly","Soil",24,"hours","2000-10-30","2021-10-26",30665,29868,29581,"2021-10-26","2000-10-31 18:00:00"
5,0.0187355489800991,0.00276379738317168,0.0291773981929082,0.00960087172593331,0.014817554898692,0.00892561630051053,0.700014348931435,1.44901815519661,2.01359783438664,0.662577738691659,TRUE,TRUE,"US-Var","6_hourly","Soil",30,"hours","2000-10-30","2021-10-26",30665,29868,29566,"2021-10-26","2000-11-01"
6,0.0201735891715198,0.00276379738317168,0.0293797317116695,0.00960087172593331,0.00498230652177744,0.00892561630051053,0.700069155530097,1.44943294003093,2.02698109724501,0.662388128541391,TRUE,TRUE,"US-Var","6_hourly","Soil",36,"hours","2000-10-30","2021-10-26",30665,29868,29532,"2021-10-26","2000-11-01 06:00:00"
7,0.018503369656528,0.00276379738317168,0.0273991464682277,0.00960087172593331,-0.0137573154445107,0.00892561630051053,0.698637562404737,1.44835561530166,1.89174165369057,0.662880830129118,TRUE,TRUE,"US-Var","6_hourly","Soil",42,"hours","2000-10-30","2021-10-26",30665,29868,29515,"2021-10-26","2000-11-01 12:00:00"
8,0.0162323785930854,0.00276379738317168,0.0258099440509634,0.00960087172593331,-0.0180356349131114,0.00892561630051053,0.670794873175994,1.44868022181282,1.78161775541229,0.662732298085713,TRUE,TRUE,"US-Var","6_hourly","Soil",48,"hours","2000-10-30","2021-10-26",30665,29868,29516,"2021-10-26","2000-11-01 18:00:00"
9,0.0152888748071098,0.00276379738317168,0.0254943453675578,0.00960087172593331,0.0260993813404313,0.00892561630051053,0.669764482183973,1.44952795642576,1.75880328865279,0.662344709073918,TRUE,TRUE,"US-Var","6_hourly","Soil",54,"hours","2000-10-30","2021-10-26",30665,29868,29504,"2021-10-26","2000-11-02"
10,0.015098913822658,0.00276379738317168,0.0239666742421294,0.00960087172593331,0.0181814164852065,0.00892561630051053,0.669176008639426,1.44959675094009,1.65333388244604,0.66231327572354,TRUE,TRUE,"US-Var","6_hourly","Soil",60,"hours","2000-10-30","2021-10-26",30665,29868,29481,"2021-10-26","2000-11-02 06:00:00"
11,0.0135602050682011,0.00276379738317168,0.0213407531155316,0.00960087172593331,0.0200424539062332,0.00892561630051053,0.668219277830633,1.44837117248025,1.47343122543559,0.662873710023678,TRUE,TRUE,"US-Var","6_hourly","Soil",66,"hours","2000-10-30","2021-10-26",30665,29868,29465,"2021-10-26","2000-11-02 12:00:00"
12,0.0123286729954812,0.00276379738317168,0.0216640061238031,0.00960087172593331,0.000969928720288141,0.00892561630051053,0.667950444334641,1.44903870392113,1.49506055740126,0.662568342719429,TRUE,TRUE,"US-Var","6_hourly","Soil",72,"hours","2000-10-30","2021-10-26",30665,29868,29462,"2021-10-26","2000-11-02 18:00:00"
13,0.0108513007464457,0.00276379738317168,0.0209389630105443,0.00960087172593331,-0.00366558168346947,0.00892561630051053,0.668475228416567,1.45043786157901,1.44363047636864,0.661929199468176,TRUE,TRUE,"US-Var","6_hourly","Soil",78,"hours","2000-10-30","2021-10-26",30665,29868,29446,"2021-10-26","2000-11-03"
14,0.0136253871447138,0.00276379738317168,0.021453201891767,0.00960087172593331,-0.00226356323157865,0.00892561630051053,0.668465459342039,1.45034810217057,1.47917605846903,0.66197016506346,TRUE,TRUE,"US-Var","6_hourly","Soil",84,"hours","2000-10-30","2021-10-26",30665,29868,29425,"2021-10-26","2000-11-03 06:00:00"
15,0.0110984806903649,0.00276379738317168,0.0178096989573313,0.00960087172593331,-0.00850835771831636,0.00892561630051053,0.667325491820501,1.44890682425846,1.22918179824615,0.662628649764762,TRUE,TRUE,"US-Var","6_hourly","Soil",90,"hours","2000-10-30","2021-10-26",30665,29868,29410,"2021-10-26","2000-11-03 12:00:00"
16,0.00952095081670734,0.00276379738317168,0.0173464687853704,0.00960087172593331,0.0130697550608455,0.00892561630051053,0.667397782798887,1.44762214082637,1.19827324383614,0.663216695515078,TRUE,TRUE,"US-Var","6_hourly","Soil",96,"hours","2000-10-30","2021-10-26",30665,29868,29405,"2021-10-26","2000-11-03 18:00:00"
17,0.0103338516622169,0.00276379738317168,0.0204265922347648,0.00960087172593331,-0.00433380635033217,0.00892561630051053,0.666627562848259,1.44812182272469,1.41055758667675,0.662987849176178,TRUE,TRUE,"US-Var","6_hourly","Soil",102,"hours","2000-10-30","2021-10-26",30665,29868,29391,"2021-10-26","2000-11-04"
18,0.0113426251343745,0.00276379738317168,0.0199415736619524,0.00960087172593331,-0.00608841653158049,0.00892561630051053,0.666153434273888,1.44901294608537,1.37621777057453,0.66258012061734,TRUE,TRUE,"US-Var","6_hourly","Soil",108,"hours","2000-10-30","2021-10-26",30665,29868,29376,"2021-10-26","2000-11-04 06:00:00"
19,0.00969263213534077,0.00276379738317168,0.0171655340456902,0.00960087172593331,-0.00115475402710189,0.00892561630051053,0.664904396605409,1.44731329609297,1.18602752369018,0.663358220493856,TRUE,TRUE,"US-Var","6_hourly","Soil",114,"hours","2000-10-30","2021-10-26",30665,29868,29365,"2021-10-26","2000-11-04 12:00:00"
20,0.00892694501286373,0.00276379738317168,0.0164674065715888,0.00960087172593331,-0.00229911201001961,0.00892561630051053,0.663955598520617,1.44710614484242,1.13795429798151,0.663453179309026,TRUE,TRUE,"US-Var","6_hourly","Soil",120,"hours","2000-10-30","2021-10-26",30665,29868,29360,"2021-10-26","2000-11-04 18:00:00"
21,0.00854959761385121,0.00276379738317168,0.0167999765886551,0.00960087172593331,-0.0036155844214499,0.00892561630051053,0.663576137061448,1.44810003391101,1.16013923038741,0.662997824812102,TRUE,TRUE,"US-Var","6_hourly","Soil",126,"hours","2000-10-30","2021-10-26",30665,29868,29351,"2021-10-26","2000-11-05"
22,0.0108117053723857,0.00276379738317168,0.0175102393769189,0.00960087172593331,0.000695130315764284,0.00892561630051053,0.66349786877393,1.44909822924059,1.20835420426228,0.662541126074298,TRUE,TRUE,"US-Var","6_hourly","Soil",132,"hours","2000-10-30","2021-10-26",30665,29868,29340,"2021-10-26","2000-11-05 06:00:00"
23,0.008525397736177,0.00276379738317168,0.0159077803026064,0.00960087172593331,6.17226369460322e-05,0.00892561630051053,0.664341349538074,1.44813163846184,1.09850374648973,0.662983355306776,TRUE,TRUE,"US-Var","6_hourly","Soil",138,"hours","2000-10-30","2021-10-26",30665,29868,29328,"2021-10-26","2000-11-05 12:00:00"
24,0.00993596810397035,0.00276379738317168,0.0181408441734412,0.00960087172593331,-0.00485261758906484,0.00892561630051053,0.663567436915916,1.44706244909679,1.25363243201868,0.663473213054892,TRUE,TRUE,"US-Var","6_hourly","Soil",144,"hours","2000-10-30","2021-10-26",30665,29868,29323,"2021-10-26","2000-11-05 18:00:00"
25,0.00874167441378315,0.00276379738317168,0.0174914331553468,0.00960087172593331,0.00380266867195183,0.00892561630051053,0.662957977652894,1.44693619963134,1.20886001468506,0.6635311030562,TRUE,TRUE,"US-Var","6_hourly","Soil",150,"hours","2000-10-30","2021-10-26",30665,29868,29309,"2021-10-26","2000-11-06"
26,0.00982809369460957,0.00276379738317168,0.0177906418477045,0.00960087172593331,-0.00041042036126603,0.00892561630051053,0.663261412135702,1.44749154484037,1.22906706509754,0.663276532436817,TRUE,TRUE,"US-Var","6_hourly","Soil",156,"hours","2000-10-30","2021-10-26",30665,29868,29293,"2021-10-26","2000-11-06 06:00:00"
27,0.00812472572032652,0.00276379738317168,0.0158081450291179,0.00960087172593331,-0.000881597563554634,0.00892561630051053,0.662573770038013,1.446334656786,1.09297975782771,0.663807071267177,TRUE,TRUE,"US-Var","6_hourly","Soil",162,"hours","2000-10-30","2021-10-26",30665,29868,29283,"2021-10-26","2000-11-06 12:00:00"
28,0.00952747729407433,0.00276379738317168,0.0181830309074358,0.00960087172593331,0.0134638115256778,0.00892561630051053,0.662808163351203,1.4463387643086,1.25717648977817,0.663805186091576,TRUE,TRUE,"US-Var","6_hourly","Soil",168,"hours","2000-10-30","2021-10-26",30665,29868,29277,"2021-10-26","2000-11-06 18:00:00"
29,0.00859742899144589,0.00276379738317168,0.0172414556920235,0.00960087172593331,-0.00182462785613296,0.00892561630051053,0.662318085590621,1.44738282947336,1.19121598936592,0.66332635225655,TRUE,TRUE,"US-Var","6_hourly","Soil",174,"hours","2000-10-30","2021-10-26",30665,29868,29269,"2021-10-26","2000-11-07"
30,0.0113180810434992,0.00276379738317168,0.0200973000267819,0.00960087172593331,-0.00634690841672455,0.00892561630051053,0.663492447549408,1.44749226236877,1.38842193145083,0.663276203647665,TRUE,TRUE,"US-Var","6_hourly","Soil",180,"hours","2000-10-30","2021-10-26",30665,29868,29257,"2021-10-26","2000-11-07 06:00:00"
31,0.00841510190276074,0.00276379738317168,0.0161228834204437,0.00960087172593331,0.0087839066088754,0.00892561630051053,0.664223295224326,1.4469672970124,1.11425347716794,0.663516842830971,TRUE,TRUE,"US-Var","6_hourly","Soil",186,"hours","2000-10-30","2021-10-26",30665,29868,29248,"2021-10-26","2000-11-07 12:00:00"
32,0.0091099936434742,0.00276379738317168,0.0178389065823694,0.00960087172593331,-0.0130117200111243,0.00892561630051053,0.665530940144335,1.44551294069566,1.23408833502275,0.664184418944935,TRUE,TRUE,"US-Var","6_hourly","Soil",192,"hours","2000-10-30","2021-10-26",30665,29868,29242,"2021-10-26","2000-11-07 18:00:00"
33,0.00762409638126371,0.00276379738317168,0.0160566011519347,0.00960087172593331,8.62270498925751e-05,0.00892561630051053,0.664928669589623,1.44622102280042,1.11024531512087,0.663859228608258,TRUE,TRUE,"US-Var","6_hourly","Soil",198,"hours","2000-10-30","2021-10-26",30665,29868,29234,"2021-10-26","2000-11-08"
34,0.0101119871731017,0.00276379738317168,0.0179003650062541,0.00960087172593331,0.0157940427869714,0.00892561630051053,0.666558778260435,1.44696505685481,1.23709725549028,0.663517870072288,TRUE,TRUE,"US-Var","6_hourly","Soil",204,"hours","2000-10-30","2021-10-26",30665,29868,29222,"2021-10-26","2000-11-08 06:00:00"
35,0.00772729729396282,0.00276379738317168,0.0159386585177197,0.00960087172593331,-0.00364209498026549,0.00892561630051053,0.666038864947383,1.44589517319892,1.10233845531532,0.664008837147731,TRUE,TRUE,"US-Var","6_hourly","Soil",210,"hours","2000-10-30","2021-10-26",30665,29868,29215,"2021-10-26","2000-11-08 12:00:00"
36,0.00871523001955277,0.00276379738317168,0.0188969157808687,0.00960087172593331,-0.00564778795858046,0.00892561630051053,0.665831451211524,1.4445309670121,1.30816965592337,0.664635923021569,TRUE,TRUE,"US-Var","6_hourly","Soil",216,"hours","2000-10-30","2021-10-26",30665,29868,29212,"2021-10-26","2000-11-08 18:00:00"
37,0.0087418237048893,0.00276379738317168,0.0168416729029941,0.00960087172593331,-0.00449573255336655,0.00892561630051053,0.664878583489538,1.44567444196586,1.16496995548268,0.664110220616325,TRUE,TRUE,"US-Var","6_hourly","Soil",222,"hours","2000-10-30","2021-10-26",30665,29868,29206,"2021-10-26","2000-11-09"
38,0.00868071133240722,0.00276379738317168,0.0177642879925446,0.00960087172593331,-0.00282764988508924,0.00892561630051053,0.665835918053063,1.44555829878646,1.22888769048316,0.664163578459145,TRUE,TRUE,"US-Var","6_hourly","Soil",228,"hours","2000-10-30","2021-10-26",30665,29868,29193,"2021-10-26","2000-11-09 06:00:00"
39,0.00775214328231133,0.00276379738317168,0.0171507758100775,0.00960087172593331,-0.00857975485422911,0.00892561630051053,0.666311220621074,1.44461120290905,1.18722433936138,0.664599008134492,TRUE,TRUE,"US-Var","6_hourly","Soil",234,"hours","2000-10-30","2021-10-26",30665,29868,29185,"2021-10-26","2000-11-09 12:00:00"
40,0.0076332260298968,0.00276379738317168,0.0173643137848432,0.00960087172593331,0.0122456996589797,0.00892561630051053,0.666781904034624,1.44302843949471,1.20332443281045,0.665327963272516,TRUE,TRUE,"US-Var","6_hourly","Soil",240,"hours","2000-10-30","2021-10-26",30665,29868,29179,"2021-10-26","2000-11-09 18:00:00"
41,0.00776650595609185,0.00276379738317168,0.0173412177279872,0.00960087172593331,0.0119799939260858,0.00892561630051053,0.665899958609074,1.44435704209636,1.20061849131278,0.664715956381425,TRUE,TRUE,"US-Var","6_hourly","Soil",246,"hours","2000-10-30","2021-10-26",30665,29868,29175,"2021-10-26","2000-11-10"
42,0.00970388083721119,0.00276379738317168,0.0174453082253776,0.00960087172593331,-0.0175338134799232,0.00892561630051053,0.66602061118678,1.44515179453055,1.20716095647548,0.664350399886684,TRUE,TRUE,"US-Var","6_hourly","Soil",252,"hours","2000-10-30","2021-10-26",30665,29868,29164,"2021-10-26","2000-11-10 06:00:00"
43,0.00843739138102917,0.00276379738317168,0.0170637442717738,0.00960087172593331,0.00140591947956537,0.00892561630051053,0.665645916940317,1.44407471965716,1.18163859802386,0.664845911035177,TRUE,TRUE,"US-Var","6_hourly","Soil",258,"hours","2000-10-30","2021-10-26",30665,29868,29156,"2021-10-26","2000-11-10 12:00:00"
44,0.00805134876861713,0.00276379738317168,0.0170484630960752,0.00960087172593331,0.00425945688079949,0.00892561630051053,0.664975891601485,1.44283688377608,1.18159324091143,0.665416294377412,TRUE,TRUE,"US-Var","6_hourly","Soil",264,"hours","2000-10-30","2021-10-26",30665,29868,29153,"2021-10-26","2000-11-10 18:00:00"
45,0.00776568505110609,0.00276379738317168,0.0166206409867193,0.00960087172593331,-0.00322493311274427,0.00892561630051053,0.664105463450488,1.4446183050878,1.15052127805546,0.664595740765569,TRUE,TRUE,"US-Var","6_hourly","Soil",270,"hours","2000-10-30","2021-10-26",30665,29868,29152,"2021-10-26","2000-11-11"
46,0.00928023841981229,0.00276379738317168,0.0172531444967752,0.00960087172593331,0.0109366461924454,0.00892561630051053,0.678303799910639,1.44516341149676,1.19385422849213,0.664345059496743,TRUE,TRUE,"US-Var","6_hourly","Soil",276,"hours","2000-10-30","2021-10-26",30665,29868,29141,"2021-10-26","2000-11-11 06:00:00"
47,0.00837488975377276,0.00276379738317168,0.0180172146537365,0.00960087172593331,0.00649440914050477,0.00892561630051053,0.677701452249556,1.4445505145135,1.24725404011257,0.664626929240113,TRUE,TRUE,"US-Var","6_hourly","Soil",282,"hours","2000-10-30","2021-10-26",30665,29868,29136,"2021-10-26","2000-11-11 12:00:00"
48,0.00893186277593871,0.00276379738317168,0.0190464608770311,0.00960087172593331,-0.00471158043881534,0.00892561630051053,0.678205260403553,1.44271605583801,1.32018083530428,0.665472023208102,TRUE,TRUE,"US-Var","6_hourly","Soil",288,"hours","2000-10-30","2021-10-26",30665,29868,29131,"2021-10-26","2000-11-11 18:00:00"
0,0.0674769821164718,0.0127616305127902,0.129674988905089,0.0764257243189967,0.0484639398492831,0.0172971404131319,2.61724419383096,2.29284970156136,5.65562534765295,3.33321997804537,TRUE,TRUE,"US-Var","daily","VPD",0,"days","2000-10-30","2021-10-25",7666,7513,7487,"2021-10-25","2000-10-31"
1,0.0391770927598918,0.0127616305127902,0.105698234974623,0.0764257243189967,-0.056284835446284,0.0172971404131319,2.61793172479766,2.29269412364669,4.61021964877298,3.3334461640891,TRUE,TRUE,"US-Var","daily","VPD",1,"days","2000-10-30","2021-10-25",7666,7513,7486,"2021-10-25","2000-11-01"
2,0.0359979682486635,0.0127616305127902,0.0856336557792634,0.0764257243189967,-0.105506048385487,0.0172971404131319,2.61922007307506,2.29198491112246,3.73622249272687,3.33447763761972,TRUE,TRUE,"US-Var","daily","VPD",2,"days","2000-10-30","2021-10-25",7666,7513,7463,"2021-10-25","2000-11-02"
3,0.0370899442604085,0.0127616305127902,0.0866982123542703,0.0764257243189967,-0.136610591118823,0.0172971404131319,2.61923417566691,2.29151748305853,3.7834410164985,3.33515781066571,TRUE,TRUE,"US-Var","daily","VPD",3,"days","2000-10-30","2021-10-25",7666,7513,7449,"2021-10-25","2000-11-03"
4,0.0404287337576639,0.0127616305127902,0.0845693011489397,0.0764257243189967,-0.15430657761764,0.0172971404131319,2.61915221752702,2.29014474049035,3.69274918103352,3.33715694767104,TRUE,TRUE,"US-Var","daily","VPD",4,"days","2000-10-30","2021-10-25",7666,7513,7437,"2021-10-25","2000-11-04"
5,0.0398769053249826,0.0127616305127902,0.0842925762678606,0.0764257243189967,-0.158576258047248,0.0172971404131319,2.61887146170824,2.28802641235586,3.68407356718705,3.34024659445714,TRUE,TRUE,"US-Var","daily","VPD",5,"days","2000-10-30","2021-10-25",7666,7513,7426,"2021-10-25","2000-11-05"
6,0.0358325289360657,0.0127616305127902,0.0806666693931604,0.0764257243189967,-0.158963793002883,0.0172971404131319,2.61989844331761,2.28765025992381,3.5261801511498,3.34079582258968,TRUE,TRUE,"US-Var","daily","VPD",6,"days","2000-10-30","2021-10-25",7666,7513,7415,"2021-10-25","2000-11-06"
7,0.0394735464034595,0.0127616305127902,0.0840368868620409,0.0764257243189967,-0.155821826191061,0.0172971404131319,2.61977299178238,2.28983520676817,3.66999715148275,3.33760805550993,TRUE,TRUE,"US-Var","daily","VPD",7,"days","2000-10-30","2021-10-25",7666,7513,7408,"2021-10-25","2000-11-07"
8,0.0429372201199305,0.0127616305127902,0.0815262459774875,0.0764257243189967,-0.153159836212145,0.0172971404131319,2.6205291745107,2.28963925754553,3.560658986293,3.33789369076962,TRUE,TRUE,"US-Var","daily","VPD",8,"days","2000-10-30","2021-10-25",7666,7513,7398,"2021-10-25","2000-11-08"
9,0.0444501725656519,0.0127616305127902,0.0828972615439465,0.0764257243189967,-0.151504000806657,0.0172971404131319,2.62058507964003,2.28904115076794,3.62148410989185,3.33876585370066,TRUE,TRUE,"US-Var","daily","VPD",9,"days","2000-10-30","2021-10-25",7666,7513,7389,"2021-10-25","2000-11-09"
10,0.038906430109181,0.0127616305127902,0.0846669362089685,0.0764257243189967,-0.142741740677235,0.0172971404131319,2.6200240333603,2.28977027176289,3.69761706023825,3.33770270587698,TRUE,TRUE,"US-Var","daily","VPD",10,"days","2000-10-30","2021-10-25",7666,7513,7383,"2021-10-25","2000-11-10"
11,0.0368391794875391,0.0127616305127902,0.0856204428294518,0.0764257243189967,-0.135071160511887,0.0172971404131319,2.61869394379615,2.28917737946846,3.74022754188374,3.33856716410253,TRUE,TRUE,"US-Var","daily","VPD",11,"days","2000-10-30","2021-10-25",7666,7513,7378,"2021-10-25","2000-11-11"
12,0.0377502440234094,0.0127616305127902,0.0855926805540861,0.0764257243189967,-0.129731189259486,0.0172971404131319,2.61832925495268,2.28918877755703,3.73899616288652,3.3385505410592,TRUE,TRUE,"US-Var","daily","VPD",12,"days","2000-10-30","2021-10-25",7666,7513,7374,"2021-10-25","2000-11-12"
13,0.033513447235392,0.0127616305127902,0.0856478063081862,0.0764257243189967,-0.124442065472239,0.0172971404131319,2.61856252088729,2.28941909347712,3.74102786825746,3.33821468235084,TRUE,TRUE,"US-Var","daily","VPD",13,"days","2000-10-30","2021-10-25",7666,7513,7369,"2021-10-25","2000-11-13"
14,0.0351159662551037,0.0127616305127902,0.0791435586143194,0.0764257243189967,-0.120974251014102,0.0172971404131319,2.61925152876641,2.28962770500069,3.45661255065463,3.33791053244499,TRUE,TRUE,"US-Var","daily","VPD",14,"days","2000-10-30","2021-10-25",7666,7513,7364,"2021-10-25","2000-11-14"
15,0.0368248697486004,0.0127616305127902,0.0802896846144741,0.0764257243189967,-0.12408553953407,0.0172971404131319,2.61961941988873,2.2882140555194,3.50883626559357,3.33997268020665,TRUE,TRUE,"US-Var","daily","VPD",15,"days","2000-10-30","2021-10-25",7666,7513,7360,"2021-10-25","2000-11-15"
16,0.0391625862474756,0.0127616305127902,0.0775291491737109,0.0764257243189967,-0.122120590109229,0.0172971404131319,2.61992326298367,2.28689068861255,3.39015544379814,3.34190543953651,TRUE,TRUE,"US-Var","daily","VPD",16,"days","2000-10-30","2021-10-25",7666,7513,7356,"2021-10-25","2000-11-16"
17,0.0385158830656884,0.0127616305127902,0.0799343228963982,0.0764257243189967,-0.124679858052943,0.0172971404131319,2.62039145821156,2.28780825137574,3.49392580642766,3.34056511392681,TRUE,TRUE,"US-Var","daily","VPD",17,"days","2000-10-30","2021-10-25",7666,7513,7353,"2021-10-25","2000-11-17"
18,0.039369657340953,0.0127616305127902,0.0851247351673674,0.0764257243189967,-0.120456937620744,0.0172971404131319,2.62033412836275,2.28842375262314,3.71979774592848,3.3396666256148,TRUE,TRUE,"US-Var","daily","VPD",18,"days","2000-10-30","2021-10-25",7666,7513,7350,"2021-10-25","2000-11-18"
19,0.0375996856040324,0.0127616305127902,0.0776778008700569,0.0764257243189967,-0.113707672977019,0.0172971404131319,2.61976802785262,2.28997926215306,3.39207442415979,3.33739809709633,TRUE,TRUE,"US-Var","daily","VPD",19,"days","2000-10-30","2021-10-25",7666,7513,7346,"2021-10-25","2000-11-19"
20,0.0400573504137878,0.0127616305127902,0.0802005035511728,0.0764257243189967,-0.110383918834,0.0172971404131319,2.61882382877016,2.29142981430632,3.50002007700383,3.33528541183501,TRUE,TRUE,"US-Var","daily","VPD",20,"days","2000-10-30","2021-10-25",7666,7513,7342,"2021-10-25","2000-11-20"
21,0.0380198797689797,0.0127616305127902,0.0771378456749403,0.0764257243189967,-0.108103208616288,0.0172971404131319,2.61972886763382,2.29196082395879,3.36558307928247,3.3345126810235,TRUE,TRUE,"US-Var","daily","VPD",21,"days","2000-10-30","2021-10-25",7666,7513,7338,"2021-10-25","2000-11-21"
22,0.0388071977596738,0.0127616305127902,0.0794534303323724,0.0764257243189967,-0.100737926720818,0.0172971404131319,2.6198220271509,2.29208140969668,3.46643142762048,3.3343372532789,TRUE,TRUE,"US-Var","daily","VPD",22,"days","2000-10-30","2021-10-25",7666,7513,7336,"2021-10-25","2000-11-22"
23,0.033879200744809,0.0127616305127902,0.0736447610583326,0.0764257243189967,-0.0915749637835873,0.0172971404131319,2.61999901219766,2.29283098797798,3.21195768220487,3.33324718305537,FALSE,TRUE,"US-Var","daily","VPD",23,"days","2000-10-30","2021-10-25",7666,7513,7334,"2021-10-25","2000-11-23"
24,0.0366577900914891,0.0127616305127902,0.0775719523190501,0.0764257243189967,-0.0893533458056925,0.0172971404131319,2.62066089922893,2.29375100485815,3.38188199829681,3.33191022727085,TRUE,TRUE,"US-Var","daily","VPD",24,"days","2000-10-30","2021-10-25",7666,7513,7332,"2021-10-25","2000-11-24"
25,0.0368066914401819,0.0127616305127902,0.0773011488890623,0.0764257243189967,-0.0880951892523382,0.0172971404131319,2.62109858251752,2.29148625845931,3.37340660908156,3.33520325670125,TRUE,TRUE,"US-Var","daily","VPD",25,"days","2000-10-30","2021-10-25",7666,7513,7332,"2021-10-25","2000-11-28"
26,0.0391169644878095,0.0127616305127902,0.0816748491398069,0.0764257243189967,-0.0853791293879747,0.0172971404131319,2.62131702521159,2.29270896120431,3.56237318045396,3.33342459126831,TRUE,TRUE,"US-Var","daily","VPD",26,"days","2000-10-30","2021-10-25",7666,7513,7330,"2021-10-25","2000-11-28"
27,0.0381931231979458,0.0127616305127902,0.0765525063900201,0.0764257243189967,-0.0826219172535008,0.0172971404131319,2.62137893653417,2.29144962369345,3.3407894111427,3.33525657857625,TRUE,TRUE,"US-Var","daily","VPD",27,"days","2000-10-30","2021-10-25",7666,7513,7327,"2021-10-25","2000-11-28"
28,0.0405655012776958,0.0127616305127902,0.0764041714100889,0.0764257243189967,-0.084489093870528,0.0172971404131319,2.62145622507109,2.29329320446178,3.33163553885908,3.33257536237863,FALSE,TRUE,"US-Var","daily","VPD",28,"days","2000-10-30","2021-10-25",7666,7513,7326,"2021-10-25","2000-11-28"
29,0.0402086533376895,0.0127616305127902,0.0743180272011825,0.0764257243189967,-0.0821281928366267,0.0172971404131319,2.62173967155384,2.29228011680045,3.24210059043373,3.33404821508774,FALSE,TRUE,"US-Var","daily","VPD",29,"days","2000-10-30","2021-10-25",7666,7513,7323,"2021-10-25","2000-11-29"
30,0.0428758444677886,0.0127616305127902,0.073955543388867,0.0764257243189967,-0.0801879216047297,0.0172971404131319,2.6218255904062,2.29150450124946,3.22737936358153,3.33517670496938,FALSE,TRUE,"US-Var","daily","VPD",30,"days","2000-10-30","2021-10-25",7666,7513,7320,"2021-10-25","2000-11-30"
31,0.0431968685735118,0.0127616305127902,0.0741753736312329,0.0764257243189967,-0.0770474327247297,0.0172971404131319,2.62175446091413,2.29041257063086,3.2385158282118,3.33676671613562,FALSE,TRUE,"US-Var","daily","VPD",31,"days","2000-10-30","2021-10-25",7666,7513,7316,"2021-10-25","2000-12-01"
32,0.0452852688317922,0.0127616305127902,0.0738948361881304,0.0764257243189967,-0.0731449944063277,0.0172971404131319,2.62117372880567,2.29090390387576,3.22557554959485,3.33605107528515,FALSE,TRUE,"US-Var","daily","VPD",32,"days","2000-10-30","2021-10-25",7666,7513,7315,"2021-10-25","2000-12-02"
33,0.0470309398073043,0.0127616305127902,0.0781668391114785,0.0764257243189967,-0.0695170662871828,0.0172971404131319,2.62112799724633,2.29036158916071,3.41286019995306,3.33684098967981,TRUE,TRUE,"US-Var","daily","VPD",33,"days","2000-10-30","2021-10-25",7666,7513,7311,"2021-10-25","2000-12-03"
34,0.044480177030441,0.0127616305127902,0.070645445883863,0.0764257243189967,-0.0620095752489889,0.0172971404131319,2.62178119956184,2.28867753562861,3.08673654475572,3.33929630230785,FALSE,TRUE,"US-Var","daily","VPD",34,"days","2000-10-30","2021-10-25",7666,7513,7309,"2021-10-25","2000-12-04"
35,0.043693318639721,0.0127616305127902,0.073677336582179,0.0764257243189967,-0.0566727399655796,0.0172971404131319,2.62082102249252,2.28681967080214,3.22182538146243,3.34200922332407,FALSE,TRUE,"US-Var","daily","VPD",35,"days","2000-10-30","2021-10-25",7666,7513,7306,"2021-10-25","2000-12-05"
36,0.0429296506142878,0.0127616305127902,0.0749218366483539,0.0764257243189967,-0.0560078825520953,0.0172971404131319,2.62144675682161,2.28686878002535,3.27617558570735,3.3419374555522,FALSE,TRUE,"US-Var","daily","VPD",36,"days","2000-10-30","2021-10-25",7666,7513,7305,"2021-10-25","2000-12-06"
37,0.0424394432891706,0.0127616305127902,0.074547070230949,0.0764257243189967,-0.0541293180773257,0.0172971404131319,2.62248026901364,2.28684923695465,3.25981568991499,3.34196601524861,FALSE,TRUE,"US-Var","daily","VPD",37,"days","2000-10-30","2021-10-25",7666,7513,7302,"2021-10-25","2000-12-07"
38,0.0432145536978537,0.0127616305127902,0.0735254294106795,0.0764257243189967,-0.0512329180123853,0.0172971404131319,2.62220707436896,2.28673854005632,3.21529672600299,3.34212779381041,FALSE,TRUE,"US-Var","daily","VPD",38,"days","2000-10-30","2021-10-25",7666,7513,7300,"2021-10-25","2000-12-08"
39,0.0470302701422858,0.0127616305127902,0.0742102343039024,0.0764257243189967,-0.0396518153578196,0.0172971404131319,2.62282914985902,2.28822977017326,3.24312860846503,3.33994974259993,FALSE,TRUE,"US-Var","daily","VPD",39,"days","2000-10-30","2021-10-25",7666,7513,7299,"2021-10-25","2000-12-09"
40,0.0487249560365264,0.0127616305127902,0.0764789170831897,0.0764257243189967,-0.0347768441515072,0.0172971404131319,2.62161489259165,2.28889056427136,3.34130946568587,3.33898551166975,TRUE,TRUE,"US-Var","daily","VPD",40,"days","2000-10-30","2021-10-25",7666,7513,7297,"2021-10-25","2000-12-10"
41,0.0490967050353515,0.0127616305127902,0.0717952947746987,0.0764257243189967,-0.0324133056874385,0.0172971404131319,2.62032537010109,2.28968053475907,3.13560314134623,3.33783351689446,FALSE,TRUE,"US-Var","daily","VPD",41,"days","2000-10-30","2021-10-25",7666,7513,7296,"2021-10-25","2000-12-11"
42,0.0475905556419249,0.0127616305127902,0.069656853308004,0.0764257243189967,-0.0323908683435632,0.0172971404131319,2.62015634888393,2.28907662577616,3.04301099070397,3.33871411111382,FALSE,TRUE,"US-Var","daily","VPD",42,"days","2000-10-30","2021-10-25",7666,7513,7295,"2021-10-25","2000-12-12"
43,0.0492383311285725,0.0127616305127902,0.0719083893784012,0.0764257243189967,-0.0301399927814024,0.0172971404131319,2.61914031288224,2.28844788949883,3.14223407526002,3.33963140125222,FALSE,TRUE,"US-Var","daily","VPD",43,"days","2000-10-30","2021-10-25",7666,7513,7294,"2021-10-25","2000-12-13"
44,0.0499842966212274,0.0127616305127902,0.0727355566595893,0.0764257243189967,-0.0336498473194901,0.0172971404131319,2.61842597199861,2.28844634895533,3.17838155536366,3.33963364943577,FALSE,TRUE,"US-Var","daily","VPD",44,"days","2000-10-30","2021-10-25",7666,7513,7293,"2021-10-25","2000-12-14"
45,0.0514875771280723,0.0127616305127902,0.0724634620487921,0.0764257243189967,-0.0296289407787481,0.0172971404131319,2.6189408342772,2.28799822665805,3.16711180998752,3.34028774273254,FALSE,TRUE,"US-Var","daily","VPD",45,"days","2000-10-30","2021-10-25",7666,7513,7292,"2021-10-25","2000-12-15"
46,0.0539423120277522,0.0127616305127902,0.0729010194277135,0.0764257243189967,-0.0290160868168921,0.0172971404131319,2.62011209693595,2.28687809235739,3.18779648427017,3.34192384694256,FALSE,TRUE,"US-Var","daily","VPD",46,"days","2000-10-30","2021-10-25",7666,7513,7291,"2021-10-25","2000-12-16"
47,0.0532869481242857,0.0127616305127902,0.0767236658469512,0.0764257243189967,-0.028165239162701,0.0172971404131319,2.62083641049535,2.28695810040813,3.35483478395425,3.34180693145877,TRUE,TRUE,"US-Var","daily","VPD",47,"days","2000-10-30","2021-10-25",7666,7513,7290,"2021-10-25","2000-12-17"
48,0.0520966893766204,0.0127616305127902,0.0719095116707944,0.0764257243189967,-0.0286339924082385,0.0172971404131319,2.620248599555,2.28574019007786,3.14600548141672,3.34358754554661,FALSE,TRUE,"US-Var","daily","VPD",48,"days","2000-10-30","2021-10-25",7666,7513,7289,"2021-10-25","2000-12-18"
0,0.0820365853278711,0.0119698728471961,0.0873211573902015,0.0671115569008491,-0.233159250116268,0.0192868567199179,2.40943115962684,2.29284970156136,3.80841174764917,2.92699328940525,TRUE,TRUE,"US-Var","daily","Soil",0,"days","2000-10-30","2021-10-25",7666,7513,7487,"2021-10-25","2000-10-31"
1,0.0845326954777557,0.0119698728471961,0.0832214949427206,0.0671115569008491,-0.258058995202532,0.0192868567199179,2.40853974837424,2.29269412364669,3.62985598839286,2.92719190966929,TRUE,TRUE,"US-Var","daily","Soil",1,"days","2000-10-30","2021-10-25",7666,7513,7486,"2021-10-25","2000-11-01"
2,0.0838250581333453,0.0119698728471961,0.0779875813079762,0.0671115569008491,-0.263832520390776,0.0192868567199179,2.40799320785623,2.29198491112246,3.40262193391941,2.92809767530199,TRUE,TRUE,"US-Var","daily","Soil",2,"days","2000-10-30","2021-10-25",7666,7513,7463,"2021-10-25","2000-11-02"
3,0.0830746681167867,0.0119698728471961,0.0786610741191067,0.0671115569008491,-0.266058054988387,0.0192868567199179,2.40777949820963,2.29151748305853,3.43270669766466,2.92869495419578,TRUE,TRUE,"US-Var","daily","Soil",3,"days","2000-10-30","2021-10-25",7666,7513,7449,"2021-10-25","2000-11-03"
4,0.0839059792354178,0.0119698728471961,0.0784829481138321,0.0671115569008491,-0.26858932969014,0.0192868567199179,2.40757872080459,2.29014474049035,3.42698637017274,2.93045045207403,TRUE,TRUE,"US-Var","daily","Soil",4,"days","2000-10-30","2021-10-25",7666,7513,7437,"2021-10-25","2000-11-04"
5,0.0867727959039222,0.0119698728471961,0.078962162809586,0.0671115569008491,-0.268449520455309,0.0192868567199179,2.40746653267097,2.28802641235586,3.45110364037637,2.93316355696033,TRUE,TRUE,"US-Var","daily","Soil",5,"days","2000-10-30","2021-10-25",7666,7513,7426,"2021-10-25","2000-11-05"
6,0.0871151210096777,0.0119698728471961,0.076883520979746,0.0671115569008491,-0.264862981347176,0.0192868567199179,2.40744023386887,2.28765025992381,3.3608074768521,2.93364584947894,TRUE,TRUE,"US-Var","daily","Soil",6,"days","2000-10-30","2021-10-25",7666,7513,7415,"2021-10-25","2000-11-06"
7,0.0858559653589781,0.0119698728471961,0.0754931174108684,0.0671115569008491,-0.259886734947535,0.0192868567199179,2.40735390636541,2.28983520676817,3.29687993213355,2.93084658243024,TRUE,TRUE,"US-Var","daily","Soil",7,"days","2000-10-30","2021-10-25",7666,7513,7408,"2021-10-25","2000-11-07"
8,0.0842935697599607,0.0119698728471961,0.0725863704602707,0.0671115569008491,-0.257055332544822,0.0192868567199179,2.40719885090927,2.28963925754553,3.17020990189007,2.93109740670641,TRUE,TRUE,"US-Var","daily","Soil",8,"days","2000-10-30","2021-10-25",7666,7513,7398,"2021-10-25","2000-11-08"
9,0.0829935299018132,0.0119698728471961,0.0717354386625324,0.0671115569008491,-0.254670693589705,0.0192868567199179,2.40672976163096,2.28904115076794,3.13386409145446,2.93186327726499,TRUE,TRUE,"US-Var","daily","Soil",9,"days","2000-10-30","2021-10-25",7666,7513,7389,"2021-10-25","2000-11-09"
10,0.0791816180863112,0.0119698728471961,0.0691713894096377,0.0671115569008491,-0.251911311578076,0.0192868567199179,2.40700571744782,2.28977027176289,3.02088773981604,2.93092969755346,TRUE,TRUE,"US-Var","daily","Soil",10,"days","2000-10-30","2021-10-25",7666,7513,7383,"2021-10-25","2000-11-10"
11,0.0790517340311823,0.0119698728471961,0.0740616262334273,0.0671115569008491,-0.249476847908498,0.0192868567199179,2.40731886769646,2.28917737946846,3.23529434187508,2.93168880239557,TRUE,TRUE,"US-Var","daily","Soil",11,"days","2000-10-30","2021-10-25",7666,7513,7378,"2021-10-25","2000-11-11"
12,0.082264970411452,0.0119698728471961,0.0772367740405082,0.0671115569008491,-0.248720002750398,0.0192868567199179,2.40691801709132,2.28918877755703,3.3739801102351,2.93167420523829,TRUE,TRUE,"US-Var","daily","Soil",12,"days","2000-10-30","2021-10-25",7666,7513,7374,"2021-10-25","2000-11-12"
13,0.0820650214660548,0.0119698728471961,0.074364971512022,0.0671115569008491,-0.247872826767615,0.0192868567199179,2.40666810831269,2.28941909347712,3.24820264336479,2.93137927835317,TRUE,TRUE,"US-Var","daily","Soil",13,"days","2000-10-30","2021-10-25",7666,7513,7369,"2021-10-25","2000-11-13"
14,0.084000663903165,0.0119698728471961,0.0745429941032603,0.0671115569008491,-0.24511253304264,0.0192868567199179,2.40716211869652,2.28962770500069,3.25568187091961,2.93111219585059,TRUE,TRUE,"US-Var","daily","Soil",14,"days","2000-10-30","2021-10-25",7666,7513,7364,"2021-10-25","2000-11-14"
15,0.0837976868576105,0.0119698728471961,0.0756474817451185,0.0671115569008491,-0.239390757468681,0.0192868567199179,2.40693524723858,2.2882140555194,3.30596176361426,2.93292302522875,TRUE,TRUE,"US-Var","daily","Soil",15,"days","2000-10-30","2021-10-25",7666,7513,7360,"2021-10-25","2000-11-15"
16,0.0810973106668174,0.0119698728471961,0.0722408285660698,0.0671115569008491,-0.234731561300053,0.0192868567199179,2.40748528997356,2.28689068861255,3.15891043353271,2.93462023502163,TRUE,TRUE,"US-Var","daily","Soil",16,"days","2000-10-30","2021-10-25",7666,7513,7356,"2021-10-25","2000-11-16"
17,0.0810731856175408,0.0119698728471961,0.0742655484542007,0.0671115569008491,-0.230415501743884,0.0192868567199179,2.40788921272404,2.28780825137574,3.24614392003973,2.93344325777708,TRUE,TRUE,"US-Var","daily","Soil",17,"days","2000-10-30","2021-10-25",7666,7513,7353,"2021-10-25","2000-11-17"
18,0.0767673173008721,0.0119698728471961,0.0718187348385966,0.0671115569008491,-0.22509143203034,0.0192868567199179,2.4074906731301,2.28842375262314,3.13834947554068,2.93265427016834,TRUE,TRUE,"US-Var","daily","Soil",18,"days","2000-10-30","2021-10-25",7666,7513,7350,"2021-10-25","2000-11-18"
19,0.0764393161930075,0.0119698728471961,0.0705611839243607,0.0671115569008491,-0.219742876545561,0.0192868567199179,2.40687444204886,2.28997926215306,3.08130231092217,2.93066221210013,TRUE,TRUE,"US-Var","daily","Soil",19,"days","2000-10-30","2021-10-25",7666,7513,7346,"2021-10-25","2000-11-19"
20,0.0750001606958373,0.0119698728471961,0.0705241313018536,0.0671115569008491,-0.218578020346518,0.0192868567199179,2.40735529155075,2.29142981430632,3.0777347340749,2.9288070043361,TRUE,TRUE,"US-Var","daily","Soil",20,"days","2000-10-30","2021-10-25",7666,7513,7342,"2021-10-25","2000-11-20"
21,0.0749668471027434,0.0119698728471961,0.0721192441057683,0.0671115569008491,-0.216860879754136,0.0192868567199179,2.40851851561698,2.29196082395879,3.14661766256546,2.92812844789077,TRUE,TRUE,"US-Var","daily","Soil",21,"days","2000-10-30","2021-10-25",7666,7513,7338,"2021-10-25","2000-11-21"
22,0.0704888455435135,0.0119698728471961,0.0679970425222294,0.0671115569008491,-0.215772631496922,0.0192868567199179,2.4097293953731,2.29208140969668,2.96660678083104,2.92797439990276,TRUE,TRUE,"US-Var","daily","Soil",22,"days","2000-10-30","2021-10-25",7666,7513,7336,"2021-10-25","2000-11-22"
23,0.0710649981851157,0.0119698728471961,0.0697806302754849,0.0671115569008491,-0.213201208500316,0.0192868567199179,2.40965572368283,2.29283098797798,3.04342669134211,2.92701717888216,TRUE,TRUE,"US-Var","daily","Soil",23,"days","2000-10-30","2021-10-25",7666,7513,7334,"2021-10-25","2000-11-23"
24,0.0703471689825026,0.0119698728471961,0.0704697499673737,0.0671115569008491,-0.210301441527401,0.0192868567199179,2.40960503863369,2.29375100485815,3.07224933386924,2.92584316077496,TRUE,TRUE,"US-Var","daily","Soil",24,"days","2000-10-30","2021-10-25",7666,7513,7332,"2021-10-25","2000-11-24"
25,0.0691257758015933,0.0119698728471961,0.068751913176258,0.0671115569008491,-0.205932263231566,0.0192868567199179,2.4100562851202,2.29148625845931,3.00031967996542,2.92873486162521,TRUE,TRUE,"US-Var","daily","Soil",25,"days","2000-10-30","2021-10-25",7666,7513,7332,"2021-10-25","2000-11-28"
26,0.0658411422858549,0.0119698728471961,0.0673532228227289,0.0671115569008491,-0.200928305269246,0.0192868567199179,2.41204385326204,2.29270896120431,2.93771359393779,2.92717296597458,TRUE,TRUE,"US-Var","daily","Soil",26,"days","2000-10-30","2021-10-25",7666,7513,7330,"2021-10-25","2000-11-28"
27,0.0664272944320929,0.0119698728471961,0.0710392193282825,0.0671115569008491,-0.199607630307574,0.0192868567199179,2.41386395812357,2.29144962369345,3.10018682469565,2.92878168504861,TRUE,TRUE,"US-Var","daily","Soil",27,"days","2000-10-30","2021-10-25",7666,7513,7327,"2021-10-25","2000-11-28"
28,0.0649735326586827,0.0119698728471961,0.0674234147241384,0.0671115569008491,-0.196385599695075,0.0192868567199179,2.41590838898949,2.29329320446178,2.94002592398394,2.92642723443642,TRUE,TRUE,"US-Var","daily","Soil",28,"days","2000-10-30","2021-10-25",7666,7513,7326,"2021-10-25","2000-11-28"
29,0.0649860248586611,0.0119698728471961,0.0666353126118615,0.0671115569008491,-0.195306682172149,0.0192868567199179,2.41649404202245,2.29228011680045,2.90694457991768,2.92772058741769,FALSE,TRUE,"US-Var","daily","Soil",29,"days","2000-10-30","2021-10-25",7666,7513,7323,"2021-10-25","2000-11-29"
30,0.062176132091774,0.0119698728471961,0.0652663026986149,0.0671115569008491,-0.192090045440526,0.0192868567199179,2.41650215013658,2.29150450124946,2.84818566417949,2.92871154581002,FALSE,TRUE,"US-Var","daily","Soil",30,"days","2000-10-30","2021-10-25",7666,7513,7320,"2021-10-25","2000-11-30"
31,0.061815111392356,0.0119698728471961,0.0660761253477693,0.0671115569008491,-0.185904635177288,0.0192868567199179,2.41643706718501,2.29041257063086,2.88490057184631,2.93010777889524,FALSE,TRUE,"US-Var","daily","Soil",31,"days","2000-10-30","2021-10-25",7666,7513,7316,"2021-10-25","2000-12-01"
32,0.0585462500611049,0.0119698728471961,0.0635219652225114,0.0671115569008491,-0.17759561754608,0.0192868567199179,2.4156277291311,2.29090390387576,2.77279047432084,2.92947935473459,FALSE,TRUE,"US-Var","daily","Soil",32,"days","2000-10-30","2021-10-25",7666,7513,7315,"2021-10-25","2000-12-02"
33,0.0571603554321722,0.0119698728471961,0.0648322058798616,0.0671115569008491,-0.171214554981572,0.0192868567199179,2.41543005901391,2.29036158916071,2.83065373549243,2.93017300056284,FALSE,TRUE,"US-Var","daily","Soil",33,"days","2000-10-30","2021-10-25",7666,7513,7311,"2021-10-25","2000-12-03"
34,0.0560727815639464,0.0119698728471961,0.0660826222598292,0.0671115569008491,-0.166112743158874,0.0192868567199179,2.4147557822536,2.28867753562861,2.88737147243763,2.9323290789594,FALSE,TRUE,"US-Var","daily","Soil",34,"days","2000-10-30","2021-10-25",7666,7513,7309,"2021-10-25","2000-12-04"
35,0.054307548163818,0.0119698728471961,0.0656559785399802,0.0671115569008491,-0.162819508801268,0.0192868567199179,2.414435758517,2.28681967080214,2.87106059906115,2.93471137045575,FALSE,TRUE,"US-Var","daily","Soil",35,"days","2000-10-30","2021-10-25",7666,7513,7306,"2021-10-25","2000-12-05"
36,0.0568818285011385,0.0119698728471961,0.0677619799128033,0.0671115569008491,-0.160083473222227,0.0192868567199179,2.4138308648056,2.28686878002535,2.96308999032521,2.93464834917661,TRUE,TRUE,"US-Var","daily","Soil",36,"days","2000-10-30","2021-10-25",7666,7513,7305,"2021-10-25","2000-12-06"
37,0.0570638594939616,0.0119698728471961,0.0670604755957962,0.0671115569008491,-0.158934471218094,0.0192868567199179,2.41270323972063,2.28684923695465,2.93243973026832,2.93467342824139,FALSE,TRUE,"US-Var","daily","Soil",37,"days","2000-10-30","2021-10-25",7666,7513,7302,"2021-10-25","2000-12-07"
38,0.0569854295993339,0.0119698728471961,0.0660085111717397,0.0671115569008491,-0.157624507919429,0.0192868567199179,2.41165578072539,2.28673854005632,2.88657885523344,2.93481549050187,FALSE,TRUE,"US-Var","daily","Soil",38,"days","2000-10-30","2021-10-25",7666,7513,7300,"2021-10-25","2000-12-08"
39,0.0561295220905311,0.0119698728471961,0.0649112703702253,0.0671115569008491,-0.155529740839559,0.0192868567199179,2.41068495243095,2.28822977017326,2.83674617017636,2.9329028830775,FALSE,TRUE,"US-Var","daily","Soil",39,"days","2000-10-30","2021-10-25",7666,7513,7299,"2021-10-25","2000-12-09"
40,0.0572002781697867,0.0119698728471961,0.0667174352211779,0.0671115569008491,-0.152641255293244,0.0192868567199179,2.40946060234552,2.28889056427136,2.91483726931334,2.93205616504489,FALSE,TRUE,"US-Var","daily","Soil",40,"days","2000-10-30","2021-10-25",7666,7513,7297,"2021-10-25","2000-12-10"
41,0.0584024419241027,0.0119698728471961,0.0660509966247886,0.0671115569008491,-0.150167696138302,0.0192868567199179,2.40864715263107,2.28968053475907,2.88472542881353,2.93104456635086,FALSE,TRUE,"US-Var","daily","Soil",41,"days","2000-10-30","2021-10-25",7666,7513,7296,"2021-10-25","2000-12-11"
42,0.0584251154432733,0.0119698728471961,0.0637410420850291,0.0671115569008491,-0.147544253877882,0.0192868567199179,2.40808749054271,2.28907662577616,2.784574416045,2.93181784065851,FALSE,TRUE,"US-Var","daily","Soil",42,"days","2000-10-30","2021-10-25",7666,7513,7295,"2021-10-25","2000-12-12"
43,0.0567778492268838,0.0119698728471961,0.0614604217616161,0.0671115569008491,-0.14366492005173,0.0192868567199179,2.40756345093248,2.28844788949883,2.68568150682583,2.9326233386746,FALSE,TRUE,"US-Var","daily","Soil",43,"days","2000-10-30","2021-10-25",7666,7513,7294,"2021-10-25","2000-12-13"
44,0.0550795398805208,0.0119698728471961,0.058920218028419,0.0671115569008491,-0.139289923123189,0.0192868567199179,2.40658781153728,2.28844634895533,2.5746820787525,2.93262531286719,FALSE,TRUE,"US-Var","daily","Soil",44,"days","2000-10-30","2021-10-25",7666,7513,7293,"2021-10-25","2000-12-14"
45,0.0545839431854152,0.0119698728471961,0.06221397626887,0.0671115569008491,-0.138146403913921,0.0192868567199179,2.40597914838104,2.28799822665805,2.71914442694925,2.9331996904069,FALSE,TRUE,"US-Var","daily","Soil",45,"days","2000-10-30","2021-10-25",7666,7513,7292,"2021-10-25","2000-12-15"
46,0.054036335389049,0.0119698728471961,0.0641815507670875,0.0671115569008491,-0.136435026118109,0.0192868567199179,2.4051727642363,2.28687809235739,2.8065138662869,2.9346363990775,FALSE,TRUE,"US-Var","daily","Soil",46,"days","2000-10-30","2021-10-25",7666,7513,7291,"2021-10-25","2000-12-16"
47,0.0549133531068344,0.0119698728471961,0.0670889977001625,0.0671115569008491,-0.13362227947114,0.0192868567199179,2.40433173738491,2.28695810040813,2.93354730408878,2.93453373233521,FALSE,TRUE,"US-Var","daily","Soil",47,"days","2000-10-30","2021-10-25",7666,7513,7290,"2021-10-25","2000-12-17"
48,0.0521997321097638,0.0119698728471961,0.0628611721427212,0.0671115569008491,-0.132057726493026,0.0192868567199179,2.40396389409993,2.28574019007786,2.75014511341204,2.93609733915398,FALSE,TRUE,"US-Var","daily","Soil",48,"days","2000-10-30","2021-10-25",7666,7513,7289,"2021-10-25","2000-12-18"
0,0.104320461244861,0.0866879816517589,0.300881889800319,0.361550820080295,-0.125469356755224,0.0531961932954779,2.70451154345419,2.56420610096732,11.7339198938344,14.0999126374399,FALSE,TRUE,"US-Var","weekly","VPD",0,"weeks","2000-10-30","2021-10-18",1095,1072,1060,"2021-10-18","2000-11-06"
1,0.13165337903659,0.0866879816517589,0.304307162528834,0.361550820080295,-0.273845524293236,0.0531961932954779,2.70994888300881,2.56490624242604,11.8642606694661,14.096063789775,FALSE,TRUE,"US-Var","weekly","VPD",1,"weeks","2000-10-30","2021-10-18",1095,1072,1059,"2021-10-18","2000-11-13"
2,0.100141316682659,0.0866879816517589,0.245798393350668,0.361550820080295,-0.23908290444034,0.0531961932954779,2.707396113372,2.56549388152297,9.58093859123739,14.0928350164556,FALSE,TRUE,"US-Var","weekly","VPD",2,"weeks","2000-10-30","2021-10-18",1095,1072,1047,"2021-10-18","2000-11-20"
3,0.0835562340171991,0.0866879816517589,0.252100909507271,0.361550820080295,-0.186802758346637,0.0531961932954779,2.70544404410293,2.57316289321799,9.79731637556744,14.050832966433,FALSE,FALSE,"US-Var","weekly","VPD",3,"weeks","2000-10-30","2021-10-18",1095,1072,1042,"2021-10-18","2000-11-27"
4,0.0767701204920002,0.0866879816517589,0.279682172480145,0.361550820080295,-0.134608326573798,0.0531961932954779,2.7041658594247,2.56535476230225,10.902280518471,14.0935992710741,FALSE,FALSE,"US-Var","weekly","VPD",4,"weeks","2000-10-30","2021-10-18",1095,1072,1039,"2021-10-18","2000-12-04"
5,0.0791142690463955,0.0866879816517589,0.26057276217802,0.361550820080295,-0.0826002317851713,0.0531961932954779,2.70888708021658,2.56564919795478,10.1562116280642,14.0919818800055,FALSE,FALSE,"US-Var","weekly","VPD",5,"weeks","2000-10-30","2021-10-18",1095,1072,1035,"2021-10-18","2000-12-11"
6,0.0980435321596325,0.0866879816517589,0.262680976486894,0.361550820080295,-0.0223014994279306,0.0531961932954779,2.70640395817244,2.57045970519332,10.2192217196083,14.0656093285502,FALSE,TRUE,"US-Var","weekly","VPD",6,"weeks","2000-10-30","2021-10-18",1095,1072,1032,"2021-10-18","2000-12-18"
7,0.0997668661741233,0.0866879816517589,0.25052850693533,0.361550820080295,-0.00696338368717694,0.0531961932954779,2.70385243424932,2.57100261210099,9.74438943609634,14.0626391579136,FALSE,TRUE,"US-Var","weekly","VPD",7,"weeks","2000-10-30","2021-10-18",1095,1072,1030,"2021-10-18","2000-12-25"
8,0.0928316256492074,0.0866879816517589,0.226291258211407,0.361550820080295,-0.000415541245124109,0.0531961932954779,2.71001351356732,2.5698389090628,8.80565927355864,14.0690071585907,FALSE,TRUE,"US-Var","weekly","VPD",8,"weeks","2000-10-30","2021-10-18",1095,1072,1030,"2021-10-18","2001-01-01"
9,0.0852909905054968,0.0866879816517589,0.24674325882273,0.361550820080295,-0.00961812769647808,0.0531961932954779,2.71071497967867,2.56899488187826,9.6046613624364,14.0736294428098,FALSE,FALSE,"US-Var","weekly","VPD",9,"weeks","2000-10-30","2021-10-18",1095,1072,1029,"2021-10-18","2001-01-08"
10,0.0907239092892436,0.0866879816517589,0.22942884311183,0.361550820080295,-0.00966745819357245,0.0531961932954779,2.70688653913636,2.57240904424145,8.91883208175716,14.0549505876468,FALSE,TRUE,"US-Var","weekly","VPD",10,"weeks","2000-10-30","2021-10-18",1095,1072,1029,"2021-10-18","2001-01-15"
11,0.107251973269935,0.0866879816517589,0.234425458268639,0.361550820080295,0.00192146239482651,0.0531961932954779,2.71151090726377,2.57509209473046,9.10357570311195,14.0403063960374,FALSE,TRUE,"US-Var","weekly","VPD",11,"weeks","2000-10-30","2021-10-18",1095,1072,1028,"2021-10-18","2001-02-12"
12,0.0800885707437198,0.0866879816517589,0.230378395696355,0.361550820080295,-0.0260652364913554,0.0531961932954779,2.70884024113247,2.56887856522493,8.96805317366891,14.074266684873,FALSE,FALSE,"US-Var","weekly","VPD",12,"weeks","2000-10-30","2021-10-18",1095,1072,1027,"2021-10-18","2001-02-12"
13,0.084257777385373,0.0866879816517589,0.233141113111453,0.361550820080295,-0.0281505462141543,0.0531961932954779,2.70077014294801,2.55892691728245,9.11089377101268,14.1290014043956,FALSE,FALSE,"US-Var","weekly","VPD",13,"weeks","2000-10-30","2021-10-18",1095,1072,1027,"2021-10-18","2001-02-12"
14,0.0935130902761623,0.0866879816517589,0.233017938628556,0.361550820080295,-0.0501029327384076,0.0531961932954779,2.69683823334207,2.55422972591216,9.12282619940698,14.1549844327796,FALSE,TRUE,"US-Var","weekly","VPD",14,"weeks","2000-10-30","2021-10-18",1095,1072,1027,"2021-10-18","2001-02-12"
15,0.106817608745148,0.0866879816517589,0.225859795938483,0.361550820080295,-0.0594601744551119,0.0531961932954779,2.69571591047886,2.56161712431959,8.81707862561526,14.1141631451394,FALSE,TRUE,"US-Var","weekly","VPD",15,"weeks","2000-10-30","2021-10-18",1095,1072,1025,"2021-10-18","2001-03-05"
16,0.10832981838325,0.0866879816517589,0.229379894586708,0.361550820080295,-0.0274346373876302,0.0531961932954779,2.69146270006718,2.55626394691735,8.97324765164891,14.143720194321,FALSE,TRUE,"US-Var","weekly","VPD",16,"weeks","2000-10-30","2021-10-18",1095,1072,1026,"2021-10-18","2001-03-05"
17,0.0932839064865387,0.0866879816517589,0.234809247922715,0.361550820080295,-0.0406067860007007,0.0531961932954779,2.69599573566458,2.55357999596644,9.19529634057333,14.1585860106748,FALSE,TRUE,"US-Var","weekly","VPD",17,"weeks","2000-10-30","2021-10-18",1095,1072,1026,"2021-10-18","2001-03-05"
18,0.105383090053184,0.0866879816517589,0.267645526440732,0.361550820080295,-0.0584084869377616,0.0531961932954779,2.69527842419527,2.55663238969086,10.4686746330823,14.1416819069562,FALSE,TRUE,"US-Var","weekly","VPD",18,"weeks","2000-10-30","2021-10-18",1095,1072,1026,"2021-10-18","2001-03-12"
19,0.10323554316305,0.0866879816517589,0.259017567505936,0.361550820080295,-0.0738266629604016,0.0531961932954779,2.68873545409237,2.56382993580806,10.1027593089672,14.101981376793,FALSE,TRUE,"US-Var","weekly","VPD",19,"weeks","2000-10-30","2021-10-18",1095,1072,1026,"2021-10-18","2001-03-19"
20,0.0905380963005511,0.0866879816517589,0.241414872072813,0.361550820080295,-0.0377278729363775,0.0531961932954779,2.69386817956562,2.56863415328027,9.39856973265399,14.0756058864427,FALSE,TRUE,"US-Var","weekly","VPD",20,"weeks","2000-10-30","2021-10-18",1095,1072,1025,"2021-10-18","2001-03-26"
21,0.0760093306999012,0.0866879816517589,0.239146924201257,0.361550820080295,-0.00195015087348407,0.0531961932954779,2.69384584663304,2.57354646284848,9.29250462945059,14.0487387851595,FALSE,FALSE,"US-Var","weekly","VPD",21,"weeks","2000-10-30","2021-10-18",1095,1072,1024,"2021-10-18","2001-04-02"
22,0.0844788298243708,0.0866879816517589,0.263508504724358,0.361550820080295,0.0117626354444501,0.0531961932954779,2.69380346423924,2.57027481158825,10.2521529424135,14.0666211430085,FALSE,FALSE,"US-Var","weekly","VPD",22,"weeks","2000-10-30","2021-10-18",1095,1072,1023,"2021-10-18","2001-04-09"
23,0.0821362616088859,0.0866879816517589,0.252974464075858,0.361550820080295,0.0202799338746417,0.0531961932954779,2.69265175638553,2.56974116657088,9.8443558194397,14.0695422863446,FALSE,FALSE,"US-Var","weekly","VPD",23,"weeks","2000-10-30","2021-10-18",1095,1072,1021,"2021-10-18","2001-04-16"
24,0.0646471722239328,0.0866879816517589,0.253047245316306,0.361550820080295,0.0580563337569873,0.0531961932954779,2.69056254764495,2.57136393421798,9.84097357627694,14.0606631083613,FALSE,FALSE,"US-Var","weekly","VPD",24,"weeks","2000-10-30","2021-10-18",1095,1072,1019,"2021-10-18","2001-04-23"
25,0.0876883702319393,0.0866879816517589,0.305796172966767,0.361550820080295,0.0640757474244885,0.0531961932954779,2.68339520686638,2.56966377617046,11.9002406385824,14.0699660178543,FALSE,TRUE,"US-Var","weekly","VPD",25,"weeks","2000-10-30","2021-10-18",1095,1072,1017,"2021-10-18","2001-04-30"
26,0.0773449262978829,0.0866879816517589,0.31023877719787,0.361550820080295,0.0715037447310699,0.0531961932954779,2.68170980379722,2.56003524257952,12.118535402867,14.1228844848242,FALSE,FALSE,"US-Var","weekly","VPD",26,"weeks","2000-10-30","2021-10-18",1095,1072,1016,"2021-10-18","2001-05-07"
27,0.0730782125755969,0.0866879816517589,0.319317027839076,0.361550820080295,0.0635462517331775,0.0531961932954779,2.73119088678372,2.56424268261384,12.4526835936442,14.0997114872041,FALSE,FALSE,"US-Var","weekly","VPD",27,"weeks","2000-10-30","2021-10-18",1095,1072,1015,"2021-10-18","2001-05-14"
28,0.0813325468633037,0.0866879816517589,0.334476836768651,0.361550820080295,0.024616900796132,0.0531961932954779,2.72550235483489,2.55862706861085,13.0725122418973,14.13065719955,FALSE,FALSE,"US-Var","weekly","VPD",28,"weeks","2000-10-30","2021-10-18",1095,1072,1014,"2021-10-18","2001-05-21"
29,0.0841295270710889,0.0866879816517589,0.351475411167358,0.361550820080295,-0.0343587573498121,0.0531961932954779,2.72255332154971,2.56840278318771,13.6845908074875,14.0768738628902,FALSE,FALSE,"US-Var","weekly","VPD",29,"weeks","2000-10-30","2021-10-18",1095,1072,1013,"2021-10-18","2001-05-28"
30,0.0921354712470714,0.0866879816517589,0.334618162127307,0.361550820080295,-0.0109236065709129,0.0531961932954779,2.68529899407723,2.57749963071715,12.9822777912176,14.0271919255212,FALSE,TRUE,"US-Var","weekly","VPD",30,"weeks","2000-10-30","2021-10-18",1095,1072,1012,"2021-10-18","2001-06-04"
31,0.0864720686337233,0.0866879816517589,0.34562765527054,0.361550820080295,-0.0561206691487566,0.0531961932954779,2.68609202519357,2.57607509984541,13.4168314926565,14.0349487521537,FALSE,FALSE,"US-Var","weekly","VPD",31,"weeks","2000-10-30","2021-10-18",1095,1072,1011,"2021-10-18","2001-07-09"
32,0.104025545272791,0.0866879816517589,0.394007766499819,0.361550820080295,-0.045223008533816,0.0531961932954779,2.68568166074297,2.56970653715375,15.3327923170647,14.0697318877803,TRUE,TRUE,"US-Var","weekly","VPD",32,"weeks","2000-10-30","2021-10-18",1095,1072,1011,"2021-10-18","2001-07-09"
33,0.0963269637491981,0.0866879816517589,0.363497049776388,0.361550820080295,-0.0386395436912516,0.0531961932954779,2.69228032134127,2.56715314184554,14.1595389792394,14.083726217454,TRUE,TRUE,"US-Var","weekly","VPD",33,"weeks","2000-10-30","2021-10-18",1095,1072,1011,"2021-10-18","2001-07-09"
34,0.108157953267456,0.0866879816517589,0.338360583616759,0.361550820080295,-0.0795240761912994,0.0531961932954779,2.68791133221275,2.56516464422832,13.1905990665386,14.0946438231087,FALSE,TRUE,"US-Var","weekly","VPD",34,"weeks","2000-10-30","2021-10-18",1095,1072,1011,"2021-10-18","2001-07-09"
35,0.127411845921359,0.0866879816517589,0.342081112476552,0.361550820080295,-0.0113278553344777,0.0531961932954779,2.68128166216686,2.56704648752779,13.325863561045,14.0843113608156,FALSE,TRUE,"US-Var","weekly","VPD",35,"weeks","2000-10-30","2021-10-18",1095,1072,1011,"2021-10-18","2001-07-09"
36,0.124704936847537,0.0866879816517589,0.351326784988639,0.361550820080295,-0.0592873199798005,0.0531961932954779,2.6890006866438,2.56570504690355,13.6931868069808,14.0916751329868,FALSE,TRUE,"US-Var","weekly","VPD",36,"weeks","2000-10-30","2021-10-18",1095,1072,1010,"2021-10-18","2001-07-16"
37,0.117959422607358,0.0866879816517589,0.361999161905486,0.361550820080295,-0.0460135200991611,0.0531961932954779,2.69160050473606,2.56500190274557,14.1130172854064,14.0955380849149,TRUE,TRUE,"US-Var","weekly","VPD",37,"weeks","2000-10-30","2021-10-18",1095,1072,1009,"2021-10-18","2001-07-23"
38,0.100425439429061,0.0866879816517589,0.331219825645646,0.361550820080295,-0.0858008026367929,0.0531961932954779,2.69280815571214,2.56186266503316,12.9288673497788,14.1128103787568,FALSE,TRUE,"US-Var","weekly","VPD",38,"weeks","2000-10-30","2021-10-18",1095,1072,1008,"2021-10-18","2001-07-30"
39,0.0987600706728777,0.0866879816517589,0.358546580015459,0.361550820080295,-0.0419513629221804,0.0531961932954779,2.69486016061016,2.56761525834741,13.9641863729315,14.0811914442742,FALSE,TRUE,"US-Var","weekly","VPD",39,"weeks","2000-10-30","2021-10-18",1095,1072,1007,"2021-10-18","2001-08-06"
40,0.107753085774058,0.0866879816517589,0.342847598092267,0.361550820080295,0.0133382504393639,0.0531961932954779,2.70081445155858,2.57309804862371,13.3243114569866,14.0511870612035,FALSE,TRUE,"US-Var","weekly","VPD",40,"weeks","2000-10-30","2021-10-18",1095,1072,1006,"2021-10-18","2001-08-13"
41,0.10847548832131,0.0866879816517589,0.349419543018669,0.361550820080295,0.0519799065960192,0.0531961932954779,2.69516110627592,2.57221809949468,13.5843668578226,14.0559939357912,FALSE,TRUE,"US-Var","weekly","VPD",41,"weeks","2000-10-30","2021-10-18",1095,1072,1005,"2021-10-18","2001-08-20"
42,0.122406464660606,0.0866879816517589,0.350122655342368,0.361550820080295,0.0326724367766792,0.0531961932954779,2.69322344271331,2.57840703510292,13.579029632472,14.0222554142179,FALSE,TRUE,"US-Var","weekly","VPD",42,"weeks","2000-10-30","2021-10-18",1095,1072,1004,"2021-10-18","2001-08-27"
43,0.117377336957651,0.0866879816517589,0.33388297504021,0.361550820080295,0.0918147352758399,0.0531961932954779,2.69734574189637,2.57737826243376,12.9543645147737,14.027852463491,FALSE,TRUE,"US-Var","weekly","VPD",43,"weeks","2000-10-30","2021-10-18",1095,1072,1003,"2021-10-18","2001-09-03"
44,0.111667415810028,0.0866879816517589,0.365413230952928,0.361550820080295,0.0665870518003586,0.0531961932954779,2.69753710471697,2.57750980353745,14.1769870458465,14.0271365635192,TRUE,TRUE,"US-Var","weekly","VPD",44,"weeks","2000-10-30","2021-10-18",1095,1072,1002,"2021-10-18","2001-09-10"
45,0.0908938610153696,0.0866879816517589,0.34784571671318,0.361550820080295,0.0471631148572861,0.0531961932954779,2.69872898724851,2.57837007219015,13.4909150732466,14.0224564340053,FALSE,TRUE,"US-Var","weekly","VPD",45,"weeks","2000-10-30","2021-10-18",1095,1072,1001,"2021-10-18","2001-09-17"
46,0.105835355336167,0.0866879816517589,0.363966992776881,0.361550820080295,0.0269342605069055,0.0531961932954779,2.70224992995363,2.570067004564,14.1617705737063,14.0677585229584,TRUE,TRUE,"US-Var","weekly","VPD",46,"weeks","2000-10-30","2021-10-18",1095,1072,1000,"2021-10-18","2001-09-24"
47,0.0909197809633993,0.0866879816517589,0.33560357435405,0.361550820080295,-0.0426549584215381,0.0531961932954779,2.70058994411037,2.57062416000517,13.0553341704131,14.0647094859471,FALSE,TRUE,"US-Var","weekly","VPD",47,"weeks","2000-10-30","2021-10-18",1095,1072,999,"2021-10-18","2001-10-01"
48,0.0993821036386997,0.0866879816517589,0.328106775212503,0.361550820080295,-0.0623499617443769,0.0531961932954779,2.70182285051741,2.56781266362585,12.777675718337,14.0801089270185,FALSE,TRUE,"US-Var","weekly","VPD",48,"weeks","2000-10-30","2021-10-18",1095,1072,998,"2021-10-18","2001-10-08"
0,0.18109728301079,0.0841118236084841,0.311338954245856,0.350460892004116,-0.317111172267898,0.0489098132986805,2.62837644365151,2.56420610096732,12.141728940135,13.6674229061349,FALSE,TRUE,"US-Var","weekly","Soil",0,"weeks","2000-10-30","2021-10-18",1095,1072,1060,"2021-10-18","2000-11-06"
1,0.181580090529655,0.0841118236084841,0.278292495152436,0.350460892004116,-0.367381752575966,0.0489098132986805,2.62635773717353,2.56490624242604,10.8500065440681,13.6636921150236,FALSE,TRUE,"US-Var","weekly","Soil",1,"weeks","2000-10-30","2021-10-18",1095,1072,1059,"2021-10-18","2000-11-13"
2,0.183768563434367,0.0841118236084841,0.275459848551904,0.350460892004116,-0.34763445733792,0.0489098132986805,2.62700129613652,2.56549388152297,10.7371079906213,13.6605623785807,FALSE,TRUE,"US-Var","weekly","Soil",2,"weeks","2000-10-30","2021-10-18",1095,1072,1047,"2021-10-18","2000-11-20"
3,0.168448089551704,0.0841118236084841,0.284040135946832,0.350460892004116,-0.317993026779683,0.0489098132986805,2.62944698586204,2.57316289321799,11.0385602363328,13.6198486667057,FALSE,TRUE,"US-Var","weekly","Soil",3,"weeks","2000-10-30","2021-10-18",1095,1072,1042,"2021-10-18","2000-11-27"
4,0.147598031605504,0.0841118236084841,0.262916322785669,0.350460892004116,-0.279808781850364,0.0489098132986805,2.628928113569,2.56535476230225,10.2487315457967,13.6613031910487,FALSE,TRUE,"US-Var","weekly","Soil",4,"weeks","2000-10-30","2021-10-18",1095,1072,1039,"2021-10-18","2000-12-04"
5,0.126089479323335,0.0841118236084841,0.261143296091042,0.350460892004116,-0.224258598747659,0.0489098132986805,2.62564895559635,2.56564919795478,10.1784490373514,13.6597354105732,FALSE,TRUE,"US-Var","weekly","Soil",5,"weeks","2000-10-30","2021-10-18",1095,1072,1035,"2021-10-18","2000-12-11"
6,0.102786328505375,0.0841118236084841,0.265630177713007,0.350460892004116,-0.176953492829988,0.0489098132986805,2.62624916486241,2.57045970519332,10.3339561081752,13.6341717902074,FALSE,TRUE,"US-Var","weekly","Soil",6,"weeks","2000-10-30","2021-10-18",1095,1072,1032,"2021-10-18","2000-12-18"
7,0.0901901511627186,0.0841118236084841,0.25233808328427,0.350460892004116,-0.133853840344414,0.0489098132986805,2.62064890070436,2.57100261210099,9.81477350884767,13.63129272427,FALSE,TRUE,"US-Var","weekly","Soil",7,"weeks","2000-10-30","2021-10-18",1095,1072,1030,"2021-10-18","2000-12-25"
8,0.0869698618298749,0.0841118236084841,0.252006233005508,0.350460892004116,-0.0951024649176495,0.0489098132986805,2.61578212826306,2.5698389090628,9.80630467212485,13.6374653978574,FALSE,TRUE,"US-Var","weekly","Soil",8,"weeks","2000-10-30","2021-10-18",1095,1072,1030,"2021-10-18","2001-01-01"
9,0.0710077667166162,0.0841118236084841,0.253303564120172,0.350460892004116,-0.0568794509327639,0.0489098132986805,2.60967968615765,2.56899488187826,9.86002603224242,13.6419459017328,FALSE,FALSE,"US-Var","weekly","Soil",9,"weeks","2000-10-30","2021-10-18",1095,1072,1029,"2021-10-18","2001-01-08"
10,0.0789965606988785,0.0841118236084841,0.261819148385773,0.350460892004116,-0.00941175092614899,0.0489098132986805,2.60473517685086,2.57240904424145,10.1779749597707,13.6238399872155,FALSE,FALSE,"US-Var","weekly","Soil",10,"weeks","2000-10-30","2021-10-18",1095,1072,1029,"2021-10-18","2001-01-15"
11,0.0737921551098628,0.0841118236084841,0.246523428943303,0.350460892004116,0.0317279536509348,0.0489098132986805,2.60175259503151,2.57509209473046,9.57338300435064,13.6096449801264,FALSE,FALSE,"US-Var","weekly","Soil",11,"weeks","2000-10-30","2021-10-18",1095,1072,1028,"2021-10-18","2001-02-12"
12,0.0812330660526852,0.0841118236084841,0.269521292176812,0.350460892004116,0.039510092842922,0.0489098132986805,2.6017726361805,2.56887856522493,10.4917879663655,13.6425635975295,FALSE,FALSE,"US-Var","weekly","Soil",12,"weeks","2000-10-30","2021-10-18",1095,1072,1027,"2021-10-18","2001-02-12"
13,0.0959100828948163,0.0841118236084841,0.275025394433113,0.350460892004116,0.0425079852638742,0.0489098132986805,2.70219872183334,2.55892691728245,10.7476846085619,13.6956194269237,FALSE,TRUE,"US-Var","weekly","Soil",13,"weeks","2000-10-30","2021-10-18",1095,1072,1027,"2021-10-18","2001-02-12"
14,0.0981587515205904,0.0841118236084841,0.265893930465576,0.350460892004116,0.0255519883624874,0.0489098132986805,2.70081634953275,2.55422972591216,10.4099458152935,13.7208054721452,FALSE,TRUE,"US-Var","weekly","Soil",14,"weeks","2000-10-30","2021-10-18",1095,1072,1027,"2021-10-18","2001-02-12"
15,0.0978707177481848,0.0841118236084841,0.278388011003329,0.350460892004116,0.0100862379508764,0.0489098132986805,2.61218265218506,2.56161712431959,10.8676666922764,13.6812363048675,FALSE,TRUE,"US-Var","weekly","Soil",15,"weeks","2000-10-30","2021-10-18",1095,1072,1025,"2021-10-18","2001-03-05"
16,0.104042826360057,0.0841118236084841,0.266691466171941,0.350460892004116,-0.0066534746638611,0.0489098132986805,2.62397751598043,2.55626394691735,10.4328610702956,13.7098867441582,FALSE,TRUE,"US-Var","weekly","Soil",16,"weeks","2000-10-30","2021-10-18",1095,1072,1026,"2021-10-18","2001-03-05"
17,0.10482450820547,0.0841118236084841,0.276236149295761,0.350460892004116,-0.0309028666176234,0.0489098132986805,2.62944182396533,2.55357999596644,10.8176031192324,13.724296578047,FALSE,TRUE,"US-Var","weekly","Soil",17,"weeks","2000-10-30","2021-10-18",1095,1072,1026,"2021-10-18","2001-03-05"
18,0.107770924705377,0.0841118236084841,0.285037652016578,0.350460892004116,-0.0717323931322676,0.0489098132986805,2.63233264276465,2.55663238969086,11.1489494213536,13.7079109776315,FALSE,TRUE,"US-Var","weekly","Soil",18,"weeks","2000-10-30","2021-10-18",1095,1072,1026,"2021-10-18","2001-03-12"
19,0.124630166123823,0.0841118236084841,0.299983028796916,0.350460892004116,-0.115417467924926,0.0489098132986805,2.63527096761461,2.56382993580806,11.7005821878887,13.6694281905894,FALSE,TRUE,"US-Var","weekly","Soil",19,"weeks","2000-10-30","2021-10-18",1095,1072,1026,"2021-10-18","2001-03-19"
20,0.107245299105593,0.0841118236084841,0.27364680702508,0.350460892004116,-0.104689224103374,0.0489098132986805,2.63696356330008,2.56863415328027,10.6533975138351,13.643861721474,FALSE,TRUE,"US-Var","weekly","Soil",20,"weeks","2000-10-30","2021-10-18",1095,1072,1025,"2021-10-18","2001-03-26"
21,0.0909973944463864,0.0841118236084841,0.304480261391435,0.350460892004116,-0.077397826084673,0.0489098132986805,2.6374456521071,2.57354646284848,11.8311546259953,13.6178187207164,FALSE,TRUE,"US-Var","weekly","Soil",21,"weeks","2000-10-30","2021-10-18",1095,1072,1024,"2021-10-18","2001-04-02"
22,0.0976072932593413,0.0841118236084841,0.309221528105115,0.350460892004116,-0.0598152096671119,0.0489098132986805,2.64077902200106,2.57027481158825,12.0306796265897,13.6351525690576,FALSE,TRUE,"US-Var","weekly","Soil",22,"weeks","2000-10-30","2021-10-18",1095,1072,1023,"2021-10-18","2001-04-09"
23,0.0950012511409524,0.0841118236084841,0.312745447016002,0.350460892004116,-0.0560204232081457,0.0489098132986805,2.63928516098995,2.56974116657088,12.1703092546607,13.6379841115196,FALSE,TRUE,"US-Var","weekly","Soil",23,"weeks","2000-10-30","2021-10-18",1095,1072,1021,"2021-10-18","2001-04-16"
24,0.123595562748704,0.0841118236084841,0.314206278387791,0.350460892004116,-0.0339146269741517,0.0489098132986805,2.63402964239526,2.57136393421798,12.2194402047313,13.6293772865217,FALSE,TRUE,"US-Var","weekly","Soil",24,"weeks","2000-10-30","2021-10-18",1095,1072,1019,"2021-10-18","2001-04-23"
25,0.131708541718504,0.0841118236084841,0.314980634535944,0.350460892004116,-0.0136152169024848,0.0489098132986805,2.63284560957925,2.56966377617046,12.2576594438887,13.6383948458192,FALSE,TRUE,"US-Var","weekly","Soil",25,"weeks","2000-10-30","2021-10-18",1095,1072,1017,"2021-10-18","2001-04-30"
26,0.122369220740891,0.0841118236084841,0.316536604633498,0.350460892004116,-0.00424179558841621,0.0489098132986805,2.63215495164548,2.56003524257952,12.3645409004039,13.689690132976,FALSE,TRUE,"US-Var","weekly","Soil",26,"weeks","2000-10-30","2021-10-18",1095,1072,1016,"2021-10-18","2001-05-07"
27,0.120645832852469,0.0841118236084841,0.305593932088366,0.350460892004116,-0.0167460754650101,0.0489098132986805,2.63398110249288,2.56424268261384,11.9175121044651,13.6672279258247,FALSE,TRUE,"US-Var","weekly","Soil",27,"weeks","2000-10-30","2021-10-18",1095,1072,1015,"2021-10-18","2001-05-14"
28,0.10778878924259,0.0841118236084841,0.293386688799667,0.350460892004116,-0.0320972554912445,0.0489098132986805,2.63675024825127,2.55862706861085,11.4665670663351,13.697224433508,FALSE,TRUE,"US-Var","weekly","Soil",28,"weeks","2000-10-30","2021-10-18",1095,1072,1014,"2021-10-18","2001-05-21"
29,0.121430949521501,0.0841118236084841,0.296550923123251,0.350460892004116,-0.0477515218364141,0.0489098132986805,2.6395429459836,2.56840278318771,11.5461221683927,13.6450908050002,FALSE,TRUE,"US-Var","weekly","Soil",29,"weeks","2000-10-30","2021-10-18",1095,1072,1013,"2021-10-18","2001-05-28"
30,0.1106291709229,0.0841118236084841,0.273727016606655,0.350460892004116,-0.0611280393185262,0.0489098132986805,2.64312195294922,2.57749963071715,10.6198663753249,13.5969327726579,FALSE,TRUE,"US-Var","weekly","Soil",30,"weeks","2000-10-30","2021-10-18",1095,1072,1012,"2021-10-18","2001-06-04"
31,0.107617530688441,0.0841118236084841,0.29757865028795,0.350460892004116,-0.0802126182758694,0.0489098132986805,2.64351760211831,2.57607509984541,11.551629465531,13.6044516724356,FALSE,TRUE,"US-Var","weekly","Soil",31,"weeks","2000-10-30","2021-10-18",1095,1072,1011,"2021-10-18","2001-07-09"
32,0.102601567758381,0.0841118236084841,0.288480306176663,0.350460892004116,-0.100606218272649,0.0489098132986805,2.64497662901903,2.56970653715375,11.2261965327834,13.6381678972686,FALSE,TRUE,"US-Var","weekly","Soil",32,"weeks","2000-10-30","2021-10-18",1095,1072,1011,"2021-10-18","2001-07-09"
33,0.110150131257171,0.0841118236084841,0.281273309726338,0.350460892004116,-0.110962503086543,0.0489098132986805,2.64791190771578,2.56715314184554,10.9566237066842,13.6517329757806,FALSE,TRUE,"US-Var","weekly","Soil",33,"weeks","2000-10-30","2021-10-18",1095,1072,1011,"2021-10-18","2001-07-09"
34,0.115858069243344,0.0841118236084841,0.287869181201438,0.350460892004116,-0.116195072585165,0.0489098132986805,2.64769845064271,2.56516464422832,11.2222496847971,13.6623157033082,FALSE,TRUE,"US-Var","weekly","Soil",34,"weeks","2000-10-30","2021-10-18",1095,1072,1011,"2021-10-18","2001-07-09"
35,0.114302261416187,0.0841118236084841,0.260009163647512,0.350460892004116,-0.12075558627059,0.0489098132986805,2.64855189371825,2.56704648752779,10.1287282840723,13.6523001709108,FALSE,TRUE,"US-Var","weekly","Soil",35,"weeks","2000-10-30","2021-10-18",1095,1072,1011,"2021-10-18","2001-07-09"
36,0.11705016498241,0.0841118236084841,0.2696266994679,0.350460892004116,-0.120538391311971,0.0489098132986805,2.64929909630346,2.56570504690355,10.5088735664804,13.6594380724734,FALSE,TRUE,"US-Var","weekly","Soil",36,"weeks","2000-10-30","2021-10-18",1095,1072,1010,"2021-10-18","2001-07-16"
37,0.115934527055921,0.0841118236084841,0.25405905211234,0.350460892004116,-0.111802009727697,0.0489098132986805,2.64879398166736,2.56500190274557,9.90482899214991,13.6631825352248,FALSE,TRUE,"US-Var","weekly","Soil",37,"weeks","2000-10-30","2021-10-18",1095,1072,1009,"2021-10-18","2001-07-23"
38,0.0995658596554252,0.0841118236084841,0.248870996054395,0.350460892004116,-0.0988046520329382,0.0489098132986805,2.6523070613663,2.56186266503316,9.71445501163012,13.6799250321867,FALSE,TRUE,"US-Var","weekly","Soil",38,"weeks","2000-10-30","2021-10-18",1095,1072,1008,"2021-10-18","2001-07-30"
39,0.0958484292191519,0.0841118236084841,0.260286804954585,0.350460892004116,-0.0870011354003775,0.0489098132986805,2.65427643856903,2.56761525834741,10.1372977944567,13.6492759522578,FALSE,TRUE,"US-Var","weekly","Soil",39,"weeks","2000-10-30","2021-10-18",1095,1072,1007,"2021-10-18","2001-08-06"
40,0.101183419848364,0.0841118236084841,0.263114311574798,0.350460892004116,-0.0592333672879124,0.0489098132986805,2.65635456402874,2.57309804862371,10.2255843579506,13.6201919002491,FALSE,TRUE,"US-Var","weekly","Soil",40,"weeks","2000-10-30","2021-10-18",1095,1072,1006,"2021-10-18","2001-08-13"
41,0.099148588401464,0.0841118236084841,0.251375416459824,0.350460892004116,-0.0314012717990065,0.0489098132986805,2.65626503503009,2.57221809949468,9.77271003999263,13.624851332512,FALSE,TRUE,"US-Var","weekly","Soil",41,"weeks","2000-10-30","2021-10-18",1095,1072,1005,"2021-10-18","2001-08-20"
42,0.103343686888561,0.0841118236084841,0.251017296443909,0.350460892004116,-0.00409616458303448,0.0489098132986805,2.65379312219124,2.57840703510292,9.73536346381749,13.592147680055,FALSE,TRUE,"US-Var","weekly","Soil",42,"weeks","2000-10-30","2021-10-18",1095,1072,1004,"2021-10-18","2001-08-27"
43,0.0875227769651845,0.0841118236084841,0.241918079630256,0.350460892004116,0.0147713906583827,0.0489098132986805,2.6536745208276,2.57737826243376,9.38620780489624,13.5975730498008,FALSE,TRUE,"US-Var","weekly","Soil",43,"weeks","2000-10-30","2021-10-18",1095,1072,1003,"2021-10-18","2001-09-03"
44,0.0837749214725996,0.0841118236084841,0.253162850740734,0.350460892004116,0.028987494917323,0.0489098132986805,2.66724962754662,2.57750980353745,9.82199370855103,13.5968791087868,FALSE,FALSE,"US-Var","weekly","Soil",44,"weeks","2000-10-30","2021-10-18",1095,1072,1002,"2021-10-18","2001-09-10"
45,0.0804710046740151,0.0841118236084841,0.285558714477239,0.350460892004116,0.0415899316352382,0.0489098132986805,2.65860214277928,2.57837007219015,11.075164017657,13.5923425339181,FALSE,FALSE,"US-Var","weekly","Soil",45,"weeks","2000-10-30","2021-10-18",1095,1072,1001,"2021-10-18","2001-09-17"
46,0.0963878646234333,0.0841118236084841,0.308274682338257,0.350460892004116,0.0449609480667562,0.0489098132986805,2.65138476810779,2.570067004564,11.9948110998979,13.6362550619014,FALSE,TRUE,"US-Var","weekly","Soil",46,"weeks","2000-10-30","2021-10-18",1095,1072,1000,"2021-10-18","2001-09-24"
47,0.103018846432739,0.0841118236084841,0.300231153672964,0.350460892004116,0.0354535662831953,0.0489098132986805,2.65091812229572,2.57062416000517,11.6793095756309,13.633299548675,FALSE,TRUE,"US-Var","weekly","Soil",47,"weeks","2000-10-30","2021-10-18",1095,1072,999,"2021-10-18","2001-10-01"
48,0.0842298636095098,0.0841118236084841,0.274743623903634,0.350460892004116,0.0196783006733996,0.0489098132986805,2.65286432122019,2.56781266362585,10.6995197817775,13.6482266392928,FALSE,TRUE,"US-Var","weekly","Soil",48,"weeks","2000-10-30","2021-10-18",1095,1072,998,"2021-10-18","2001-10-08"
0,0.201833838469941,0.175935126346985,0.489939279863492,0.64415321781947,-0.237515329996216,0.0727854109449476,2.91763174631428,2.6519187799013,18.4748976317339,24.2900809293806,FALSE,TRUE,"US-Var","biweekly","VPD",0,"weeks","2000-10-30","2021-10-04",547,537,529,"2021-10-04","2000-11-13"
1,0.180883583921408,0.175935126346985,0.449153652505544,0.64415321781947,-0.339086676456144,0.0727854109449476,2.92899777314467,2.65378532447028,16.9250183262355,24.2729964582967,FALSE,TRUE,"US-Var","biweekly","VPD",2,"weeks","2000-10-30","2021-10-04",547,537,528,"2021-10-04","2000-11-27"
2,0.156650420896497,0.175935126346985,0.42508290640506,0.64415321781947,-0.216500912906744,0.0727854109449476,2.92884313441062,2.65838811565614,15.9902500278874,24.2309696626251,FALSE,FALSE,"US-Var","biweekly","VPD",4,"weeks","2000-10-30","2021-10-04",547,537,521,"2021-10-04","2000-12-11"
3,0.15243725852167,0.175935126346985,0.435391691746592,0.64415321781947,-0.0560221222178315,0.0727854109449476,2.92404277324814,2.65649374239641,16.3897126802123,24.2482490185873,FALSE,FALSE,"US-Var","biweekly","VPD",6,"weeks","2000-10-30","2021-10-04",547,537,518,"2021-10-04","2000-12-25"
4,0.135264011405948,0.175935126346985,0.390209520723582,0.64415321781947,-0.0123632941361399,0.0727854109449476,2.92179035807705,2.65460968665291,14.6993180460959,24.2654587248062,FALSE,FALSE,"US-Var","biweekly","VPD",8,"weeks","2000-10-30","2021-10-04",547,537,515,"2021-10-04","2001-01-08"
5,0.172797707106836,0.175935126346985,0.454534088791038,0.64415321781947,-0.0159131912725054,0.0727854109449476,2.92051762432863,2.65143590010618,17.1429408786702,24.294504641567,FALSE,FALSE,"US-Var","biweekly","VPD",10,"weeks","2000-10-30","2021-10-04",547,537,514,"2021-10-04","2001-03-19"
6,0.13244758736506,0.175935126346985,0.395660759822657,0.64415321781947,-0.0521812016837625,0.0727854109449476,2.91726186425467,2.65511885044125,14.901809753522,24.2608054141312,FALSE,FALSE,"US-Var","biweekly","VPD",12,"weeks","2000-10-30","2021-10-04",547,537,514,"2021-10-04","2001-03-19"
7,0.155049254521725,0.175935126346985,0.409018572991352,0.64415321781947,-0.0693244975260864,0.0727854109449476,2.90684394211331,2.6323396452755,15.5382142165983,24.4707486351767,FALSE,FALSE,"US-Var","biweekly","VPD",14,"weeks","2000-10-30","2021-10-04",547,537,514,"2021-10-04","2001-03-19"
8,0.133130722824724,0.175935126346985,0.388978155587855,0.64415321781947,-0.0523288660910907,0.0727854109449476,2.90375410890589,2.64016752689404,14.7330861252377,24.3981948591448,FALSE,FALSE,"US-Var","biweekly","VPD",16,"weeks","2000-10-30","2021-10-04",547,537,515,"2021-10-04","2001-03-19"
9,0.143135156179411,0.175935126346985,0.404946066834358,0.64415321781947,-0.0879673985481619,0.0727854109449476,2.90427086547036,2.64243467868588,15.3247332886103,24.3772617357496,FALSE,FALSE,"US-Var","biweekly","VPD",18,"weeks","2000-10-30","2021-10-04",547,537,515,"2021-10-04","2001-03-19"
10,0.153322075814591,0.175935126346985,0.415149674386037,0.64415321781947,-0.0608786289498145,0.0727854109449476,2.91007012033379,2.6601041310031,15.6065196676901,24.215338426491,FALSE,FALSE,"US-Var","biweekly","VPD",20,"weeks","2000-10-30","2021-10-04",547,537,515,"2021-10-04","2001-04-02"
11,0.120415448214887,0.175935126346985,0.419452410226246,0.64415321781947,-0.00281687641202092,0.0727854109449476,2.90753783348603,2.66660853178456,15.7298083024409,24.1562722889958,FALSE,FALSE,"US-Var","biweekly","VPD",22,"weeks","2000-10-30","2021-10-04",547,537,513,"2021-10-04","2001-04-16"
12,0.145581250926944,0.175935126346985,0.453520974315643,0.64415321781947,0.0533748745324371,0.0727854109449476,2.88766809377436,2.69136407041514,16.8509708255743,23.9340795584044,FALSE,FALSE,"US-Var","biweekly","VPD",24,"weeks","2000-10-30","2021-10-04",547,537,512,"2021-10-04","2001-04-30"
13,0.16007690472317,0.175935126346985,0.458558033979227,0.64415321781947,0.0706593460420707,0.0727854109449476,2.89033053471606,2.65467436716413,17.2736076277817,24.2648675026606,FALSE,FALSE,"US-Var","biweekly","VPD",26,"weeks","2000-10-30","2021-10-04",547,537,510,"2021-10-04","2001-05-14"
14,0.132989456126184,0.175935126346985,0.471160242791962,0.64415321781947,0.0175268422849264,0.0727854109449476,2.89156795432812,2.64953308031909,17.7827650574273,24.3119522682801,FALSE,FALSE,"US-Var","biweekly","VPD",28,"weeks","2000-10-30","2021-10-04",547,537,509,"2021-10-04","2001-05-28"
15,0.153827745478219,0.175935126346985,0.531723411931905,0.64415321781947,-0.0466555830485392,0.0727854109449476,2.88771560169048,2.65262376216097,20.0451876936642,24.283625405463,FALSE,FALSE,"US-Var","biweekly","VPD",30,"weeks","2000-10-30","2021-10-04",547,537,508,"2021-10-04","2001-07-23"
16,0.159726671100677,0.175935126346985,0.573025504916391,0.64415321781947,-0.0457271443159156,0.0727854109449476,2.89245863228199,2.65250861149143,21.6031534236639,24.2846796058951,FALSE,FALSE,"US-Var","biweekly","VPD",32,"weeks","2000-10-30","2021-10-04",547,537,508,"2021-10-04","2001-07-23"
17,0.197491267247266,0.175935126346985,0.586261810110905,0.64415321781947,-0.0454301445868246,0.0727854109449476,2.8870395217538,2.65457742855135,22.0849391622696,24.265753595705,FALSE,TRUE,"US-Var","biweekly","VPD",34,"weeks","2000-10-30","2021-10-04",547,537,508,"2021-10-04","2001-07-23"
18,0.210320651936081,0.175935126346985,0.570468470806214,0.64415321781947,-0.0531521598437295,0.0727854109449476,2.88963003756732,2.65154380871171,21.514578372491,24.293515939774,FALSE,TRUE,"US-Var","biweekly","VPD",36,"weeks","2000-10-30","2021-10-04",547,537,508,"2021-10-04","2001-07-23"
19,0.177977298530736,0.175935126346985,0.498565927313615,0.64415321781947,-0.0744314853958294,0.0727854109449476,2.90813374334703,2.65423654734424,18.7837790046432,24.2688700245648,FALSE,TRUE,"US-Var","biweekly","VPD",38,"weeks","2000-10-30","2021-10-04",547,537,507,"2021-10-04","2001-08-06"
20,0.2040709520889,0.175935126346985,0.621129071272595,0.64415321781947,0.0163296794698098,0.0727854109449476,2.90879148628344,2.6618427635453,23.3345515287054,24.1995217238724,FALSE,TRUE,"US-Var","biweekly","VPD",40,"weeks","2000-10-30","2021-10-04",547,537,506,"2021-10-04","2001-08-20"
21,0.23229124107923,0.175935126346985,0.554469870695685,0.64415321781947,0.0806649111643387,0.0727854109449476,2.9023579526812,2.66308731909536,20.8205666678641,24.188212425505,FALSE,TRUE,"US-Var","biweekly","VPD",42,"weeks","2000-10-30","2021-10-04",547,537,505,"2021-10-04","2001-09-03"
22,0.213458356094818,0.175935126346985,0.528633460793982,0.64415321781947,0.105284992392598,0.0727854109449476,2.91156424583691,2.6634593635862,19.8476262871233,24.1848337025932,FALSE,TRUE,"US-Var","biweekly","VPD",44,"weeks","2000-10-30","2021-10-04",547,537,504,"2021-10-04","2001-09-17"
23,0.204835909902785,0.175935126346985,0.550759991724066,0.64415321781947,0.0296554917869931,0.0727854109449476,2.91376824540545,2.65826572454457,20.7187711385936,24.2320852980125,FALSE,TRUE,"US-Var","biweekly","VPD",46,"weeks","2000-10-30","2021-10-04",547,537,503,"2021-10-04","2001-10-01"
24,0.192962510617743,0.175935126346985,0.496502977323525,0.64415321781947,-0.107734515570649,0.0727854109449476,2.91503173154751,2.65719018759866,18.6852630888352,24.2418935921783,FALSE,TRUE,"US-Var","biweekly","VPD",48,"weeks","2000-10-30","2021-10-04",547,537,502,"2021-10-04","2001-10-15"
25,0.169928680010835,0.175935126346985,0.541679084355088,0.64415321781947,-0.13372590120374,0.0727854109449476,2.9193032507534,2.65255802295733,20.4210079352448,24.2842272344077,FALSE,FALSE,"US-Var","biweekly","VPD",50,"weeks","2000-10-30","2021-10-04",547,537,501,"2021-10-04","2001-10-29"
26,0.155297611537828,0.175935126346985,0.439812991648858,0.64415321781947,-0.118059779688023,0.0727854109449476,2.91698378214152,2.66166645369029,16.5239709520731,24.2011247099117,FALSE,FALSE,"US-Var","biweekly","VPD",52,"weeks","2000-10-30","2021-10-04",547,537,500,"2021-10-04","2001-11-12"
27,0.187877586643554,0.175935126346985,0.535387623114563,0.64415321781947,-0.0720323836990229,0.0727854109449476,2.91380201730169,2.66667631344504,20.0769632375406,24.1556582841245,FALSE,TRUE,"US-Var","biweekly","VPD",54,"weeks","2000-10-30","2021-10-04",547,537,499,"2021-10-04","2001-11-26"
28,0.131881403959478,0.175935126346985,0.444881799535717,0.64415321781947,-0.00141833257850624,0.0727854109449476,2.90872221123559,2.67040665177455,16.6597023430901,24.1219148174086,FALSE,FALSE,"US-Var","biweekly","VPD",56,"weeks","2000-10-30","2021-10-04",547,537,498,"2021-10-04","2001-12-10"
29,0.169802481523626,0.175935126346985,0.48682372624859,0.64415321781947,0.0600810004605676,0.0727854109449476,2.90939397262273,2.66474564380729,18.2690504581531,24.1731596153068,FALSE,FALSE,"US-Var","biweekly","VPD",58,"weeks","2000-10-30","2021-10-04",547,537,497,"2021-10-04","2001-12-24"
30,0.144936199634863,0.175935126346985,0.412060345160024,0.64415321781947,0.0696922966243142,0.0727854109449476,2.90618141437281,2.66059387587801,15.4875326481025,24.2108810239554,FALSE,FALSE,"US-Var","biweekly","VPD",60,"weeks","2000-10-30","2021-10-04",547,537,496,"2021-10-04","2002-01-07"
31,0.178494682092784,0.175935126346985,0.46121666334528,0.64415321781947,0.0526994861336676,0.0727854109449476,2.89861451300979,2.65752338796567,17.3551309250506,24.2388541427878,FALSE,TRUE,"US-Var","biweekly","VPD",62,"weeks","2000-10-30","2021-10-04",547,537,495,"2021-10-04","2002-01-21"
32,0.142141812300499,0.175935126346985,0.367347850010473,0.64415321781947,-0.00362328665965499,0.0727854109449476,2.90055599535107,2.64638559992358,13.8811158140023,24.3408677041649,FALSE,FALSE,"US-Var","biweekly","VPD",64,"weeks","2000-10-30","2021-10-04",547,537,494,"2021-10-04","2002-02-04"
33,0.180671192379867,0.175935126346985,0.416098981405773,0.64415321781947,-0.0727170334118075,0.0727854109449476,2.89861130809385,2.63817434968639,15.7722320913035,24.4166280327926,FALSE,TRUE,"US-Var","biweekly","VPD",66,"weeks","2000-10-30","2021-10-04",547,537,493,"2021-10-04","2002-02-18"
34,0.157254142434137,0.175935126346985,0.370335217699744,0.64415321781947,-0.0689824292561524,0.0727854109449476,2.88830270087261,2.64123729519983,14.0212777690513,24.3883129694614,FALSE,FALSE,"US-Var","biweekly","VPD",68,"weeks","2000-10-30","2021-10-04",547,537,492,"2021-10-04","2002-03-04"
35,0.172202044545783,0.175935126346985,0.398809440890331,0.64415321781947,-0.066638842276649,0.0727854109449476,2.88296294786051,2.65451543692917,15.0238132105831,24.2663202804595,FALSE,FALSE,"US-Var","biweekly","VPD",70,"weeks","2000-10-30","2021-10-04",547,537,491,"2021-10-04","2002-03-18"
36,0.136496829426121,0.175935126346985,0.39782399135729,0.64415321781947,-0.0571980335264225,0.0727854109449476,2.87432212619004,2.65569761889802,14.9800183773319,24.2555181446735,FALSE,FALSE,"US-Var","biweekly","VPD",72,"weeks","2000-10-30","2021-10-04",547,537,490,"2021-10-04","2002-04-01"
37,0.16105979220874,0.175935126346985,0.420544981042726,0.64415321781947,-0.0540111261824008,0.0727854109449476,2.87097916508215,2.67081465951934,15.7459440153893,24.118229826378,FALSE,FALSE,"US-Var","biweekly","VPD",74,"weeks","2000-10-30","2021-10-04",547,537,489,"2021-10-04","2002-04-15"
38,0.136897779307085,0.175935126346985,0.435530073218965,0.64415321781947,0.0177455768120133,0.0727854109449476,2.88349425190308,2.6765998338348,16.2717664296861,24.0661009418275,FALSE,FALSE,"US-Var","biweekly","VPD",76,"weeks","2000-10-30","2021-10-04",547,537,488,"2021-10-04","2002-04-29"
39,0.148203774168052,0.175935126346985,0.540424159147411,0.64415321781947,-0.050836343836681,0.0727854109449476,2.86943095856575,2.67625259351115,20.19331659716,24.0692234873975,FALSE,FALSE,"US-Var","biweekly","VPD",78,"weeks","2000-10-30","2021-10-04",547,537,487,"2021-10-04","2002-05-13"
40,0.134973642102739,0.175935126346985,0.454232165444104,0.64415321781947,0.000530019514955067,0.0727854109449476,2.85241432947987,2.67145307344393,17.0031871403426,24.1124661414716,FALSE,FALSE,"US-Var","biweekly","VPD",80,"weeks","2000-10-30","2021-10-04",547,537,486,"2021-10-04","2002-05-27"
41,0.169637087042664,0.175935126346985,0.545122829857544,0.64415321781947,0.0651087030501855,0.0727854109449476,2.85896181508818,2.67302598326748,20.3934729130912,24.0982774522851,FALSE,FALSE,"US-Var","biweekly","VPD",82,"weeks","2000-10-30","2021-10-04",547,537,485,"2021-10-04","2002-06-10"
42,0.14985665855863,0.175935126346985,0.560222613122126,0.64415321781947,0.0593806110724803,0.0727854109449476,2.87822238883363,2.68080158115121,20.8975784355346,24.0283810017321,FALSE,FALSE,"US-Var","biweekly","VPD",84,"weeks","2000-10-30","2021-10-04",547,537,484,"2021-10-04","2002-06-24"
43,0.201270458257535,0.175935126346985,0.578750130705314,0.64415321781947,-0.0321828938489062,0.0727854109449476,2.88644850151036,2.68243768598719,21.5755293675097,24.013725320982,FALSE,TRUE,"US-Var","biweekly","VPD",86,"weeks","2000-10-30","2021-10-04",547,537,483,"2021-10-04","2002-07-08"
44,0.223528776520681,0.175935126346985,0.568960151501082,0.64415321781947,-0.0106186627882378,0.0727854109449476,2.87962897003154,2.679601029679,21.2330173484535,24.0391465253555,FALSE,TRUE,"US-Var","biweekly","VPD",88,"weeks","2000-10-30","2021-10-04",547,537,482,"2021-10-04","2002-07-22"
45,0.160927151629924,0.175935126346985,0.552546453561754,0.64415321781947,-0.01951228020421,0.0727854109449476,2.87895799220877,2.68328247001026,20.5921836309556,24.0061650243259,FALSE,FALSE,"US-Var","biweekly","VPD",90,"weeks","2000-10-30","2021-10-04",547,537,481,"2021-10-04","2002-08-05"
46,0.205445936109703,0.175935126346985,0.573485807809344,0.64415321781947,0.0490448063147425,0.0727854109449476,2.8840392412847,2.68252259447475,21.3786012088236,24.0129652270682,FALSE,TRUE,"US-Var","biweekly","VPD",92,"weeks","2000-10-30","2021-10-04",547,537,480,"2021-10-04","2002-08-19"
47,0.187171896608733,0.175935126346985,0.559185720391921,0.64415321781947,0.0763386836230283,0.0727854109449476,2.88448912376533,2.68969985248772,20.789892964255,23.9488884688635,FALSE,TRUE,"US-Var","biweekly","VPD",94,"weeks","2000-10-30","2021-10-04",547,537,479,"2021-10-04","2002-09-02"
48,0.19845883734027,0.175935126346985,0.554796092094935,0.64415321781947,0.0885797069488358,0.0727854109449476,2.89151489558311,2.69088326891084,20.6176201883144,23.9383560506583,FALSE,TRUE,"US-Var","biweekly","VPD",96,"weeks","2000-10-30","2021-10-04",547,537,478,"2021-10-04","2002-09-16"
0,0.225026631460685,0.171651966998124,0.502442197279248,0.595702222493575,-0.341267925202105,0.0717623162059008,2.73715733656898,2.6519187799013,18.9463644621103,22.4630643671427,FALSE,TRUE,"US-Var","biweekly","Soil",0,"weeks","2000-10-30","2021-10-04",547,537,529,"2021-10-04","2000-11-13"
1,0.254558469452165,0.171651966998124,0.410126268579009,0.595702222493575,-0.397835258158053,0.0717623162059008,2.74058377821451,2.65378532447028,15.4543875420998,22.4472649313667,FALSE,TRUE,"US-Var","biweekly","Soil",2,"weeks","2000-10-30","2021-10-04",547,537,528,"2021-10-04","2000-11-27"
2,0.239708874715463,0.171651966998124,0.354253114350242,0.595702222493575,-0.327371067838957,0.0717623162059008,2.74419156742714,2.65838811565614,13.3258613467284,22.4083992470958,FALSE,TRUE,"US-Var","biweekly","Soil",4,"weeks","2000-10-30","2021-10-04",547,537,521,"2021-10-04","2000-12-11"
3,0.183143280448768,0.171651966998124,0.410059259358576,0.595702222493575,-0.217208388920667,0.0717623162059008,2.73494566099083,2.65649374239641,15.4361086124247,22.424378909178,FALSE,TRUE,"US-Var","biweekly","Soil",6,"weeks","2000-10-30","2021-10-04",547,537,518,"2021-10-04","2000-12-25"
4,0.149532828700583,0.171651966998124,0.385663639666386,0.595702222493575,-0.130983714091582,0.0717623162059008,2.71976398726923,2.65460968665291,14.5280732457755,22.4402941603318,FALSE,FALSE,"US-Var","biweekly","Soil",8,"weeks","2000-10-30","2021-10-04",547,537,515,"2021-10-04","2001-01-08"
5,0.149298307420046,0.171651966998124,0.436633209138225,0.595702222493575,-0.029286652941225,0.0717623162059008,2.70658571830415,2.65143590010618,16.4678018096059,22.4671553428736,FALSE,FALSE,"US-Var","biweekly","Soil",10,"weeks","2000-10-30","2021-10-04",547,537,514,"2021-10-04","2001-03-19"
6,0.139292871729762,0.171651966998124,0.40964601739802,0.595702222493575,0.0179163708977077,0.0717623162059008,2.70864070244492,2.65511885044125,15.4285378724173,22.4359908557229,FALSE,FALSE,"US-Var","biweekly","Soil",12,"weeks","2000-10-30","2021-10-04",547,537,514,"2021-10-04","2001-03-19"
7,0.164416617726175,0.171651966998124,0.426310536107639,0.595702222493575,0.0201995323658336,0.0717623162059008,2.71425821979699,2.6323396452755,16.1951189267228,22.6301428678756,FALSE,FALSE,"US-Var","biweekly","Soil",14,"weeks","2000-10-30","2021-10-04",547,537,514,"2021-10-04","2001-03-19"
8,0.212667749384447,0.171651966998124,0.424832087331641,0.595702222493575,-0.000931481794473245,0.0717623162059008,2.72750772561444,2.64016752689404,16.0911034244643,22.5630463379865,FALSE,TRUE,"US-Var","biweekly","Soil",16,"weeks","2000-10-30","2021-10-04",547,537,515,"2021-10-04","2001-03-19"
9,0.185621692079206,0.171651966998124,0.423648972113831,0.595702222493575,-0.0811157821051435,0.0717623162059008,2.74218048651911,2.64243467868588,16.0325239269308,22.5436877323237,FALSE,TRUE,"US-Var","biweekly","Soil",18,"weeks","2000-10-30","2021-10-04",547,537,515,"2021-10-04","2001-03-19"
10,0.135472594167088,0.171651966998124,0.420894609471015,0.595702222493575,-0.103039161769496,0.0717623162059008,2.74536077770657,2.6601041310031,15.8224862164437,22.393943738922,FALSE,FALSE,"US-Var","biweekly","Soil",20,"weeks","2000-10-30","2021-10-04",547,537,515,"2021-10-04","2001-04-02"
11,0.146568237340611,0.171651966998124,0.506569736626525,0.595702222493575,-0.0656698381288118,0.0717623162059008,2.74798015881853,2.66660853178456,18.9967792643158,22.3393203536672,FALSE,FALSE,"US-Var","biweekly","Soil",22,"weeks","2000-10-30","2021-10-04",547,537,513,"2021-10-04","2001-04-16"
12,0.161940358888568,0.171651966998124,0.470423998638297,0.595702222493575,-0.030425772650284,0.0717623162059008,2.74186238749722,2.69136407041514,17.4790175662015,22.1338401980557,FALSE,FALSE,"US-Var","biweekly","Soil",24,"weeks","2000-10-30","2021-10-04",547,537,512,"2021-10-04","2001-04-30"
13,0.180445028628119,0.171651966998124,0.456731475317663,0.595702222493575,-0.00727983610910214,0.0717623162059008,2.74203507066106,2.65467436716413,17.2048022524725,22.4397474078878,FALSE,TRUE,"US-Var","biweekly","Soil",26,"weeks","2000-10-30","2021-10-04",547,537,510,"2021-10-04","2001-05-14"
14,0.181915479820781,0.171651966998124,0.477455078807074,0.595702222493575,-0.0371188162932999,0.0717623162059008,2.74124143077801,2.64953308031909,18.0203479003015,22.4832906189581,FALSE,TRUE,"US-Var","biweekly","Soil",28,"weeks","2000-10-30","2021-10-04",547,537,509,"2021-10-04","2001-05-28"
15,0.163236169033668,0.171651966998124,0.46993096132204,0.595702222493575,-0.0676151496334961,0.0717623162059008,2.74424794774755,2.65262376216097,17.7157035243931,22.4570944055889,FALSE,FALSE,"US-Var","biweekly","Soil",30,"weeks","2000-10-30","2021-10-04",547,537,508,"2021-10-04","2001-07-23"
16,0.155360928939951,0.171651966998124,0.470206773585656,0.595702222493575,-0.104717402554521,0.0717623162059008,2.74549758365006,2.65250861149143,17.726870764852,22.4580693126809,FALSE,FALSE,"US-Var","biweekly","Soil",32,"weeks","2000-10-30","2021-10-04",547,537,508,"2021-10-04","2001-07-23"
17,0.149030664408846,0.171651966998124,0.458718337105624,0.595702222493575,-0.129517873136807,0.0717623162059008,2.74402498603019,2.65457742855135,17.2802771609475,22.440566852053,FALSE,FALSE,"US-Var","biweekly","Soil",34,"weeks","2000-10-30","2021-10-04",547,537,508,"2021-10-04","2001-07-23"
18,0.165893950686196,0.171651966998124,0.436465973465008,0.595702222493575,-0.131046353424887,0.0717623162059008,2.74322042140063,2.65154380871171,16.4608245215858,22.4662410078378,FALSE,FALSE,"US-Var","biweekly","Soil",36,"weeks","2000-10-30","2021-10-04",547,537,508,"2021-10-04","2001-07-23"
19,0.154273089065282,0.171651966998124,0.370987013964431,0.595702222493575,-0.111803171875756,0.0717623162059008,2.7426821446859,2.65423654734424,13.9771647080827,22.4434488738247,FALSE,FALSE,"US-Var","biweekly","Soil",38,"weeks","2000-10-30","2021-10-04",547,537,507,"2021-10-04","2001-08-06"
20,0.181229115278612,0.171651966998124,0.410452224434854,0.595702222493575,-0.0654678819119847,0.0717623162059008,2.74877135093881,2.6618427635453,15.4198523690473,22.3793167144163,FALSE,TRUE,"US-Var","biweekly","Soil",40,"weeks","2000-10-30","2021-10-04",547,537,506,"2021-10-04","2001-08-20"
21,0.128653427099774,0.171651966998124,0.381966553213444,0.595702222493575,-0.0105667071769334,0.0717623162059008,2.74658282205254,2.66308731909536,14.3429977107622,22.3688580626764,FALSE,FALSE,"US-Var","biweekly","Soil",42,"weeks","2000-10-30","2021-10-04",547,537,505,"2021-10-04","2001-09-03"
22,0.131482672500045,0.171651966998124,0.407276509633421,0.595702222493575,0.0267094244699228,0.0717623162059008,2.74290243155888,2.6634593635862,15.2912605013446,22.3657334757116,FALSE,FALSE,"US-Var","biweekly","Soil",44,"weeks","2000-10-30","2021-10-04",547,537,504,"2021-10-04","2001-09-17"
23,0.149809721314948,0.171651966998124,0.438051057372131,0.595702222493575,0.0515585473985911,0.0717623162059008,2.73436698671904,2.65826572454457,16.4788287840254,22.4094309682165,FALSE,FALSE,"US-Var","biweekly","Soil",46,"weeks","2000-10-30","2021-10-04",547,537,503,"2021-10-04","2001-10-01"
24,0.135543601862127,0.171651966998124,0.417983403675487,0.595702222493575,0.0116875217634913,0.0717623162059008,2.79324495383492,2.65719018759866,15.7302780066798,22.4185015161417,FALSE,FALSE,"US-Var","biweekly","Soil",48,"weeks","2000-10-30","2021-10-04",547,537,502,"2021-10-04","2001-10-15"
25,0.14150139196438,0.171651966998124,0.424052333068755,0.595702222493575,-0.0129526535237675,0.0717623162059008,2.79120737485898,2.65255802295733,15.986543155651,22.457650967025,FALSE,FALSE,"US-Var","biweekly","Soil",50,"weeks","2000-10-30","2021-10-04",547,537,501,"2021-10-04","2001-10-29"
26,0.156344761032691,0.171651966998124,0.443955542608832,0.595702222493575,-0.0375213985576274,0.0717623162059008,2.73639599765789,2.66166645369029,16.6796084458031,22.3807991293446,FALSE,FALSE,"US-Var","biweekly","Soil",52,"weeks","2000-10-30","2021-10-04",547,537,500,"2021-10-04","2001-11-12"
27,0.172174134133289,0.171651966998124,0.465060416934688,0.595702222493575,-0.0382096338998833,0.0717623162059008,2.74274419273491,2.66667631344504,17.4397025461963,22.338752532136,FALSE,TRUE,"US-Var","biweekly","Soil",54,"weeks","2000-10-30","2021-10-04",547,537,499,"2021-10-04","2001-11-26"
28,0.151680229240821,0.171651966998124,0.441208846103569,0.595702222493575,-0.0167720536050578,0.0717623162059008,2.74195274044329,2.67040665177455,16.5221594924644,22.3075471332322,FALSE,FALSE,"US-Var","biweekly","Soil",56,"weeks","2000-10-30","2021-10-04",547,537,498,"2021-10-04","2001-12-10"
29,0.141173114996862,0.171651966998124,0.415047733827502,0.595702222493575,-0.00534261638895158,0.0717623162059008,2.73906477361471,2.66474564380729,15.5755103603246,22.3549374732238,FALSE,FALSE,"US-Var","biweekly","Soil",58,"weeks","2000-10-30","2021-10-04",547,537,497,"2021-10-04","2001-12-24"
30,0.124282094611945,0.171651966998124,0.4282693955618,0.595702222493575,0.0110829668223324,0.0717623162059008,2.73613090805738,2.66059387587801,16.096759428211,22.3898216069143,FALSE,FALSE,"US-Var","biweekly","Soil",60,"weeks","2000-10-30","2021-10-04",547,537,496,"2021-10-04","2002-01-07"
31,0.14108217939444,0.171651966998124,0.439763382204585,0.595702222493575,0.018656337557691,0.0717623162059008,2.7393934264135,2.65752338796567,16.5478649857235,22.4156906837078,FALSE,FALSE,"US-Var","biweekly","Soil",62,"weeks","2000-10-30","2021-10-04",547,537,495,"2021-10-04","2002-01-21"
32,0.147506409167671,0.171651966998124,0.443880553998878,0.595702222493575,0.0018107905182217,0.0717623162059008,2.74208884171801,2.64638559992358,16.7730868098623,22.5100311349478,FALSE,FALSE,"US-Var","biweekly","Soil",64,"weeks","2000-10-30","2021-10-04",547,537,494,"2021-10-04","2002-02-04"
33,0.163611870259489,0.171651966998124,0.406411983020229,0.595702222493575,-0.0274577822732045,0.0717623162059008,2.74190046240786,2.63817434968639,15.4050464128173,22.5800930315462,FALSE,FALSE,"US-Var","biweekly","Soil",66,"weeks","2000-10-30","2021-10-04",547,537,493,"2021-10-04","2002-02-18"
34,0.171075756767542,0.171651966998124,0.405762400910223,0.595702222493575,-0.0903530461416431,0.0717623162059008,2.74152633846717,2.64123729519983,15.362587891957,22.5539077301461,FALSE,FALSE,"US-Var","biweekly","Soil",68,"weeks","2000-10-30","2021-10-04",547,537,492,"2021-10-04","2002-03-04"
35,0.148274045055921,0.171651966998124,0.392624658316945,0.595702222493575,-0.140724405372057,0.0717623162059008,2.74190903925324,2.65451543692917,14.7908221913053,22.4410909127243,FALSE,FALSE,"US-Var","biweekly","Soil",70,"weeks","2000-10-30","2021-10-04",547,537,491,"2021-10-04","2002-03-18"
36,0.166954463767695,0.171651966998124,0.446325789729387,0.595702222493575,-0.151418145614437,0.0717623162059008,2.73600377046426,2.65569761889802,16.8063482285528,22.4311012765362,FALSE,FALSE,"US-Var","biweekly","Soil",72,"weeks","2000-10-30","2021-10-04",547,537,490,"2021-10-04","2002-04-01"
37,0.205217744871344,0.171651966998124,0.484387276065569,0.595702222493575,-0.125528228216795,0.0717623162059008,2.7351650813118,2.67081465951934,18.136311867958,22.3041393145858,FALSE,TRUE,"US-Var","biweekly","Soil",74,"weeks","2000-10-30","2021-10-04",547,537,489,"2021-10-04","2002-04-15"
38,0.186721598185877,0.171651966998124,0.477953580638638,0.595702222493575,-0.0721289198235156,0.0717623162059008,2.74158022135809,2.6765998338348,17.8567440151809,22.255931385907,FALSE,TRUE,"US-Var","biweekly","Soil",76,"weeks","2000-10-30","2021-10-04",547,537,488,"2021-10-04","2002-04-29"
39,0.216043677639444,0.171651966998124,0.495113723905884,0.595702222493575,-0.0363885741885666,0.0717623162059008,2.74212134112403,2.67625259351115,18.5002613395439,22.2588190643109,FALSE,TRUE,"US-Var","biweekly","Soil",78,"weeks","2000-10-30","2021-10-04",547,537,487,"2021-10-04","2002-05-13"
40,0.195999218251323,0.171651966998124,0.44594211138426,0.595702222493575,0.0507041398252358,0.0717623162059008,2.74332220938234,2.67145307344393,16.6928671073144,22.2988091542862,FALSE,TRUE,"US-Var","biweekly","Soil",80,"weeks","2000-10-30","2021-10-04",547,537,486,"2021-10-04","2002-05-27"
41,0.170860963449378,0.171651966998124,0.494683614655736,0.595702222493575,0.110872122504614,0.0717623162059008,2.74755548952345,2.67302598326748,18.5065022843901,22.2856876896271,FALSE,FALSE,"US-Var","biweekly","Soil",82,"weeks","2000-10-30","2021-10-04",547,537,485,"2021-10-04","2002-06-10"
42,0.15429644610118,0.171651966998124,0.493842600367549,0.595702222493575,0.0767532424377121,0.0717623162059008,2.75312177183361,2.68080158115121,18.4214528907984,22.2210486103102,FALSE,FALSE,"US-Var","biweekly","Soil",84,"weeks","2000-10-30","2021-10-04",547,537,484,"2021-10-04","2002-06-24"
43,0.165736707708669,0.171651966998124,0.503110000185515,0.595702222493575,0.0166751847200851,0.0717623162059008,2.75207402413261,2.68243768598719,18.7557013090636,22.207495279591,FALSE,FALSE,"US-Var","biweekly","Soil",86,"weeks","2000-10-30","2021-10-04",547,537,483,"2021-10-04","2002-07-08"
44,0.159339758012492,0.171651966998124,0.475312116787132,0.595702222493575,-0.00753016395762056,0.0717623162059008,2.7464664433553,2.679601029679,17.7381674183067,22.231004388177,FALSE,FALSE,"US-Var","biweekly","Soil",88,"weeks","2000-10-30","2021-10-04",547,537,482,"2021-10-04","2002-07-22"
45,0.145803732257505,0.171651966998124,0.471321447893539,0.595702222493575,-0.00141724958960329,0.0717623162059008,2.74994984109092,2.68328247001026,17.5651074071131,22.2005036425143,FALSE,FALSE,"US-Var","biweekly","Soil",90,"weeks","2000-10-30","2021-10-04",547,537,481,"2021-10-04","2002-08-05"
46,0.162655609197522,0.171651966998124,0.463253607005926,0.595702222493575,0.0358712763609704,0.0717623162059008,2.75507100695792,2.68252259447475,17.2693273100514,22.2067923573339,FALSE,FALSE,"US-Var","biweekly","Soil",92,"weeks","2000-10-30","2021-10-04",547,537,480,"2021-10-04","2002-08-19"
47,0.170982907360786,0.171651966998124,0.471337686375588,0.595702222493575,0.0831450303586449,0.0717623162059008,2.75472570043132,2.68969985248772,17.5238023655184,22.1475352330709,FALSE,FALSE,"US-Var","biweekly","Soil",94,"weeks","2000-10-30","2021-10-04",547,537,479,"2021-10-04","2002-09-02"
48,0.166434429605295,0.171651966998124,0.450278095641733,0.595702222493575,0.11195017015728,0.0717623162059008,2.74746775495581,2.69088326891084,16.7334681828836,22.1377950272325,FALSE,FALSE,"US-Var","biweekly","Soil",96,"weeks","2000-10-30","2021-10-04",547,537,478,"2021-10-04","2002-09-16"
0,0.374230209825976,0.420013798105177,0.690497987783442,1.09264200384346,-0.383465503188063,0.119781958936124,3.01942060757576,2.63763321452168,26.1786962638268,41.4250926864221,FALSE,FALSE,"US-Var","monthly","VPD",0,"months","2000-11-01","2021-10-01",252,247,242,"2021-10-01","2000-12-01"
1,0.31882669693972,0.420013798105177,0.620473606355041,1.09264200384346,-0.281867287617687,0.119781958936124,3.00360164867315,2.64019153671941,23.5010830739203,41.3849521387805,FALSE,FALSE,"US-Var","monthly","VPD",1,"months","2000-11-01","2021-10-01",252,247,241,"2021-10-01","2001-03-01"
2,0.293941581993149,0.420013798105177,0.663149059543682,1.09264200384346,-0.0314479227572093,0.119781958936124,2.99587908108489,2.64337550728009,25.0872060256786,41.3351035762505,FALSE,FALSE,"US-Var","monthly","VPD",2,"months","2000-11-01","2021-10-01",252,247,237,"2021-10-01","2001-04-01"
3,0.268785939375836,0.420013798105177,0.65296540335734,1.09264200384346,-0.0775985345260121,0.119781958936124,3.00041360938108,2.6267224253731,24.8585612644089,41.5971628097804,FALSE,FALSE,"US-Var","monthly","VPD",3,"months","2000-11-01","2021-10-01",252,247,236,"2021-10-01","2001-03-01"
4,0.252722885838006,0.420013798105177,0.661891547026447,1.09264200384346,-0.130471914541813,0.119781958936124,2.98805036056475,2.62375059663587,25.2269231639286,41.6442784327303,FALSE,FALSE,"US-Var","monthly","VPD",4,"months","2000-11-01","2021-10-01",252,247,235,"2021-10-01","2001-04-01"
5,0.259083893991451,0.420013798105177,0.766453980128214,1.09264200384346,0.0250248725512698,0.119781958936124,2.99143226681336,2.69876492988933,28.4001756373662,40.4867423517419,FALSE,FALSE,"US-Var","monthly","VPD",5,"months","2000-11-01","2021-10-01",252,247,235,"2021-10-01","2001-05-01"
6,0.28496902317276,0.420013798105177,0.809209250044574,1.09264200384346,0.0926302065184021,0.119781958936124,2.98929412693754,2.65017381269077,30.5341953863384,41.2290695278617,FALSE,FALSE,"US-Var","monthly","VPD",6,"months","2000-11-01","2021-10-01",252,247,234,"2021-10-01","2001-08-01"
7,0.280757246566754,0.420013798105177,0.718664323294266,1.09264200384346,-0.0731070781795634,0.119781958936124,2.983219150773,2.66864484548637,26.9299350383691,40.9437024072914,FALSE,FALSE,"US-Var","monthly","VPD",7,"months","2000-11-01","2021-10-01",252,247,233,"2021-10-01","2001-09-01"
8,0.319034280294372,0.420013798105177,0.82163526572134,1.09264200384346,-0.0800146875663367,0.119781958936124,2.99065062390685,2.66209458814293,30.8642401130649,41.0444470572207,FALSE,FALSE,"US-Var","monthly","VPD",8,"months","2000-11-01","2021-10-01",252,247,233,"2021-10-01","2001-08-01"
9,0.308496495766148,0.420013798105177,0.770937497564602,1.09264200384346,-0.0267780790559965,0.119781958936124,2.99791736770667,2.65931652254504,28.9900615826955,41.0873243023277,FALSE,FALSE,"US-Var","monthly","VPD",9,"months","2000-11-01","2021-10-01",252,247,232,"2021-10-01","2001-09-01"
10,0.253511052425371,0.420013798105177,0.756536273709187,1.09264200384346,0.130233671576891,0.119781958936124,3.00088159175654,2.66744818008244,28.3617983418821,40.9620704912697,FALSE,FALSE,"US-Var","monthly","VPD",10,"months","2000-11-01","2021-10-01",252,247,231,"2021-10-01","2001-10-01"
11,0.330222858523402,0.420013798105177,0.742137592194872,1.09264200384346,-0.105946646620822,0.119781958936124,2.99991426535888,2.66006729206238,27.8992036934331,41.0757279375562,FALSE,FALSE,"US-Var","monthly","VPD",11,"months","2000-11-01","2021-10-01",252,247,230,"2021-10-01","2001-11-01"
12,0.307383908357295,0.420013798105177,0.699899532957406,1.09264200384346,-0.167622663626795,0.119781958936124,3.00223989675504,2.67428396972952,26.171473967598,40.8573665403967,FALSE,FALSE,"US-Var","monthly","VPD",12,"months","2000-11-01","2021-10-01",252,247,229,"2021-10-01","2001-12-01"
13,0.286801068505208,0.420013798105177,0.760078527900296,1.09264200384346,0.0236539032425083,0.119781958936124,3.17215589838823,2.66591559642214,28.510974950609,40.9856187986547,FALSE,FALSE,"US-Var","monthly","VPD",13,"months","2000-11-01","2021-10-01",252,247,228,"2021-10-01","2002-01-01"
14,0.314033802735116,0.420013798105177,0.797732961136987,1.09264200384346,0.0807042216869255,0.119781958936124,3.1569759006302,2.66869352758191,29.8922657432233,40.9429555155214,FALSE,FALSE,"US-Var","monthly","VPD",14,"months","2000-11-01","2021-10-01",252,247,227,"2021-10-01","2002-02-01"
15,0.306664564848623,0.420013798105177,0.872153456055753,1.09264200384346,-0.0505197673784571,0.119781958936124,3.14550054508949,2.78766974124366,31.2861112330566,39.195532658614,FALSE,FALSE,"US-Var","monthly","VPD",15,"months","2000-11-01","2021-10-01",252,247,226,"2021-10-01","2002-03-01"
16,0.329247821781504,0.420013798105177,0.859633874349832,1.09264200384346,-0.128815577602443,0.119781958936124,3.14883803008182,2.76404027538901,31.100627657419,39.5306108081108,FALSE,FALSE,"US-Var","monthly","VPD",16,"months","2000-11-01","2021-10-01",252,247,225,"2021-10-01","2002-04-01"
17,0.268139453595866,0.420013798105177,0.826842303177717,1.09264200384346,-0.0321827340288059,0.119781958936124,3.13535723041005,2.68204787546532,30.8287674780699,40.7390939527467,FALSE,FALSE,"US-Var","monthly","VPD",17,"months","2000-11-01","2021-10-01",252,247,224,"2021-10-01","2002-05-01"
18,0.371735352717359,0.420013798105177,0.867182590512726,1.09264200384346,-0.0364683001866395,0.119781958936124,3.14662047996471,2.68230865928088,32.3297092417848,40.7351331496799,FALSE,FALSE,"US-Var","monthly","VPD",18,"months","2000-11-01","2021-10-01",252,247,223,"2021-10-01","2002-06-01"
19,0.319953393165343,0.420013798105177,0.774184155911102,1.09264200384346,0.0478804626929805,0.119781958936124,3.1526425622006,2.69343321048575,28.7433953400864,40.5668868858421,FALSE,FALSE,"US-Var","monthly","VPD",19,"months","2000-11-01","2021-10-01",252,247,222,"2021-10-01","2002-07-01"
20,0.299598241587625,0.420013798105177,0.853791751253736,1.09264200384346,-0.00146008813767047,0.119781958936124,3.15037205729851,2.69466029816114,31.6845782689703,40.548413638227,FALSE,FALSE,"US-Var","monthly","VPD",20,"months","2000-11-01","2021-10-01",252,247,221,"2021-10-01","2002-08-01"
21,0.310740666311825,0.420013798105177,0.847039674469297,1.09264200384346,0.0425389739064783,0.119781958936124,3.15481787095132,2.68986241583278,31.4900743429679,40.6207394628092,FALSE,FALSE,"US-Var","monthly","VPD",21,"months","2000-11-01","2021-10-01",252,247,220,"2021-10-01","2002-09-01"
22,0.366400624225359,0.420013798105177,0.825409623788105,1.09264200384346,0.147070560275002,0.119781958936124,3.16350327359393,2.70257954222135,30.5415478395011,40.4295964937771,FALSE,FALSE,"US-Var","monthly","VPD",22,"months","2000-11-01","2021-10-01",252,247,219,"2021-10-01","2002-10-01"
23,0.335769731495333,0.420013798105177,0.801720351981622,1.09264200384346,0.0846230867104759,0.119781958936124,3.17188076417445,2.69053222674899,29.7978349417637,40.6106268856597,FALSE,FALSE,"US-Var","monthly","VPD",23,"months","2000-11-01","2021-10-01",252,247,218,"2021-10-01","2002-11-01"
24,0.364213118071655,0.420013798105177,0.791594499871951,1.09264200384346,0.012573726733523,0.119781958936124,3.17440064587131,2.68475208136133,29.484826750579,40.6980596617855,FALSE,FALSE,"US-Var","monthly","VPD",24,"months","2000-11-01","2021-10-01",252,247,217,"2021-10-01","2002-12-01"
25,0.29304833844773,0.420013798105177,0.773014599335279,1.09264200384346,0.116055417821548,0.119781958936124,3.16976534675452,2.70645190498389,28.5619189430924,40.3717502546924,FALSE,FALSE,"US-Var","monthly","VPD",25,"months","2000-11-01","2021-10-01",252,247,216,"2021-10-01","2003-01-01"
26,0.375391285343717,0.420013798105177,0.823068867225854,1.09264200384346,0.200191302513169,0.119781958936124,3.17457044054037,2.69194008927756,30.5753040531724,40.5893878617743,FALSE,FALSE,"US-Var","monthly","VPD",26,"months","2000-11-01","2021-10-01",252,247,215,"2021-10-01","2003-02-01"
27,0.278752178912696,0.420013798105177,0.697945210341178,1.09264200384346,0.0895518334757295,0.119781958936124,3.18374541242638,2.69696504911998,25.878911948411,40.5137620971392,FALSE,FALSE,"US-Var","monthly","VPD",27,"months","2000-11-01","2021-10-01",252,247,214,"2021-10-01","2003-03-01"
28,0.354560156368482,0.420013798105177,0.805426597885242,1.09264200384346,-0.0493820471282224,0.119781958936124,3.1632812421488,2.67918249969141,30.0624014220013,40.7826642630471,FALSE,FALSE,"US-Var","monthly","VPD",28,"months","2000-11-01","2021-10-01",252,247,213,"2021-10-01","2003-04-01"
29,0.278424730122752,0.420013798105177,0.784120895653157,1.09264200384346,-0.00575588447340975,0.119781958936124,3.15539169586467,2.69600879243904,29.0845081014656,40.5281320635072,FALSE,FALSE,"US-Var","monthly","VPD",29,"months","2000-11-01","2021-10-01",252,247,212,"2021-10-01","2003-05-01"
30,0.340402131641887,0.420013798105177,0.899664251143475,1.09264200384346,0.0362599512656509,0.119781958936124,3.1564821384404,2.71333666731373,33.1571183915841,40.2693118405098,FALSE,FALSE,"US-Var","monthly","VPD",30,"months","2000-11-01","2021-10-01",252,247,211,"2021-10-01","2003-06-01"
31,0.312276708996589,0.420013798105177,0.904160437419132,1.09264200384346,0.155249235633625,0.119781958936124,3.16870892217774,2.70967725718753,33.3678276636381,40.3236954122556,FALSE,FALSE,"US-Var","monthly","VPD",31,"months","2000-11-01","2021-10-01",252,247,210,"2021-10-01","2003-07-01"
32,0.362576412616221,0.420013798105177,0.841256100325631,1.09264200384346,-0.0682227491496045,0.119781958936124,3.17669888755381,2.72267100360313,30.8981914896192,40.131253552026,FALSE,FALSE,"US-Var","monthly","VPD",32,"months","2000-11-01","2021-10-01",252,247,209,"2021-10-01","2003-08-01"
33,0.382289284696625,0.420013798105177,0.861868992282386,1.09264200384346,-0.0329564812362241,0.119781958936124,3.18500932885328,2.70627691541917,31.8470363240302,40.3743607174148,FALSE,FALSE,"US-Var","monthly","VPD",33,"months","2000-11-01","2021-10-01",252,247,208,"2021-10-01","2003-09-01"
34,0.426089974784538,0.420013798105177,0.901785565322359,1.09264200384346,0.230983954168627,0.119781958936124,3.19320894666648,2.71274893896302,33.2424999737379,40.2780363545598,FALSE,TRUE,"US-Var","monthly","VPD",34,"months","2000-11-01","2021-10-01",252,247,207,"2021-10-01","2003-10-01"
35,0.452585081935447,0.420013798105177,0.850571567884475,1.09264200384346,0.0582669616758445,0.119781958936124,3.19724153423795,2.6995644044237,31.5077338584947,40.4747522249509,FALSE,TRUE,"US-Var","monthly","VPD",35,"months","2000-11-01","2021-10-01",252,247,206,"2021-10-01","2003-11-01"
36,0.428926183128805,0.420013798105177,0.86192597196661,1.09264200384346,0.056663022814418,0.119781958936124,3.19758981873781,2.70400714981306,31.8758762167548,40.4082512843578,FALSE,TRUE,"US-Var","monthly","VPD",36,"months","2000-11-01","2021-10-01",252,247,205,"2021-10-01","2003-12-01"
37,0.293340321829061,0.420013798105177,0.780276806794319,1.09264200384346,0.0613916838603797,0.119781958936124,3.19641862144795,2.70930799286995,28.7998562307336,40.3291913181873,FALSE,FALSE,"US-Var","monthly","VPD",37,"months","2000-11-01","2021-10-01",252,247,204,"2021-10-01","2004-01-01"
38,0.279626300235321,0.420013798105177,0.851574693980862,1.09264200384346,0.0746565086376649,0.119781958936124,3.19512213266627,2.71647261119575,31.3485470264326,40.2228242368509,FALSE,FALSE,"US-Var","monthly","VPD",38,"months","2000-11-01","2021-10-01",252,247,203,"2021-10-01","2004-02-01"
39,0.254711022459828,0.420013798105177,0.823586061622752,1.09264200384346,-0.00693615507218042,0.119781958936124,3.17733494857992,2.69880820602222,30.5166576781919,40.4860931356775,FALSE,FALSE,"US-Var","monthly","VPD",39,"months","2000-11-01","2021-10-01",252,247,202,"2021-10-01","2004-03-01"
40,0.348354658281761,0.420013798105177,0.836981326392027,1.09264200384346,-0.0325432113829337,0.119781958936124,3.17406557330772,2.65880061819103,31.4796574314581,41.0952967427419,FALSE,FALSE,"US-Var","monthly","VPD",40,"months","2000-11-01","2021-10-01",252,247,201,"2021-10-01","2004-04-01"
41,0.226093059796437,0.420013798105177,0.769011196840147,1.09264200384346,0.00503028147031843,0.119781958936124,3.18290039098412,2.70411624774516,28.4385405945987,40.406621008049,FALSE,FALSE,"US-Var","monthly","VPD",41,"months","2000-11-01","2021-10-01",252,247,200,"2021-10-01","2004-05-01"
42,0.348525029144607,0.420013798105177,0.90514511816576,1.09264200384346,0.149374035219776,0.119781958936124,3.17163902091345,2.69108327004979,33.6349725123524,40.6023111957902,FALSE,FALSE,"US-Var","monthly","VPD",42,"months","2000-11-01","2021-10-01",252,247,199,"2021-10-01","2004-06-01"
43,0.382127153958206,0.420013798105177,0.860495206204316,1.09264200384346,0.166770508097615,0.119781958936124,3.17728783273839,2.70386066760813,31.8246874372237,40.4104404096394,FALSE,FALSE,"US-Var","monthly","VPD",43,"months","2000-11-01","2021-10-01",252,247,199,"2021-10-01","2004-07-01"
44,0.47103568636781,0.420013798105177,0.930920217165188,1.09264200384346,-0.0750515056986089,0.119781958936124,3.17544073431598,2.71067785153365,34.3427093942016,40.3088106993336,FALSE,TRUE,"US-Var","monthly","VPD",44,"months","2000-11-01","2021-10-01",252,247,198,"2021-10-01","2004-08-01"
45,0.398918826253068,0.420013798105177,0.879193808814553,1.09264200384346,-0.132403822275689,0.119781958936124,3.18028340315202,2.70892342510052,32.4554692343114,40.3349165841747,FALSE,FALSE,"US-Var","monthly","VPD",45,"months","2000-11-01","2021-10-01",252,247,197,"2021-10-01","2004-09-01"
46,0.416495991847639,0.420013798105177,0.906946921001253,1.09264200384346,0.0875412338729549,0.119781958936124,3.18264294257669,2.70750210642155,33.4975518153869,40.3560906287745,FALSE,FALSE,"US-Var","monthly","VPD",46,"months","2000-11-01","2021-10-01",252,247,195,"2021-10-01","2004-10-01"
47,0.438030266345717,0.420013798105177,0.836769471940047,1.09264200384346,0.0214086456489096,0.119781958936124,3.19650912358041,2.67623428041255,31.2666748970519,40.8275916589421,FALSE,TRUE,"US-Var","monthly","VPD",47,"months","2000-11-01","2021-10-01",252,247,194,"2021-10-01","2004-11-01"
48,0.368081969432712,0.420013798105177,0.854059013000743,1.09264200384346,-0.0214157505431265,0.119781958936124,3.20290191504454,2.71289579694836,31.4814529168958,40.2758559717825,FALSE,FALSE,"US-Var","monthly","VPD",48,"months","2000-11-01","2021-10-01",252,247,194,"2021-10-01","2004-12-01"
0,0.368613730882245,0.398623126128742,0.776630355168967,0.996905002715051,-0.355388132736297,0.116496309599031,2.94830551825718,2.63763321452168,29.444213505243,37.7954371072717,FALSE,FALSE,"US-Var","monthly","Soil",0,"months","2000-11-01","2021-10-01",252,247,242,"2021-10-01","2000-12-01"
1,0.322100756089125,0.398623126128742,0.658640051188513,0.996905002715051,-0.378585701691216,0.116496309599031,2.9475325198689,2.64019153671941,24.9466768614413,37.7588136637148,FALSE,FALSE,"US-Var","monthly","Soil",1,"months","2000-11-01","2021-10-01",252,247,241,"2021-10-01","2001-03-01"
2,0.319932846956647,0.398623126128742,0.79164507493548,0.996905002715051,-0.116534581507464,0.116496309599031,2.95497364561105,2.64337550728009,29.9482639812323,37.7133328189463,FALSE,FALSE,"US-Var","monthly","Soil",2,"months","2000-11-01","2021-10-01",252,247,237,"2021-10-01","2001-04-01"
3,0.311132467074758,0.398623126128742,0.7429886743725,0.996905002715051,0.00745788485944557,0.116496309599031,3.03358793979514,2.6267224253731,28.2857704032799,37.9524304922874,FALSE,FALSE,"US-Var","monthly","Soil",3,"months","2000-11-01","2021-10-01",252,247,236,"2021-10-01","2001-03-01"
4,0.334220745605245,0.398623126128742,0.71990547299094,0.996905002715051,-0.0792136660406686,0.116496309599031,2.92141397592374,2.62375059663587,27.4380298917889,37.9954178569132,FALSE,FALSE,"US-Var","monthly","Soil",4,"months","2000-11-01","2021-10-01",252,247,235,"2021-10-01","2001-04-01"
5,0.279282851601709,0.398623126128742,0.667206670519053,0.996905002715051,-0.0979925237254275,0.116496309599031,2.9348715010904,2.69876492988933,24.7226671404246,36.9393047787949,FALSE,FALSE,"US-Var","monthly","Soil",5,"months","2000-11-01","2021-10-01",252,247,235,"2021-10-01","2001-05-01"
6,0.345443211644481,0.398623126128742,0.792842476267078,0.996905002715051,-0.022304652706836,0.116496309599031,2.93631504360335,2.65017381269077,29.9166217879909,37.6165894456135,FALSE,FALSE,"US-Var","monthly","Soil",6,"months","2000-11-01","2021-10-01",252,247,234,"2021-10-01","2001-08-01"
7,0.309674161314712,0.398623126128742,0.712373754845921,0.996905002715051,-0.103454327260804,0.116496309599031,2.93931233756312,2.66864484548637,26.694213583752,37.3562261160818,FALSE,FALSE,"US-Var","monthly","Soil",7,"months","2000-11-01","2021-10-01",252,247,233,"2021-10-01","2001-09-01"
8,0.27272157648525,0.398623126128742,0.716216777872486,0.996905002715051,-0.15886959605904,0.116496309599031,2.94059185515197,2.66209458814293,26.9042573116125,37.4481435466382,FALSE,FALSE,"US-Var","monthly","Soil",8,"months","2000-11-01","2021-10-01",252,247,233,"2021-10-01","2001-08-01"
9,0.216058805399223,0.398623126128742,0.666954959383694,0.996905002715051,-0.0897803862310602,0.116496309599031,2.95419498004626,2.65931652254504,25.0799389139808,37.487263898958,FALSE,FALSE,"US-Var","monthly","Soil",9,"months","2000-11-01","2021-10-01",252,247,232,"2021-10-01","2001-09-01"
10,0.29412590086176,0.398623126128742,0.70928379377072,0.996905002715051,0.0178455639162075,0.116496309599031,2.95800619639751,2.66744818008244,26.5903494983284,37.372984793438,FALSE,FALSE,"US-Var","monthly","Soil",10,"months","2000-11-01","2021-10-01",252,247,231,"2021-10-01","2001-10-01"
11,0.266081709357181,0.398623126128742,0.707400103281568,0.996905002715051,0.0308487389733056,0.116496309599031,2.94750308779107,2.66006729206238,26.5933160936359,37.4766836045768,FALSE,FALSE,"US-Var","monthly","Soil",11,"months","2000-11-01","2021-10-01",252,247,230,"2021-10-01","2001-11-01"
12,0.281506637149249,0.398623126128742,0.707072863927089,0.996905002715051,-0.0643737858157343,0.116496309599031,2.9346847927084,2.67428396972952,26.4397076724281,37.2774549748313,FALSE,FALSE,"US-Var","monthly","Soil",12,"months","2000-11-01","2021-10-01",252,247,229,"2021-10-01","2001-12-01"
13,0.330379410415528,0.398623126128742,0.767495217972854,0.996905002715051,-0.0122166678857585,0.116496309599031,2.95102210691556,2.66591559642214,28.7891791849258,37.3944698044069,FALSE,FALSE,"US-Var","monthly","Soil",13,"months","2000-11-01","2021-10-01",252,247,228,"2021-10-01","2002-01-01"
14,0.304402376689328,0.398623126128742,0.671352115027426,0.996905002715051,0.0187854602442082,0.116496309599031,2.95201557098921,2.66869352758191,25.156583477599,37.3555446667696,FALSE,FALSE,"US-Var","monthly","Soil",14,"months","2000-11-01","2021-10-01",252,247,227,"2021-10-01","2002-02-01"
15,0.278835903059306,0.398623126128742,0.771505931876519,0.996905002715051,-0.0261001619399802,0.116496309599031,2.94604989251765,2.78766974124366,27.6756575738533,35.7612305348015,FALSE,FALSE,"US-Var","monthly","Soil",15,"months","2000-11-01","2021-10-01",252,247,226,"2021-10-01","2002-03-01"
16,0.29069990511963,0.398623126128742,0.815197337790661,0.996905002715051,-0.153930737247005,0.116496309599031,2.95023644761748,2.76404027538901,29.4929616275556,36.0669492261558,FALSE,FALSE,"US-Var","monthly","Soil",16,"months","2000-11-01","2021-10-01",252,247,225,"2021-10-01","2002-04-01"
17,0.30203656325835,0.398623126128742,0.79510810583163,0.996905002715051,-0.119257154352371,0.116496309599031,2.94888709834645,2.68204787546532,29.6455597644276,37.169545399785,FALSE,FALSE,"US-Var","monthly","Soil",17,"months","2000-11-01","2021-10-01",252,247,224,"2021-10-01","2002-05-01"
18,0.31485487699747,0.398623126128742,0.689107354224658,0.996905002715051,-0.0121313219445506,0.116496309599031,2.95682863488322,2.68230865928088,25.6908298692741,37.1659316412272,FALSE,FALSE,"US-Var","monthly","Soil",18,"months","2000-11-01","2021-10-01",252,247,223,"2021-10-01","2002-06-01"
19,0.330430082001265,0.398623126128742,0.745802233512814,0.996905002715051,0.0902481160674001,0.116496309599031,2.96359767653414,2.69343321048575,27.689650168764,37.0124270701801,FALSE,FALSE,"US-Var","monthly","Soil",19,"months","2000-11-01","2021-10-01",252,247,222,"2021-10-01","2002-07-01"
20,0.277279478238439,0.398623126128742,0.765629807411863,0.996905002715051,0.0187489404328639,0.116496309599031,2.97099017600326,2.69466029816114,28.4128507008596,36.9955724435969,FALSE,FALSE,"US-Var","monthly","Soil",20,"months","2000-11-01","2021-10-01",252,247,221,"2021-10-01","2002-08-01"
21,0.328171334922056,0.398623126128742,0.770172947167939,0.996905002715051,0.0246165429387262,0.116496309599031,2.96991626663116,2.68986241583278,28.6324290281402,37.061561098708,FALSE,FALSE,"US-Var","monthly","Soil",21,"months","2000-11-01","2021-10-01",252,247,220,"2021-10-01","2002-09-01"
22,0.327298931689379,0.398623126128742,0.752185977951643,0.996905002715051,0.14098553465286,0.116496309599031,2.97353146147542,2.70257954222135,27.8321494779537,36.8871660256725,FALSE,FALSE,"US-Var","monthly","Soil",22,"months","2000-11-01","2021-10-01",252,247,219,"2021-10-01","2002-10-01"
23,0.259185844442782,0.398623126128742,0.744770036024994,0.996905002715051,0.12618125368511,0.116496309599031,2.97324508734235,2.69053222674899,27.6811416202553,37.0523345828727,FALSE,FALSE,"US-Var","monthly","Soil",23,"months","2000-11-01","2021-10-01",252,247,218,"2021-10-01","2002-11-01"
24,0.264458155301202,0.398623126128742,0.806352234337678,0.996905002715051,-0.0498379477473076,0.116496309599031,2.97487349140628,2.68475208136133,30.034513798712,37.13210652246,FALSE,FALSE,"US-Var","monthly","Soil",24,"months","2000-11-01","2021-10-01",252,247,217,"2021-10-01","2002-12-01"
25,0.275322365697125,0.398623126128742,0.795039303415447,0.996905002715051,-0.0196694137530093,0.116496309599031,2.95815864474725,2.70645190498389,29.3757041073368,36.8343882586373,FALSE,FALSE,"US-Var","monthly","Soil",25,"months","2000-11-01","2021-10-01",252,247,216,"2021-10-01","2003-01-01"
26,0.255304625076406,0.398623126128742,0.745816660361161,0.996905002715051,0.147383202280074,0.116496309599031,2.95258298096718,2.69194008927756,27.7055445376319,37.0329565165989,FALSE,FALSE,"US-Var","monthly","Soil",26,"months","2000-11-01","2021-10-01",252,247,215,"2021-10-01","2003-02-01"
27,0.349552774898966,0.398623126128742,0.802802528464396,0.996905002715051,0.136867658572749,0.116496309599031,2.95097837817026,2.69696504911998,29.7668866241463,36.9639570613027,FALSE,FALSE,"US-Var","monthly","Soil",27,"months","2000-11-01","2021-10-01",252,247,214,"2021-10-01","2003-03-01"
28,0.336697095305792,0.398623126128742,0.717083183381294,0.996905002715051,-0.0214441168716096,0.116496309599031,2.94167094756989,2.67918249969141,26.7649995274263,37.2092980911108,FALSE,FALSE,"US-Var","monthly","Soil",28,"months","2000-11-01","2021-10-01",252,247,213,"2021-10-01","2003-04-01"
29,0.365959823246014,0.398623126128742,0.816280889483125,0.996905002715051,-0.0712182792650061,0.116496309599031,2.97297445986154,2.69600879243904,30.2773823205765,36.977067935048,FALSE,FALSE,"US-Var","monthly","Soil",29,"months","2000-11-01","2021-10-01",252,247,212,"2021-10-01","2003-05-01"
30,0.304591877209743,0.398623126128742,0.753218864858434,0.996905002715051,0.0324022197238202,0.116496309599031,2.97132423525085,2.71333666731373,27.7598749146061,36.7409254709999,FALSE,FALSE,"US-Var","monthly","Soil",30,"months","2000-11-01","2021-10-01",252,247,211,"2021-10-01","2003-06-01"
31,0.330372673680188,0.398623126128742,0.806202489833668,0.996905002715051,-0.0289106396731291,0.116496309599031,2.965614659468,2.70967725718753,29.752712714962,36.7905439686855,FALSE,FALSE,"US-Var","monthly","Soil",31,"months","2000-11-01","2021-10-01",252,247,210,"2021-10-01","2003-07-01"
32,0.312868687717796,0.398623126128742,0.844937120403483,0.996905002715051,-0.1474138250233,0.116496309599031,2.9536392041624,2.72267100360313,31.0333903466599,36.614963812953,FALSE,FALSE,"US-Var","monthly","Soil",32,"months","2000-11-01","2021-10-01",252,247,209,"2021-10-01","2003-08-01"
33,0.259983436758575,0.398623126128742,0.780491438408228,0.996905002715051,-0.110836900939878,0.116496309599031,2.95630016201082,2.70627691541917,28.8400434545826,36.8367699933117,FALSE,FALSE,"US-Var","monthly","Soil",33,"months","2000-11-01","2021-10-01",252,247,208,"2021-10-01","2003-09-01"
34,0.337269414130363,0.398623126128742,0.812900073528802,0.996905002715051,0.0466153625573055,0.116496309599031,2.96799938780232,2.71274893896302,29.9659161912544,36.7488855454544,FALSE,FALSE,"US-Var","monthly","Soil",34,"months","2000-11-01","2021-10-01",252,247,207,"2021-10-01","2003-10-01"
35,0.300563959374548,0.398623126128742,0.683255646030785,0.996905002715051,0.11854303396892,0.116496309599031,2.96476858482324,2.6995644044237,25.3098479484748,36.9283652237173,FALSE,FALSE,"US-Var","monthly","Soil",35,"months","2000-11-01","2021-10-01",252,247,206,"2021-10-01","2003-11-01"
36,0.341930622546695,0.398623126128742,0.802479533042787,0.996905002715051,0.060978283628984,0.116496309599031,2.96830364409908,2.70400714981306,29.6774190518788,36.8676910778129,FALSE,FALSE,"US-Var","monthly","Soil",36,"months","2000-11-01","2021-10-01",252,247,205,"2021-10-01","2003-12-01"
37,0.342727142618739,0.398623126128742,0.819164153765568,0.996905002715051,0.0635219375315977,0.116496309599031,2.96163349443355,2.70930799286995,30.2351801980931,36.7955583248045,FALSE,FALSE,"US-Var","monthly","Soil",37,"months","2000-11-01","2021-10-01",252,247,204,"2021-10-01","2004-01-01"
38,0.32560922339946,0.398623126128742,0.78572296750265,0.996905002715051,0.153413816316608,0.116496309599031,2.96354253428913,2.71647261119575,28.9243839332062,36.6985110987822,FALSE,FALSE,"US-Var","monthly","Soil",38,"months","2000-11-01","2021-10-01",252,247,203,"2021-10-01","2004-02-01"
39,0.313415570643314,0.398623126128742,0.738852028710814,0.996905002715051,0.115253937908164,0.116496309599031,2.95800031263408,2.69880820602222,27.3769742904336,36.938712446869,FALSE,FALSE,"US-Var","monthly","Soil",39,"months","2000-11-01","2021-10-01",252,247,202,"2021-10-01","2004-03-01"
40,0.290043924923142,0.398623126128742,0.697553715910901,0.996905002715051,-0.00785839699898442,0.116496309599031,2.96160526571574,2.65880061819103,26.2356534423215,37.4945377962682,FALSE,FALSE,"US-Var","monthly","Soil",40,"months","2000-11-01","2021-10-01",252,247,201,"2021-10-01","2004-04-01"
41,0.372024770635552,0.398623126128742,0.844315814222889,0.996905002715051,-0.0305075238402431,0.116496309599031,2.96714445359539,2.70411624774516,31.2233549473669,36.8662036458797,FALSE,FALSE,"US-Var","monthly","Soil",41,"months","2000-11-01","2021-10-01",252,247,200,"2021-10-01","2004-05-01"
42,0.423376310370717,0.398623126128742,0.792485618316097,0.996905002715051,0.129069286601,0.116496309599031,2.9699368001754,2.69108327004979,29.4485728901817,37.0447475115331,FALSE,TRUE,"US-Var","monthly","Soil",42,"months","2000-11-01","2021-10-01",252,247,199,"2021-10-01","2004-06-01"
43,0.319880049951442,0.398623126128742,0.768604366824931,0.996905002715051,0.161734703389634,0.116496309599031,2.96733693078959,2.70386066760813,28.4261824594996,36.8696883925208,FALSE,FALSE,"US-Var","monthly","Soil",43,"months","2000-11-01","2021-10-01",252,247,199,"2021-10-01","2004-07-01"
44,0.292587552527907,0.398623126128742,0.79165130515909,0.996905002715051,-0.032498811856213,0.116496309599031,2.96191939900373,2.71067785153365,29.2049202641764,36.7769634503422,FALSE,FALSE,"US-Var","monthly","Soil",44,"months","2000-11-01","2021-10-01",252,247,198,"2021-10-01","2004-08-01"
45,0.346911084968421,0.398623126128742,0.808425054555981,0.996905002715051,-0.0741435562498563,0.116496309599031,2.97388364975543,2.70892342510052,29.8430382736265,36.8007819445121,FALSE,FALSE,"US-Var","monthly","Soil",45,"months","2000-11-01","2021-10-01",252,247,197,"2021-10-01","2004-09-01"
46,0.316688225799329,0.398623126128742,0.832102453256959,0.996905002715051,-0.0139903551333271,0.116496309599031,2.98667258841817,2.70750210642155,30.7332153605129,36.8201007249681,FALSE,FALSE,"US-Var","monthly","Soil",46,"months","2000-11-01","2021-10-01",252,247,195,"2021-10-01","2004-10-01"
47,0.298558331159073,0.398623126128742,0.792476902296574,0.996905002715051,-0.0389518792007502,0.116496309599031,2.97802949085781,2.67623428041255,29.611641555328,37.250288960553,FALSE,FALSE,"US-Var","monthly","Soil",47,"months","2000-11-01","2021-10-01",252,247,194,"2021-10-01","2004-11-01"
48,0.327513877159143,0.398623126128742,0.837473952821941,0.996905002715051,-0.10505723690057,0.116496309599031,2.97518239517635,2.71289579694836,30.8701113313672,36.7468962072348,FALSE,FALSE,"US-Var","monthly","Soil",48,"months","2000-11-01","2021-10-01",252,247,194,"2021-10-01","2004-12-01"
